-- MySQL dump 10.13  Distrib 8.0.33, for macos13.3 (arm64)
--
-- Host: localhost    Database: ninico
-- ------------------------------------------------------
-- Server version	8.0.33

/*!40101 SET @OLD_CHARACTER_SET_CLIENT=@@CHARACTER_SET_CLIENT */;
/*!40101 SET @OLD_CHARACTER_SET_RESULTS=@@CHARACTER_SET_RESULTS */;
/*!40101 SET @OLD_COLLATION_CONNECTION=@@COLLATION_CONNECTION */;
/*!50503 SET NAMES utf8mb4 */;
/*!40103 SET @OLD_TIME_ZONE=@@TIME_ZONE */;
/*!40103 SET TIME_ZONE='+00:00' */;
/*!40014 SET @OLD_UNIQUE_CHECKS=@@UNIQUE_CHECKS, UNIQUE_CHECKS=0 */;
/*!40014 SET @OLD_FOREIGN_KEY_CHECKS=@@FOREIGN_KEY_CHECKS, FOREIGN_KEY_CHECKS=0 */;
/*!40101 SET @OLD_SQL_MODE=@@SQL_MODE, SQL_MODE='NO_AUTO_VALUE_ON_ZERO' */;
/*!40111 SET @OLD_SQL_NOTES=@@SQL_NOTES, SQL_NOTES=0 */;

--
-- Table structure for table `activations`
--

DROP TABLE IF EXISTS `activations`;
/*!40101 SET @saved_cs_client     = @@character_set_client */;
/*!50503 SET character_set_client = utf8mb4 */;
CREATE TABLE `activations` (
  `id` bigint unsigned NOT NULL AUTO_INCREMENT,
  `user_id` bigint unsigned NOT NULL,
  `code` varchar(120) COLLATE utf8mb4_unicode_ci NOT NULL,
  `completed` tinyint(1) NOT NULL DEFAULT '0',
  `completed_at` timestamp NULL DEFAULT NULL,
  `created_at` timestamp NULL DEFAULT NULL,
  `updated_at` timestamp NULL DEFAULT NULL,
  PRIMARY KEY (`id`),
  KEY `activations_user_id_index` (`user_id`)
) ENGINE=InnoDB AUTO_INCREMENT=3 DEFAULT CHARSET=utf8mb4 COLLATE=utf8mb4_unicode_ci;
/*!40101 SET character_set_client = @saved_cs_client */;

--
-- Dumping data for table `activations`
--

LOCK TABLES `activations` WRITE;
/*!40000 ALTER TABLE `activations` DISABLE KEYS */;
INSERT INTO `activations` VALUES (1,1,'dnZ3FlydtpiQIZ35tSLCcv38oopw6F12',1,'2023-11-09 09:20:31','2023-11-09 09:20:31','2023-11-09 09:20:31'),(2,2,'YCIMKlqAmBTKnSe5PjNjTX6wW767wX0H',1,'2023-11-09 09:20:32','2023-11-09 09:20:32','2023-11-09 09:20:32');
/*!40000 ALTER TABLE `activations` ENABLE KEYS */;
UNLOCK TABLES;

--
-- Table structure for table `admin_notifications`
--

DROP TABLE IF EXISTS `admin_notifications`;
/*!40101 SET @saved_cs_client     = @@character_set_client */;
/*!50503 SET character_set_client = utf8mb4 */;
CREATE TABLE `admin_notifications` (
  `id` bigint unsigned NOT NULL AUTO_INCREMENT,
  `title` varchar(191) COLLATE utf8mb4_unicode_ci NOT NULL,
  `action_label` varchar(191) COLLATE utf8mb4_unicode_ci DEFAULT NULL,
  `action_url` varchar(191) COLLATE utf8mb4_unicode_ci DEFAULT NULL,
  `description` varchar(400) COLLATE utf8mb4_unicode_ci NOT NULL,
  `read_at` timestamp NULL DEFAULT NULL,
  `created_at` timestamp NULL DEFAULT NULL,
  `updated_at` timestamp NULL DEFAULT NULL,
  `permission` varchar(191) COLLATE utf8mb4_unicode_ci DEFAULT NULL,
  PRIMARY KEY (`id`)
) ENGINE=InnoDB DEFAULT CHARSET=utf8mb4 COLLATE=utf8mb4_unicode_ci;
/*!40101 SET character_set_client = @saved_cs_client */;

--
-- Dumping data for table `admin_notifications`
--

LOCK TABLES `admin_notifications` WRITE;
/*!40000 ALTER TABLE `admin_notifications` DISABLE KEYS */;
/*!40000 ALTER TABLE `admin_notifications` ENABLE KEYS */;
UNLOCK TABLES;

--
-- Table structure for table `ads`
--

DROP TABLE IF EXISTS `ads`;
/*!40101 SET @saved_cs_client     = @@character_set_client */;
/*!50503 SET character_set_client = utf8mb4 */;
CREATE TABLE `ads` (
  `id` bigint unsigned NOT NULL AUTO_INCREMENT,
  `name` varchar(255) COLLATE utf8mb4_unicode_ci NOT NULL,
  `expired_at` datetime DEFAULT NULL,
  `location` varchar(120) COLLATE utf8mb4_unicode_ci DEFAULT NULL,
  `key` varchar(120) COLLATE utf8mb4_unicode_ci NOT NULL,
  `image` varchar(255) COLLATE utf8mb4_unicode_ci DEFAULT NULL,
  `url` varchar(255) COLLATE utf8mb4_unicode_ci DEFAULT NULL,
  `clicked` bigint NOT NULL DEFAULT '0',
  `order` int DEFAULT '0',
  `status` varchar(60) COLLATE utf8mb4_unicode_ci NOT NULL DEFAULT 'published',
  `created_at` timestamp NULL DEFAULT NULL,
  `updated_at` timestamp NULL DEFAULT NULL,
  `open_in_new_tab` tinyint(1) NOT NULL DEFAULT '1',
  `tablet_image` varchar(255) COLLATE utf8mb4_unicode_ci DEFAULT NULL,
  `mobile_image` varchar(255) COLLATE utf8mb4_unicode_ci DEFAULT NULL,
  PRIMARY KEY (`id`),
  UNIQUE KEY `ads_key_unique` (`key`)
) ENGINE=InnoDB AUTO_INCREMENT=10 DEFAULT CHARSET=utf8mb4 COLLATE=utf8mb4_unicode_ci;
/*!40101 SET character_set_client = @saved_cs_client */;

--
-- Dumping data for table `ads`
--

LOCK TABLES `ads` WRITE;
/*!40000 ALTER TABLE `ads` DISABLE KEYS */;
INSERT INTO `ads` VALUES (1,'New Modern & Stylist <br> Crafts','2024-11-09 16:20:38',NULL,'IYHICPADQD5X','sliders/banner-slider-01.jpg','/products',0,1,'published','2023-11-09 09:20:38','2023-11-09 09:20:38',1,NULL,NULL),(2,'Popular Energy with our <br> newest collection','2027-11-09 16:20:38',NULL,'R4YAV9FECJUS','sliders/banner-slider-02.jpg','/products',0,2,'published','2023-11-09 09:20:38','2023-11-09 09:20:38',1,NULL,NULL),(3,'Winter <br> Exclusive In','2026-11-09 16:20:38',NULL,'QPTCBJBOJOSY','banners/banner-offer-01.jpg','/products',0,3,'published','2023-11-09 09:20:38','2023-11-09 09:20:38',1,NULL,NULL),(4,'50% Offer','2028-11-09 16:20:38',NULL,'T2VFLDYYIJEH','banners/banner-offer-02.jpg','/products',0,4,'published','2023-11-09 09:20:38','2023-11-09 09:20:38',1,NULL,NULL),(5,'New Modern & Stylist <br> Crafts','2028-11-09 16:20:38',NULL,'JO7LLJHFH1RO','banners/banner-03-01.jpg','/products',0,5,'published','2023-11-09 09:20:38','2023-11-09 09:20:38',1,NULL,NULL),(6,'Lamp <br> Collections','2024-11-09 16:20:38',NULL,'L8GDJUBVD2TQ','banners/banner-03-02.jpg','/products',0,6,'published','2023-11-09 09:20:38','2023-11-09 09:20:38',1,NULL,NULL),(7,'Minimal Chair','2027-11-09 16:20:38',NULL,'PXJPAXLOCVRS','banners/banner-03-03.jpg','/products',0,7,'published','2023-11-09 09:20:38','2023-11-09 09:20:38',1,NULL,NULL),(8,'100% Fresh Product <br> Every Hour','2028-11-09 16:20:38',NULL,'EMRCINED6AX9','sliders/slider-05-banner-1.jpg','/products',0,8,'published','2023-11-09 09:20:38','2023-11-09 09:20:38',1,NULL,NULL),(9,'100% Fresh Product <br> Every Hour','2024-11-09 16:20:38',NULL,'JVMDAIB9HO2I','sliders/slider-05-banner-1.jpg','/products',0,9,'published','2023-11-09 09:20:38','2023-11-09 09:20:38',1,NULL,NULL);
/*!40000 ALTER TABLE `ads` ENABLE KEYS */;
UNLOCK TABLES;

--
-- Table structure for table `ads_translations`
--

DROP TABLE IF EXISTS `ads_translations`;
/*!40101 SET @saved_cs_client     = @@character_set_client */;
/*!50503 SET character_set_client = utf8mb4 */;
CREATE TABLE `ads_translations` (
  `lang_code` varchar(191) COLLATE utf8mb4_unicode_ci NOT NULL,
  `ads_id` bigint unsigned NOT NULL,
  `name` varchar(255) COLLATE utf8mb4_unicode_ci DEFAULT NULL,
  `image` varchar(255) COLLATE utf8mb4_unicode_ci DEFAULT NULL,
  `url` varchar(255) COLLATE utf8mb4_unicode_ci DEFAULT NULL,
  PRIMARY KEY (`lang_code`,`ads_id`)
) ENGINE=InnoDB DEFAULT CHARSET=utf8mb4 COLLATE=utf8mb4_unicode_ci;
/*!40101 SET character_set_client = @saved_cs_client */;

--
-- Dumping data for table `ads_translations`
--

LOCK TABLES `ads_translations` WRITE;
/*!40000 ALTER TABLE `ads_translations` DISABLE KEYS */;
/*!40000 ALTER TABLE `ads_translations` ENABLE KEYS */;
UNLOCK TABLES;

--
-- Table structure for table `audit_histories`
--

DROP TABLE IF EXISTS `audit_histories`;
/*!40101 SET @saved_cs_client     = @@character_set_client */;
/*!50503 SET character_set_client = utf8mb4 */;
CREATE TABLE `audit_histories` (
  `id` bigint unsigned NOT NULL AUTO_INCREMENT,
  `user_id` bigint unsigned NOT NULL,
  `module` varchar(60) COLLATE utf8mb4_unicode_ci NOT NULL,
  `request` text COLLATE utf8mb4_unicode_ci,
  `action` varchar(120) COLLATE utf8mb4_unicode_ci NOT NULL,
  `user_agent` text COLLATE utf8mb4_unicode_ci,
  `ip_address` varchar(39) COLLATE utf8mb4_unicode_ci DEFAULT NULL,
  `reference_user` bigint unsigned NOT NULL,
  `reference_id` bigint unsigned NOT NULL,
  `reference_name` varchar(255) COLLATE utf8mb4_unicode_ci NOT NULL,
  `type` varchar(20) COLLATE utf8mb4_unicode_ci NOT NULL,
  `created_at` timestamp NULL DEFAULT NULL,
  `updated_at` timestamp NULL DEFAULT NULL,
  PRIMARY KEY (`id`),
  KEY `audit_histories_user_id_index` (`user_id`),
  KEY `audit_histories_module_index` (`module`)
) ENGINE=InnoDB DEFAULT CHARSET=utf8mb4 COLLATE=utf8mb4_unicode_ci;
/*!40101 SET character_set_client = @saved_cs_client */;

--
-- Dumping data for table `audit_histories`
--

LOCK TABLES `audit_histories` WRITE;
/*!40000 ALTER TABLE `audit_histories` DISABLE KEYS */;
/*!40000 ALTER TABLE `audit_histories` ENABLE KEYS */;
UNLOCK TABLES;

--
-- Table structure for table `categories`
--

DROP TABLE IF EXISTS `categories`;
/*!40101 SET @saved_cs_client     = @@character_set_client */;
/*!50503 SET character_set_client = utf8mb4 */;
CREATE TABLE `categories` (
  `id` bigint unsigned NOT NULL AUTO_INCREMENT,
  `name` varchar(120) COLLATE utf8mb4_unicode_ci NOT NULL,
  `parent_id` bigint unsigned NOT NULL DEFAULT '0',
  `description` varchar(400) COLLATE utf8mb4_unicode_ci DEFAULT NULL,
  `status` varchar(60) COLLATE utf8mb4_unicode_ci NOT NULL DEFAULT 'published',
  `author_id` bigint unsigned DEFAULT NULL,
  `author_type` varchar(255) CHARACTER SET utf8mb4 COLLATE utf8mb4_unicode_ci NOT NULL DEFAULT 'Botble\\ACL\\Models\\User',
  `icon` varchar(60) COLLATE utf8mb4_unicode_ci DEFAULT NULL,
  `order` tinyint NOT NULL DEFAULT '0',
  `is_featured` tinyint NOT NULL DEFAULT '0',
  `is_default` tinyint unsigned NOT NULL DEFAULT '0',
  `created_at` timestamp NULL DEFAULT NULL,
  `updated_at` timestamp NULL DEFAULT NULL,
  PRIMARY KEY (`id`),
  KEY `categories_parent_id_index` (`parent_id`),
  KEY `categories_status_index` (`status`),
  KEY `categories_created_at_index` (`created_at`)
) ENGINE=InnoDB AUTO_INCREMENT=5 DEFAULT CHARSET=utf8mb4 COLLATE=utf8mb4_unicode_ci;
/*!40101 SET character_set_client = @saved_cs_client */;

--
-- Dumping data for table `categories`
--

LOCK TABLES `categories` WRITE;
/*!40000 ALTER TABLE `categories` DISABLE KEYS */;
INSERT INTO `categories` VALUES (1,'Ecommerce',0,'Dolorem et dolorem nobis et inventore consequatur excepturi. Aut quisquam qui aperiam voluptas quia nam. Hic eius nihil et minus. Neque quia sed quasi et occaecati quia modi.','published',1,'Botble\\ACL\\Models\\User',NULL,0,0,0,'2023-11-09 09:20:33','2023-11-09 09:20:33'),(2,'Fashion',0,'Molestias deserunt unde et quia. Assumenda voluptas dolore id debitis ut. Repellat ex eveniet suscipit laboriosam sed aspernatur. Delectus ipsam optio quis ratione molestiae numquam et optio.','published',1,'Botble\\ACL\\Models\\User',NULL,0,1,0,'2023-11-09 09:20:33','2023-11-09 09:20:33'),(3,'Electronic',0,'Quis tenetur velit et illo non corporis aut. Delectus nulla laborum qui quod. Ea in et incidunt expedita vel.','published',1,'Botble\\ACL\\Models\\User',NULL,0,1,0,'2023-11-09 09:20:33','2023-11-09 09:20:33'),(4,'Commercial',0,'Laudantium voluptatem aperiam iure perferendis ipsam nihil maxime. Corporis dolore aut mollitia velit eius. Reprehenderit consequatur rerum odit dolor aut.','published',1,'Botble\\ACL\\Models\\User',NULL,0,1,0,'2023-11-09 09:20:33','2023-11-09 09:20:33');
/*!40000 ALTER TABLE `categories` ENABLE KEYS */;
UNLOCK TABLES;

--
-- Table structure for table `categories_translations`
--

DROP TABLE IF EXISTS `categories_translations`;
/*!40101 SET @saved_cs_client     = @@character_set_client */;
/*!50503 SET character_set_client = utf8mb4 */;
CREATE TABLE `categories_translations` (
  `lang_code` varchar(191) COLLATE utf8mb4_unicode_ci NOT NULL,
  `categories_id` bigint unsigned NOT NULL,
  `name` varchar(255) COLLATE utf8mb4_unicode_ci DEFAULT NULL,
  `description` varchar(400) COLLATE utf8mb4_unicode_ci DEFAULT NULL,
  PRIMARY KEY (`lang_code`,`categories_id`)
) ENGINE=InnoDB DEFAULT CHARSET=utf8mb4 COLLATE=utf8mb4_unicode_ci;
/*!40101 SET character_set_client = @saved_cs_client */;

--
-- Dumping data for table `categories_translations`
--

LOCK TABLES `categories_translations` WRITE;
/*!40000 ALTER TABLE `categories_translations` DISABLE KEYS */;
/*!40000 ALTER TABLE `categories_translations` ENABLE KEYS */;
UNLOCK TABLES;

--
-- Table structure for table `cities`
--

DROP TABLE IF EXISTS `cities`;
/*!40101 SET @saved_cs_client     = @@character_set_client */;
/*!50503 SET character_set_client = utf8mb4 */;
CREATE TABLE `cities` (
  `id` bigint unsigned NOT NULL AUTO_INCREMENT,
  `name` varchar(120) COLLATE utf8mb4_unicode_ci NOT NULL,
  `slug` varchar(120) COLLATE utf8mb4_unicode_ci DEFAULT NULL,
  `state_id` bigint unsigned DEFAULT NULL,
  `country_id` bigint unsigned DEFAULT NULL,
  `record_id` varchar(40) COLLATE utf8mb4_unicode_ci DEFAULT NULL,
  `order` tinyint NOT NULL DEFAULT '0',
  `image` varchar(255) COLLATE utf8mb4_unicode_ci DEFAULT NULL,
  `is_default` tinyint unsigned NOT NULL DEFAULT '0',
  `status` varchar(60) COLLATE utf8mb4_unicode_ci NOT NULL DEFAULT 'published',
  `created_at` timestamp NULL DEFAULT NULL,
  `updated_at` timestamp NULL DEFAULT NULL,
  PRIMARY KEY (`id`),
  UNIQUE KEY `cities_slug_unique` (`slug`)
) ENGINE=InnoDB DEFAULT CHARSET=utf8mb4 COLLATE=utf8mb4_unicode_ci;
/*!40101 SET character_set_client = @saved_cs_client */;

--
-- Dumping data for table `cities`
--

LOCK TABLES `cities` WRITE;
/*!40000 ALTER TABLE `cities` DISABLE KEYS */;
/*!40000 ALTER TABLE `cities` ENABLE KEYS */;
UNLOCK TABLES;

--
-- Table structure for table `cities_translations`
--

DROP TABLE IF EXISTS `cities_translations`;
/*!40101 SET @saved_cs_client     = @@character_set_client */;
/*!50503 SET character_set_client = utf8mb4 */;
CREATE TABLE `cities_translations` (
  `lang_code` varchar(191) COLLATE utf8mb4_unicode_ci NOT NULL,
  `cities_id` bigint unsigned NOT NULL,
  `name` varchar(120) COLLATE utf8mb4_unicode_ci DEFAULT NULL,
  `slug` varchar(120) CHARACTER SET utf8mb4 COLLATE utf8mb4_unicode_ci DEFAULT NULL,
  PRIMARY KEY (`lang_code`,`cities_id`)
) ENGINE=InnoDB DEFAULT CHARSET=utf8mb4 COLLATE=utf8mb4_unicode_ci;
/*!40101 SET character_set_client = @saved_cs_client */;

--
-- Dumping data for table `cities_translations`
--

LOCK TABLES `cities_translations` WRITE;
/*!40000 ALTER TABLE `cities_translations` DISABLE KEYS */;
/*!40000 ALTER TABLE `cities_translations` ENABLE KEYS */;
UNLOCK TABLES;

--
-- Table structure for table `contact_replies`
--

DROP TABLE IF EXISTS `contact_replies`;
/*!40101 SET @saved_cs_client     = @@character_set_client */;
/*!50503 SET character_set_client = utf8mb4 */;
CREATE TABLE `contact_replies` (
  `id` bigint unsigned NOT NULL AUTO_INCREMENT,
  `message` longtext COLLATE utf8mb4_unicode_ci NOT NULL,
  `contact_id` bigint unsigned NOT NULL,
  `created_at` timestamp NULL DEFAULT NULL,
  `updated_at` timestamp NULL DEFAULT NULL,
  PRIMARY KEY (`id`)
) ENGINE=InnoDB DEFAULT CHARSET=utf8mb4 COLLATE=utf8mb4_unicode_ci;
/*!40101 SET character_set_client = @saved_cs_client */;

--
-- Dumping data for table `contact_replies`
--

LOCK TABLES `contact_replies` WRITE;
/*!40000 ALTER TABLE `contact_replies` DISABLE KEYS */;
/*!40000 ALTER TABLE `contact_replies` ENABLE KEYS */;
UNLOCK TABLES;

--
-- Table structure for table `contacts`
--

DROP TABLE IF EXISTS `contacts`;
/*!40101 SET @saved_cs_client     = @@character_set_client */;
/*!50503 SET character_set_client = utf8mb4 */;
CREATE TABLE `contacts` (
  `id` bigint unsigned NOT NULL AUTO_INCREMENT,
  `name` varchar(60) COLLATE utf8mb4_unicode_ci NOT NULL,
  `email` varchar(60) COLLATE utf8mb4_unicode_ci NOT NULL,
  `phone` varchar(60) COLLATE utf8mb4_unicode_ci DEFAULT NULL,
  `address` varchar(120) COLLATE utf8mb4_unicode_ci DEFAULT NULL,
  `subject` varchar(120) COLLATE utf8mb4_unicode_ci DEFAULT NULL,
  `content` longtext COLLATE utf8mb4_unicode_ci NOT NULL,
  `status` varchar(60) COLLATE utf8mb4_unicode_ci NOT NULL DEFAULT 'unread',
  `created_at` timestamp NULL DEFAULT NULL,
  `updated_at` timestamp NULL DEFAULT NULL,
  PRIMARY KEY (`id`)
) ENGINE=InnoDB DEFAULT CHARSET=utf8mb4 COLLATE=utf8mb4_unicode_ci;
/*!40101 SET character_set_client = @saved_cs_client */;

--
-- Dumping data for table `contacts`
--

LOCK TABLES `contacts` WRITE;
/*!40000 ALTER TABLE `contacts` DISABLE KEYS */;
/*!40000 ALTER TABLE `contacts` ENABLE KEYS */;
UNLOCK TABLES;

--
-- Table structure for table `countries`
--

DROP TABLE IF EXISTS `countries`;
/*!40101 SET @saved_cs_client     = @@character_set_client */;
/*!50503 SET character_set_client = utf8mb4 */;
CREATE TABLE `countries` (
  `id` bigint unsigned NOT NULL AUTO_INCREMENT,
  `name` varchar(120) COLLATE utf8mb4_unicode_ci NOT NULL,
  `nationality` varchar(120) CHARACTER SET utf8mb4 COLLATE utf8mb4_unicode_ci DEFAULT NULL,
  `order` tinyint NOT NULL DEFAULT '0',
  `is_default` tinyint unsigned NOT NULL DEFAULT '0',
  `status` varchar(60) COLLATE utf8mb4_unicode_ci NOT NULL DEFAULT 'published',
  `created_at` timestamp NULL DEFAULT NULL,
  `updated_at` timestamp NULL DEFAULT NULL,
  `code` varchar(10) COLLATE utf8mb4_unicode_ci DEFAULT NULL,
  PRIMARY KEY (`id`)
) ENGINE=InnoDB DEFAULT CHARSET=utf8mb4 COLLATE=utf8mb4_unicode_ci;
/*!40101 SET character_set_client = @saved_cs_client */;

--
-- Dumping data for table `countries`
--

LOCK TABLES `countries` WRITE;
/*!40000 ALTER TABLE `countries` DISABLE KEYS */;
/*!40000 ALTER TABLE `countries` ENABLE KEYS */;
UNLOCK TABLES;

--
-- Table structure for table `countries_translations`
--

DROP TABLE IF EXISTS `countries_translations`;
/*!40101 SET @saved_cs_client     = @@character_set_client */;
/*!50503 SET character_set_client = utf8mb4 */;
CREATE TABLE `countries_translations` (
  `lang_code` varchar(191) COLLATE utf8mb4_unicode_ci NOT NULL,
  `countries_id` bigint unsigned NOT NULL,
  `name` varchar(120) COLLATE utf8mb4_unicode_ci DEFAULT NULL,
  `nationality` varchar(120) COLLATE utf8mb4_unicode_ci DEFAULT NULL,
  PRIMARY KEY (`lang_code`,`countries_id`)
) ENGINE=InnoDB DEFAULT CHARSET=utf8mb4 COLLATE=utf8mb4_unicode_ci;
/*!40101 SET character_set_client = @saved_cs_client */;

--
-- Dumping data for table `countries_translations`
--

LOCK TABLES `countries_translations` WRITE;
/*!40000 ALTER TABLE `countries_translations` DISABLE KEYS */;
/*!40000 ALTER TABLE `countries_translations` ENABLE KEYS */;
UNLOCK TABLES;

--
-- Table structure for table `dashboard_widget_settings`
--

DROP TABLE IF EXISTS `dashboard_widget_settings`;
/*!40101 SET @saved_cs_client     = @@character_set_client */;
/*!50503 SET character_set_client = utf8mb4 */;
CREATE TABLE `dashboard_widget_settings` (
  `id` bigint unsigned NOT NULL AUTO_INCREMENT,
  `settings` text COLLATE utf8mb4_unicode_ci,
  `user_id` bigint unsigned NOT NULL,
  `widget_id` bigint unsigned NOT NULL,
  `order` tinyint unsigned NOT NULL DEFAULT '0',
  `status` tinyint unsigned NOT NULL DEFAULT '1',
  `created_at` timestamp NULL DEFAULT NULL,
  `updated_at` timestamp NULL DEFAULT NULL,
  PRIMARY KEY (`id`),
  KEY `dashboard_widget_settings_user_id_index` (`user_id`),
  KEY `dashboard_widget_settings_widget_id_index` (`widget_id`)
) ENGINE=InnoDB DEFAULT CHARSET=utf8mb4 COLLATE=utf8mb4_unicode_ci;
/*!40101 SET character_set_client = @saved_cs_client */;

--
-- Dumping data for table `dashboard_widget_settings`
--

LOCK TABLES `dashboard_widget_settings` WRITE;
/*!40000 ALTER TABLE `dashboard_widget_settings` DISABLE KEYS */;
/*!40000 ALTER TABLE `dashboard_widget_settings` ENABLE KEYS */;
UNLOCK TABLES;

--
-- Table structure for table `dashboard_widgets`
--

DROP TABLE IF EXISTS `dashboard_widgets`;
/*!40101 SET @saved_cs_client     = @@character_set_client */;
/*!50503 SET character_set_client = utf8mb4 */;
CREATE TABLE `dashboard_widgets` (
  `id` bigint unsigned NOT NULL AUTO_INCREMENT,
  `name` varchar(120) COLLATE utf8mb4_unicode_ci NOT NULL,
  `created_at` timestamp NULL DEFAULT NULL,
  `updated_at` timestamp NULL DEFAULT NULL,
  PRIMARY KEY (`id`)
) ENGINE=InnoDB DEFAULT CHARSET=utf8mb4 COLLATE=utf8mb4_unicode_ci;
/*!40101 SET character_set_client = @saved_cs_client */;

--
-- Dumping data for table `dashboard_widgets`
--

LOCK TABLES `dashboard_widgets` WRITE;
/*!40000 ALTER TABLE `dashboard_widgets` DISABLE KEYS */;
/*!40000 ALTER TABLE `dashboard_widgets` ENABLE KEYS */;
UNLOCK TABLES;

--
-- Table structure for table `ec_brands`
--

DROP TABLE IF EXISTS `ec_brands`;
/*!40101 SET @saved_cs_client     = @@character_set_client */;
/*!50503 SET character_set_client = utf8mb4 */;
CREATE TABLE `ec_brands` (
  `id` bigint unsigned NOT NULL AUTO_INCREMENT,
  `name` varchar(191) COLLATE utf8mb4_unicode_ci NOT NULL,
  `description` mediumtext COLLATE utf8mb4_unicode_ci,
  `website` varchar(255) COLLATE utf8mb4_unicode_ci DEFAULT NULL,
  `logo` varchar(255) COLLATE utf8mb4_unicode_ci DEFAULT NULL,
  `status` varchar(60) COLLATE utf8mb4_unicode_ci NOT NULL DEFAULT 'published',
  `order` tinyint unsigned NOT NULL DEFAULT '0',
  `is_featured` tinyint unsigned NOT NULL DEFAULT '0',
  `created_at` timestamp NULL DEFAULT NULL,
  `updated_at` timestamp NULL DEFAULT NULL,
  PRIMARY KEY (`id`)
) ENGINE=InnoDB AUTO_INCREMENT=7 DEFAULT CHARSET=utf8mb4 COLLATE=utf8mb4_unicode_ci;
/*!40101 SET character_set_client = @saved_cs_client */;

--
-- Dumping data for table `ec_brands`
--

LOCK TABLES `ec_brands` WRITE;
/*!40000 ALTER TABLE `ec_brands` DISABLE KEYS */;
INSERT INTO `ec_brands` VALUES (1,'Fashion live',NULL,NULL,'brands/brand-01.png','published',0,1,'2023-11-09 09:20:39','2023-11-09 09:20:39'),(2,'Hand crafted',NULL,NULL,'brands/brand-02.png','published',1,1,'2023-11-09 09:20:39','2023-11-09 09:20:39'),(3,'Mestonix',NULL,NULL,'brands/brand-03.png','published',2,1,'2023-11-09 09:20:39','2023-11-09 09:20:39'),(4,'Sunshine',NULL,NULL,'brands/brand-04.png','published',3,1,'2023-11-09 09:20:39','2023-11-09 09:20:39'),(5,'Pure',NULL,NULL,'brands/brand-05.png','published',4,1,'2023-11-09 09:20:39','2023-11-09 09:20:39'),(6,'Anfold',NULL,NULL,'brands/brand-06.png','published',5,0,'2023-11-09 09:20:39','2023-11-09 09:20:39');
/*!40000 ALTER TABLE `ec_brands` ENABLE KEYS */;
UNLOCK TABLES;

--
-- Table structure for table `ec_brands_translations`
--

DROP TABLE IF EXISTS `ec_brands_translations`;
/*!40101 SET @saved_cs_client     = @@character_set_client */;
/*!50503 SET character_set_client = utf8mb4 */;
CREATE TABLE `ec_brands_translations` (
  `lang_code` varchar(191) COLLATE utf8mb4_unicode_ci NOT NULL,
  `ec_brands_id` bigint unsigned NOT NULL,
  `name` varchar(191) COLLATE utf8mb4_unicode_ci DEFAULT NULL,
  `description` varchar(191) COLLATE utf8mb4_unicode_ci DEFAULT NULL,
  PRIMARY KEY (`lang_code`,`ec_brands_id`)
) ENGINE=InnoDB DEFAULT CHARSET=utf8mb4 COLLATE=utf8mb4_unicode_ci;
/*!40101 SET character_set_client = @saved_cs_client */;

--
-- Dumping data for table `ec_brands_translations`
--

LOCK TABLES `ec_brands_translations` WRITE;
/*!40000 ALTER TABLE `ec_brands_translations` DISABLE KEYS */;
/*!40000 ALTER TABLE `ec_brands_translations` ENABLE KEYS */;
UNLOCK TABLES;

--
-- Table structure for table `ec_cart`
--

DROP TABLE IF EXISTS `ec_cart`;
/*!40101 SET @saved_cs_client     = @@character_set_client */;
/*!50503 SET character_set_client = utf8mb4 */;
CREATE TABLE `ec_cart` (
  `identifier` varchar(60) COLLATE utf8mb4_unicode_ci NOT NULL,
  `instance` varchar(60) COLLATE utf8mb4_unicode_ci NOT NULL,
  `content` longtext COLLATE utf8mb4_unicode_ci NOT NULL,
  `created_at` timestamp NULL DEFAULT NULL,
  `updated_at` timestamp NULL DEFAULT NULL,
  PRIMARY KEY (`identifier`,`instance`)
) ENGINE=InnoDB DEFAULT CHARSET=utf8mb4 COLLATE=utf8mb4_unicode_ci;
/*!40101 SET character_set_client = @saved_cs_client */;

--
-- Dumping data for table `ec_cart`
--

LOCK TABLES `ec_cart` WRITE;
/*!40000 ALTER TABLE `ec_cart` DISABLE KEYS */;
/*!40000 ALTER TABLE `ec_cart` ENABLE KEYS */;
UNLOCK TABLES;

--
-- Table structure for table `ec_currencies`
--

DROP TABLE IF EXISTS `ec_currencies`;
/*!40101 SET @saved_cs_client     = @@character_set_client */;
/*!50503 SET character_set_client = utf8mb4 */;
CREATE TABLE `ec_currencies` (
  `id` bigint unsigned NOT NULL AUTO_INCREMENT,
  `title` varchar(191) COLLATE utf8mb4_unicode_ci NOT NULL,
  `symbol` varchar(10) COLLATE utf8mb4_unicode_ci NOT NULL,
  `is_prefix_symbol` tinyint unsigned NOT NULL DEFAULT '0',
  `decimals` tinyint unsigned DEFAULT '0',
  `order` int unsigned DEFAULT '0',
  `is_default` tinyint NOT NULL DEFAULT '0',
  `exchange_rate` double NOT NULL DEFAULT '1',
  `created_at` timestamp NULL DEFAULT NULL,
  `updated_at` timestamp NULL DEFAULT NULL,
  PRIMARY KEY (`id`)
) ENGINE=InnoDB AUTO_INCREMENT=4 DEFAULT CHARSET=utf8mb4 COLLATE=utf8mb4_unicode_ci;
/*!40101 SET character_set_client = @saved_cs_client */;

--
-- Dumping data for table `ec_currencies`
--

LOCK TABLES `ec_currencies` WRITE;
/*!40000 ALTER TABLE `ec_currencies` DISABLE KEYS */;
INSERT INTO `ec_currencies` VALUES (1,'USD','$',1,2,0,1,1,'2023-11-09 09:20:32','2023-11-09 09:20:32'),(2,'EUR','€',0,2,1,0,0.84,'2023-11-09 09:20:32','2023-11-09 09:20:32'),(3,'VND','₫',0,0,2,0,23203,'2023-11-09 09:20:32','2023-11-09 09:20:32');
/*!40000 ALTER TABLE `ec_currencies` ENABLE KEYS */;
UNLOCK TABLES;

--
-- Table structure for table `ec_customer_addresses`
--

DROP TABLE IF EXISTS `ec_customer_addresses`;
/*!40101 SET @saved_cs_client     = @@character_set_client */;
/*!50503 SET character_set_client = utf8mb4 */;
CREATE TABLE `ec_customer_addresses` (
  `id` bigint unsigned NOT NULL AUTO_INCREMENT,
  `name` varchar(191) COLLATE utf8mb4_unicode_ci NOT NULL,
  `email` varchar(60) COLLATE utf8mb4_unicode_ci DEFAULT NULL,
  `phone` varchar(20) CHARACTER SET utf8mb4 COLLATE utf8mb4_unicode_ci DEFAULT NULL,
  `country` varchar(120) COLLATE utf8mb4_unicode_ci DEFAULT NULL,
  `state` varchar(120) COLLATE utf8mb4_unicode_ci DEFAULT NULL,
  `city` varchar(120) COLLATE utf8mb4_unicode_ci DEFAULT NULL,
  `address` varchar(255) CHARACTER SET utf8mb4 COLLATE utf8mb4_unicode_ci DEFAULT NULL,
  `customer_id` bigint unsigned NOT NULL,
  `is_default` tinyint unsigned NOT NULL DEFAULT '0',
  `created_at` timestamp NULL DEFAULT NULL,
  `updated_at` timestamp NULL DEFAULT NULL,
  `zip_code` varchar(20) COLLATE utf8mb4_unicode_ci DEFAULT NULL,
  PRIMARY KEY (`id`)
) ENGINE=InnoDB AUTO_INCREMENT=13 DEFAULT CHARSET=utf8mb4 COLLATE=utf8mb4_unicode_ci;
/*!40101 SET character_set_client = @saved_cs_client */;

--
-- Dumping data for table `ec_customer_addresses`
--

LOCK TABLES `ec_customer_addresses` WRITE;
/*!40000 ALTER TABLE `ec_customer_addresses` DISABLE KEYS */;
INSERT INTO `ec_customer_addresses` VALUES (1,'Prof. Kayley Tremblay','customer@botble.com','+17374435375','AL','New York','West Erick','9360 Strosin Falls',1,1,'2023-11-09 09:20:54','2023-11-09 09:20:54','68878-0130'),(2,'Prof. Kayley Tremblay','customer@botble.com','+18729639064','EC','New Hampshire','West Joaquin','83716 Prosacco Stream Apt. 291',1,0,'2023-11-09 09:20:54','2023-11-09 09:20:54','75868'),(3,'Marilyne Watsica','john.smith@botble.com','+15207014892','KP','Nevada','Violetchester','7375 Ali Island',2,1,'2023-11-09 09:20:55','2023-11-09 09:20:55','69233'),(4,'Marilyne Watsica','john.smith@botble.com','+17317976752','VE','Louisiana','Lake Timothy','366 Pfeffer Branch',2,0,'2023-11-09 09:20:55','2023-11-09 09:20:55','83882'),(5,'Beau Christiansen','dkautzer@example.net','+13134837689','GH','New Jersey','New Delphamouth','59803 Lubowitz Brooks',3,1,'2023-11-09 09:20:55','2023-11-09 09:20:55','66415-6447'),(6,'Raegan McGlynn','electa.smitham@example.com','+17272347678','EH','Nevada','New Max','4649 Westley Hollow',4,1,'2023-11-09 09:20:55','2023-11-09 09:20:55','04014'),(7,'Miss Ardith Bruen PhD','ynicolas@example.net','+16826570533','CV','Utah','North Pink','6173 Boyer Way Apt. 432',5,1,'2023-11-09 09:20:55','2023-11-09 09:20:55','76880'),(8,'Mr. Ramon Schuppe Jr.','fpacocha@example.org','+15082733872','IQ','Nevada','West Kaceyton','653 Johns Locks',6,1,'2023-11-09 09:20:56','2023-11-09 09:20:56','65948-5327'),(9,'Dr. Weldon Weimann PhD','nicola59@example.com','+12519488991','KZ','Maine','South Woodrowland','6115 Crist Junction',7,1,'2023-11-09 09:20:56','2023-11-09 09:20:56','68761-6670'),(10,'Landen Kreiger','lexus.davis@example.com','+15705838026','TM','Rhode Island','Travisville','91573 Jaida Crossing',8,1,'2023-11-09 09:20:56','2023-11-09 09:20:56','63007-2412'),(11,'Janet Gerhold','rath.polly@example.com','+13518062745','AR','Idaho','Lessieburgh','9845 Muller Glens Suite 301',9,1,'2023-11-09 09:20:56','2023-11-09 09:20:56','41376'),(12,'Prof. Antonietta Willms Jr.','vwuckert@example.com','+17403445969','EC','Kansas','Kassulkeview','9426 Bode Spring',10,1,'2023-11-09 09:20:57','2023-11-09 09:20:57','73580-0759');
/*!40000 ALTER TABLE `ec_customer_addresses` ENABLE KEYS */;
UNLOCK TABLES;

--
-- Table structure for table `ec_customer_password_resets`
--

DROP TABLE IF EXISTS `ec_customer_password_resets`;
/*!40101 SET @saved_cs_client     = @@character_set_client */;
/*!50503 SET character_set_client = utf8mb4 */;
CREATE TABLE `ec_customer_password_resets` (
  `email` varchar(191) COLLATE utf8mb4_unicode_ci NOT NULL,
  `token` varchar(191) COLLATE utf8mb4_unicode_ci NOT NULL,
  `created_at` timestamp NULL DEFAULT NULL,
  KEY `ec_customer_password_resets_email_index` (`email`),
  KEY `ec_customer_password_resets_token_index` (`token`)
) ENGINE=InnoDB DEFAULT CHARSET=utf8mb4 COLLATE=utf8mb4_unicode_ci;
/*!40101 SET character_set_client = @saved_cs_client */;

--
-- Dumping data for table `ec_customer_password_resets`
--

LOCK TABLES `ec_customer_password_resets` WRITE;
/*!40000 ALTER TABLE `ec_customer_password_resets` DISABLE KEYS */;
/*!40000 ALTER TABLE `ec_customer_password_resets` ENABLE KEYS */;
UNLOCK TABLES;

--
-- Table structure for table `ec_customer_recently_viewed_products`
--

DROP TABLE IF EXISTS `ec_customer_recently_viewed_products`;
/*!40101 SET @saved_cs_client     = @@character_set_client */;
/*!50503 SET character_set_client = utf8mb4 */;
CREATE TABLE `ec_customer_recently_viewed_products` (
  `id` bigint unsigned NOT NULL AUTO_INCREMENT,
  `customer_id` bigint unsigned NOT NULL,
  `product_id` bigint unsigned NOT NULL,
  PRIMARY KEY (`id`)
) ENGINE=InnoDB DEFAULT CHARSET=utf8mb4 COLLATE=utf8mb4_unicode_ci;
/*!40101 SET character_set_client = @saved_cs_client */;

--
-- Dumping data for table `ec_customer_recently_viewed_products`
--

LOCK TABLES `ec_customer_recently_viewed_products` WRITE;
/*!40000 ALTER TABLE `ec_customer_recently_viewed_products` DISABLE KEYS */;
/*!40000 ALTER TABLE `ec_customer_recently_viewed_products` ENABLE KEYS */;
UNLOCK TABLES;

--
-- Table structure for table `ec_customer_used_coupons`
--

DROP TABLE IF EXISTS `ec_customer_used_coupons`;
/*!40101 SET @saved_cs_client     = @@character_set_client */;
/*!50503 SET character_set_client = utf8mb4 */;
CREATE TABLE `ec_customer_used_coupons` (
  `discount_id` bigint unsigned NOT NULL,
  `customer_id` bigint unsigned NOT NULL,
  PRIMARY KEY (`discount_id`,`customer_id`)
) ENGINE=InnoDB DEFAULT CHARSET=utf8mb4 COLLATE=utf8mb4_unicode_ci;
/*!40101 SET character_set_client = @saved_cs_client */;

--
-- Dumping data for table `ec_customer_used_coupons`
--

LOCK TABLES `ec_customer_used_coupons` WRITE;
/*!40000 ALTER TABLE `ec_customer_used_coupons` DISABLE KEYS */;
/*!40000 ALTER TABLE `ec_customer_used_coupons` ENABLE KEYS */;
UNLOCK TABLES;

--
-- Table structure for table `ec_customers`
--

DROP TABLE IF EXISTS `ec_customers`;
/*!40101 SET @saved_cs_client     = @@character_set_client */;
/*!50503 SET character_set_client = utf8mb4 */;
CREATE TABLE `ec_customers` (
  `id` bigint unsigned NOT NULL AUTO_INCREMENT,
  `name` varchar(191) COLLATE utf8mb4_unicode_ci NOT NULL,
  `email` varchar(191) COLLATE utf8mb4_unicode_ci NOT NULL,
  `password` varchar(191) COLLATE utf8mb4_unicode_ci NOT NULL,
  `avatar` varchar(255) COLLATE utf8mb4_unicode_ci DEFAULT NULL,
  `dob` date DEFAULT NULL,
  `phone` varchar(20) COLLATE utf8mb4_unicode_ci DEFAULT NULL,
  `remember_token` varchar(100) COLLATE utf8mb4_unicode_ci DEFAULT NULL,
  `created_at` timestamp NULL DEFAULT NULL,
  `updated_at` timestamp NULL DEFAULT NULL,
  `confirmed_at` datetime DEFAULT NULL,
  `email_verify_token` varchar(120) COLLATE utf8mb4_unicode_ci DEFAULT NULL,
  `status` varchar(60) COLLATE utf8mb4_unicode_ci NOT NULL DEFAULT 'activated',
  PRIMARY KEY (`id`),
  UNIQUE KEY `ec_customers_email_unique` (`email`)
) ENGINE=InnoDB AUTO_INCREMENT=11 DEFAULT CHARSET=utf8mb4 COLLATE=utf8mb4_unicode_ci;
/*!40101 SET character_set_client = @saved_cs_client */;

--
-- Dumping data for table `ec_customers`
--

LOCK TABLES `ec_customers` WRITE;
/*!40000 ALTER TABLE `ec_customers` DISABLE KEYS */;
INSERT INTO `ec_customers` VALUES (1,'Prof. Kayley Tremblay','customer@botble.com','$2y$12$n1iFJJm2dFOc4IDaosKmbOc0Y9LBAlW.vojzrFrdnLPXiRSPndcPG','customers/1.jpg','1978-10-26','+13619587727',NULL,'2023-11-09 09:20:54','2023-11-09 09:20:54','2023-11-09 16:20:54',NULL,'activated'),(2,'Marilyne Watsica','john.smith@botble.com','$2y$12$IH5Fp3gf4gkaRjYHNxOEy.GJNx5wjz4Kr8W9xYxXyQC5sMwIDIsi2','customers/4.jpg','1977-10-20','+17205156580',NULL,'2023-11-09 09:20:55','2023-11-09 09:20:55','2023-11-09 16:20:55',NULL,'activated'),(3,'Beau Christiansen','dkautzer@example.net','$2y$12$EMlPN1b93u5SXu.V6l6sYOAZTLLwiGd7qkfcCDRCuaCUPn.6X2Luu','customers/1.jpg','1987-10-14','+14695697720',NULL,'2023-11-09 09:20:55','2023-11-09 09:20:55','2023-11-09 16:20:55',NULL,'activated'),(4,'Raegan McGlynn','electa.smitham@example.com','$2y$12$i7gS/c.SAv714zGZYcJ5P.zhLAX9zJZmvn92oqUWfvs4F6M94Yrtq','customers/2.jpg','1989-11-05','+15676680844',NULL,'2023-11-09 09:20:55','2023-11-09 09:20:55','2023-11-09 16:20:55',NULL,'activated'),(5,'Miss Ardith Bruen PhD','ynicolas@example.net','$2y$12$LSoirMnH6i3fnNlFO5AoPeG9clgvRZAQWxl.AEYbGX8l9/HhLkhSC','customers/3.jpg','1992-10-12','+12147476012',NULL,'2023-11-09 09:20:55','2023-11-09 09:20:55','2023-11-09 16:20:55',NULL,'activated'),(6,'Mr. Ramon Schuppe Jr.','fpacocha@example.org','$2y$12$XkQoZAYq5zgv8iO64P4g6eP8aCz/27zuyxzlA743o2drZA3ouslWG','customers/4.jpg','1991-10-15','+19167981424',NULL,'2023-11-09 09:20:56','2023-11-09 09:20:56','2023-11-09 16:20:56',NULL,'activated'),(7,'Dr. Weldon Weimann PhD','nicola59@example.com','$2y$12$3oA4IrAjqWo7dY8JiBtwXe8seBOuKhKdtU7q7kUD6wkZx0EcXGpNO','customers/5.jpg','1984-10-18','+15518841562',NULL,'2023-11-09 09:20:56','2023-11-09 09:20:56','2023-11-09 16:20:56',NULL,'activated'),(8,'Landen Kreiger','lexus.davis@example.com','$2y$12$jaxNRYGyP4O.KkgLECqNB.FVNUFAyp6uSDV0VggePjukR36vMlXMO','customers/6.jpg','1980-10-11','+15152289647',NULL,'2023-11-09 09:20:56','2023-11-09 09:20:56','2023-11-09 16:20:56',NULL,'activated'),(9,'Janet Gerhold','rath.polly@example.com','$2y$12$PKRe1c3Dd2Uszb8ZKLslLu3ENZ.n1ZfTRwdjB.vJBvbWIIt1VRO.2','customers/7.jpg','1997-10-15','+16816196254',NULL,'2023-11-09 09:20:56','2023-11-09 09:20:56','2023-11-09 16:20:56',NULL,'activated'),(10,'Prof. Antonietta Willms Jr.','vwuckert@example.com','$2y$12$OECO7Ht7Fe7CM/8Bm3R3t.ijrxkq/XbeucVHgq96iGTY1EtD4z.C6','customers/8.jpg','1983-10-11','+14408853873',NULL,'2023-11-09 09:20:57','2023-11-09 09:20:57','2023-11-09 16:20:57',NULL,'activated');
/*!40000 ALTER TABLE `ec_customers` ENABLE KEYS */;
UNLOCK TABLES;

--
-- Table structure for table `ec_discount_customers`
--

DROP TABLE IF EXISTS `ec_discount_customers`;
/*!40101 SET @saved_cs_client     = @@character_set_client */;
/*!50503 SET character_set_client = utf8mb4 */;
CREATE TABLE `ec_discount_customers` (
  `discount_id` bigint unsigned NOT NULL,
  `customer_id` bigint unsigned NOT NULL,
  PRIMARY KEY (`discount_id`,`customer_id`)
) ENGINE=InnoDB DEFAULT CHARSET=utf8mb4 COLLATE=utf8mb4_unicode_ci;
/*!40101 SET character_set_client = @saved_cs_client */;

--
-- Dumping data for table `ec_discount_customers`
--

LOCK TABLES `ec_discount_customers` WRITE;
/*!40000 ALTER TABLE `ec_discount_customers` DISABLE KEYS */;
/*!40000 ALTER TABLE `ec_discount_customers` ENABLE KEYS */;
UNLOCK TABLES;

--
-- Table structure for table `ec_discount_product_categories`
--

DROP TABLE IF EXISTS `ec_discount_product_categories`;
/*!40101 SET @saved_cs_client     = @@character_set_client */;
/*!50503 SET character_set_client = utf8mb4 */;
CREATE TABLE `ec_discount_product_categories` (
  `discount_id` bigint unsigned NOT NULL,
  `product_category_id` bigint unsigned NOT NULL,
  PRIMARY KEY (`discount_id`,`product_category_id`)
) ENGINE=InnoDB DEFAULT CHARSET=utf8mb4 COLLATE=utf8mb4_unicode_ci;
/*!40101 SET character_set_client = @saved_cs_client */;

--
-- Dumping data for table `ec_discount_product_categories`
--

LOCK TABLES `ec_discount_product_categories` WRITE;
/*!40000 ALTER TABLE `ec_discount_product_categories` DISABLE KEYS */;
/*!40000 ALTER TABLE `ec_discount_product_categories` ENABLE KEYS */;
UNLOCK TABLES;

--
-- Table structure for table `ec_discount_product_collections`
--

DROP TABLE IF EXISTS `ec_discount_product_collections`;
/*!40101 SET @saved_cs_client     = @@character_set_client */;
/*!50503 SET character_set_client = utf8mb4 */;
CREATE TABLE `ec_discount_product_collections` (
  `discount_id` bigint unsigned NOT NULL,
  `product_collection_id` bigint unsigned NOT NULL,
  PRIMARY KEY (`discount_id`,`product_collection_id`)
) ENGINE=InnoDB DEFAULT CHARSET=utf8mb4 COLLATE=utf8mb4_unicode_ci;
/*!40101 SET character_set_client = @saved_cs_client */;

--
-- Dumping data for table `ec_discount_product_collections`
--

LOCK TABLES `ec_discount_product_collections` WRITE;
/*!40000 ALTER TABLE `ec_discount_product_collections` DISABLE KEYS */;
/*!40000 ALTER TABLE `ec_discount_product_collections` ENABLE KEYS */;
UNLOCK TABLES;

--
-- Table structure for table `ec_discount_products`
--

DROP TABLE IF EXISTS `ec_discount_products`;
/*!40101 SET @saved_cs_client     = @@character_set_client */;
/*!50503 SET character_set_client = utf8mb4 */;
CREATE TABLE `ec_discount_products` (
  `discount_id` bigint unsigned NOT NULL,
  `product_id` bigint unsigned NOT NULL,
  PRIMARY KEY (`discount_id`,`product_id`)
) ENGINE=InnoDB DEFAULT CHARSET=utf8mb4 COLLATE=utf8mb4_unicode_ci;
/*!40101 SET character_set_client = @saved_cs_client */;

--
-- Dumping data for table `ec_discount_products`
--

LOCK TABLES `ec_discount_products` WRITE;
/*!40000 ALTER TABLE `ec_discount_products` DISABLE KEYS */;
/*!40000 ALTER TABLE `ec_discount_products` ENABLE KEYS */;
UNLOCK TABLES;

--
-- Table structure for table `ec_discounts`
--

DROP TABLE IF EXISTS `ec_discounts`;
/*!40101 SET @saved_cs_client     = @@character_set_client */;
/*!50503 SET character_set_client = utf8mb4 */;
CREATE TABLE `ec_discounts` (
  `id` bigint unsigned NOT NULL AUTO_INCREMENT,
  `title` varchar(120) COLLATE utf8mb4_unicode_ci DEFAULT NULL,
  `code` varchar(20) COLLATE utf8mb4_unicode_ci DEFAULT NULL,
  `start_date` datetime DEFAULT NULL,
  `end_date` datetime DEFAULT NULL,
  `quantity` int DEFAULT NULL,
  `total_used` int unsigned NOT NULL DEFAULT '0',
  `value` double DEFAULT NULL,
  `type` varchar(60) COLLATE utf8mb4_unicode_ci DEFAULT 'coupon',
  `can_use_with_promotion` tinyint(1) NOT NULL DEFAULT '0',
  `discount_on` varchar(20) COLLATE utf8mb4_unicode_ci DEFAULT NULL,
  `product_quantity` int unsigned DEFAULT NULL,
  `type_option` varchar(100) COLLATE utf8mb4_unicode_ci NOT NULL DEFAULT 'amount',
  `target` varchar(100) COLLATE utf8mb4_unicode_ci NOT NULL DEFAULT 'all-orders',
  `min_order_price` decimal(15,2) DEFAULT NULL,
  `apply_via_url` tinyint(1) NOT NULL DEFAULT '0',
  `created_at` timestamp NULL DEFAULT NULL,
  `updated_at` timestamp NULL DEFAULT NULL,
  PRIMARY KEY (`id`),
  UNIQUE KEY `ec_discounts_code_unique` (`code`)
) ENGINE=InnoDB DEFAULT CHARSET=utf8mb4 COLLATE=utf8mb4_unicode_ci;
/*!40101 SET character_set_client = @saved_cs_client */;

--
-- Dumping data for table `ec_discounts`
--

LOCK TABLES `ec_discounts` WRITE;
/*!40000 ALTER TABLE `ec_discounts` DISABLE KEYS */;
/*!40000 ALTER TABLE `ec_discounts` ENABLE KEYS */;
UNLOCK TABLES;

--
-- Table structure for table `ec_flash_sale_products`
--

DROP TABLE IF EXISTS `ec_flash_sale_products`;
/*!40101 SET @saved_cs_client     = @@character_set_client */;
/*!50503 SET character_set_client = utf8mb4 */;
CREATE TABLE `ec_flash_sale_products` (
  `flash_sale_id` bigint unsigned NOT NULL,
  `product_id` bigint unsigned NOT NULL,
  `price` double unsigned DEFAULT NULL,
  `quantity` int unsigned DEFAULT NULL,
  `sold` int unsigned NOT NULL DEFAULT '0'
) ENGINE=InnoDB DEFAULT CHARSET=utf8mb4 COLLATE=utf8mb4_unicode_ci;
/*!40101 SET character_set_client = @saved_cs_client */;

--
-- Dumping data for table `ec_flash_sale_products`
--

LOCK TABLES `ec_flash_sale_products` WRITE;
/*!40000 ALTER TABLE `ec_flash_sale_products` DISABLE KEYS */;
INSERT INTO `ec_flash_sale_products` VALUES (1,1,172.25,15,3),(1,2,214.09,13,1),(1,3,306.72,11,4),(1,4,150.903,12,4),(1,5,133.8,18,2),(1,6,241.4,14,4),(1,7,185.22,11,2),(1,8,120.96,16,2),(1,9,163.3,9,4),(1,10,77.55,14,2),(2,1,100,10,5);
/*!40000 ALTER TABLE `ec_flash_sale_products` ENABLE KEYS */;
UNLOCK TABLES;

--
-- Table structure for table `ec_flash_sales`
--

DROP TABLE IF EXISTS `ec_flash_sales`;
/*!40101 SET @saved_cs_client     = @@character_set_client */;
/*!50503 SET character_set_client = utf8mb4 */;
CREATE TABLE `ec_flash_sales` (
  `id` bigint unsigned NOT NULL AUTO_INCREMENT,
  `name` varchar(255) COLLATE utf8mb4_unicode_ci NOT NULL,
  `end_date` datetime NOT NULL,
  `status` varchar(60) COLLATE utf8mb4_unicode_ci NOT NULL DEFAULT 'published',
  `created_at` timestamp NULL DEFAULT NULL,
  `updated_at` timestamp NULL DEFAULT NULL,
  PRIMARY KEY (`id`)
) ENGINE=InnoDB AUTO_INCREMENT=3 DEFAULT CHARSET=utf8mb4 COLLATE=utf8mb4_unicode_ci;
/*!40101 SET character_set_client = @saved_cs_client */;

--
-- Dumping data for table `ec_flash_sales`
--

LOCK TABLES `ec_flash_sales` WRITE;
/*!40000 ALTER TABLE `ec_flash_sales` DISABLE KEYS */;
INSERT INTO `ec_flash_sales` VALUES (1,'Winter Sale','2023-12-09 00:00:00','published','2023-11-09 09:20:58','2023-11-09 09:20:58'),(2,'Cosmetics Sale','2023-12-09 00:00:00','published','2023-11-09 09:20:58','2023-11-09 09:20:58');
/*!40000 ALTER TABLE `ec_flash_sales` ENABLE KEYS */;
UNLOCK TABLES;

--
-- Table structure for table `ec_flash_sales_translations`
--

DROP TABLE IF EXISTS `ec_flash_sales_translations`;
/*!40101 SET @saved_cs_client     = @@character_set_client */;
/*!50503 SET character_set_client = utf8mb4 */;
CREATE TABLE `ec_flash_sales_translations` (
  `lang_code` varchar(191) COLLATE utf8mb4_unicode_ci NOT NULL,
  `ec_flash_sales_id` bigint unsigned NOT NULL,
  `name` varchar(191) COLLATE utf8mb4_unicode_ci DEFAULT NULL,
  PRIMARY KEY (`lang_code`,`ec_flash_sales_id`)
) ENGINE=InnoDB DEFAULT CHARSET=utf8mb4 COLLATE=utf8mb4_unicode_ci;
/*!40101 SET character_set_client = @saved_cs_client */;

--
-- Dumping data for table `ec_flash_sales_translations`
--

LOCK TABLES `ec_flash_sales_translations` WRITE;
/*!40000 ALTER TABLE `ec_flash_sales_translations` DISABLE KEYS */;
/*!40000 ALTER TABLE `ec_flash_sales_translations` ENABLE KEYS */;
UNLOCK TABLES;

--
-- Table structure for table `ec_global_option_value`
--

DROP TABLE IF EXISTS `ec_global_option_value`;
/*!40101 SET @saved_cs_client     = @@character_set_client */;
/*!50503 SET character_set_client = utf8mb4 */;
CREATE TABLE `ec_global_option_value` (
  `option_id` bigint unsigned NOT NULL COMMENT 'option id',
  `id` bigint unsigned NOT NULL AUTO_INCREMENT,
  `option_value` tinytext COLLATE utf8mb4_unicode_ci COMMENT 'option value',
  `affect_price` double DEFAULT NULL COMMENT 'value of price of this option affect',
  `order` int NOT NULL DEFAULT '9999',
  `affect_type` tinyint NOT NULL DEFAULT '0' COMMENT '0. fixed 1. percent',
  `created_at` timestamp NULL DEFAULT NULL,
  `updated_at` timestamp NULL DEFAULT NULL,
  PRIMARY KEY (`id`)
) ENGINE=InnoDB AUTO_INCREMENT=13 DEFAULT CHARSET=utf8mb4 COLLATE=utf8mb4_unicode_ci;
/*!40101 SET character_set_client = @saved_cs_client */;

--
-- Dumping data for table `ec_global_option_value`
--

LOCK TABLES `ec_global_option_value` WRITE;
/*!40000 ALTER TABLE `ec_global_option_value` DISABLE KEYS */;
INSERT INTO `ec_global_option_value` VALUES (1,1,'1 Year',0,9999,0,'2023-11-09 09:20:40','2023-11-09 09:20:40'),(1,2,'2 Year',10,9999,0,'2023-11-09 09:20:40','2023-11-09 09:20:40'),(1,3,'3 Year',20,9999,0,'2023-11-09 09:20:40','2023-11-09 09:20:40'),(2,4,'4GB',0,9999,0,'2023-11-09 09:20:40','2023-11-09 09:20:40'),(2,5,'8GB',10,9999,0,'2023-11-09 09:20:40','2023-11-09 09:20:40'),(2,6,'16GB',20,9999,0,'2023-11-09 09:20:40','2023-11-09 09:20:40'),(3,7,'Core i5',0,9999,0,'2023-11-09 09:20:40','2023-11-09 09:20:40'),(3,8,'Core i7',10,9999,0,'2023-11-09 09:20:40','2023-11-09 09:20:40'),(3,9,'Core i9',20,9999,0,'2023-11-09 09:20:40','2023-11-09 09:20:40'),(4,10,'128GB',0,9999,0,'2023-11-09 09:20:40','2023-11-09 09:20:40'),(4,11,'256GB',10,9999,0,'2023-11-09 09:20:40','2023-11-09 09:20:40'),(4,12,'512GB',20,9999,0,'2023-11-09 09:20:40','2023-11-09 09:20:40');
/*!40000 ALTER TABLE `ec_global_option_value` ENABLE KEYS */;
UNLOCK TABLES;

--
-- Table structure for table `ec_global_option_value_translations`
--

DROP TABLE IF EXISTS `ec_global_option_value_translations`;
/*!40101 SET @saved_cs_client     = @@character_set_client */;
/*!50503 SET character_set_client = utf8mb4 */;
CREATE TABLE `ec_global_option_value_translations` (
  `lang_code` varchar(191) COLLATE utf8mb4_unicode_ci NOT NULL,
  `ec_global_option_value_id` bigint unsigned NOT NULL,
  `option_value` varchar(255) COLLATE utf8mb4_unicode_ci DEFAULT NULL,
  PRIMARY KEY (`lang_code`,`ec_global_option_value_id`)
) ENGINE=InnoDB DEFAULT CHARSET=utf8mb4 COLLATE=utf8mb4_unicode_ci;
/*!40101 SET character_set_client = @saved_cs_client */;

--
-- Dumping data for table `ec_global_option_value_translations`
--

LOCK TABLES `ec_global_option_value_translations` WRITE;
/*!40000 ALTER TABLE `ec_global_option_value_translations` DISABLE KEYS */;
/*!40000 ALTER TABLE `ec_global_option_value_translations` ENABLE KEYS */;
UNLOCK TABLES;

--
-- Table structure for table `ec_global_options`
--

DROP TABLE IF EXISTS `ec_global_options`;
/*!40101 SET @saved_cs_client     = @@character_set_client */;
/*!50503 SET character_set_client = utf8mb4 */;
CREATE TABLE `ec_global_options` (
  `id` bigint unsigned NOT NULL AUTO_INCREMENT,
  `name` varchar(191) COLLATE utf8mb4_unicode_ci NOT NULL COMMENT 'Name of options',
  `option_type` varchar(191) COLLATE utf8mb4_unicode_ci NOT NULL COMMENT 'option type',
  `required` tinyint(1) NOT NULL DEFAULT '0' COMMENT 'Checked if this option is required',
  `created_at` timestamp NULL DEFAULT NULL,
  `updated_at` timestamp NULL DEFAULT NULL,
  PRIMARY KEY (`id`)
) ENGINE=InnoDB AUTO_INCREMENT=5 DEFAULT CHARSET=utf8mb4 COLLATE=utf8mb4_unicode_ci;
/*!40101 SET character_set_client = @saved_cs_client */;

--
-- Dumping data for table `ec_global_options`
--

LOCK TABLES `ec_global_options` WRITE;
/*!40000 ALTER TABLE `ec_global_options` DISABLE KEYS */;
INSERT INTO `ec_global_options` VALUES (1,'Warranty','Botble\\Ecommerce\\Option\\OptionType\\RadioButton',1,'2023-11-09 09:20:40','2023-11-09 09:20:40'),(2,'RAM','Botble\\Ecommerce\\Option\\OptionType\\RadioButton',1,'2023-11-09 09:20:40','2023-11-09 09:20:40'),(3,'CPU','Botble\\Ecommerce\\Option\\OptionType\\RadioButton',1,'2023-11-09 09:20:40','2023-11-09 09:20:40'),(4,'HDD','Botble\\Ecommerce\\Option\\OptionType\\Dropdown',0,'2023-11-09 09:20:40','2023-11-09 09:20:40');
/*!40000 ALTER TABLE `ec_global_options` ENABLE KEYS */;
UNLOCK TABLES;

--
-- Table structure for table `ec_global_options_translations`
--

DROP TABLE IF EXISTS `ec_global_options_translations`;
/*!40101 SET @saved_cs_client     = @@character_set_client */;
/*!50503 SET character_set_client = utf8mb4 */;
CREATE TABLE `ec_global_options_translations` (
  `lang_code` varchar(191) COLLATE utf8mb4_unicode_ci NOT NULL,
  `ec_global_options_id` bigint unsigned NOT NULL,
  `name` varchar(255) COLLATE utf8mb4_unicode_ci DEFAULT NULL,
  PRIMARY KEY (`lang_code`,`ec_global_options_id`)
) ENGINE=InnoDB DEFAULT CHARSET=utf8mb4 COLLATE=utf8mb4_unicode_ci;
/*!40101 SET character_set_client = @saved_cs_client */;

--
-- Dumping data for table `ec_global_options_translations`
--

LOCK TABLES `ec_global_options_translations` WRITE;
/*!40000 ALTER TABLE `ec_global_options_translations` DISABLE KEYS */;
/*!40000 ALTER TABLE `ec_global_options_translations` ENABLE KEYS */;
UNLOCK TABLES;

--
-- Table structure for table `ec_grouped_products`
--

DROP TABLE IF EXISTS `ec_grouped_products`;
/*!40101 SET @saved_cs_client     = @@character_set_client */;
/*!50503 SET character_set_client = utf8mb4 */;
CREATE TABLE `ec_grouped_products` (
  `id` bigint unsigned NOT NULL AUTO_INCREMENT,
  `parent_product_id` bigint unsigned NOT NULL,
  `product_id` bigint unsigned NOT NULL,
  `fixed_qty` int NOT NULL DEFAULT '1',
  PRIMARY KEY (`id`)
) ENGINE=InnoDB DEFAULT CHARSET=utf8mb4 COLLATE=utf8mb4_unicode_ci;
/*!40101 SET character_set_client = @saved_cs_client */;

--
-- Dumping data for table `ec_grouped_products`
--

LOCK TABLES `ec_grouped_products` WRITE;
/*!40000 ALTER TABLE `ec_grouped_products` DISABLE KEYS */;
/*!40000 ALTER TABLE `ec_grouped_products` ENABLE KEYS */;
UNLOCK TABLES;

--
-- Table structure for table `ec_invoice_items`
--

DROP TABLE IF EXISTS `ec_invoice_items`;
/*!40101 SET @saved_cs_client     = @@character_set_client */;
/*!50503 SET character_set_client = utf8mb4 */;
CREATE TABLE `ec_invoice_items` (
  `id` bigint unsigned NOT NULL AUTO_INCREMENT,
  `invoice_id` bigint unsigned NOT NULL,
  `reference_type` varchar(191) COLLATE utf8mb4_unicode_ci NOT NULL,
  `reference_id` bigint unsigned NOT NULL,
  `name` varchar(191) COLLATE utf8mb4_unicode_ci NOT NULL,
  `description` varchar(191) COLLATE utf8mb4_unicode_ci DEFAULT NULL,
  `image` varchar(191) COLLATE utf8mb4_unicode_ci DEFAULT NULL,
  `qty` int unsigned NOT NULL,
  `price` decimal(15,2) NOT NULL DEFAULT '0.00',
  `sub_total` decimal(15,2) unsigned NOT NULL,
  `tax_amount` decimal(15,2) unsigned NOT NULL DEFAULT '0.00',
  `discount_amount` decimal(15,2) unsigned NOT NULL DEFAULT '0.00',
  `amount` decimal(15,2) unsigned NOT NULL,
  `options` text COLLATE utf8mb4_unicode_ci,
  `created_at` timestamp NULL DEFAULT NULL,
  `updated_at` timestamp NULL DEFAULT NULL,
  PRIMARY KEY (`id`),
  KEY `ec_invoice_items_reference_type_reference_id_index` (`reference_type`,`reference_id`)
) ENGINE=InnoDB AUTO_INCREMENT=61 DEFAULT CHARSET=utf8mb4 COLLATE=utf8mb4_unicode_ci;
/*!40101 SET character_set_client = @saved_cs_client */;

--
-- Dumping data for table `ec_invoice_items`
--

LOCK TABLES `ec_invoice_items` WRITE;
/*!40000 ALTER TABLE `ec_invoice_items` DISABLE KEYS */;
INSERT INTO `ec_invoice_items` VALUES (1,1,'Botble\\Ecommerce\\Models\\Product',161,'Baxter Care Hair Kit For Bearded Mens',NULL,'products/product-5.jpg',3,410.00,1230.00,0.00,0.00,1230.00,'[]','2023-11-09 09:20:57','2023-11-09 09:20:57'),(2,1,'Botble\\Ecommerce\\Models\\Product',168,'Vimto Squash Remix Apple 1.5 Litres',NULL,'products/product-60.jpg',2,493.00,986.00,0.00,0.00,986.00,'[]','2023-11-09 09:20:57','2023-11-09 09:20:57'),(3,1,'Botble\\Ecommerce\\Models\\Product',243,'Corn, Yellow Sweet',NULL,'products/product-31.jpg',3,364.00,1092.00,0.00,0.00,1092.00,'[]','2023-11-09 09:20:57','2023-11-09 09:20:57'),(4,2,'Botble\\Ecommerce\\Models\\Product',79,'Gorgeous Wooden Gloves',NULL,'products/product-65.jpg',3,271.00,813.00,0.00,0.00,813.00,'[]','2023-11-09 09:20:57','2023-11-09 09:20:57'),(5,2,'Botble\\Ecommerce\\Models\\Product',130,'Samsung Smart Phone',NULL,'products/product-40.jpg',1,414.00,414.00,0.00,0.00,414.00,'[]','2023-11-09 09:20:57','2023-11-09 09:20:57'),(6,2,'Botble\\Ecommerce\\Models\\Product',221,'Italia Beef Lasagne',NULL,'products/product-33.jpg',2,482.00,964.00,0.00,0.00,964.00,'[]','2023-11-09 09:20:57','2023-11-09 09:20:57'),(7,3,'Botble\\Ecommerce\\Models\\Product',162,'Baxter Care Hair Kit For Bearded Mens',NULL,'products/product-21.jpg',1,410.00,410.00,0.00,0.00,410.00,'[]','2023-11-09 09:20:57','2023-11-09 09:20:57'),(8,3,'Botble\\Ecommerce\\Models\\Product',204,'Sitema BakeIT Plastic Box',NULL,'products/product-22.jpg',2,268.00,536.00,0.00,0.00,536.00,'[]','2023-11-09 09:20:57','2023-11-09 09:20:57'),(9,3,'Botble\\Ecommerce\\Models\\Product',214,'Morrisons The Best Beef',NULL,'products/product-31.jpg',2,413.00,826.00,0.00,0.00,826.00,'[]','2023-11-09 09:20:57','2023-11-09 09:20:57'),(10,4,'Botble\\Ecommerce\\Models\\Product',156,'NYX Beauty Couton Pallete Makeup 12',NULL,'products/product-26.jpg',1,485.00,485.00,0.00,0.00,485.00,'[]','2023-11-09 09:20:57','2023-11-09 09:20:57'),(11,4,'Botble\\Ecommerce\\Models\\Product',206,'Sitema BakeIT Plastic Box',NULL,'products/product-28.jpg',3,268.00,804.00,0.00,0.00,804.00,'[]','2023-11-09 09:20:57','2023-11-09 09:20:57'),(12,5,'Botble\\Ecommerce\\Models\\Product',222,'Italia Beef Lasagne',NULL,'products/product-52.jpg',1,482.00,482.00,0.00,0.00,482.00,'[]','2023-11-09 09:20:57','2023-11-09 09:20:57'),(13,5,'Botble\\Ecommerce\\Models\\Product',235,'Casillero Diablo Cabernet Sauvignon',NULL,'products/product-42.jpg',1,390.00,390.00,0.00,0.00,390.00,'[]','2023-11-09 09:20:57','2023-11-09 09:20:57'),(14,5,'Botble\\Ecommerce\\Models\\Product',259,'Iceland Luxury 4 Panini Rolls',NULL,'products/product-81.jpg',2,463.00,926.00,0.00,0.00,926.00,'[]','2023-11-09 09:20:57','2023-11-09 09:20:57'),(15,6,'Botble\\Ecommerce\\Models\\Product',112,'Smart Watches',NULL,'products/product-52.jpg',3,230.00,690.00,0.00,0.00,690.00,'[]','2023-11-09 09:20:57','2023-11-09 09:20:57'),(16,6,'Botble\\Ecommerce\\Models\\Product',163,'Baxter Care Hair Kit For Bearded Mens',NULL,'products/product-51.jpg',1,410.00,410.00,0.00,0.00,410.00,'[]','2023-11-09 09:20:57','2023-11-09 09:20:57'),(17,6,'Botble\\Ecommerce\\Models\\Product',197,'Iceland Macaroni Cheese Traybake',NULL,'products/product-74.jpg',1,300.00,300.00,0.00,0.00,300.00,'[]','2023-11-09 09:20:57','2023-11-09 09:20:57'),(18,6,'Botble\\Ecommerce\\Models\\Product',281,'Province Piece Glass Drinking Glass',NULL,'products/product-36.jpg',1,457.00,457.00,0.00,0.00,457.00,'[]','2023-11-09 09:20:57','2023-11-09 09:20:57'),(19,7,'Botble\\Ecommerce\\Models\\Product',187,'Broccoli Crowns',NULL,'products/product-22.jpg',2,323.00,646.00,0.00,0.00,646.00,'[]','2023-11-09 09:20:57','2023-11-09 09:20:57'),(20,7,'Botble\\Ecommerce\\Models\\Product',255,'Iceland Luxury 4 Panini Rolls',NULL,'products/product-42.jpg',1,463.00,463.00,0.00,0.00,463.00,'[]','2023-11-09 09:20:57','2023-11-09 09:20:57'),(21,8,'Botble\\Ecommerce\\Models\\Product',161,'Baxter Care Hair Kit For Bearded Mens',NULL,'products/product-5.jpg',3,410.00,1230.00,0.00,0.00,1230.00,'[]','2023-11-09 09:20:57','2023-11-09 09:20:57'),(22,8,'Botble\\Ecommerce\\Models\\Product',197,'Iceland Macaroni Cheese Traybake',NULL,'products/product-74.jpg',2,300.00,600.00,0.00,0.00,600.00,'[]','2023-11-09 09:20:57','2023-11-09 09:20:57'),(23,8,'Botble\\Ecommerce\\Models\\Product',216,'Morrisons The Best Beef',NULL,'products/product-53.jpg',1,413.00,413.00,0.00,0.00,413.00,'[]','2023-11-09 09:20:57','2023-11-09 09:20:57'),(24,9,'Botble\\Ecommerce\\Models\\Product',105,'Pinkol Enormous Granite Bottle',NULL,'products/product-50.jpg',1,235.00,235.00,0.00,0.00,235.00,'[]','2023-11-09 09:20:57','2023-11-09 09:20:57'),(25,9,'Botble\\Ecommerce\\Models\\Product',242,'Corn, Yellow Sweet',NULL,'products/product-16.jpg',3,364.00,1092.00,0.00,0.00,1092.00,'[]','2023-11-09 09:20:57','2023-11-09 09:20:57'),(26,9,'Botble\\Ecommerce\\Models\\Product',260,'Iceland Soft Scoop Vanilla',NULL,'products/product-88.jpg',2,455.00,910.00,0.00,0.00,910.00,'[]','2023-11-09 09:20:57','2023-11-09 09:20:57'),(27,9,'Botble\\Ecommerce\\Models\\Product',278,'Pice 94w Beasley Journal',NULL,'products/product-26.jpg',1,309.00,309.00,0.00,0.00,309.00,'[]','2023-11-09 09:20:57','2023-11-09 09:20:57'),(28,10,'Botble\\Ecommerce\\Models\\Product',150,'Aveeno Moisturizing Body Shower 450ml',NULL,'products/product-65.jpg',3,379.00,1137.00,0.00,0.00,1137.00,'[]','2023-11-09 09:20:58','2023-11-09 09:20:58'),(29,10,'Botble\\Ecommerce\\Models\\Product',263,'Iceland Soft Scoop Vanilla',NULL,'products/product-25.jpg',1,455.00,455.00,0.00,0.00,455.00,'[]','2023-11-09 09:20:58','2023-11-09 09:20:58'),(30,11,'Botble\\Ecommerce\\Models\\Product',120,'Nikon HD camera',NULL,'products/product-66.jpg',1,392.00,392.00,0.00,0.00,392.00,'[]','2023-11-09 09:20:58','2023-11-09 09:20:58'),(31,11,'Botble\\Ecommerce\\Models\\Product',144,'Apple MacBook Air Retina 13.3-Inch Laptop',NULL,'products/product-8.jpg',2,334.00,668.00,0.00,0.00,668.00,'[]','2023-11-09 09:20:58','2023-11-09 09:20:58'),(32,11,'Botble\\Ecommerce\\Models\\Product',202,'Dolmio Bolognese Pasta Sauce',NULL,'products/product-16.jpg',3,387.00,1161.00,0.00,0.00,1161.00,'[]','2023-11-09 09:20:58','2023-11-09 09:20:58'),(33,11,'Botble\\Ecommerce\\Models\\Product',233,'Casillero Diablo Cabernet Sauvignon',NULL,'products/product-62.jpg',1,390.00,390.00,0.00,0.00,390.00,'[]','2023-11-09 09:20:58','2023-11-09 09:20:58'),(34,12,'Botble\\Ecommerce\\Models\\Product',203,'Sitema BakeIT Plastic Box',NULL,'products/product-2.jpg',2,268.00,536.00,0.00,0.00,536.00,'[]','2023-11-09 09:20:58','2023-11-09 09:20:58'),(35,12,'Botble\\Ecommerce\\Models\\Product',211,'Sesame Seed Bread',NULL,'products/product-90.jpg',1,232.00,232.00,0.00,0.00,232.00,'[]','2023-11-09 09:20:58','2023-11-09 09:20:58'),(36,12,'Botble\\Ecommerce\\Models\\Product',213,'Sesame Seed Bread',NULL,'products/product-95.jpg',3,232.00,696.00,0.00,0.00,696.00,'[]','2023-11-09 09:20:58','2023-11-09 09:20:58'),(37,12,'Botble\\Ecommerce\\Models\\Product',239,'Aptamil Follow On Baby Milk',NULL,'products/product-56.jpg',2,365.00,730.00,0.00,0.00,730.00,'[]','2023-11-09 09:20:58','2023-11-09 09:20:58'),(38,13,'Botble\\Ecommerce\\Models\\Product',211,'Sesame Seed Bread',NULL,'products/product-90.jpg',2,232.00,464.00,0.00,0.00,464.00,'[]','2023-11-09 09:20:58','2023-11-09 09:20:58'),(39,13,'Botble\\Ecommerce\\Models\\Product',213,'Sesame Seed Bread',NULL,'products/product-95.jpg',3,232.00,696.00,0.00,0.00,696.00,'[]','2023-11-09 09:20:58','2023-11-09 09:20:58'),(40,13,'Botble\\Ecommerce\\Models\\Product',219,'Italia Beef Lasagne',NULL,'products/product-25.jpg',2,482.00,964.00,0.00,0.00,964.00,'[]','2023-11-09 09:20:58','2023-11-09 09:20:58'),(41,14,'Botble\\Ecommerce\\Models\\Product',131,'Samsung Smart Phone',NULL,'products/product-32.jpg',3,414.00,1242.00,0.00,0.00,1242.00,'[]','2023-11-09 09:20:58','2023-11-09 09:20:58'),(42,14,'Botble\\Ecommerce\\Models\\Product',207,'Sitema BakeIT Plastic Box',NULL,'products/product-4.jpg',3,268.00,804.00,0.00,0.00,804.00,'[]','2023-11-09 09:20:58','2023-11-09 09:20:58'),(43,15,'Botble\\Ecommerce\\Models\\Product',81,'Gorgeous Wooden Gloves',NULL,'products/product-87.jpg',3,271.00,813.00,0.00,0.00,813.00,'[]','2023-11-09 09:20:58','2023-11-09 09:20:58'),(44,15,'Botble\\Ecommerce\\Models\\Product',156,'NYX Beauty Couton Pallete Makeup 12',NULL,'products/product-26.jpg',2,485.00,970.00,0.00,0.00,970.00,'[]','2023-11-09 09:20:58','2023-11-09 09:20:58'),(45,15,'Botble\\Ecommerce\\Models\\Product',165,'Ciate Palemore Lipstick Bold Red Color',NULL,'products/product-60.jpg',1,229.00,229.00,0.00,0.00,229.00,'[]','2023-11-09 09:20:58','2023-11-09 09:20:58'),(46,16,'Botble\\Ecommerce\\Models\\Product',81,'Gorgeous Wooden Gloves',NULL,'products/product-87.jpg',1,271.00,271.00,0.00,0.00,271.00,'[]','2023-11-09 09:20:58','2023-11-09 09:20:58'),(47,16,'Botble\\Ecommerce\\Models\\Product',102,'Miklonda Co. Crafted Candles',NULL,'products/product-18.jpg',2,230.00,460.00,0.00,0.00,460.00,'[]','2023-11-09 09:20:58','2023-11-09 09:20:58'),(48,16,'Botble\\Ecommerce\\Models\\Product',137,'EPSION Plaster Printer',NULL,'products/product-74.jpg',3,455.00,1365.00,0.00,0.00,1365.00,'[]','2023-11-09 09:20:58','2023-11-09 09:20:58'),(49,17,'Botble\\Ecommerce\\Models\\Product',191,'Häagen-Dazs Salted Caramel',NULL,'products/product-64.jpg',2,387.00,774.00,0.00,0.00,774.00,'[]','2023-11-09 09:20:58','2023-11-09 09:20:58'),(50,17,'Botble\\Ecommerce\\Models\\Product',277,'Pice 94w Beasley Journal',NULL,'products/product-21.jpg',3,309.00,927.00,0.00,0.00,927.00,'[]','2023-11-09 09:20:58','2023-11-09 09:20:58'),(51,18,'Botble\\Ecommerce\\Models\\Product',111,'Dual Camera 20MP',NULL,'products/product-8.jpg',3,218.00,654.00,0.00,0.00,654.00,'[]','2023-11-09 09:20:58','2023-11-09 09:20:58'),(52,18,'Botble\\Ecommerce\\Models\\Product',121,'Nikon HD camera',NULL,'products/product-86.jpg',1,392.00,392.00,0.00,0.00,392.00,'[]','2023-11-09 09:20:58','2023-11-09 09:20:58'),(53,18,'Botble\\Ecommerce\\Models\\Product',137,'EPSION Plaster Printer',NULL,'products/product-74.jpg',2,455.00,910.00,0.00,0.00,910.00,'[]','2023-11-09 09:20:58','2023-11-09 09:20:58'),(54,18,'Botble\\Ecommerce\\Models\\Product',215,'Morrisons The Best Beef',NULL,'products/product-38.jpg',2,413.00,826.00,0.00,0.00,826.00,'[]','2023-11-09 09:20:58','2023-11-09 09:20:58'),(55,19,'Botble\\Ecommerce\\Models\\Product',183,'Bar S – Classic Bun Length Franks',NULL,'products/product-88.jpg',3,420.00,1260.00,0.00,0.00,1260.00,'[]','2023-11-09 09:20:58','2023-11-09 09:20:58'),(56,19,'Botble\\Ecommerce\\Models\\Product',190,'Häagen-Dazs Salted Caramel',NULL,'products/product-44.jpg',1,387.00,387.00,0.00,0.00,387.00,'[]','2023-11-09 09:20:58','2023-11-09 09:20:58'),(57,19,'Botble\\Ecommerce\\Models\\Product',259,'Iceland Luxury 4 Panini Rolls',NULL,'products/product-81.jpg',2,463.00,926.00,0.00,0.00,926.00,'[]','2023-11-09 09:20:58','2023-11-09 09:20:58'),(58,20,'Botble\\Ecommerce\\Models\\Product',195,'Extreme Budweiser Light Can',NULL,'products/product-44.jpg',1,395.00,395.00,0.00,0.00,395.00,'[]','2023-11-09 09:20:58','2023-11-09 09:20:58'),(59,20,'Botble\\Ecommerce\\Models\\Product',215,'Morrisons The Best Beef',NULL,'products/product-38.jpg',1,413.00,413.00,0.00,0.00,413.00,'[]','2023-11-09 09:20:58','2023-11-09 09:20:58'),(60,20,'Botble\\Ecommerce\\Models\\Product',273,'Kit Kat Chunky Milk Chocolate',NULL,'products/product-67.jpg',1,351.00,351.00,0.00,0.00,351.00,'[]','2023-11-09 09:20:58','2023-11-09 09:20:58');
/*!40000 ALTER TABLE `ec_invoice_items` ENABLE KEYS */;
UNLOCK TABLES;

--
-- Table structure for table `ec_invoices`
--

DROP TABLE IF EXISTS `ec_invoices`;
/*!40101 SET @saved_cs_client     = @@character_set_client */;
/*!50503 SET character_set_client = utf8mb4 */;
CREATE TABLE `ec_invoices` (
  `id` bigint unsigned NOT NULL AUTO_INCREMENT,
  `reference_type` varchar(191) COLLATE utf8mb4_unicode_ci NOT NULL,
  `reference_id` bigint unsigned NOT NULL,
  `code` varchar(191) COLLATE utf8mb4_unicode_ci NOT NULL,
  `customer_name` varchar(191) COLLATE utf8mb4_unicode_ci DEFAULT NULL,
  `company_name` varchar(191) COLLATE utf8mb4_unicode_ci DEFAULT NULL,
  `company_logo` varchar(191) COLLATE utf8mb4_unicode_ci DEFAULT NULL,
  `customer_email` varchar(191) COLLATE utf8mb4_unicode_ci DEFAULT NULL,
  `customer_phone` varchar(191) COLLATE utf8mb4_unicode_ci DEFAULT NULL,
  `customer_address` varchar(191) COLLATE utf8mb4_unicode_ci DEFAULT NULL,
  `customer_tax_id` varchar(191) COLLATE utf8mb4_unicode_ci DEFAULT NULL,
  `sub_total` decimal(15,2) unsigned NOT NULL,
  `tax_amount` decimal(15,2) unsigned NOT NULL DEFAULT '0.00',
  `shipping_amount` decimal(15,2) unsigned NOT NULL DEFAULT '0.00',
  `discount_amount` decimal(15,2) unsigned NOT NULL DEFAULT '0.00',
  `shipping_option` varchar(60) COLLATE utf8mb4_unicode_ci DEFAULT NULL,
  `shipping_method` varchar(60) COLLATE utf8mb4_unicode_ci NOT NULL DEFAULT 'default',
  `coupon_code` varchar(120) COLLATE utf8mb4_unicode_ci DEFAULT NULL,
  `discount_description` varchar(255) COLLATE utf8mb4_unicode_ci DEFAULT NULL,
  `amount` decimal(15,2) unsigned NOT NULL,
  `description` text COLLATE utf8mb4_unicode_ci,
  `payment_id` bigint unsigned DEFAULT NULL,
  `status` varchar(191) COLLATE utf8mb4_unicode_ci NOT NULL DEFAULT 'pending',
  `paid_at` timestamp NULL DEFAULT NULL,
  `created_at` timestamp NULL DEFAULT NULL,
  `updated_at` timestamp NULL DEFAULT NULL,
  PRIMARY KEY (`id`),
  UNIQUE KEY `ec_invoices_code_unique` (`code`),
  KEY `ec_invoices_reference_type_reference_id_index` (`reference_type`,`reference_id`),
  KEY `ec_invoices_payment_id_index` (`payment_id`),
  KEY `ec_invoices_status_index` (`status`)
) ENGINE=InnoDB AUTO_INCREMENT=21 DEFAULT CHARSET=utf8mb4 COLLATE=utf8mb4_unicode_ci;
/*!40101 SET character_set_client = @saved_cs_client */;

--
-- Dumping data for table `ec_invoices`
--

LOCK TABLES `ec_invoices` WRITE;
/*!40000 ALTER TABLE `ec_invoices` DISABLE KEYS */;
INSERT INTO `ec_invoices` VALUES (1,'Botble\\Ecommerce\\Models\\Order',1,'INV-1','Marilyne Watsica','',NULL,'john.smith@botble.com','+15207014892','7375 Ali Island, Violetchester, Nevada, KP',NULL,3308.00,0.00,0.00,0.00,'1','default',NULL,NULL,3308.00,NULL,1,'pending',NULL,'2023-11-02 17:20:57','2023-11-09 09:20:57'),(2,'Botble\\Ecommerce\\Models\\Order',2,'INV-2','Mr. Ramon Schuppe Jr.','',NULL,'fpacocha@example.org','+15082733872','653 Johns Locks, West Kaceyton, Nevada, IQ',NULL,2191.00,0.00,0.00,0.00,'1','default',NULL,NULL,2191.00,NULL,2,'completed','2023-11-09 09:20:57','2023-10-24 13:20:57','2023-11-09 09:20:57'),(3,'Botble\\Ecommerce\\Models\\Order',3,'INV-3','Landen Kreiger','',NULL,'lexus.davis@example.com','+15705838026','91573 Jaida Crossing, Travisville, Rhode Island, TM',NULL,1772.00,0.00,0.00,0.00,'1','default',NULL,NULL,1772.00,NULL,3,'pending',NULL,'2023-10-25 09:20:57','2023-11-09 09:20:57'),(4,'Botble\\Ecommerce\\Models\\Order',4,'INV-4','Dr. Weldon Weimann PhD','',NULL,'nicola59@example.com','+12519488991','6115 Crist Junction, South Woodrowland, Maine, KZ',NULL,1289.00,0.00,0.00,0.00,'1','default',NULL,NULL,1289.00,NULL,4,'completed','2023-11-09 09:20:57','2023-10-30 11:20:57','2023-11-09 09:20:57'),(5,'Botble\\Ecommerce\\Models\\Order',5,'INV-5','Beau Christiansen','',NULL,'dkautzer@example.net','+13134837689','59803 Lubowitz Brooks, New Delphamouth, New Jersey, GH',NULL,1798.00,0.00,0.00,0.00,'1','default',NULL,NULL,1798.00,NULL,5,'completed','2023-11-09 09:20:57','2023-11-08 01:20:57','2023-11-09 09:20:57'),(6,'Botble\\Ecommerce\\Models\\Order',6,'INV-6','Prof. Antonietta Willms Jr.','',NULL,'vwuckert@example.com','+17403445969','9426 Bode Spring, Kassulkeview, Kansas, EC',NULL,1857.00,0.00,0.00,0.00,'1','default',NULL,NULL,1857.00,NULL,6,'completed','2023-11-09 09:20:57','2023-11-03 03:20:57','2023-11-09 09:20:57'),(7,'Botble\\Ecommerce\\Models\\Order',7,'INV-7','Beau Christiansen','',NULL,'dkautzer@example.net','+13134837689','59803 Lubowitz Brooks, New Delphamouth, New Jersey, GH',NULL,1109.00,0.00,0.00,0.00,'1','default',NULL,NULL,1109.00,NULL,7,'pending',NULL,'2023-10-29 21:20:57','2023-11-09 09:20:57'),(8,'Botble\\Ecommerce\\Models\\Order',8,'INV-8','Mr. Ramon Schuppe Jr.','',NULL,'fpacocha@example.org','+15082733872','653 Johns Locks, West Kaceyton, Nevada, IQ',NULL,2243.00,0.00,0.00,0.00,'1','default',NULL,NULL,2243.00,NULL,8,'completed','2023-11-09 09:20:57','2023-10-31 17:20:57','2023-11-09 09:20:57'),(9,'Botble\\Ecommerce\\Models\\Order',9,'INV-9','Mr. Ramon Schuppe Jr.','',NULL,'fpacocha@example.org','+15082733872','653 Johns Locks, West Kaceyton, Nevada, IQ',NULL,2546.00,0.00,0.00,0.00,'1','default',NULL,NULL,2546.00,NULL,9,'pending',NULL,'2023-11-03 09:20:57','2023-11-09 09:20:57'),(10,'Botble\\Ecommerce\\Models\\Order',10,'INV-10','Prof. Kayley Tremblay','',NULL,'customer@botble.com','+17374435375','9360 Strosin Falls, West Erick, New York, AL',NULL,1592.00,0.00,0.00,0.00,'1','default',NULL,NULL,1592.00,NULL,10,'completed','2023-11-09 09:20:58','2023-11-02 01:20:57','2023-11-09 09:20:58'),(11,'Botble\\Ecommerce\\Models\\Order',11,'INV-11','Prof. Antonietta Willms Jr.','',NULL,'vwuckert@example.com','+17403445969','9426 Bode Spring, Kassulkeview, Kansas, EC',NULL,2611.00,0.00,0.00,0.00,'1','default',NULL,NULL,2611.00,NULL,11,'completed','2023-11-09 09:20:58','2023-11-01 21:20:58','2023-11-09 09:20:58'),(12,'Botble\\Ecommerce\\Models\\Order',12,'INV-12','Beau Christiansen','',NULL,'dkautzer@example.net','+13134837689','59803 Lubowitz Brooks, New Delphamouth, New Jersey, GH',NULL,2194.00,0.00,0.00,0.00,'1','default',NULL,NULL,2194.00,NULL,12,'pending',NULL,'2023-11-08 15:20:58','2023-11-09 09:20:58'),(13,'Botble\\Ecommerce\\Models\\Order',13,'INV-13','Janet Gerhold','',NULL,'rath.polly@example.com','+13518062745','9845 Muller Glens Suite 301, Lessieburgh, Idaho, AR',NULL,2124.00,0.00,0.00,0.00,'1','default',NULL,NULL,2124.00,NULL,13,'pending',NULL,'2023-11-05 09:20:58','2023-11-09 09:20:58'),(14,'Botble\\Ecommerce\\Models\\Order',14,'INV-14','Prof. Antonietta Willms Jr.','',NULL,'vwuckert@example.com','+17403445969','9426 Bode Spring, Kassulkeview, Kansas, EC',NULL,2046.00,0.00,0.00,0.00,'1','default',NULL,NULL,2046.00,NULL,14,'completed','2023-11-09 09:20:58','2023-11-06 11:20:58','2023-11-09 09:20:58'),(15,'Botble\\Ecommerce\\Models\\Order',15,'INV-15','Janet Gerhold','',NULL,'rath.polly@example.com','+13518062745','9845 Muller Glens Suite 301, Lessieburgh, Idaho, AR',NULL,2012.00,0.00,0.00,0.00,'1','default',NULL,NULL,2012.00,NULL,15,'completed','2023-11-09 09:20:58','2023-11-07 21:20:58','2023-11-09 09:20:58'),(16,'Botble\\Ecommerce\\Models\\Order',16,'INV-16','Mr. Ramon Schuppe Jr.','',NULL,'fpacocha@example.org','+15082733872','653 Johns Locks, West Kaceyton, Nevada, IQ',NULL,2096.00,0.00,0.00,0.00,'1','default',NULL,NULL,2096.00,NULL,16,'completed','2023-11-09 09:20:58','2023-11-05 15:20:58','2023-11-09 09:20:58'),(17,'Botble\\Ecommerce\\Models\\Order',17,'INV-17','Mr. Ramon Schuppe Jr.','',NULL,'fpacocha@example.org','+15082733872','653 Johns Locks, West Kaceyton, Nevada, IQ',NULL,1701.00,0.00,0.00,0.00,'1','default',NULL,NULL,1701.00,NULL,17,'completed','2023-11-09 09:20:58','2023-11-07 09:20:58','2023-11-09 09:20:58'),(18,'Botble\\Ecommerce\\Models\\Order',18,'INV-18','Prof. Antonietta Willms Jr.','',NULL,'vwuckert@example.com','+17403445969','9426 Bode Spring, Kassulkeview, Kansas, EC',NULL,2782.00,0.00,0.00,0.00,'1','default',NULL,NULL,2782.00,NULL,18,'pending',NULL,'2023-11-08 09:20:58','2023-11-09 09:20:58'),(19,'Botble\\Ecommerce\\Models\\Order',19,'INV-19','Prof. Kayley Tremblay','',NULL,'customer@botble.com','+17374435375','9360 Strosin Falls, West Erick, New York, AL',NULL,2573.00,0.00,0.00,0.00,'1','default',NULL,NULL,2573.00,NULL,19,'pending',NULL,'2023-11-08 05:20:58','2023-11-09 09:20:58'),(20,'Botble\\Ecommerce\\Models\\Order',20,'INV-20','Beau Christiansen','',NULL,'dkautzer@example.net','+13134837689','59803 Lubowitz Brooks, New Delphamouth, New Jersey, GH',NULL,1159.00,0.00,0.00,0.00,'1','default',NULL,NULL,1159.00,NULL,20,'completed','2023-11-09 09:20:58','2023-11-08 13:20:58','2023-11-09 09:20:58');
/*!40000 ALTER TABLE `ec_invoices` ENABLE KEYS */;
UNLOCK TABLES;

--
-- Table structure for table `ec_option_value`
--

DROP TABLE IF EXISTS `ec_option_value`;
/*!40101 SET @saved_cs_client     = @@character_set_client */;
/*!50503 SET character_set_client = utf8mb4 */;
CREATE TABLE `ec_option_value` (
  `option_id` bigint unsigned NOT NULL COMMENT 'option id',
  `id` bigint unsigned NOT NULL AUTO_INCREMENT,
  `option_value` tinytext COLLATE utf8mb4_unicode_ci COMMENT 'option value',
  `affect_price` double DEFAULT NULL COMMENT 'value of price of this option affect',
  `order` int NOT NULL DEFAULT '9999',
  `affect_type` tinyint NOT NULL DEFAULT '0' COMMENT '0. fixed 1. percent',
  `created_at` timestamp NULL DEFAULT NULL,
  `updated_at` timestamp NULL DEFAULT NULL,
  PRIMARY KEY (`id`)
) ENGINE=InnoDB DEFAULT CHARSET=utf8mb4 COLLATE=utf8mb4_unicode_ci;
/*!40101 SET character_set_client = @saved_cs_client */;

--
-- Dumping data for table `ec_option_value`
--

LOCK TABLES `ec_option_value` WRITE;
/*!40000 ALTER TABLE `ec_option_value` DISABLE KEYS */;
/*!40000 ALTER TABLE `ec_option_value` ENABLE KEYS */;
UNLOCK TABLES;

--
-- Table structure for table `ec_option_value_translations`
--

DROP TABLE IF EXISTS `ec_option_value_translations`;
/*!40101 SET @saved_cs_client     = @@character_set_client */;
/*!50503 SET character_set_client = utf8mb4 */;
CREATE TABLE `ec_option_value_translations` (
  `lang_code` varchar(191) COLLATE utf8mb4_unicode_ci NOT NULL,
  `ec_option_value_id` bigint unsigned NOT NULL,
  `option_value` varchar(255) COLLATE utf8mb4_unicode_ci DEFAULT NULL,
  PRIMARY KEY (`lang_code`,`ec_option_value_id`)
) ENGINE=InnoDB DEFAULT CHARSET=utf8mb4 COLLATE=utf8mb4_unicode_ci;
/*!40101 SET character_set_client = @saved_cs_client */;

--
-- Dumping data for table `ec_option_value_translations`
--

LOCK TABLES `ec_option_value_translations` WRITE;
/*!40000 ALTER TABLE `ec_option_value_translations` DISABLE KEYS */;
/*!40000 ALTER TABLE `ec_option_value_translations` ENABLE KEYS */;
UNLOCK TABLES;

--
-- Table structure for table `ec_options`
--

DROP TABLE IF EXISTS `ec_options`;
/*!40101 SET @saved_cs_client     = @@character_set_client */;
/*!50503 SET character_set_client = utf8mb4 */;
CREATE TABLE `ec_options` (
  `id` bigint unsigned NOT NULL AUTO_INCREMENT,
  `name` varchar(191) COLLATE utf8mb4_unicode_ci NOT NULL COMMENT 'Name of options',
  `option_type` varchar(191) COLLATE utf8mb4_unicode_ci DEFAULT NULL COMMENT 'option type',
  `product_id` bigint unsigned NOT NULL DEFAULT '0',
  `order` int NOT NULL DEFAULT '9999',
  `required` tinyint(1) NOT NULL DEFAULT '0' COMMENT 'Checked if this option is required',
  `created_at` timestamp NULL DEFAULT NULL,
  `updated_at` timestamp NULL DEFAULT NULL,
  PRIMARY KEY (`id`)
) ENGINE=InnoDB DEFAULT CHARSET=utf8mb4 COLLATE=utf8mb4_unicode_ci;
/*!40101 SET character_set_client = @saved_cs_client */;

--
-- Dumping data for table `ec_options`
--

LOCK TABLES `ec_options` WRITE;
/*!40000 ALTER TABLE `ec_options` DISABLE KEYS */;
/*!40000 ALTER TABLE `ec_options` ENABLE KEYS */;
UNLOCK TABLES;

--
-- Table structure for table `ec_options_translations`
--

DROP TABLE IF EXISTS `ec_options_translations`;
/*!40101 SET @saved_cs_client     = @@character_set_client */;
/*!50503 SET character_set_client = utf8mb4 */;
CREATE TABLE `ec_options_translations` (
  `lang_code` varchar(191) COLLATE utf8mb4_unicode_ci NOT NULL,
  `ec_options_id` bigint unsigned NOT NULL,
  `name` varchar(255) COLLATE utf8mb4_unicode_ci DEFAULT NULL,
  PRIMARY KEY (`lang_code`,`ec_options_id`)
) ENGINE=InnoDB DEFAULT CHARSET=utf8mb4 COLLATE=utf8mb4_unicode_ci;
/*!40101 SET character_set_client = @saved_cs_client */;

--
-- Dumping data for table `ec_options_translations`
--

LOCK TABLES `ec_options_translations` WRITE;
/*!40000 ALTER TABLE `ec_options_translations` DISABLE KEYS */;
/*!40000 ALTER TABLE `ec_options_translations` ENABLE KEYS */;
UNLOCK TABLES;

--
-- Table structure for table `ec_order_addresses`
--

DROP TABLE IF EXISTS `ec_order_addresses`;
/*!40101 SET @saved_cs_client     = @@character_set_client */;
/*!50503 SET character_set_client = utf8mb4 */;
CREATE TABLE `ec_order_addresses` (
  `id` bigint unsigned NOT NULL AUTO_INCREMENT,
  `name` varchar(191) COLLATE utf8mb4_unicode_ci NOT NULL,
  `phone` varchar(20) COLLATE utf8mb4_unicode_ci DEFAULT NULL,
  `email` varchar(191) COLLATE utf8mb4_unicode_ci DEFAULT NULL,
  `country` varchar(120) COLLATE utf8mb4_unicode_ci DEFAULT NULL,
  `state` varchar(120) COLLATE utf8mb4_unicode_ci DEFAULT NULL,
  `city` varchar(120) COLLATE utf8mb4_unicode_ci DEFAULT NULL,
  `address` varchar(255) COLLATE utf8mb4_unicode_ci DEFAULT NULL,
  `order_id` bigint unsigned NOT NULL,
  `zip_code` varchar(20) COLLATE utf8mb4_unicode_ci DEFAULT NULL,
  `type` varchar(60) COLLATE utf8mb4_unicode_ci NOT NULL DEFAULT 'shipping_address',
  PRIMARY KEY (`id`)
) ENGINE=InnoDB AUTO_INCREMENT=21 DEFAULT CHARSET=utf8mb4 COLLATE=utf8mb4_unicode_ci;
/*!40101 SET character_set_client = @saved_cs_client */;

--
-- Dumping data for table `ec_order_addresses`
--

LOCK TABLES `ec_order_addresses` WRITE;
/*!40000 ALTER TABLE `ec_order_addresses` DISABLE KEYS */;
INSERT INTO `ec_order_addresses` VALUES (1,'Marilyne Watsica','+15207014892','john.smith@botble.com','KP','Nevada','Violetchester','7375 Ali Island',1,'69233','shipping_address'),(2,'Mr. Ramon Schuppe Jr.','+15082733872','fpacocha@example.org','IQ','Nevada','West Kaceyton','653 Johns Locks',2,'65948-5327','shipping_address'),(3,'Landen Kreiger','+15705838026','lexus.davis@example.com','TM','Rhode Island','Travisville','91573 Jaida Crossing',3,'63007-2412','shipping_address'),(4,'Dr. Weldon Weimann PhD','+12519488991','nicola59@example.com','KZ','Maine','South Woodrowland','6115 Crist Junction',4,'68761-6670','shipping_address'),(5,'Beau Christiansen','+13134837689','dkautzer@example.net','GH','New Jersey','New Delphamouth','59803 Lubowitz Brooks',5,'66415-6447','shipping_address'),(6,'Prof. Antonietta Willms Jr.','+17403445969','vwuckert@example.com','EC','Kansas','Kassulkeview','9426 Bode Spring',6,'73580-0759','shipping_address'),(7,'Beau Christiansen','+13134837689','dkautzer@example.net','GH','New Jersey','New Delphamouth','59803 Lubowitz Brooks',7,'66415-6447','shipping_address'),(8,'Mr. Ramon Schuppe Jr.','+15082733872','fpacocha@example.org','IQ','Nevada','West Kaceyton','653 Johns Locks',8,'65948-5327','shipping_address'),(9,'Mr. Ramon Schuppe Jr.','+15082733872','fpacocha@example.org','IQ','Nevada','West Kaceyton','653 Johns Locks',9,'65948-5327','shipping_address'),(10,'Prof. Kayley Tremblay','+17374435375','customer@botble.com','AL','New York','West Erick','9360 Strosin Falls',10,'68878-0130','shipping_address'),(11,'Prof. Antonietta Willms Jr.','+17403445969','vwuckert@example.com','EC','Kansas','Kassulkeview','9426 Bode Spring',11,'73580-0759','shipping_address'),(12,'Beau Christiansen','+13134837689','dkautzer@example.net','GH','New Jersey','New Delphamouth','59803 Lubowitz Brooks',12,'66415-6447','shipping_address'),(13,'Janet Gerhold','+13518062745','rath.polly@example.com','AR','Idaho','Lessieburgh','9845 Muller Glens Suite 301',13,'41376','shipping_address'),(14,'Prof. Antonietta Willms Jr.','+17403445969','vwuckert@example.com','EC','Kansas','Kassulkeview','9426 Bode Spring',14,'73580-0759','shipping_address'),(15,'Janet Gerhold','+13518062745','rath.polly@example.com','AR','Idaho','Lessieburgh','9845 Muller Glens Suite 301',15,'41376','shipping_address'),(16,'Mr. Ramon Schuppe Jr.','+15082733872','fpacocha@example.org','IQ','Nevada','West Kaceyton','653 Johns Locks',16,'65948-5327','shipping_address'),(17,'Mr. Ramon Schuppe Jr.','+15082733872','fpacocha@example.org','IQ','Nevada','West Kaceyton','653 Johns Locks',17,'65948-5327','shipping_address'),(18,'Prof. Antonietta Willms Jr.','+17403445969','vwuckert@example.com','EC','Kansas','Kassulkeview','9426 Bode Spring',18,'73580-0759','shipping_address'),(19,'Prof. Kayley Tremblay','+17374435375','customer@botble.com','AL','New York','West Erick','9360 Strosin Falls',19,'68878-0130','shipping_address'),(20,'Beau Christiansen','+13134837689','dkautzer@example.net','GH','New Jersey','New Delphamouth','59803 Lubowitz Brooks',20,'66415-6447','shipping_address');
/*!40000 ALTER TABLE `ec_order_addresses` ENABLE KEYS */;
UNLOCK TABLES;

--
-- Table structure for table `ec_order_histories`
--

DROP TABLE IF EXISTS `ec_order_histories`;
/*!40101 SET @saved_cs_client     = @@character_set_client */;
/*!50503 SET character_set_client = utf8mb4 */;
CREATE TABLE `ec_order_histories` (
  `id` bigint unsigned NOT NULL AUTO_INCREMENT,
  `action` varchar(120) COLLATE utf8mb4_unicode_ci NOT NULL,
  `description` varchar(255) COLLATE utf8mb4_unicode_ci NOT NULL,
  `user_id` bigint unsigned DEFAULT NULL,
  `order_id` bigint unsigned NOT NULL,
  `extras` text COLLATE utf8mb4_unicode_ci,
  `created_at` timestamp NULL DEFAULT NULL,
  `updated_at` timestamp NULL DEFAULT NULL,
  PRIMARY KEY (`id`)
) ENGINE=InnoDB AUTO_INCREMENT=92 DEFAULT CHARSET=utf8mb4 COLLATE=utf8mb4_unicode_ci;
/*!40101 SET character_set_client = @saved_cs_client */;

--
-- Dumping data for table `ec_order_histories`
--

LOCK TABLES `ec_order_histories` WRITE;
/*!40000 ALTER TABLE `ec_order_histories` DISABLE KEYS */;
INSERT INTO `ec_order_histories` VALUES (1,'create_order_from_seeder','Order is created from the checkout page',NULL,1,NULL,'2023-11-02 17:20:57','2023-11-02 17:20:57'),(2,'confirm_order','Order was verified by %user_name%',0,1,NULL,'2023-11-02 17:20:57','2023-11-02 17:20:57'),(3,'create_shipment','Created shipment for order',0,1,NULL,'2023-11-09 09:20:57','2023-11-09 09:20:57'),(4,'update_status','Changed status of shipping to: Delivered. Updated by: %user_name%',0,1,NULL,'2023-11-09 09:20:57','2023-11-09 09:20:57'),(5,'create_order_from_seeder','Order is created from the checkout page',NULL,2,NULL,'2023-10-24 13:20:57','2023-10-24 13:20:57'),(6,'confirm_order','Order was verified by %user_name%',0,2,NULL,'2023-10-24 13:20:57','2023-10-24 13:20:57'),(7,'confirm_payment','Payment was confirmed (amount $2,191.00) by %user_name%',0,2,NULL,'2023-11-09 09:20:57','2023-11-09 09:20:57'),(8,'create_shipment','Created shipment for order',0,2,NULL,'2023-11-09 09:20:57','2023-11-09 09:20:57'),(9,'update_status','Changed status of shipping to: Delivered. Updated by: %user_name%',0,2,NULL,'2023-11-09 09:20:57','2023-11-09 09:20:57'),(10,'create_order_from_seeder','Order is created from the checkout page',NULL,3,NULL,'2023-10-25 09:20:57','2023-10-25 09:20:57'),(11,'confirm_order','Order was verified by %user_name%',0,3,NULL,'2023-10-25 09:20:57','2023-10-25 09:20:57'),(12,'create_shipment','Created shipment for order',0,3,NULL,'2023-11-09 09:20:57','2023-11-09 09:20:57'),(13,'update_status','Changed status of shipping to: Delivered. Updated by: %user_name%',0,3,NULL,'2023-11-09 09:20:57','2023-11-09 09:20:57'),(14,'create_order_from_seeder','Order is created from the checkout page',NULL,4,NULL,'2023-10-30 11:20:57','2023-10-30 11:20:57'),(15,'confirm_order','Order was verified by %user_name%',0,4,NULL,'2023-10-30 11:20:57','2023-10-30 11:20:57'),(16,'confirm_payment','Payment was confirmed (amount $1,289.00) by %user_name%',0,4,NULL,'2023-11-09 09:20:57','2023-11-09 09:20:57'),(17,'create_shipment','Created shipment for order',0,4,NULL,'2023-11-09 09:20:57','2023-11-09 09:20:57'),(18,'create_order_from_seeder','Order is created from the checkout page',NULL,5,NULL,'2023-11-08 01:20:57','2023-11-08 01:20:57'),(19,'confirm_order','Order was verified by %user_name%',0,5,NULL,'2023-11-08 01:20:57','2023-11-08 01:20:57'),(20,'confirm_payment','Payment was confirmed (amount $1,798.00) by %user_name%',0,5,NULL,'2023-11-09 09:20:57','2023-11-09 09:20:57'),(21,'create_shipment','Created shipment for order',0,5,NULL,'2023-11-09 09:20:57','2023-11-09 09:20:57'),(22,'update_status','Changed status of shipping to: Delivered. Updated by: %user_name%',0,5,NULL,'2023-11-09 09:20:57','2023-11-09 09:20:57'),(23,'create_order_from_seeder','Order is created from the checkout page',NULL,6,NULL,'2023-11-03 03:20:57','2023-11-03 03:20:57'),(24,'confirm_order','Order was verified by %user_name%',0,6,NULL,'2023-11-03 03:20:57','2023-11-03 03:20:57'),(25,'confirm_payment','Payment was confirmed (amount $1,857.00) by %user_name%',0,6,NULL,'2023-11-09 09:20:57','2023-11-09 09:20:57'),(26,'create_shipment','Created shipment for order',0,6,NULL,'2023-11-09 09:20:57','2023-11-09 09:20:57'),(27,'create_order_from_seeder','Order is created from the checkout page',NULL,7,NULL,'2023-10-29 21:20:57','2023-10-29 21:20:57'),(28,'confirm_order','Order was verified by %user_name%',0,7,NULL,'2023-10-29 21:20:57','2023-10-29 21:20:57'),(29,'create_shipment','Created shipment for order',0,7,NULL,'2023-11-09 09:20:57','2023-11-09 09:20:57'),(30,'update_status','Changed status of shipping to: Delivered. Updated by: %user_name%',0,7,NULL,'2023-11-09 09:20:57','2023-11-09 09:20:57'),(31,'create_order_from_seeder','Order is created from the checkout page',NULL,8,NULL,'2023-10-31 17:20:57','2023-10-31 17:20:57'),(32,'confirm_order','Order was verified by %user_name%',0,8,NULL,'2023-10-31 17:20:57','2023-10-31 17:20:57'),(33,'confirm_payment','Payment was confirmed (amount $2,243.00) by %user_name%',0,8,NULL,'2023-11-09 09:20:57','2023-11-09 09:20:57'),(34,'create_shipment','Created shipment for order',0,8,NULL,'2023-11-09 09:20:57','2023-11-09 09:20:57'),(35,'create_order_from_seeder','Order is created from the checkout page',NULL,9,NULL,'2023-11-03 09:20:57','2023-11-03 09:20:57'),(36,'confirm_order','Order was verified by %user_name%',0,9,NULL,'2023-11-03 09:20:57','2023-11-03 09:20:57'),(37,'create_shipment','Created shipment for order',0,9,NULL,'2023-11-09 09:20:57','2023-11-09 09:20:57'),(38,'update_status','Changed status of shipping to: Delivered. Updated by: %user_name%',0,9,NULL,'2023-11-09 09:20:57','2023-11-09 09:20:57'),(39,'create_order_from_seeder','Order is created from the checkout page',NULL,10,NULL,'2023-11-02 01:20:57','2023-11-02 01:20:57'),(40,'confirm_order','Order was verified by %user_name%',0,10,NULL,'2023-11-02 01:20:57','2023-11-02 01:20:57'),(41,'confirm_payment','Payment was confirmed (amount $1,592.00) by %user_name%',0,10,NULL,'2023-11-09 09:20:58','2023-11-09 09:20:58'),(42,'create_shipment','Created shipment for order',0,10,NULL,'2023-11-09 09:20:58','2023-11-09 09:20:58'),(43,'create_order_from_seeder','Order is created from the checkout page',NULL,11,NULL,'2023-11-01 21:20:58','2023-11-01 21:20:58'),(44,'confirm_order','Order was verified by %user_name%',0,11,NULL,'2023-11-01 21:20:58','2023-11-01 21:20:58'),(45,'confirm_payment','Payment was confirmed (amount $2,611.00) by %user_name%',0,11,NULL,'2023-11-09 09:20:58','2023-11-09 09:20:58'),(46,'create_shipment','Created shipment for order',0,11,NULL,'2023-11-09 09:20:58','2023-11-09 09:20:58'),(47,'update_status','Changed status of shipping to: Delivered. Updated by: %user_name%',0,11,NULL,'2023-11-09 09:20:58','2023-11-09 09:20:58'),(48,'create_order_from_seeder','Order is created from the checkout page',NULL,12,NULL,'2023-11-08 15:20:58','2023-11-08 15:20:58'),(49,'confirm_order','Order was verified by %user_name%',0,12,NULL,'2023-11-08 15:20:58','2023-11-08 15:20:58'),(50,'create_shipment','Created shipment for order',0,12,NULL,'2023-11-09 09:20:58','2023-11-09 09:20:58'),(51,'update_status','Changed status of shipping to: Delivered. Updated by: %user_name%',0,12,NULL,'2023-11-09 09:20:58','2023-11-09 09:20:58'),(52,'create_order_from_seeder','Order is created from the checkout page',NULL,13,NULL,'2023-11-05 09:20:58','2023-11-05 09:20:58'),(53,'confirm_order','Order was verified by %user_name%',0,13,NULL,'2023-11-05 09:20:58','2023-11-05 09:20:58'),(54,'create_shipment','Created shipment for order',0,13,NULL,'2023-11-09 09:20:58','2023-11-09 09:20:58'),(55,'create_order_from_seeder','Order is created from the checkout page',NULL,14,NULL,'2023-11-06 11:20:58','2023-11-06 11:20:58'),(56,'confirm_order','Order was verified by %user_name%',0,14,NULL,'2023-11-06 11:20:58','2023-11-06 11:20:58'),(57,'confirm_payment','Payment was confirmed (amount $2,046.00) by %user_name%',0,14,NULL,'2023-11-09 09:20:58','2023-11-09 09:20:58'),(58,'create_shipment','Created shipment for order',0,14,NULL,'2023-11-09 09:20:58','2023-11-09 09:20:58'),(59,'update_status','Changed status of shipping to: Delivered. Updated by: %user_name%',0,14,NULL,'2023-11-09 09:20:58','2023-11-09 09:20:58'),(60,'create_order_from_seeder','Order is created from the checkout page',NULL,15,NULL,'2023-11-07 21:20:58','2023-11-07 21:20:58'),(61,'confirm_order','Order was verified by %user_name%',0,15,NULL,'2023-11-07 21:20:58','2023-11-07 21:20:58'),(62,'confirm_payment','Payment was confirmed (amount $2,012.00) by %user_name%',0,15,NULL,'2023-11-09 09:20:58','2023-11-09 09:20:58'),(63,'create_shipment','Created shipment for order',0,15,NULL,'2023-11-09 09:20:58','2023-11-09 09:20:58'),(64,'update_status','Changed status of shipping to: Delivered. Updated by: %user_name%',0,15,NULL,'2023-11-09 09:20:58','2023-11-09 09:20:58'),(65,'create_order_from_seeder','Order is created from the checkout page',NULL,16,NULL,'2023-11-05 15:20:58','2023-11-05 15:20:58'),(66,'confirm_order','Order was verified by %user_name%',0,16,NULL,'2023-11-05 15:20:58','2023-11-05 15:20:58'),(67,'confirm_payment','Payment was confirmed (amount $2,096.00) by %user_name%',0,16,NULL,'2023-11-09 09:20:58','2023-11-09 09:20:58'),(68,'create_shipment','Created shipment for order',0,16,NULL,'2023-11-09 09:20:58','2023-11-09 09:20:58'),(69,'create_order_from_seeder','Order is created from the checkout page',NULL,17,NULL,'2023-11-07 09:20:58','2023-11-07 09:20:58'),(70,'confirm_order','Order was verified by %user_name%',0,17,NULL,'2023-11-07 09:20:58','2023-11-07 09:20:58'),(71,'confirm_payment','Payment was confirmed (amount $1,701.00) by %user_name%',0,17,NULL,'2023-11-09 09:20:58','2023-11-09 09:20:58'),(72,'create_shipment','Created shipment for order',0,17,NULL,'2023-11-09 09:20:58','2023-11-09 09:20:58'),(73,'update_status','Changed status of shipping to: Delivered. Updated by: %user_name%',0,17,NULL,'2023-11-09 09:20:58','2023-11-09 09:20:58'),(74,'create_order_from_seeder','Order is created from the checkout page',NULL,18,NULL,'2023-11-08 09:20:58','2023-11-08 09:20:58'),(75,'confirm_order','Order was verified by %user_name%',0,18,NULL,'2023-11-08 09:20:58','2023-11-08 09:20:58'),(76,'create_shipment','Created shipment for order',0,18,NULL,'2023-11-09 09:20:58','2023-11-09 09:20:58'),(77,'create_order_from_seeder','Order is created from the checkout page',NULL,19,NULL,'2023-11-08 05:20:58','2023-11-08 05:20:58'),(78,'confirm_order','Order was verified by %user_name%',0,19,NULL,'2023-11-08 05:20:58','2023-11-08 05:20:58'),(79,'create_shipment','Created shipment for order',0,19,NULL,'2023-11-09 09:20:58','2023-11-09 09:20:58'),(80,'create_order_from_seeder','Order is created from the checkout page',NULL,20,NULL,'2023-11-08 13:20:58','2023-11-08 13:20:58'),(81,'confirm_order','Order was verified by %user_name%',0,20,NULL,'2023-11-08 13:20:58','2023-11-08 13:20:58'),(82,'confirm_payment','Payment was confirmed (amount $1,159.00) by %user_name%',0,20,NULL,'2023-11-09 09:20:58','2023-11-09 09:20:58'),(83,'create_shipment','Created shipment for order',0,20,NULL,'2023-11-09 09:20:58','2023-11-09 09:20:58'),(84,'update_status','Changed status of shipping to: Delivered. Updated by: %user_name%',0,20,NULL,'2023-11-09 09:20:58','2023-11-09 09:20:58'),(85,'update_status','Order confirmed by %user_name%',0,2,NULL,'2023-11-09 09:20:58','2023-11-09 09:20:58'),(86,'update_status','Order confirmed by %user_name%',0,5,NULL,'2023-11-09 09:20:58','2023-11-09 09:20:58'),(87,'update_status','Order confirmed by %user_name%',0,11,NULL,'2023-11-09 09:20:58','2023-11-09 09:20:58'),(88,'update_status','Order confirmed by %user_name%',0,14,NULL,'2023-11-09 09:20:58','2023-11-09 09:20:58'),(89,'update_status','Order confirmed by %user_name%',0,15,NULL,'2023-11-09 09:20:58','2023-11-09 09:20:58'),(90,'update_status','Order confirmed by %user_name%',0,17,NULL,'2023-11-09 09:20:58','2023-11-09 09:20:58'),(91,'update_status','Order confirmed by %user_name%',0,20,NULL,'2023-11-09 09:20:58','2023-11-09 09:20:58');
/*!40000 ALTER TABLE `ec_order_histories` ENABLE KEYS */;
UNLOCK TABLES;

--
-- Table structure for table `ec_order_product`
--

DROP TABLE IF EXISTS `ec_order_product`;
/*!40101 SET @saved_cs_client     = @@character_set_client */;
/*!50503 SET character_set_client = utf8mb4 */;
CREATE TABLE `ec_order_product` (
  `id` bigint unsigned NOT NULL AUTO_INCREMENT,
  `order_id` bigint unsigned NOT NULL,
  `qty` int NOT NULL,
  `price` decimal(15,2) NOT NULL,
  `tax_amount` decimal(15,2) NOT NULL,
  `options` text COLLATE utf8mb4_unicode_ci,
  `product_options` text COLLATE utf8mb4_unicode_ci COMMENT 'product option data',
  `product_id` bigint unsigned DEFAULT NULL,
  `product_name` varchar(191) COLLATE utf8mb4_unicode_ci NOT NULL,
  `product_image` varchar(191) COLLATE utf8mb4_unicode_ci DEFAULT NULL,
  `weight` double(8,2) DEFAULT '0.00',
  `restock_quantity` int unsigned DEFAULT '0',
  `created_at` timestamp NULL DEFAULT NULL,
  `updated_at` timestamp NULL DEFAULT NULL,
  `product_type` varchar(60) COLLATE utf8mb4_unicode_ci NOT NULL DEFAULT 'physical',
  `times_downloaded` int NOT NULL DEFAULT '0',
  `license_code` char(36) COLLATE utf8mb4_unicode_ci DEFAULT NULL,
  PRIMARY KEY (`id`)
) ENGINE=InnoDB AUTO_INCREMENT=61 DEFAULT CHARSET=utf8mb4 COLLATE=utf8mb4_unicode_ci;
/*!40101 SET character_set_client = @saved_cs_client */;

--
-- Dumping data for table `ec_order_product`
--

LOCK TABLES `ec_order_product` WRITE;
/*!40000 ALTER TABLE `ec_order_product` DISABLE KEYS */;
INSERT INTO `ec_order_product` VALUES (1,1,3,410.00,0.00,'[]',NULL,161,'Baxter Care Hair Kit For Bearded Mens','products/product-5.jpg',1656.00,0,'2023-11-09 09:20:57','2023-11-09 09:20:57','physical',0,NULL),(2,1,2,493.00,0.00,'[]',NULL,168,'Vimto Squash Remix Apple 1.5 Litres','products/product-60.jpg',1726.00,0,'2023-11-09 09:20:57','2023-11-09 09:20:57','physical',0,NULL),(3,1,3,364.00,0.00,'[]',NULL,243,'Corn, Yellow Sweet','products/product-31.jpg',2433.00,0,'2023-11-09 09:20:57','2023-11-09 09:20:57','physical',0,NULL),(4,2,3,271.00,0.00,'[]',NULL,79,'Gorgeous Wooden Gloves','products/product-65.jpg',2316.00,0,'2023-11-09 09:20:57','2023-11-09 09:20:57','physical',0,NULL),(5,2,1,414.00,0.00,'[]',NULL,130,'Samsung Smart Phone','products/product-40.jpg',617.00,0,'2023-11-09 09:20:57','2023-11-09 09:20:57','physical',0,NULL),(6,2,2,482.00,0.00,'[]',NULL,221,'Italia Beef Lasagne','products/product-33.jpg',1266.00,0,'2023-11-09 09:20:57','2023-11-09 09:20:57','physical',0,NULL),(7,3,1,410.00,0.00,'[]',NULL,162,'Baxter Care Hair Kit For Bearded Mens','products/product-21.jpg',552.00,0,'2023-11-09 09:20:57','2023-11-09 09:20:57','physical',0,NULL),(8,3,2,268.00,0.00,'[]',NULL,204,'Sitema BakeIT Plastic Box','products/product-22.jpg',1300.00,0,'2023-11-09 09:20:57','2023-11-09 09:20:57','physical',0,NULL),(9,3,2,413.00,0.00,'[]',NULL,214,'Morrisons The Best Beef','products/product-31.jpg',1100.00,0,'2023-11-09 09:20:57','2023-11-09 09:20:57','physical',0,NULL),(10,4,1,485.00,0.00,'[]',NULL,156,'NYX Beauty Couton Pallete Makeup 12','products/product-26.jpg',855.00,0,'2023-11-09 09:20:57','2023-11-09 09:20:57','physical',0,NULL),(11,4,3,268.00,0.00,'[]',NULL,206,'Sitema BakeIT Plastic Box','products/product-28.jpg',1950.00,0,'2023-11-09 09:20:57','2023-11-09 09:20:57','physical',0,NULL),(12,5,1,482.00,0.00,'[]',NULL,222,'Italia Beef Lasagne','products/product-52.jpg',633.00,0,'2023-11-09 09:20:57','2023-11-09 09:20:57','physical',0,NULL),(13,5,1,390.00,0.00,'[]',NULL,235,'Casillero Diablo Cabernet Sauvignon','products/product-42.jpg',713.00,0,'2023-11-09 09:20:57','2023-11-09 09:20:57','physical',0,NULL),(14,5,2,463.00,0.00,'[]',NULL,259,'Iceland Luxury 4 Panini Rolls','products/product-81.jpg',1792.00,0,'2023-11-09 09:20:57','2023-11-09 09:20:57','physical',0,NULL),(15,6,3,230.00,0.00,'[]',NULL,112,'Smart Watches','products/product-52.jpg',2607.00,0,'2023-11-09 09:20:57','2023-11-09 09:20:57','physical',0,NULL),(16,6,1,410.00,0.00,'[]',NULL,163,'Baxter Care Hair Kit For Bearded Mens','products/product-51.jpg',552.00,0,'2023-11-09 09:20:57','2023-11-09 09:20:57','physical',0,NULL),(17,6,1,300.00,0.00,'[]',NULL,197,'Iceland Macaroni Cheese Traybake','products/product-74.jpg',881.00,0,'2023-11-09 09:20:57','2023-11-09 09:20:57','physical',0,NULL),(18,6,1,457.00,0.00,'[]',NULL,281,'Province Piece Glass Drinking Glass','products/product-36.jpg',887.00,0,'2023-11-09 09:20:57','2023-11-09 09:20:57','physical',0,NULL),(19,7,2,323.00,0.00,'[]',NULL,187,'Broccoli Crowns','products/product-22.jpg',1772.00,0,'2023-11-09 09:20:57','2023-11-09 09:20:57','digital',2,NULL),(20,7,1,463.00,0.00,'[]',NULL,255,'Iceland Luxury 4 Panini Rolls','products/product-42.jpg',896.00,0,'2023-11-09 09:20:57','2023-11-09 09:20:57','physical',0,NULL),(21,8,3,410.00,0.00,'[]',NULL,161,'Baxter Care Hair Kit For Bearded Mens','products/product-5.jpg',1656.00,0,'2023-11-09 09:20:57','2023-11-09 09:20:57','physical',0,NULL),(22,8,2,300.00,0.00,'[]',NULL,197,'Iceland Macaroni Cheese Traybake','products/product-74.jpg',1762.00,0,'2023-11-09 09:20:57','2023-11-09 09:20:57','physical',0,NULL),(23,8,1,413.00,0.00,'[]',NULL,216,'Morrisons The Best Beef','products/product-53.jpg',550.00,0,'2023-11-09 09:20:57','2023-11-09 09:20:57','physical',0,NULL),(24,9,1,235.00,0.00,'[]',NULL,105,'Pinkol Enormous Granite Bottle','products/product-50.jpg',800.00,0,'2023-11-09 09:20:57','2023-11-09 09:20:57','physical',0,NULL),(25,9,3,364.00,0.00,'[]',NULL,242,'Corn, Yellow Sweet','products/product-16.jpg',2433.00,0,'2023-11-09 09:20:57','2023-11-09 09:20:57','physical',0,NULL),(26,9,2,455.00,0.00,'[]',NULL,260,'Iceland Soft Scoop Vanilla','products/product-88.jpg',1698.00,0,'2023-11-09 09:20:57','2023-11-09 09:20:57','digital',6,NULL),(27,9,1,309.00,0.00,'[]',NULL,278,'Pice 94w Beasley Journal','products/product-26.jpg',675.00,0,'2023-11-09 09:20:57','2023-11-09 09:20:57','physical',0,NULL),(28,10,3,379.00,0.00,'[]',NULL,150,'Aveeno Moisturizing Body Shower 450ml','products/product-65.jpg',1893.00,0,'2023-11-09 09:20:57','2023-11-09 09:20:57','physical',0,NULL),(29,10,1,455.00,0.00,'[]',NULL,263,'Iceland Soft Scoop Vanilla','products/product-25.jpg',849.00,0,'2023-11-09 09:20:57','2023-11-09 09:20:57','digital',8,NULL),(30,11,1,392.00,0.00,'[]',NULL,120,'Nikon HD camera','products/product-66.jpg',704.00,0,'2023-11-09 09:20:58','2023-11-09 09:20:58','physical',0,NULL),(31,11,2,334.00,0.00,'[]',NULL,144,'Apple MacBook Air Retina 13.3-Inch Laptop','products/product-8.jpg',1042.00,0,'2023-11-09 09:20:58','2023-11-09 09:20:58','digital',5,NULL),(32,11,3,387.00,0.00,'[]',NULL,202,'Dolmio Bolognese Pasta Sauce','products/product-16.jpg',2154.00,0,'2023-11-09 09:20:58','2023-11-09 09:20:58','physical',0,NULL),(33,11,1,390.00,0.00,'[]',NULL,233,'Casillero Diablo Cabernet Sauvignon','products/product-62.jpg',713.00,0,'2023-11-09 09:20:58','2023-11-09 09:20:58','physical',0,NULL),(34,12,2,268.00,0.00,'[]',NULL,203,'Sitema BakeIT Plastic Box','products/product-2.jpg',1300.00,0,'2023-11-09 09:20:58','2023-11-09 09:20:58','physical',0,NULL),(35,12,1,232.00,0.00,'[]',NULL,211,'Sesame Seed Bread','products/product-90.jpg',583.00,0,'2023-11-09 09:20:58','2023-11-09 09:20:58','physical',0,NULL),(36,12,3,232.00,0.00,'[]',NULL,213,'Sesame Seed Bread','products/product-95.jpg',1749.00,0,'2023-11-09 09:20:58','2023-11-09 09:20:58','physical',0,NULL),(37,12,2,365.00,0.00,'[]',NULL,239,'Aptamil Follow On Baby Milk','products/product-56.jpg',1640.00,0,'2023-11-09 09:20:58','2023-11-09 09:20:58','digital',6,NULL),(38,13,2,232.00,0.00,'[]',NULL,211,'Sesame Seed Bread','products/product-90.jpg',1166.00,0,'2023-11-09 09:20:58','2023-11-09 09:20:58','physical',0,NULL),(39,13,3,232.00,0.00,'[]',NULL,213,'Sesame Seed Bread','products/product-95.jpg',1749.00,0,'2023-11-09 09:20:58','2023-11-09 09:20:58','physical',0,NULL),(40,13,2,482.00,0.00,'[]',NULL,219,'Italia Beef Lasagne','products/product-25.jpg',1266.00,0,'2023-11-09 09:20:58','2023-11-09 09:20:58','physical',0,NULL),(41,14,3,414.00,0.00,'[]',NULL,131,'Samsung Smart Phone','products/product-32.jpg',1851.00,0,'2023-11-09 09:20:58','2023-11-09 09:20:58','physical',0,NULL),(42,14,3,268.00,0.00,'[]',NULL,207,'Sitema BakeIT Plastic Box','products/product-4.jpg',1950.00,0,'2023-11-09 09:20:58','2023-11-09 09:20:58','physical',0,NULL),(43,15,3,271.00,0.00,'[]',NULL,81,'Gorgeous Wooden Gloves','products/product-87.jpg',2316.00,0,'2023-11-09 09:20:58','2023-11-09 09:20:58','physical',0,NULL),(44,15,2,485.00,0.00,'[]',NULL,156,'NYX Beauty Couton Pallete Makeup 12','products/product-26.jpg',1710.00,0,'2023-11-09 09:20:58','2023-11-09 09:20:58','physical',0,NULL),(45,15,1,229.00,0.00,'[]',NULL,165,'Ciate Palemore Lipstick Bold Red Color','products/product-60.jpg',688.00,0,'2023-11-09 09:20:58','2023-11-09 09:20:58','digital',9,NULL),(46,16,1,271.00,0.00,'[]',NULL,81,'Gorgeous Wooden Gloves','products/product-87.jpg',772.00,0,'2023-11-09 09:20:58','2023-11-09 09:20:58','physical',0,NULL),(47,16,2,230.00,0.00,'[]',NULL,102,'Miklonda Co. Crafted Candles','products/product-18.jpg',1388.00,0,'2023-11-09 09:20:58','2023-11-09 09:20:58','digital',2,NULL),(48,16,3,455.00,0.00,'[]',NULL,137,'EPSION Plaster Printer','products/product-74.jpg',2166.00,0,'2023-11-09 09:20:58','2023-11-09 09:20:58','physical',0,NULL),(49,17,2,387.00,0.00,'[]',NULL,191,'Häagen-Dazs Salted Caramel','products/product-64.jpg',1468.00,0,'2023-11-09 09:20:58','2023-11-09 09:20:58','physical',0,NULL),(50,17,3,309.00,0.00,'[]',NULL,277,'Pice 94w Beasley Journal','products/product-21.jpg',2025.00,0,'2023-11-09 09:20:58','2023-11-09 09:20:58','physical',0,NULL),(51,18,3,218.00,0.00,'[]',NULL,111,'Dual Camera 20MP','products/product-8.jpg',1662.00,0,'2023-11-09 09:20:58','2023-11-09 09:20:58','physical',0,NULL),(52,18,1,392.00,0.00,'[]',NULL,121,'Nikon HD camera','products/product-86.jpg',704.00,0,'2023-11-09 09:20:58','2023-11-09 09:20:58','physical',0,NULL),(53,18,2,455.00,0.00,'[]',NULL,137,'EPSION Plaster Printer','products/product-74.jpg',1444.00,0,'2023-11-09 09:20:58','2023-11-09 09:20:58','physical',0,NULL),(54,18,2,413.00,0.00,'[]',NULL,215,'Morrisons The Best Beef','products/product-38.jpg',1100.00,0,'2023-11-09 09:20:58','2023-11-09 09:20:58','physical',0,NULL),(55,19,3,420.00,0.00,'[]',NULL,183,'Bar S – Classic Bun Length Franks','products/product-88.jpg',2070.00,0,'2023-11-09 09:20:58','2023-11-09 09:20:58','physical',0,NULL),(56,19,1,387.00,0.00,'[]',NULL,190,'Häagen-Dazs Salted Caramel','products/product-44.jpg',734.00,0,'2023-11-09 09:20:58','2023-11-09 09:20:58','physical',0,NULL),(57,19,2,463.00,0.00,'[]',NULL,259,'Iceland Luxury 4 Panini Rolls','products/product-81.jpg',1792.00,0,'2023-11-09 09:20:58','2023-11-09 09:20:58','physical',0,NULL),(58,20,1,395.00,0.00,'[]',NULL,195,'Extreme Budweiser Light Can','products/product-44.jpg',511.00,0,'2023-11-09 09:20:58','2023-11-09 09:20:58','digital',10,NULL),(59,20,1,413.00,0.00,'[]',NULL,215,'Morrisons The Best Beef','products/product-38.jpg',550.00,0,'2023-11-09 09:20:58','2023-11-09 09:20:58','physical',0,NULL),(60,20,1,351.00,0.00,'[]',NULL,273,'Kit Kat Chunky Milk Chocolate','products/product-67.jpg',661.00,0,'2023-11-09 09:20:58','2023-11-09 09:20:58','physical',0,NULL);
/*!40000 ALTER TABLE `ec_order_product` ENABLE KEYS */;
UNLOCK TABLES;

--
-- Table structure for table `ec_order_referrals`
--

DROP TABLE IF EXISTS `ec_order_referrals`;
/*!40101 SET @saved_cs_client     = @@character_set_client */;
/*!50503 SET character_set_client = utf8mb4 */;
CREATE TABLE `ec_order_referrals` (
  `id` bigint unsigned NOT NULL AUTO_INCREMENT,
  `ip` varchar(39) COLLATE utf8mb4_unicode_ci DEFAULT NULL,
  `landing_domain` varchar(255) COLLATE utf8mb4_unicode_ci DEFAULT NULL,
  `landing_page` varchar(255) COLLATE utf8mb4_unicode_ci DEFAULT NULL,
  `landing_params` varchar(255) COLLATE utf8mb4_unicode_ci DEFAULT NULL,
  `referral` varchar(255) COLLATE utf8mb4_unicode_ci DEFAULT NULL,
  `gclid` varchar(255) COLLATE utf8mb4_unicode_ci DEFAULT NULL,
  `fclid` varchar(255) COLLATE utf8mb4_unicode_ci DEFAULT NULL,
  `utm_source` varchar(255) COLLATE utf8mb4_unicode_ci DEFAULT NULL,
  `utm_campaign` varchar(255) COLLATE utf8mb4_unicode_ci DEFAULT NULL,
  `utm_medium` varchar(255) COLLATE utf8mb4_unicode_ci DEFAULT NULL,
  `utm_term` varchar(255) COLLATE utf8mb4_unicode_ci DEFAULT NULL,
  `utm_content` varchar(255) COLLATE utf8mb4_unicode_ci DEFAULT NULL,
  `referrer_url` text COLLATE utf8mb4_unicode_ci,
  `referrer_domain` varchar(255) COLLATE utf8mb4_unicode_ci DEFAULT NULL,
  `order_id` bigint unsigned DEFAULT NULL,
  `created_at` timestamp NULL DEFAULT NULL,
  `updated_at` timestamp NULL DEFAULT NULL,
  PRIMARY KEY (`id`),
  KEY `ec_order_referrals_order_id_index` (`order_id`)
) ENGINE=InnoDB DEFAULT CHARSET=utf8mb4 COLLATE=utf8mb4_unicode_ci;
/*!40101 SET character_set_client = @saved_cs_client */;

--
-- Dumping data for table `ec_order_referrals`
--

LOCK TABLES `ec_order_referrals` WRITE;
/*!40000 ALTER TABLE `ec_order_referrals` DISABLE KEYS */;
/*!40000 ALTER TABLE `ec_order_referrals` ENABLE KEYS */;
UNLOCK TABLES;

--
-- Table structure for table `ec_order_return_items`
--

DROP TABLE IF EXISTS `ec_order_return_items`;
/*!40101 SET @saved_cs_client     = @@character_set_client */;
/*!50503 SET character_set_client = utf8mb4 */;
CREATE TABLE `ec_order_return_items` (
  `id` bigint unsigned NOT NULL AUTO_INCREMENT,
  `order_return_id` bigint unsigned NOT NULL COMMENT 'Order return id',
  `order_product_id` bigint unsigned NOT NULL COMMENT 'Order product id',
  `product_id` bigint unsigned NOT NULL COMMENT 'Product id',
  `product_name` varchar(191) COLLATE utf8mb4_unicode_ci NOT NULL,
  `product_image` varchar(191) COLLATE utf8mb4_unicode_ci DEFAULT NULL,
  `qty` int NOT NULL COMMENT 'Quantity return',
  `price` decimal(15,2) NOT NULL COMMENT 'Price Product',
  `reason` text COLLATE utf8mb4_unicode_ci,
  `created_at` timestamp NULL DEFAULT NULL,
  `updated_at` timestamp NULL DEFAULT NULL,
  `refund_amount` decimal(12,2) DEFAULT '0.00',
  PRIMARY KEY (`id`)
) ENGINE=InnoDB DEFAULT CHARSET=utf8mb4 COLLATE=utf8mb4_unicode_ci;
/*!40101 SET character_set_client = @saved_cs_client */;

--
-- Dumping data for table `ec_order_return_items`
--

LOCK TABLES `ec_order_return_items` WRITE;
/*!40000 ALTER TABLE `ec_order_return_items` DISABLE KEYS */;
/*!40000 ALTER TABLE `ec_order_return_items` ENABLE KEYS */;
UNLOCK TABLES;

--
-- Table structure for table `ec_order_returns`
--

DROP TABLE IF EXISTS `ec_order_returns`;
/*!40101 SET @saved_cs_client     = @@character_set_client */;
/*!50503 SET character_set_client = utf8mb4 */;
CREATE TABLE `ec_order_returns` (
  `id` bigint unsigned NOT NULL AUTO_INCREMENT,
  `code` varchar(191) COLLATE utf8mb4_unicode_ci DEFAULT NULL,
  `order_id` bigint unsigned NOT NULL COMMENT 'Order ID',
  `store_id` bigint unsigned DEFAULT NULL COMMENT 'Store ID',
  `user_id` bigint unsigned NOT NULL COMMENT 'Customer ID',
  `reason` text COLLATE utf8mb4_unicode_ci COMMENT 'Reason return order',
  `order_status` varchar(191) COLLATE utf8mb4_unicode_ci DEFAULT NULL COMMENT 'Order current status',
  `return_status` varchar(191) COLLATE utf8mb4_unicode_ci NOT NULL COMMENT 'Return status',
  `created_at` timestamp NULL DEFAULT NULL,
  `updated_at` timestamp NULL DEFAULT NULL,
  PRIMARY KEY (`id`),
  UNIQUE KEY `ec_order_returns_code_unique` (`code`)
) ENGINE=InnoDB DEFAULT CHARSET=utf8mb4 COLLATE=utf8mb4_unicode_ci;
/*!40101 SET character_set_client = @saved_cs_client */;

--
-- Dumping data for table `ec_order_returns`
--

LOCK TABLES `ec_order_returns` WRITE;
/*!40000 ALTER TABLE `ec_order_returns` DISABLE KEYS */;
/*!40000 ALTER TABLE `ec_order_returns` ENABLE KEYS */;
UNLOCK TABLES;

--
-- Table structure for table `ec_order_tax_information`
--

DROP TABLE IF EXISTS `ec_order_tax_information`;
/*!40101 SET @saved_cs_client     = @@character_set_client */;
/*!50503 SET character_set_client = utf8mb4 */;
CREATE TABLE `ec_order_tax_information` (
  `id` bigint unsigned NOT NULL AUTO_INCREMENT,
  `order_id` bigint unsigned NOT NULL,
  `company_name` varchar(120) COLLATE utf8mb4_unicode_ci NOT NULL,
  `company_address` varchar(191) COLLATE utf8mb4_unicode_ci NOT NULL,
  `company_tax_code` varchar(20) COLLATE utf8mb4_unicode_ci NOT NULL,
  `company_email` varchar(60) COLLATE utf8mb4_unicode_ci NOT NULL,
  `created_at` timestamp NULL DEFAULT NULL,
  `updated_at` timestamp NULL DEFAULT NULL,
  PRIMARY KEY (`id`),
  KEY `ec_order_tax_information_order_id_index` (`order_id`)
) ENGINE=InnoDB DEFAULT CHARSET=utf8mb4 COLLATE=utf8mb4_unicode_ci;
/*!40101 SET character_set_client = @saved_cs_client */;

--
-- Dumping data for table `ec_order_tax_information`
--

LOCK TABLES `ec_order_tax_information` WRITE;
/*!40000 ALTER TABLE `ec_order_tax_information` DISABLE KEYS */;
/*!40000 ALTER TABLE `ec_order_tax_information` ENABLE KEYS */;
UNLOCK TABLES;

--
-- Table structure for table `ec_orders`
--

DROP TABLE IF EXISTS `ec_orders`;
/*!40101 SET @saved_cs_client     = @@character_set_client */;
/*!50503 SET character_set_client = utf8mb4 */;
CREATE TABLE `ec_orders` (
  `id` bigint unsigned NOT NULL AUTO_INCREMENT,
  `code` varchar(191) COLLATE utf8mb4_unicode_ci DEFAULT NULL,
  `user_id` bigint unsigned NOT NULL,
  `shipping_option` varchar(60) COLLATE utf8mb4_unicode_ci DEFAULT NULL,
  `shipping_method` varchar(60) COLLATE utf8mb4_unicode_ci NOT NULL DEFAULT 'default',
  `status` varchar(120) COLLATE utf8mb4_unicode_ci NOT NULL DEFAULT 'pending',
  `amount` decimal(15,2) NOT NULL,
  `tax_amount` decimal(15,2) DEFAULT NULL,
  `shipping_amount` decimal(15,2) DEFAULT NULL,
  `description` text COLLATE utf8mb4_unicode_ci,
  `coupon_code` varchar(120) COLLATE utf8mb4_unicode_ci DEFAULT NULL,
  `discount_amount` decimal(15,2) DEFAULT NULL,
  `sub_total` decimal(15,2) NOT NULL,
  `is_confirmed` tinyint(1) NOT NULL DEFAULT '0',
  `discount_description` varchar(255) COLLATE utf8mb4_unicode_ci DEFAULT NULL,
  `is_finished` tinyint(1) DEFAULT '0',
  `completed_at` timestamp NULL DEFAULT NULL,
  `token` varchar(120) COLLATE utf8mb4_unicode_ci DEFAULT NULL,
  `payment_id` bigint unsigned DEFAULT NULL,
  `created_at` timestamp NULL DEFAULT NULL,
  `updated_at` timestamp NULL DEFAULT NULL,
  PRIMARY KEY (`id`),
  UNIQUE KEY `ec_orders_code_unique` (`code`),
  KEY `ec_orders_user_id_status_created_at_index` (`user_id`,`status`,`created_at`)
) ENGINE=InnoDB AUTO_INCREMENT=21 DEFAULT CHARSET=utf8mb4 COLLATE=utf8mb4_unicode_ci;
/*!40101 SET character_set_client = @saved_cs_client */;

--
-- Dumping data for table `ec_orders`
--

LOCK TABLES `ec_orders` WRITE;
/*!40000 ALTER TABLE `ec_orders` DISABLE KEYS */;
INSERT INTO `ec_orders` VALUES (1,'#10000001',2,'1','default','completed',3308.00,0.00,0.00,NULL,NULL,0.00,3308.00,1,NULL,1,'2023-11-09 09:20:57','UyD141Gfo5Qqs5v7rPfJ4ehTRcec2',1,'2023-11-02 17:20:57','2023-11-09 09:20:57'),(2,'#10000002',6,'1','default','completed',2191.00,0.00,0.00,NULL,NULL,0.00,2191.00,1,NULL,1,'2023-11-09 09:20:58','KX9Uk7Mfw0HUtpAVl9RxiYcBGW5cH',2,'2023-10-24 13:20:57','2023-11-09 09:20:58'),(3,'#10000003',8,'1','default','completed',1772.00,0.00,0.00,NULL,NULL,0.00,1772.00,1,NULL,1,'2023-11-09 09:20:57','WwxSLCwQygvpV6jkkYSWwG9mCLCcd',3,'2023-10-25 09:20:57','2023-11-09 09:20:57'),(4,'#10000004',7,'1','default','pending',1289.00,0.00,0.00,NULL,NULL,0.00,1289.00,1,NULL,1,NULL,'wDkBjR7SsRX3rpuMDZ1bQQmFRuRoz',4,'2023-10-30 11:20:57','2023-11-09 09:20:57'),(5,'#10000005',3,'1','default','completed',1798.00,0.00,0.00,NULL,NULL,0.00,1798.00,1,NULL,1,'2023-11-09 09:20:58','P1zmIT4HE9GmiEbHeLgHpnoiqfZBv',5,'2023-11-08 01:20:57','2023-11-09 09:20:58'),(6,'#10000006',10,'1','default','pending',1857.00,0.00,0.00,NULL,NULL,0.00,1857.00,1,NULL,1,NULL,'MF2hJmj3lRrNH0VzbtoHBCRCCFqU4',6,'2023-11-03 03:20:57','2023-11-09 09:20:57'),(7,'#10000007',3,'1','default','completed',1109.00,0.00,0.00,NULL,NULL,0.00,1109.00,1,NULL,1,'2023-11-09 09:20:57','Rw3PxxDX9f2YYBFhZxivYkdhuBroj',7,'2023-10-29 21:20:57','2023-11-09 09:20:57'),(8,'#10000008',6,'1','default','pending',2243.00,0.00,0.00,NULL,NULL,0.00,2243.00,1,NULL,1,NULL,'xzcMKkicr9hLXv7uWs8McTjFCTrP5',8,'2023-10-31 17:20:57','2023-11-09 09:20:57'),(9,'#10000009',6,'1','default','completed',2546.00,0.00,0.00,NULL,NULL,0.00,2546.00,1,NULL,1,'2023-11-09 09:20:57','JW61X6I3SlnIkiBd69ZPlzE1ygWWa',9,'2023-11-03 09:20:57','2023-11-09 09:20:57'),(10,'#10000010',1,'1','default','pending',1592.00,0.00,0.00,NULL,NULL,0.00,1592.00,1,NULL,1,NULL,'0DdB6InCdrU9STnTzBIGxqMp0UnHk',10,'2023-11-02 01:20:57','2023-11-09 09:20:58'),(11,'#10000011',10,'1','default','completed',2611.00,0.00,0.00,NULL,NULL,0.00,2611.00,1,NULL,1,'2023-11-09 09:20:58','WxnhTGayNzevbjtE3KhfnCawMlGLs',11,'2023-11-01 21:20:58','2023-11-09 09:20:58'),(12,'#10000012',3,'1','default','completed',2194.00,0.00,0.00,NULL,NULL,0.00,2194.00,1,NULL,1,'2023-11-09 09:20:58','1bGdsV5YpS6MrcBEcqeA2xHKsMTef',12,'2023-11-08 15:20:58','2023-11-09 09:20:58'),(13,'#10000013',9,'1','default','pending',2124.00,0.00,0.00,NULL,NULL,0.00,2124.00,1,NULL,1,NULL,'3n5ZtvlU2HNRbT7u8YmVmEfSTPA8A',13,'2023-11-05 09:20:58','2023-11-09 09:20:58'),(14,'#10000014',10,'1','default','completed',2046.00,0.00,0.00,NULL,NULL,0.00,2046.00,1,NULL,1,'2023-11-09 09:20:58','lw3VijjYzUSzSMIyFNGB7SVUEJhoy',14,'2023-11-06 11:20:58','2023-11-09 09:20:58'),(15,'#10000015',9,'1','default','completed',2012.00,0.00,0.00,NULL,NULL,0.00,2012.00,1,NULL,1,'2023-11-09 09:20:58','L1nIeYtCeg4cyRnZF1bCIm8M2GEJd',15,'2023-11-07 21:20:58','2023-11-09 09:20:58'),(16,'#10000016',6,'1','default','pending',2096.00,0.00,0.00,NULL,NULL,0.00,2096.00,1,NULL,1,NULL,'aZmUyetmkn2ST53nZupRHtD7KkS1y',16,'2023-11-05 15:20:58','2023-11-09 09:20:58'),(17,'#10000017',6,'1','default','completed',1701.00,0.00,0.00,NULL,NULL,0.00,1701.00,1,NULL,1,'2023-11-09 09:20:58','lM0JiVfh5AS1vyUcC7zDqSC4GTbbv',17,'2023-11-07 09:20:58','2023-11-09 09:20:58'),(18,'#10000018',10,'1','default','pending',2782.00,0.00,0.00,NULL,NULL,0.00,2782.00,1,NULL,1,NULL,'W3ZSc75xwumFcqjDBL27GVECEzeAf',18,'2023-11-08 09:20:58','2023-11-09 09:20:58'),(19,'#10000019',1,'1','default','pending',2573.00,0.00,0.00,NULL,NULL,0.00,2573.00,1,NULL,1,NULL,'6eowAavEgcFP4NfVgTx0XqbOw9Imw',19,'2023-11-08 05:20:58','2023-11-09 09:20:58'),(20,'#10000020',3,'1','default','completed',1159.00,0.00,0.00,NULL,NULL,0.00,1159.00,1,NULL,1,'2023-11-09 09:20:58','DEL6SOLIXzzdyKstfz3azR5icvreh',20,'2023-11-08 13:20:58','2023-11-09 09:20:58');
/*!40000 ALTER TABLE `ec_orders` ENABLE KEYS */;
UNLOCK TABLES;

--
-- Table structure for table `ec_product_attribute_sets`
--

DROP TABLE IF EXISTS `ec_product_attribute_sets`;
/*!40101 SET @saved_cs_client     = @@character_set_client */;
/*!50503 SET character_set_client = utf8mb4 */;
CREATE TABLE `ec_product_attribute_sets` (
  `id` bigint unsigned NOT NULL AUTO_INCREMENT,
  `title` varchar(120) COLLATE utf8mb4_unicode_ci NOT NULL,
  `slug` varchar(120) COLLATE utf8mb4_unicode_ci DEFAULT NULL,
  `display_layout` varchar(191) COLLATE utf8mb4_unicode_ci NOT NULL DEFAULT 'swatch_dropdown',
  `is_searchable` tinyint unsigned NOT NULL DEFAULT '1',
  `is_comparable` tinyint unsigned NOT NULL DEFAULT '1',
  `is_use_in_product_listing` tinyint unsigned NOT NULL DEFAULT '0',
  `status` varchar(60) COLLATE utf8mb4_unicode_ci NOT NULL DEFAULT 'published',
  `order` tinyint unsigned NOT NULL DEFAULT '0',
  `created_at` timestamp NULL DEFAULT NULL,
  `updated_at` timestamp NULL DEFAULT NULL,
  `use_image_from_product_variation` tinyint unsigned NOT NULL DEFAULT '0',
  PRIMARY KEY (`id`)
) ENGINE=InnoDB AUTO_INCREMENT=3 DEFAULT CHARSET=utf8mb4 COLLATE=utf8mb4_unicode_ci;
/*!40101 SET character_set_client = @saved_cs_client */;

--
-- Dumping data for table `ec_product_attribute_sets`
--

LOCK TABLES `ec_product_attribute_sets` WRITE;
/*!40000 ALTER TABLE `ec_product_attribute_sets` DISABLE KEYS */;
INSERT INTO `ec_product_attribute_sets` VALUES (1,'Color','color','visual',1,1,1,'published',0,'2023-11-09 09:20:40','2023-11-09 09:20:40',1),(2,'Size','size','text',1,1,1,'published',1,'2023-11-09 09:20:40','2023-11-09 09:20:40',0);
/*!40000 ALTER TABLE `ec_product_attribute_sets` ENABLE KEYS */;
UNLOCK TABLES;

--
-- Table structure for table `ec_product_attribute_sets_translations`
--

DROP TABLE IF EXISTS `ec_product_attribute_sets_translations`;
/*!40101 SET @saved_cs_client     = @@character_set_client */;
/*!50503 SET character_set_client = utf8mb4 */;
CREATE TABLE `ec_product_attribute_sets_translations` (
  `lang_code` varchar(191) COLLATE utf8mb4_unicode_ci NOT NULL,
  `ec_product_attribute_sets_id` bigint unsigned NOT NULL,
  `title` varchar(191) COLLATE utf8mb4_unicode_ci DEFAULT NULL,
  PRIMARY KEY (`lang_code`,`ec_product_attribute_sets_id`)
) ENGINE=InnoDB DEFAULT CHARSET=utf8mb4 COLLATE=utf8mb4_unicode_ci;
/*!40101 SET character_set_client = @saved_cs_client */;

--
-- Dumping data for table `ec_product_attribute_sets_translations`
--

LOCK TABLES `ec_product_attribute_sets_translations` WRITE;
/*!40000 ALTER TABLE `ec_product_attribute_sets_translations` DISABLE KEYS */;
/*!40000 ALTER TABLE `ec_product_attribute_sets_translations` ENABLE KEYS */;
UNLOCK TABLES;

--
-- Table structure for table `ec_product_attributes`
--

DROP TABLE IF EXISTS `ec_product_attributes`;
/*!40101 SET @saved_cs_client     = @@character_set_client */;
/*!50503 SET character_set_client = utf8mb4 */;
CREATE TABLE `ec_product_attributes` (
  `id` bigint unsigned NOT NULL AUTO_INCREMENT,
  `attribute_set_id` bigint unsigned NOT NULL,
  `title` varchar(120) COLLATE utf8mb4_unicode_ci NOT NULL,
  `slug` varchar(120) COLLATE utf8mb4_unicode_ci DEFAULT NULL,
  `color` varchar(50) COLLATE utf8mb4_unicode_ci DEFAULT NULL,
  `image` varchar(191) COLLATE utf8mb4_unicode_ci DEFAULT NULL,
  `is_default` tinyint unsigned NOT NULL DEFAULT '0',
  `order` tinyint unsigned NOT NULL DEFAULT '0',
  `created_at` timestamp NULL DEFAULT NULL,
  `updated_at` timestamp NULL DEFAULT NULL,
  PRIMARY KEY (`id`),
  KEY `attribute_set_status_index` (`attribute_set_id`)
) ENGINE=InnoDB AUTO_INCREMENT=11 DEFAULT CHARSET=utf8mb4 COLLATE=utf8mb4_unicode_ci;
/*!40101 SET character_set_client = @saved_cs_client */;

--
-- Dumping data for table `ec_product_attributes`
--

LOCK TABLES `ec_product_attributes` WRITE;
/*!40000 ALTER TABLE `ec_product_attributes` DISABLE KEYS */;
INSERT INTO `ec_product_attributes` VALUES (1,1,'Green','green','#5FB7D4',NULL,1,1,'2023-11-09 09:20:40','2023-11-09 09:20:40'),(2,1,'Blue','blue','#333333',NULL,0,2,'2023-11-09 09:20:40','2023-11-09 09:20:40'),(3,1,'Red','red','#DA323F',NULL,0,3,'2023-11-09 09:20:40','2023-11-09 09:20:40'),(4,1,'Black','back','#2F366C',NULL,0,4,'2023-11-09 09:20:40','2023-11-09 09:20:40'),(5,1,'Brown','brown','#87554B',NULL,0,5,'2023-11-09 09:20:40','2023-11-09 09:20:40'),(6,2,'S','s',NULL,NULL,1,1,'2023-11-09 09:20:40','2023-11-09 09:20:40'),(7,2,'M','m',NULL,NULL,0,2,'2023-11-09 09:20:40','2023-11-09 09:20:40'),(8,2,'L','l',NULL,NULL,0,3,'2023-11-09 09:20:40','2023-11-09 09:20:40'),(9,2,'XL','xl',NULL,NULL,0,4,'2023-11-09 09:20:40','2023-11-09 09:20:40'),(10,2,'XXL','xxl',NULL,NULL,0,5,'2023-11-09 09:20:40','2023-11-09 09:20:40');
/*!40000 ALTER TABLE `ec_product_attributes` ENABLE KEYS */;
UNLOCK TABLES;

--
-- Table structure for table `ec_product_attributes_translations`
--

DROP TABLE IF EXISTS `ec_product_attributes_translations`;
/*!40101 SET @saved_cs_client     = @@character_set_client */;
/*!50503 SET character_set_client = utf8mb4 */;
CREATE TABLE `ec_product_attributes_translations` (
  `lang_code` varchar(191) COLLATE utf8mb4_unicode_ci NOT NULL,
  `ec_product_attributes_id` bigint unsigned NOT NULL,
  `title` varchar(191) COLLATE utf8mb4_unicode_ci DEFAULT NULL,
  PRIMARY KEY (`lang_code`,`ec_product_attributes_id`)
) ENGINE=InnoDB DEFAULT CHARSET=utf8mb4 COLLATE=utf8mb4_unicode_ci;
/*!40101 SET character_set_client = @saved_cs_client */;

--
-- Dumping data for table `ec_product_attributes_translations`
--

LOCK TABLES `ec_product_attributes_translations` WRITE;
/*!40000 ALTER TABLE `ec_product_attributes_translations` DISABLE KEYS */;
/*!40000 ALTER TABLE `ec_product_attributes_translations` ENABLE KEYS */;
UNLOCK TABLES;

--
-- Table structure for table `ec_product_categories`
--

DROP TABLE IF EXISTS `ec_product_categories`;
/*!40101 SET @saved_cs_client     = @@character_set_client */;
/*!50503 SET character_set_client = utf8mb4 */;
CREATE TABLE `ec_product_categories` (
  `id` bigint unsigned NOT NULL AUTO_INCREMENT,
  `name` varchar(191) COLLATE utf8mb4_unicode_ci NOT NULL,
  `parent_id` bigint unsigned NOT NULL DEFAULT '0',
  `description` mediumtext COLLATE utf8mb4_unicode_ci,
  `status` varchar(60) COLLATE utf8mb4_unicode_ci NOT NULL DEFAULT 'published',
  `order` int unsigned NOT NULL DEFAULT '0',
  `image` varchar(255) COLLATE utf8mb4_unicode_ci DEFAULT NULL,
  `is_featured` tinyint unsigned NOT NULL DEFAULT '0',
  `created_at` timestamp NULL DEFAULT NULL,
  `updated_at` timestamp NULL DEFAULT NULL,
  `icon` varchar(191) COLLATE utf8mb4_unicode_ci DEFAULT NULL,
  `icon_image` varchar(191) COLLATE utf8mb4_unicode_ci DEFAULT NULL,
  PRIMARY KEY (`id`),
  KEY `ec_product_categories_parent_id_status_created_at_index` (`parent_id`,`status`,`created_at`),
  KEY `ec_product_categories_parent_id_status_index` (`parent_id`,`status`)
) ENGINE=InnoDB AUTO_INCREMENT=18 DEFAULT CHARSET=utf8mb4 COLLATE=utf8mb4_unicode_ci;
/*!40101 SET character_set_client = @saved_cs_client */;

--
-- Dumping data for table `ec_product_categories`
--

LOCK TABLES `ec_product_categories` WRITE;
/*!40000 ALTER TABLE `ec_product_categories` DISABLE KEYS */;
INSERT INTO `ec_product_categories` VALUES (1,'Pro Glasses',0,NULL,'published',0,'banners/banner-2-01.jpg',1,'2023-11-09 09:20:39','2023-11-09 09:20:39',NULL,NULL),(2,'Casual Shoes',0,NULL,'published',0,'banners/banner-2-02.jpg',1,'2023-11-09 09:20:39','2023-11-09 09:20:39',NULL,NULL),(3,'Winter Jacket',2,NULL,'published',0,'banners/banner-2-03.jpg',1,'2023-11-09 09:20:39','2023-11-09 09:20:39',NULL,NULL),(4,'New Added',2,NULL,'published',0,'banners/banner-2-04.jpg',1,'2023-11-09 09:20:39','2023-11-09 09:20:39',NULL,NULL),(5,'Wooden',2,NULL,'published',0,NULL,1,'2023-11-09 09:20:39','2023-11-09 09:20:39',NULL,NULL),(6,'Furniture',2,NULL,'published',0,NULL,1,'2023-11-09 09:20:39','2023-11-09 09:20:39',NULL,NULL),(7,'Clock',2,NULL,'published',0,NULL,1,'2023-11-09 09:20:39','2023-11-09 09:20:39',NULL,NULL),(8,'Gifts',2,NULL,'published',0,NULL,1,'2023-11-09 09:20:39','2023-11-09 09:20:39',NULL,NULL),(9,'Crafts',2,NULL,'published',0,NULL,1,'2023-11-09 09:20:39','2023-11-09 09:20:39',NULL,NULL),(10,'Gift Sets',0,NULL,'published',0,'features/feature-icon-01.png',1,'2023-11-09 09:20:39','2023-11-09 09:20:39',NULL,NULL),(11,'Plastic Gifts',0,NULL,'published',0,'features/feature-icon-02.png',1,'2023-11-09 09:20:39','2023-11-09 09:20:39',NULL,NULL),(12,'Handy Cream',0,NULL,'published',0,'features/feature-icon-03.png',1,'2023-11-09 09:20:39','2023-11-09 09:20:39',NULL,NULL),(13,'Cosmetics',0,NULL,'published',0,'features/feature-icon-04.png',1,'2023-11-09 09:20:39','2023-11-09 09:20:39',NULL,NULL),(14,'Silk Accessories',0,NULL,'published',0,'features/feature-icon-05.png',1,'2023-11-09 09:20:39','2023-11-09 09:20:39',NULL,NULL),(15,'Finest Skincare Lotions',0,NULL,'published',0,'features/feature-icon-06.png',1,'2023-11-09 09:20:39','2023-11-09 09:20:39',NULL,NULL),(16,'Bags & Purses',0,NULL,'published',0,NULL,1,'2023-11-09 09:20:39','2023-11-09 09:20:39',NULL,NULL),(17,'Sunglasses',0,NULL,'published',0,NULL,1,'2023-11-09 09:20:39','2023-11-09 09:20:39',NULL,NULL);
/*!40000 ALTER TABLE `ec_product_categories` ENABLE KEYS */;
UNLOCK TABLES;

--
-- Table structure for table `ec_product_categories_translations`
--

DROP TABLE IF EXISTS `ec_product_categories_translations`;
/*!40101 SET @saved_cs_client     = @@character_set_client */;
/*!50503 SET character_set_client = utf8mb4 */;
CREATE TABLE `ec_product_categories_translations` (
  `lang_code` varchar(191) COLLATE utf8mb4_unicode_ci NOT NULL,
  `ec_product_categories_id` bigint unsigned NOT NULL,
  `name` varchar(191) COLLATE utf8mb4_unicode_ci DEFAULT NULL,
  `description` text COLLATE utf8mb4_unicode_ci,
  PRIMARY KEY (`lang_code`,`ec_product_categories_id`)
) ENGINE=InnoDB DEFAULT CHARSET=utf8mb4 COLLATE=utf8mb4_unicode_ci;
/*!40101 SET character_set_client = @saved_cs_client */;

--
-- Dumping data for table `ec_product_categories_translations`
--

LOCK TABLES `ec_product_categories_translations` WRITE;
/*!40000 ALTER TABLE `ec_product_categories_translations` DISABLE KEYS */;
/*!40000 ALTER TABLE `ec_product_categories_translations` ENABLE KEYS */;
UNLOCK TABLES;

--
-- Table structure for table `ec_product_categorizables`
--

DROP TABLE IF EXISTS `ec_product_categorizables`;
/*!40101 SET @saved_cs_client     = @@character_set_client */;
/*!50503 SET character_set_client = utf8mb4 */;
CREATE TABLE `ec_product_categorizables` (
  `category_id` bigint unsigned NOT NULL,
  `reference_id` bigint unsigned NOT NULL,
  `reference_type` varchar(120) COLLATE utf8mb4_unicode_ci NOT NULL,
  PRIMARY KEY (`category_id`,`reference_id`,`reference_type`),
  KEY `ec_product_categorizables_category_id_index` (`category_id`),
  KEY `ec_product_categorizables_reference_id_index` (`reference_id`),
  KEY `ec_product_categorizables_reference_type_index` (`reference_type`)
) ENGINE=InnoDB DEFAULT CHARSET=utf8mb4 COLLATE=utf8mb4_unicode_ci;
/*!40101 SET character_set_client = @saved_cs_client */;

--
-- Dumping data for table `ec_product_categorizables`
--

LOCK TABLES `ec_product_categorizables` WRITE;
/*!40000 ALTER TABLE `ec_product_categorizables` DISABLE KEYS */;
/*!40000 ALTER TABLE `ec_product_categorizables` ENABLE KEYS */;
UNLOCK TABLES;

--
-- Table structure for table `ec_product_category_product`
--

DROP TABLE IF EXISTS `ec_product_category_product`;
/*!40101 SET @saved_cs_client     = @@character_set_client */;
/*!50503 SET character_set_client = utf8mb4 */;
CREATE TABLE `ec_product_category_product` (
  `category_id` bigint unsigned NOT NULL,
  `product_id` bigint unsigned NOT NULL,
  PRIMARY KEY (`product_id`,`category_id`),
  KEY `ec_product_category_product_category_id_index` (`category_id`),
  KEY `ec_product_category_product_product_id_index` (`product_id`)
) ENGINE=InnoDB DEFAULT CHARSET=utf8mb4 COLLATE=utf8mb4_unicode_ci;
/*!40101 SET character_set_client = @saved_cs_client */;

--
-- Dumping data for table `ec_product_category_product`
--

LOCK TABLES `ec_product_category_product` WRITE;
/*!40000 ALTER TABLE `ec_product_category_product` DISABLE KEYS */;
INSERT INTO `ec_product_category_product` VALUES (1,2),(1,18),(1,21),(1,28),(1,33),(1,43),(1,46),(1,53),(1,64),(1,65),(2,17),(2,24),(2,27),(2,50),(2,60),(2,75),(3,16),(3,44),(4,3),(4,11),(4,13),(4,38),(4,49),(4,54),(4,73),(5,1),(5,6),(5,8),(5,20),(5,22),(5,39),(5,58),(6,32),(6,35),(6,42),(6,45),(6,63),(7,10),(7,12),(7,14),(7,36),(7,70),(8,5),(8,9),(8,19),(8,26),(8,34),(8,41),(8,48),(8,56),(8,66),(8,69),(9,30),(9,51),(9,55),(9,62),(9,67),(9,68),(9,71),(9,72),(9,74),(10,15),(10,23),(10,31),(10,37),(11,25),(11,59),(11,61),(12,47),(13,7),(13,40),(13,52),(14,4),(14,29),(14,57);
/*!40000 ALTER TABLE `ec_product_category_product` ENABLE KEYS */;
UNLOCK TABLES;

--
-- Table structure for table `ec_product_collection_products`
--

DROP TABLE IF EXISTS `ec_product_collection_products`;
/*!40101 SET @saved_cs_client     = @@character_set_client */;
/*!50503 SET character_set_client = utf8mb4 */;
CREATE TABLE `ec_product_collection_products` (
  `product_collection_id` bigint unsigned NOT NULL,
  `product_id` bigint unsigned NOT NULL,
  PRIMARY KEY (`product_id`,`product_collection_id`),
  KEY `ec_product_collection_products_product_collection_id_index` (`product_collection_id`),
  KEY `ec_product_collection_products_product_id_index` (`product_id`)
) ENGINE=InnoDB DEFAULT CHARSET=utf8mb4 COLLATE=utf8mb4_unicode_ci;
/*!40101 SET character_set_client = @saved_cs_client */;

--
-- Dumping data for table `ec_product_collection_products`
--

LOCK TABLES `ec_product_collection_products` WRITE;
/*!40000 ALTER TABLE `ec_product_collection_products` DISABLE KEYS */;
INSERT INTO `ec_product_collection_products` VALUES (1,13),(1,14),(1,17),(1,19),(1,22),(1,29),(1,30),(1,36),(1,38),(1,39),(1,40),(1,49),(1,50),(1,55),(1,58),(1,60),(1,61),(1,65),(1,68),(1,72),(2,1),(2,2),(2,7),(2,8),(2,12),(2,15),(2,18),(2,21),(2,26),(2,31),(2,33),(2,34),(2,35),(2,37),(2,42),(2,43),(2,45),(2,46),(2,48),(2,52),(2,54),(2,57),(2,62),(2,64),(2,66),(2,67),(3,3),(3,4),(3,5),(3,6),(3,9),(3,10),(3,11),(3,16),(3,20),(3,23),(3,24),(3,25),(3,27),(3,28),(3,32),(3,41),(3,44),(3,47),(3,51),(3,53),(3,56),(3,59),(3,63),(3,69),(3,70),(3,71),(3,73),(3,74),(3,75);
/*!40000 ALTER TABLE `ec_product_collection_products` ENABLE KEYS */;
UNLOCK TABLES;

--
-- Table structure for table `ec_product_collections`
--

DROP TABLE IF EXISTS `ec_product_collections`;
/*!40101 SET @saved_cs_client     = @@character_set_client */;
/*!50503 SET character_set_client = utf8mb4 */;
CREATE TABLE `ec_product_collections` (
  `id` bigint unsigned NOT NULL AUTO_INCREMENT,
  `name` varchar(191) COLLATE utf8mb4_unicode_ci NOT NULL,
  `slug` varchar(191) COLLATE utf8mb4_unicode_ci NOT NULL,
  `description` varchar(400) COLLATE utf8mb4_unicode_ci DEFAULT NULL,
  `image` varchar(255) COLLATE utf8mb4_unicode_ci DEFAULT NULL,
  `status` varchar(60) COLLATE utf8mb4_unicode_ci NOT NULL DEFAULT 'published',
  `created_at` timestamp NULL DEFAULT NULL,
  `updated_at` timestamp NULL DEFAULT NULL,
  `is_featured` tinyint unsigned NOT NULL DEFAULT '0',
  PRIMARY KEY (`id`)
) ENGINE=InnoDB AUTO_INCREMENT=8 DEFAULT CHARSET=utf8mb4 COLLATE=utf8mb4_unicode_ci;
/*!40101 SET character_set_client = @saved_cs_client */;

--
-- Dumping data for table `ec_product_collections`
--

LOCK TABLES `ec_product_collections` WRITE;
/*!40000 ALTER TABLE `ec_product_collections` DISABLE KEYS */;
INSERT INTO `ec_product_collections` VALUES (1,'New Arrival','new-arrival',NULL,NULL,'published','2023-11-09 09:20:40','2023-11-09 09:20:40',0),(2,'Best Sellers','best-sellers',NULL,NULL,'published','2023-11-09 09:20:40','2023-11-09 09:20:40',0),(3,'Special Offer','special-offer',NULL,NULL,'published','2023-11-09 09:20:40','2023-11-09 09:20:40',0),(4,'Reactive Providence Hair Color','reactive-providence-hair-color',NULL,'banners/thumb-01.jpg','published','2023-11-09 09:20:40','2023-11-09 09:20:40',0),(5,'New Modern &amp; Stylist Makeup','new-modern-stylist-makeup',NULL,'banners/thumb-02.jpg','published','2023-11-09 09:20:40','2023-11-09 09:20:40',0),(6,'Intensive Glow C+ Serum','intensive-glow-c-serum',NULL,'banners/thumb-03.jpg','published','2023-11-09 09:20:40','2023-11-09 09:20:40',0),(7,'Vogue','vogue',NULL,'banners/thumb-04.jpg','published','2023-11-09 09:20:40','2023-11-09 09:20:40',0);
/*!40000 ALTER TABLE `ec_product_collections` ENABLE KEYS */;
UNLOCK TABLES;

--
-- Table structure for table `ec_product_collections_translations`
--

DROP TABLE IF EXISTS `ec_product_collections_translations`;
/*!40101 SET @saved_cs_client     = @@character_set_client */;
/*!50503 SET character_set_client = utf8mb4 */;
CREATE TABLE `ec_product_collections_translations` (
  `lang_code` varchar(191) COLLATE utf8mb4_unicode_ci NOT NULL,
  `ec_product_collections_id` bigint unsigned NOT NULL,
  `name` varchar(191) COLLATE utf8mb4_unicode_ci DEFAULT NULL,
  `description` varchar(191) COLLATE utf8mb4_unicode_ci DEFAULT NULL,
  PRIMARY KEY (`lang_code`,`ec_product_collections_id`)
) ENGINE=InnoDB DEFAULT CHARSET=utf8mb4 COLLATE=utf8mb4_unicode_ci;
/*!40101 SET character_set_client = @saved_cs_client */;

--
-- Dumping data for table `ec_product_collections_translations`
--

LOCK TABLES `ec_product_collections_translations` WRITE;
/*!40000 ALTER TABLE `ec_product_collections_translations` DISABLE KEYS */;
/*!40000 ALTER TABLE `ec_product_collections_translations` ENABLE KEYS */;
UNLOCK TABLES;

--
-- Table structure for table `ec_product_cross_sale_relations`
--

DROP TABLE IF EXISTS `ec_product_cross_sale_relations`;
/*!40101 SET @saved_cs_client     = @@character_set_client */;
/*!50503 SET character_set_client = utf8mb4 */;
CREATE TABLE `ec_product_cross_sale_relations` (
  `from_product_id` bigint unsigned NOT NULL,
  `to_product_id` bigint unsigned NOT NULL,
  PRIMARY KEY (`from_product_id`,`to_product_id`),
  KEY `ec_product_cross_sale_relations_from_product_id_index` (`from_product_id`),
  KEY `ec_product_cross_sale_relations_to_product_id_index` (`to_product_id`)
) ENGINE=InnoDB DEFAULT CHARSET=utf8mb4 COLLATE=utf8mb4_unicode_ci;
/*!40101 SET character_set_client = @saved_cs_client */;

--
-- Dumping data for table `ec_product_cross_sale_relations`
--

LOCK TABLES `ec_product_cross_sale_relations` WRITE;
/*!40000 ALTER TABLE `ec_product_cross_sale_relations` DISABLE KEYS */;
INSERT INTO `ec_product_cross_sale_relations` VALUES (1,16),(1,25),(1,49),(1,64),(2,24),(2,47),(2,59),(2,61),(3,6),(3,24),(3,25),(3,51),(4,55),(4,65),(4,75),(5,8),(5,20),(5,42),(5,57),(6,1),(6,29),(6,30),(6,57),(7,26),(7,33),(7,54),(7,68),(8,6),(8,24),(8,59),(8,68),(9,7),(9,29),(9,52),(9,72),(10,17),(10,63),(10,68),(10,70),(11,7),(11,17),(11,20),(11,44),(12,5),(12,16),(12,24),(12,47),(13,8),(13,29),(13,30),(13,49),(14,7),(14,19),(14,60),(14,70),(15,1),(15,24),(15,26),(15,54),(16,45),(16,63),(16,74),(16,75),(17,13),(17,49),(17,53),(17,70),(18,36),(18,38),(18,47),(18,51),(19,2),(19,44),(19,47),(19,73),(20,56),(20,65),(20,68),(20,73),(21,26),(21,33),(21,49),(21,54),(22,12),(22,30),(22,41),(22,74),(23,25),(23,54),(23,66),(23,71),(24,1),(24,16),(24,28),(24,40),(25,6),(25,27),(25,35),(25,68),(26,5),(26,8),(26,27),(26,74),(27,26),(27,47),(27,48),(27,57),(28,35),(28,37),(28,50),(28,56),(29,19),(29,26),(29,43),(29,48),(30,9),(30,45),(30,47),(30,68),(31,24),(31,38),(31,52),(31,58),(32,15),(32,31),(32,66),(32,75),(33,32),(33,48),(33,56),(33,60),(34,19),(34,35),(34,38),(34,41),(35,36),(35,38),(35,48),(35,61),(36,11),(36,30),(36,34),(36,54),(37,5),(37,30),(37,55),(37,72),(38,7),(38,63),(38,65),(39,10),(39,40),(39,42),(39,54),(40,55),(40,59),(40,60),(41,22),(41,29),(41,50),(41,69),(42,47),(42,49),(42,61),(43,15),(43,19),(43,33),(43,63),(44,3),(44,12),(44,27),(44,72),(45,3),(45,23),(45,59),(45,70),(46,12),(46,15),(46,18),(46,26),(47,41),(47,42),(47,56),(47,60),(48,28),(48,55),(48,69),(49,25),(49,35),(49,36),(49,46),(50,6),(50,19),(50,47),(50,71),(51,29),(51,66),(51,67),(51,71),(52,43),(52,54),(52,71),(52,73),(53,12),(53,46),(53,69),(53,70),(54,13),(54,23),(54,29),(54,55),(55,3),(55,10),(55,22),(55,64),(56,2),(56,7),(56,27),(56,28),(57,2),(57,6),(57,31),(57,71),(58,13),(58,25),(58,52),(58,72),(59,4),(59,11),(59,62),(59,68),(60,22),(60,42),(60,52),(60,59),(61,34),(61,63),(61,69),(62,24),(62,59),(62,72),(62,75),(63,24),(63,41),(63,55),(63,61),(64,10),(64,18),(64,48),(64,74),(65,3),(65,23),(65,58),(65,62),(66,1),(66,10),(66,43),(66,50),(67,30),(67,43),(67,63),(67,73),(68,13),(68,20),(68,22),(68,32),(69,3),(69,24),(69,30),(69,32),(70,17),(70,49),(70,53),(70,62),(71,17),(71,21),(71,28),(71,54),(72,28),(72,49),(72,66),(72,69),(73,6),(73,30),(73,31),(73,69),(74,6),(74,22),(74,36),(74,48),(75,15),(75,18),(75,56),(75,68);
/*!40000 ALTER TABLE `ec_product_cross_sale_relations` ENABLE KEYS */;
UNLOCK TABLES;

--
-- Table structure for table `ec_product_files`
--

DROP TABLE IF EXISTS `ec_product_files`;
/*!40101 SET @saved_cs_client     = @@character_set_client */;
/*!50503 SET character_set_client = utf8mb4 */;
CREATE TABLE `ec_product_files` (
  `id` bigint unsigned NOT NULL AUTO_INCREMENT,
  `product_id` bigint unsigned DEFAULT NULL,
  `url` varchar(400) COLLATE utf8mb4_unicode_ci DEFAULT NULL,
  `extras` mediumtext COLLATE utf8mb4_unicode_ci,
  `created_at` timestamp NULL DEFAULT NULL,
  `updated_at` timestamp NULL DEFAULT NULL,
  PRIMARY KEY (`id`),
  KEY `ec_product_files_product_id_index` (`product_id`)
) ENGINE=InnoDB AUTO_INCREMENT=364 DEFAULT CHARSET=utf8mb4 COLLATE=utf8mb4_unicode_ci;
/*!40101 SET character_set_client = @saved_cs_client */;

--
-- Dumping data for table `ec_product_files`
--

LOCK TABLES `ec_product_files` WRITE;
/*!40000 ALTER TABLE `ec_product_files` DISABLE KEYS */;
INSERT INTO `ec_product_files` VALUES (1,76,'product-files/product-6.jpg','{\"filename\":\"product-6.jpg\",\"url\":\"product-files\\/product-6.jpg\",\"mime_type\":\"image\\/jpeg\",\"size\":9730,\"modified\":\"2023-11-09 16:20:48\",\"name\":\"product-6\",\"extension\":\"jpg\"}','2023-11-09 09:20:48','2023-11-09 09:20:48'),(2,76,'product-files/product-7.jpg','{\"filename\":\"product-7.jpg\",\"url\":\"product-files\\/product-7.jpg\",\"mime_type\":\"image\\/jpeg\",\"size\":9730,\"modified\":\"2023-11-09 16:20:48\",\"name\":\"product-7\",\"extension\":\"jpg\"}','2023-11-09 09:20:48','2023-11-09 09:20:48'),(3,76,'product-files/product-86.jpg','{\"filename\":\"product-86.jpg\",\"url\":\"product-files\\/product-86.jpg\",\"mime_type\":\"image\\/jpeg\",\"size\":9730,\"modified\":\"2023-11-09 16:20:48\",\"name\":\"product-86\",\"extension\":\"jpg\"}','2023-11-09 09:20:48','2023-11-09 09:20:48'),(4,76,'product-files/product-27.jpg','{\"filename\":\"product-27.jpg\",\"url\":\"product-files\\/product-27.jpg\",\"mime_type\":\"image\\/jpeg\",\"size\":9730,\"modified\":\"2023-11-09 16:20:48\",\"name\":\"product-27\",\"extension\":\"jpg\"}','2023-11-09 09:20:48','2023-11-09 09:20:48'),(5,76,'product-files/product-59.jpg','{\"filename\":\"product-59.jpg\",\"url\":\"product-files\\/product-59.jpg\",\"mime_type\":\"image\\/jpeg\",\"size\":9730,\"modified\":\"2023-11-09 16:20:48\",\"name\":\"product-59\",\"extension\":\"jpg\"}','2023-11-09 09:20:48','2023-11-09 09:20:48'),(6,76,'product-files/product-74.jpg','{\"filename\":\"product-74.jpg\",\"url\":\"product-files\\/product-74.jpg\",\"mime_type\":\"image\\/jpeg\",\"size\":9730,\"modified\":\"2023-11-09 16:20:48\",\"name\":\"product-74\",\"extension\":\"jpg\"}','2023-11-09 09:20:48','2023-11-09 09:20:48'),(7,77,'product-files/product-6.jpg','{\"filename\":\"product-6.jpg\",\"url\":\"product-files\\/product-6.jpg\",\"mime_type\":\"image\\/jpeg\",\"size\":9730,\"modified\":\"2023-11-09 16:20:48\",\"name\":\"product-6\",\"extension\":\"jpg\"}','2023-11-09 09:20:48','2023-11-09 09:20:48'),(8,77,'product-files/product-7.jpg','{\"filename\":\"product-7.jpg\",\"url\":\"product-files\\/product-7.jpg\",\"mime_type\":\"image\\/jpeg\",\"size\":9730,\"modified\":\"2023-11-09 16:20:48\",\"name\":\"product-7\",\"extension\":\"jpg\"}','2023-11-09 09:20:48','2023-11-09 09:20:48'),(9,77,'product-files/product-86.jpg','{\"filename\":\"product-86.jpg\",\"url\":\"product-files\\/product-86.jpg\",\"mime_type\":\"image\\/jpeg\",\"size\":9730,\"modified\":\"2023-11-09 16:20:48\",\"name\":\"product-86\",\"extension\":\"jpg\"}','2023-11-09 09:20:48','2023-11-09 09:20:48'),(10,77,'product-files/product-27.jpg','{\"filename\":\"product-27.jpg\",\"url\":\"product-files\\/product-27.jpg\",\"mime_type\":\"image\\/jpeg\",\"size\":9730,\"modified\":\"2023-11-09 16:20:48\",\"name\":\"product-27\",\"extension\":\"jpg\"}','2023-11-09 09:20:48','2023-11-09 09:20:48'),(11,77,'product-files/product-59.jpg','{\"filename\":\"product-59.jpg\",\"url\":\"product-files\\/product-59.jpg\",\"mime_type\":\"image\\/jpeg\",\"size\":9730,\"modified\":\"2023-11-09 16:20:48\",\"name\":\"product-59\",\"extension\":\"jpg\"}','2023-11-09 09:20:48','2023-11-09 09:20:48'),(12,77,'product-files/product-74.jpg','{\"filename\":\"product-74.jpg\",\"url\":\"product-files\\/product-74.jpg\",\"mime_type\":\"image\\/jpeg\",\"size\":9730,\"modified\":\"2023-11-09 16:20:48\",\"name\":\"product-74\",\"extension\":\"jpg\"}','2023-11-09 09:20:48','2023-11-09 09:20:48'),(13,78,'product-files/product-6.jpg','{\"filename\":\"product-6.jpg\",\"url\":\"product-files\\/product-6.jpg\",\"mime_type\":\"image\\/jpeg\",\"size\":9730,\"modified\":\"2023-11-09 16:20:48\",\"name\":\"product-6\",\"extension\":\"jpg\"}','2023-11-09 09:20:48','2023-11-09 09:20:48'),(14,78,'product-files/product-7.jpg','{\"filename\":\"product-7.jpg\",\"url\":\"product-files\\/product-7.jpg\",\"mime_type\":\"image\\/jpeg\",\"size\":9730,\"modified\":\"2023-11-09 16:20:48\",\"name\":\"product-7\",\"extension\":\"jpg\"}','2023-11-09 09:20:48','2023-11-09 09:20:48'),(15,78,'product-files/product-86.jpg','{\"filename\":\"product-86.jpg\",\"url\":\"product-files\\/product-86.jpg\",\"mime_type\":\"image\\/jpeg\",\"size\":9730,\"modified\":\"2023-11-09 16:20:48\",\"name\":\"product-86\",\"extension\":\"jpg\"}','2023-11-09 09:20:48','2023-11-09 09:20:48'),(16,78,'product-files/product-27.jpg','{\"filename\":\"product-27.jpg\",\"url\":\"product-files\\/product-27.jpg\",\"mime_type\":\"image\\/jpeg\",\"size\":9730,\"modified\":\"2023-11-09 16:20:48\",\"name\":\"product-27\",\"extension\":\"jpg\"}','2023-11-09 09:20:48','2023-11-09 09:20:48'),(17,78,'product-files/product-59.jpg','{\"filename\":\"product-59.jpg\",\"url\":\"product-files\\/product-59.jpg\",\"mime_type\":\"image\\/jpeg\",\"size\":9730,\"modified\":\"2023-11-09 16:20:48\",\"name\":\"product-59\",\"extension\":\"jpg\"}','2023-11-09 09:20:48','2023-11-09 09:20:48'),(18,78,'product-files/product-74.jpg','{\"filename\":\"product-74.jpg\",\"url\":\"product-files\\/product-74.jpg\",\"mime_type\":\"image\\/jpeg\",\"size\":9730,\"modified\":\"2023-11-09 16:20:48\",\"name\":\"product-74\",\"extension\":\"jpg\"}','2023-11-09 09:20:48','2023-11-09 09:20:48'),(19,87,'product-files/product-53.jpg','{\"filename\":\"product-53.jpg\",\"url\":\"product-files\\/product-53.jpg\",\"mime_type\":\"image\\/jpeg\",\"size\":9730,\"modified\":\"2023-11-09 16:20:49\",\"name\":\"product-53\",\"extension\":\"jpg\"}','2023-11-09 09:20:49','2023-11-09 09:20:49'),(20,87,'product-files/product-73.jpg','{\"filename\":\"product-73.jpg\",\"url\":\"product-files\\/product-73.jpg\",\"mime_type\":\"image\\/jpeg\",\"size\":9730,\"modified\":\"2023-11-09 16:20:49\",\"name\":\"product-73\",\"extension\":\"jpg\"}','2023-11-09 09:20:49','2023-11-09 09:20:49'),(21,87,'product-files/product-76.jpg','{\"filename\":\"product-76.jpg\",\"url\":\"product-files\\/product-76.jpg\",\"mime_type\":\"image\\/jpeg\",\"size\":9730,\"modified\":\"2023-11-09 16:20:49\",\"name\":\"product-76\",\"extension\":\"jpg\"}','2023-11-09 09:20:49','2023-11-09 09:20:49'),(22,87,'product-files/product-44.jpg','{\"filename\":\"product-44.jpg\",\"url\":\"product-files\\/product-44.jpg\",\"mime_type\":\"image\\/jpeg\",\"size\":9730,\"modified\":\"2023-11-09 16:20:49\",\"name\":\"product-44\",\"extension\":\"jpg\"}','2023-11-09 09:20:49','2023-11-09 09:20:49'),(23,87,'product-files/product-81.jpg','{\"filename\":\"product-81.jpg\",\"url\":\"product-files\\/product-81.jpg\",\"mime_type\":\"image\\/jpeg\",\"size\":9730,\"modified\":\"2023-11-09 16:20:49\",\"name\":\"product-81\",\"extension\":\"jpg\"}','2023-11-09 09:20:49','2023-11-09 09:20:49'),(24,87,'product-files/product-65.jpg','{\"filename\":\"product-65.jpg\",\"url\":\"product-files\\/product-65.jpg\",\"mime_type\":\"image\\/jpeg\",\"size\":9730,\"modified\":\"2023-11-09 16:20:49\",\"name\":\"product-65\",\"extension\":\"jpg\"}','2023-11-09 09:20:49','2023-11-09 09:20:49'),(25,87,'product-files/product-21.jpg','{\"filename\":\"product-21.jpg\",\"url\":\"product-files\\/product-21.jpg\",\"mime_type\":\"image\\/jpeg\",\"size\":9730,\"modified\":\"2023-11-09 16:20:49\",\"name\":\"product-21\",\"extension\":\"jpg\"}','2023-11-09 09:20:49','2023-11-09 09:20:49'),(26,87,'product-files/product-35.jpg','{\"filename\":\"product-35.jpg\",\"url\":\"product-files\\/product-35.jpg\",\"mime_type\":\"image\\/jpeg\",\"size\":9730,\"modified\":\"2023-11-09 16:20:49\",\"name\":\"product-35\",\"extension\":\"jpg\"}','2023-11-09 09:20:49','2023-11-09 09:20:49'),(27,87,'product-files/product-57.jpg','{\"filename\":\"product-57.jpg\",\"url\":\"product-files\\/product-57.jpg\",\"mime_type\":\"image\\/jpeg\",\"size\":9730,\"modified\":\"2023-11-09 16:20:49\",\"name\":\"product-57\",\"extension\":\"jpg\"}','2023-11-09 09:20:49','2023-11-09 09:20:49'),(28,87,'product-files/product-92.jpg','{\"filename\":\"product-92.jpg\",\"url\":\"product-files\\/product-92.jpg\",\"mime_type\":\"image\\/jpeg\",\"size\":9730,\"modified\":\"2023-11-09 16:20:49\",\"name\":\"product-92\",\"extension\":\"jpg\"}','2023-11-09 09:20:49','2023-11-09 09:20:49'),(29,87,'product-files/product-43.jpg','{\"filename\":\"product-43.jpg\",\"url\":\"product-files\\/product-43.jpg\",\"mime_type\":\"image\\/jpeg\",\"size\":9730,\"modified\":\"2023-11-09 16:20:49\",\"name\":\"product-43\",\"extension\":\"jpg\"}','2023-11-09 09:20:49','2023-11-09 09:20:49'),(30,88,'product-files/product-53.jpg','{\"filename\":\"product-53.jpg\",\"url\":\"product-files\\/product-53.jpg\",\"mime_type\":\"image\\/jpeg\",\"size\":9730,\"modified\":\"2023-11-09 16:20:49\",\"name\":\"product-53\",\"extension\":\"jpg\"}','2023-11-09 09:20:49','2023-11-09 09:20:49'),(31,88,'product-files/product-73.jpg','{\"filename\":\"product-73.jpg\",\"url\":\"product-files\\/product-73.jpg\",\"mime_type\":\"image\\/jpeg\",\"size\":9730,\"modified\":\"2023-11-09 16:20:49\",\"name\":\"product-73\",\"extension\":\"jpg\"}','2023-11-09 09:20:49','2023-11-09 09:20:49'),(32,88,'product-files/product-76.jpg','{\"filename\":\"product-76.jpg\",\"url\":\"product-files\\/product-76.jpg\",\"mime_type\":\"image\\/jpeg\",\"size\":9730,\"modified\":\"2023-11-09 16:20:49\",\"name\":\"product-76\",\"extension\":\"jpg\"}','2023-11-09 09:20:49','2023-11-09 09:20:49'),(33,88,'product-files/product-44.jpg','{\"filename\":\"product-44.jpg\",\"url\":\"product-files\\/product-44.jpg\",\"mime_type\":\"image\\/jpeg\",\"size\":9730,\"modified\":\"2023-11-09 16:20:49\",\"name\":\"product-44\",\"extension\":\"jpg\"}','2023-11-09 09:20:49','2023-11-09 09:20:49'),(34,88,'product-files/product-81.jpg','{\"filename\":\"product-81.jpg\",\"url\":\"product-files\\/product-81.jpg\",\"mime_type\":\"image\\/jpeg\",\"size\":9730,\"modified\":\"2023-11-09 16:20:49\",\"name\":\"product-81\",\"extension\":\"jpg\"}','2023-11-09 09:20:49','2023-11-09 09:20:49'),(35,88,'product-files/product-65.jpg','{\"filename\":\"product-65.jpg\",\"url\":\"product-files\\/product-65.jpg\",\"mime_type\":\"image\\/jpeg\",\"size\":9730,\"modified\":\"2023-11-09 16:20:49\",\"name\":\"product-65\",\"extension\":\"jpg\"}','2023-11-09 09:20:49','2023-11-09 09:20:49'),(36,88,'product-files/product-21.jpg','{\"filename\":\"product-21.jpg\",\"url\":\"product-files\\/product-21.jpg\",\"mime_type\":\"image\\/jpeg\",\"size\":9730,\"modified\":\"2023-11-09 16:20:49\",\"name\":\"product-21\",\"extension\":\"jpg\"}','2023-11-09 09:20:49','2023-11-09 09:20:49'),(37,88,'product-files/product-35.jpg','{\"filename\":\"product-35.jpg\",\"url\":\"product-files\\/product-35.jpg\",\"mime_type\":\"image\\/jpeg\",\"size\":9730,\"modified\":\"2023-11-09 16:20:49\",\"name\":\"product-35\",\"extension\":\"jpg\"}','2023-11-09 09:20:49','2023-11-09 09:20:49'),(38,88,'product-files/product-57.jpg','{\"filename\":\"product-57.jpg\",\"url\":\"product-files\\/product-57.jpg\",\"mime_type\":\"image\\/jpeg\",\"size\":9730,\"modified\":\"2023-11-09 16:20:49\",\"name\":\"product-57\",\"extension\":\"jpg\"}','2023-11-09 09:20:49','2023-11-09 09:20:49'),(39,88,'product-files/product-92.jpg','{\"filename\":\"product-92.jpg\",\"url\":\"product-files\\/product-92.jpg\",\"mime_type\":\"image\\/jpeg\",\"size\":9730,\"modified\":\"2023-11-09 16:20:49\",\"name\":\"product-92\",\"extension\":\"jpg\"}','2023-11-09 09:20:49','2023-11-09 09:20:49'),(40,88,'product-files/product-43.jpg','{\"filename\":\"product-43.jpg\",\"url\":\"product-files\\/product-43.jpg\",\"mime_type\":\"image\\/jpeg\",\"size\":9730,\"modified\":\"2023-11-09 16:20:49\",\"name\":\"product-43\",\"extension\":\"jpg\"}','2023-11-09 09:20:49','2023-11-09 09:20:49'),(41,89,'product-files/product-53.jpg','{\"filename\":\"product-53.jpg\",\"url\":\"product-files\\/product-53.jpg\",\"mime_type\":\"image\\/jpeg\",\"size\":9730,\"modified\":\"2023-11-09 16:20:49\",\"name\":\"product-53\",\"extension\":\"jpg\"}','2023-11-09 09:20:49','2023-11-09 09:20:49'),(42,89,'product-files/product-73.jpg','{\"filename\":\"product-73.jpg\",\"url\":\"product-files\\/product-73.jpg\",\"mime_type\":\"image\\/jpeg\",\"size\":9730,\"modified\":\"2023-11-09 16:20:49\",\"name\":\"product-73\",\"extension\":\"jpg\"}','2023-11-09 09:20:49','2023-11-09 09:20:49'),(43,89,'product-files/product-76.jpg','{\"filename\":\"product-76.jpg\",\"url\":\"product-files\\/product-76.jpg\",\"mime_type\":\"image\\/jpeg\",\"size\":9730,\"modified\":\"2023-11-09 16:20:49\",\"name\":\"product-76\",\"extension\":\"jpg\"}','2023-11-09 09:20:49','2023-11-09 09:20:49'),(44,89,'product-files/product-44.jpg','{\"filename\":\"product-44.jpg\",\"url\":\"product-files\\/product-44.jpg\",\"mime_type\":\"image\\/jpeg\",\"size\":9730,\"modified\":\"2023-11-09 16:20:49\",\"name\":\"product-44\",\"extension\":\"jpg\"}','2023-11-09 09:20:49','2023-11-09 09:20:49'),(45,89,'product-files/product-81.jpg','{\"filename\":\"product-81.jpg\",\"url\":\"product-files\\/product-81.jpg\",\"mime_type\":\"image\\/jpeg\",\"size\":9730,\"modified\":\"2023-11-09 16:20:49\",\"name\":\"product-81\",\"extension\":\"jpg\"}','2023-11-09 09:20:49','2023-11-09 09:20:49'),(46,89,'product-files/product-65.jpg','{\"filename\":\"product-65.jpg\",\"url\":\"product-files\\/product-65.jpg\",\"mime_type\":\"image\\/jpeg\",\"size\":9730,\"modified\":\"2023-11-09 16:20:49\",\"name\":\"product-65\",\"extension\":\"jpg\"}','2023-11-09 09:20:49','2023-11-09 09:20:49'),(47,89,'product-files/product-21.jpg','{\"filename\":\"product-21.jpg\",\"url\":\"product-files\\/product-21.jpg\",\"mime_type\":\"image\\/jpeg\",\"size\":9730,\"modified\":\"2023-11-09 16:20:49\",\"name\":\"product-21\",\"extension\":\"jpg\"}','2023-11-09 09:20:49','2023-11-09 09:20:49'),(48,89,'product-files/product-35.jpg','{\"filename\":\"product-35.jpg\",\"url\":\"product-files\\/product-35.jpg\",\"mime_type\":\"image\\/jpeg\",\"size\":9730,\"modified\":\"2023-11-09 16:20:49\",\"name\":\"product-35\",\"extension\":\"jpg\"}','2023-11-09 09:20:49','2023-11-09 09:20:49'),(49,89,'product-files/product-57.jpg','{\"filename\":\"product-57.jpg\",\"url\":\"product-files\\/product-57.jpg\",\"mime_type\":\"image\\/jpeg\",\"size\":9730,\"modified\":\"2023-11-09 16:20:49\",\"name\":\"product-57\",\"extension\":\"jpg\"}','2023-11-09 09:20:49','2023-11-09 09:20:49'),(50,89,'product-files/product-92.jpg','{\"filename\":\"product-92.jpg\",\"url\":\"product-files\\/product-92.jpg\",\"mime_type\":\"image\\/jpeg\",\"size\":9730,\"modified\":\"2023-11-09 16:20:49\",\"name\":\"product-92\",\"extension\":\"jpg\"}','2023-11-09 09:20:49','2023-11-09 09:20:49'),(51,89,'product-files/product-43.jpg','{\"filename\":\"product-43.jpg\",\"url\":\"product-files\\/product-43.jpg\",\"mime_type\":\"image\\/jpeg\",\"size\":9730,\"modified\":\"2023-11-09 16:20:49\",\"name\":\"product-43\",\"extension\":\"jpg\"}','2023-11-09 09:20:49','2023-11-09 09:20:49'),(52,90,'product-files/product-53.jpg','{\"filename\":\"product-53.jpg\",\"url\":\"product-files\\/product-53.jpg\",\"mime_type\":\"image\\/jpeg\",\"size\":9730,\"modified\":\"2023-11-09 16:20:49\",\"name\":\"product-53\",\"extension\":\"jpg\"}','2023-11-09 09:20:49','2023-11-09 09:20:49'),(53,90,'product-files/product-73.jpg','{\"filename\":\"product-73.jpg\",\"url\":\"product-files\\/product-73.jpg\",\"mime_type\":\"image\\/jpeg\",\"size\":9730,\"modified\":\"2023-11-09 16:20:49\",\"name\":\"product-73\",\"extension\":\"jpg\"}','2023-11-09 09:20:49','2023-11-09 09:20:49'),(54,90,'product-files/product-76.jpg','{\"filename\":\"product-76.jpg\",\"url\":\"product-files\\/product-76.jpg\",\"mime_type\":\"image\\/jpeg\",\"size\":9730,\"modified\":\"2023-11-09 16:20:49\",\"name\":\"product-76\",\"extension\":\"jpg\"}','2023-11-09 09:20:49','2023-11-09 09:20:49'),(55,90,'product-files/product-44.jpg','{\"filename\":\"product-44.jpg\",\"url\":\"product-files\\/product-44.jpg\",\"mime_type\":\"image\\/jpeg\",\"size\":9730,\"modified\":\"2023-11-09 16:20:49\",\"name\":\"product-44\",\"extension\":\"jpg\"}','2023-11-09 09:20:49','2023-11-09 09:20:49'),(56,90,'product-files/product-81.jpg','{\"filename\":\"product-81.jpg\",\"url\":\"product-files\\/product-81.jpg\",\"mime_type\":\"image\\/jpeg\",\"size\":9730,\"modified\":\"2023-11-09 16:20:49\",\"name\":\"product-81\",\"extension\":\"jpg\"}','2023-11-09 09:20:49','2023-11-09 09:20:49'),(57,90,'product-files/product-65.jpg','{\"filename\":\"product-65.jpg\",\"url\":\"product-files\\/product-65.jpg\",\"mime_type\":\"image\\/jpeg\",\"size\":9730,\"modified\":\"2023-11-09 16:20:49\",\"name\":\"product-65\",\"extension\":\"jpg\"}','2023-11-09 09:20:49','2023-11-09 09:20:49'),(58,90,'product-files/product-21.jpg','{\"filename\":\"product-21.jpg\",\"url\":\"product-files\\/product-21.jpg\",\"mime_type\":\"image\\/jpeg\",\"size\":9730,\"modified\":\"2023-11-09 16:20:49\",\"name\":\"product-21\",\"extension\":\"jpg\"}','2023-11-09 09:20:49','2023-11-09 09:20:49'),(59,90,'product-files/product-35.jpg','{\"filename\":\"product-35.jpg\",\"url\":\"product-files\\/product-35.jpg\",\"mime_type\":\"image\\/jpeg\",\"size\":9730,\"modified\":\"2023-11-09 16:20:49\",\"name\":\"product-35\",\"extension\":\"jpg\"}','2023-11-09 09:20:49','2023-11-09 09:20:49'),(60,90,'product-files/product-57.jpg','{\"filename\":\"product-57.jpg\",\"url\":\"product-files\\/product-57.jpg\",\"mime_type\":\"image\\/jpeg\",\"size\":9730,\"modified\":\"2023-11-09 16:20:49\",\"name\":\"product-57\",\"extension\":\"jpg\"}','2023-11-09 09:20:49','2023-11-09 09:20:49'),(61,90,'product-files/product-92.jpg','{\"filename\":\"product-92.jpg\",\"url\":\"product-files\\/product-92.jpg\",\"mime_type\":\"image\\/jpeg\",\"size\":9730,\"modified\":\"2023-11-09 16:20:49\",\"name\":\"product-92\",\"extension\":\"jpg\"}','2023-11-09 09:20:49','2023-11-09 09:20:49'),(62,90,'product-files/product-43.jpg','{\"filename\":\"product-43.jpg\",\"url\":\"product-files\\/product-43.jpg\",\"mime_type\":\"image\\/jpeg\",\"size\":9730,\"modified\":\"2023-11-09 16:20:49\",\"name\":\"product-43\",\"extension\":\"jpg\"}','2023-11-09 09:20:49','2023-11-09 09:20:49'),(63,101,'product-files/product-65.jpg','{\"filename\":\"product-65.jpg\",\"url\":\"product-files\\/product-65.jpg\",\"mime_type\":\"image\\/jpeg\",\"size\":9730,\"modified\":\"2023-11-09 16:20:49\",\"name\":\"product-65\",\"extension\":\"jpg\"}','2023-11-09 09:20:49','2023-11-09 09:20:49'),(64,101,'product-files/product-18.jpg','{\"filename\":\"product-18.jpg\",\"url\":\"product-files\\/product-18.jpg\",\"mime_type\":\"image\\/jpeg\",\"size\":9730,\"modified\":\"2023-11-09 16:20:49\",\"name\":\"product-18\",\"extension\":\"jpg\"}','2023-11-09 09:20:49','2023-11-09 09:20:49'),(65,101,'product-files/product-69.jpg','{\"filename\":\"product-69.jpg\",\"url\":\"product-files\\/product-69.jpg\",\"mime_type\":\"image\\/jpeg\",\"size\":9730,\"modified\":\"2023-11-09 16:20:49\",\"name\":\"product-69\",\"extension\":\"jpg\"}','2023-11-09 09:20:49','2023-11-09 09:20:49'),(66,101,'product-files/product-3.jpg','{\"filename\":\"product-3.jpg\",\"url\":\"product-files\\/product-3.jpg\",\"mime_type\":\"image\\/jpeg\",\"size\":9730,\"modified\":\"2023-11-09 16:20:49\",\"name\":\"product-3\",\"extension\":\"jpg\"}','2023-11-09 09:20:49','2023-11-09 09:20:49'),(67,101,'product-files/product-79.jpg','{\"filename\":\"product-79.jpg\",\"url\":\"product-files\\/product-79.jpg\",\"mime_type\":\"image\\/jpeg\",\"size\":9730,\"modified\":\"2023-11-09 16:20:49\",\"name\":\"product-79\",\"extension\":\"jpg\"}','2023-11-09 09:20:49','2023-11-09 09:20:49'),(68,101,'product-files/product-31.jpg','{\"filename\":\"product-31.jpg\",\"url\":\"product-files\\/product-31.jpg\",\"mime_type\":\"image\\/jpeg\",\"size\":9730,\"modified\":\"2023-11-09 16:20:49\",\"name\":\"product-31\",\"extension\":\"jpg\"}','2023-11-09 09:20:49','2023-11-09 09:20:49'),(69,101,'product-files/product-42.jpg','{\"filename\":\"product-42.jpg\",\"url\":\"product-files\\/product-42.jpg\",\"mime_type\":\"image\\/jpeg\",\"size\":9730,\"modified\":\"2023-11-09 16:20:49\",\"name\":\"product-42\",\"extension\":\"jpg\"}','2023-11-09 09:20:49','2023-11-09 09:20:49'),(70,102,'product-files/product-65.jpg','{\"filename\":\"product-65.jpg\",\"url\":\"product-files\\/product-65.jpg\",\"mime_type\":\"image\\/jpeg\",\"size\":9730,\"modified\":\"2023-11-09 16:20:49\",\"name\":\"product-65\",\"extension\":\"jpg\"}','2023-11-09 09:20:49','2023-11-09 09:20:49'),(71,102,'product-files/product-18.jpg','{\"filename\":\"product-18.jpg\",\"url\":\"product-files\\/product-18.jpg\",\"mime_type\":\"image\\/jpeg\",\"size\":9730,\"modified\":\"2023-11-09 16:20:49\",\"name\":\"product-18\",\"extension\":\"jpg\"}','2023-11-09 09:20:49','2023-11-09 09:20:49'),(72,102,'product-files/product-69.jpg','{\"filename\":\"product-69.jpg\",\"url\":\"product-files\\/product-69.jpg\",\"mime_type\":\"image\\/jpeg\",\"size\":9730,\"modified\":\"2023-11-09 16:20:49\",\"name\":\"product-69\",\"extension\":\"jpg\"}','2023-11-09 09:20:49','2023-11-09 09:20:49'),(73,102,'product-files/product-3.jpg','{\"filename\":\"product-3.jpg\",\"url\":\"product-files\\/product-3.jpg\",\"mime_type\":\"image\\/jpeg\",\"size\":9730,\"modified\":\"2023-11-09 16:20:49\",\"name\":\"product-3\",\"extension\":\"jpg\"}','2023-11-09 09:20:49','2023-11-09 09:20:49'),(74,102,'product-files/product-79.jpg','{\"filename\":\"product-79.jpg\",\"url\":\"product-files\\/product-79.jpg\",\"mime_type\":\"image\\/jpeg\",\"size\":9730,\"modified\":\"2023-11-09 16:20:49\",\"name\":\"product-79\",\"extension\":\"jpg\"}','2023-11-09 09:20:49','2023-11-09 09:20:49'),(75,102,'product-files/product-31.jpg','{\"filename\":\"product-31.jpg\",\"url\":\"product-files\\/product-31.jpg\",\"mime_type\":\"image\\/jpeg\",\"size\":9730,\"modified\":\"2023-11-09 16:20:49\",\"name\":\"product-31\",\"extension\":\"jpg\"}','2023-11-09 09:20:49','2023-11-09 09:20:49'),(76,102,'product-files/product-42.jpg','{\"filename\":\"product-42.jpg\",\"url\":\"product-files\\/product-42.jpg\",\"mime_type\":\"image\\/jpeg\",\"size\":9730,\"modified\":\"2023-11-09 16:20:49\",\"name\":\"product-42\",\"extension\":\"jpg\"}','2023-11-09 09:20:49','2023-11-09 09:20:49'),(77,103,'product-files/product-65.jpg','{\"filename\":\"product-65.jpg\",\"url\":\"product-files\\/product-65.jpg\",\"mime_type\":\"image\\/jpeg\",\"size\":9730,\"modified\":\"2023-11-09 16:20:49\",\"name\":\"product-65\",\"extension\":\"jpg\"}','2023-11-09 09:20:49','2023-11-09 09:20:49'),(78,103,'product-files/product-18.jpg','{\"filename\":\"product-18.jpg\",\"url\":\"product-files\\/product-18.jpg\",\"mime_type\":\"image\\/jpeg\",\"size\":9730,\"modified\":\"2023-11-09 16:20:49\",\"name\":\"product-18\",\"extension\":\"jpg\"}','2023-11-09 09:20:49','2023-11-09 09:20:49'),(79,103,'product-files/product-69.jpg','{\"filename\":\"product-69.jpg\",\"url\":\"product-files\\/product-69.jpg\",\"mime_type\":\"image\\/jpeg\",\"size\":9730,\"modified\":\"2023-11-09 16:20:49\",\"name\":\"product-69\",\"extension\":\"jpg\"}','2023-11-09 09:20:49','2023-11-09 09:20:49'),(80,103,'product-files/product-3.jpg','{\"filename\":\"product-3.jpg\",\"url\":\"product-files\\/product-3.jpg\",\"mime_type\":\"image\\/jpeg\",\"size\":9730,\"modified\":\"2023-11-09 16:20:49\",\"name\":\"product-3\",\"extension\":\"jpg\"}','2023-11-09 09:20:49','2023-11-09 09:20:49'),(81,103,'product-files/product-79.jpg','{\"filename\":\"product-79.jpg\",\"url\":\"product-files\\/product-79.jpg\",\"mime_type\":\"image\\/jpeg\",\"size\":9730,\"modified\":\"2023-11-09 16:20:49\",\"name\":\"product-79\",\"extension\":\"jpg\"}','2023-11-09 09:20:49','2023-11-09 09:20:49'),(82,103,'product-files/product-31.jpg','{\"filename\":\"product-31.jpg\",\"url\":\"product-files\\/product-31.jpg\",\"mime_type\":\"image\\/jpeg\",\"size\":9730,\"modified\":\"2023-11-09 16:20:49\",\"name\":\"product-31\",\"extension\":\"jpg\"}','2023-11-09 09:20:49','2023-11-09 09:20:49'),(83,103,'product-files/product-42.jpg','{\"filename\":\"product-42.jpg\",\"url\":\"product-files\\/product-42.jpg\",\"mime_type\":\"image\\/jpeg\",\"size\":9730,\"modified\":\"2023-11-09 16:20:49\",\"name\":\"product-42\",\"extension\":\"jpg\"}','2023-11-09 09:20:49','2023-11-09 09:20:49'),(84,115,'product-files/product-3.jpg','{\"filename\":\"product-3.jpg\",\"url\":\"product-files\\/product-3.jpg\",\"mime_type\":\"image\\/jpeg\",\"size\":9730,\"modified\":\"2023-11-09 16:20:50\",\"name\":\"product-3\",\"extension\":\"jpg\"}','2023-11-09 09:20:50','2023-11-09 09:20:50'),(85,115,'product-files/product-36.jpg','{\"filename\":\"product-36.jpg\",\"url\":\"product-files\\/product-36.jpg\",\"mime_type\":\"image\\/jpeg\",\"size\":9730,\"modified\":\"2023-11-09 16:20:50\",\"name\":\"product-36\",\"extension\":\"jpg\"}','2023-11-09 09:20:50','2023-11-09 09:20:50'),(86,115,'product-files/product-44.jpg','{\"filename\":\"product-44.jpg\",\"url\":\"product-files\\/product-44.jpg\",\"mime_type\":\"image\\/jpeg\",\"size\":9730,\"modified\":\"2023-11-09 16:20:50\",\"name\":\"product-44\",\"extension\":\"jpg\"}','2023-11-09 09:20:50','2023-11-09 09:20:50'),(87,115,'product-files/product-28.jpg','{\"filename\":\"product-28.jpg\",\"url\":\"product-files\\/product-28.jpg\",\"mime_type\":\"image\\/jpeg\",\"size\":9730,\"modified\":\"2023-11-09 16:20:50\",\"name\":\"product-28\",\"extension\":\"jpg\"}','2023-11-09 09:20:50','2023-11-09 09:20:50'),(88,115,'product-files/product-14.jpg','{\"filename\":\"product-14.jpg\",\"url\":\"product-files\\/product-14.jpg\",\"mime_type\":\"image\\/jpeg\",\"size\":9730,\"modified\":\"2023-11-09 16:20:50\",\"name\":\"product-14\",\"extension\":\"jpg\"}','2023-11-09 09:20:50','2023-11-09 09:20:50'),(89,115,'product-files/product-6.jpg','{\"filename\":\"product-6.jpg\",\"url\":\"product-files\\/product-6.jpg\",\"mime_type\":\"image\\/jpeg\",\"size\":9730,\"modified\":\"2023-11-09 16:20:50\",\"name\":\"product-6\",\"extension\":\"jpg\"}','2023-11-09 09:20:50','2023-11-09 09:20:50'),(90,115,'product-files/product-71.jpg','{\"filename\":\"product-71.jpg\",\"url\":\"product-files\\/product-71.jpg\",\"mime_type\":\"image\\/jpeg\",\"size\":9730,\"modified\":\"2023-11-09 16:20:50\",\"name\":\"product-71\",\"extension\":\"jpg\"}','2023-11-09 09:20:50','2023-11-09 09:20:50'),(91,115,'product-files/product-19.jpg','{\"filename\":\"product-19.jpg\",\"url\":\"product-files\\/product-19.jpg\",\"mime_type\":\"image\\/jpeg\",\"size\":9730,\"modified\":\"2023-11-09 16:20:50\",\"name\":\"product-19\",\"extension\":\"jpg\"}','2023-11-09 09:20:50','2023-11-09 09:20:50'),(92,115,'product-files/product-73.jpg','{\"filename\":\"product-73.jpg\",\"url\":\"product-files\\/product-73.jpg\",\"mime_type\":\"image\\/jpeg\",\"size\":9730,\"modified\":\"2023-11-09 16:20:50\",\"name\":\"product-73\",\"extension\":\"jpg\"}','2023-11-09 09:20:50','2023-11-09 09:20:50'),(93,115,'product-files/product-62.jpg','{\"filename\":\"product-62.jpg\",\"url\":\"product-files\\/product-62.jpg\",\"mime_type\":\"image\\/jpeg\",\"size\":9730,\"modified\":\"2023-11-09 16:20:50\",\"name\":\"product-62\",\"extension\":\"jpg\"}','2023-11-09 09:20:50','2023-11-09 09:20:50'),(94,124,'product-files/product-48.jpg','{\"filename\":\"product-48.jpg\",\"url\":\"product-files\\/product-48.jpg\",\"mime_type\":\"image\\/jpeg\",\"size\":9730,\"modified\":\"2023-11-09 16:20:50\",\"name\":\"product-48\",\"extension\":\"jpg\"}','2023-11-09 09:20:50','2023-11-09 09:20:50'),(95,124,'product-files/product-87.jpg','{\"filename\":\"product-87.jpg\",\"url\":\"product-files\\/product-87.jpg\",\"mime_type\":\"image\\/jpeg\",\"size\":9730,\"modified\":\"2023-11-09 16:20:50\",\"name\":\"product-87\",\"extension\":\"jpg\"}','2023-11-09 09:20:50','2023-11-09 09:20:50'),(96,124,'product-files/product-12.jpg','{\"filename\":\"product-12.jpg\",\"url\":\"product-files\\/product-12.jpg\",\"mime_type\":\"image\\/jpeg\",\"size\":9730,\"modified\":\"2023-11-09 16:20:50\",\"name\":\"product-12\",\"extension\":\"jpg\"}','2023-11-09 09:20:50','2023-11-09 09:20:50'),(97,124,'product-files/product-60.jpg','{\"filename\":\"product-60.jpg\",\"url\":\"product-files\\/product-60.jpg\",\"mime_type\":\"image\\/jpeg\",\"size\":9730,\"modified\":\"2023-11-09 16:20:50\",\"name\":\"product-60\",\"extension\":\"jpg\"}','2023-11-09 09:20:50','2023-11-09 09:20:50'),(98,124,'product-files/product-70.jpg','{\"filename\":\"product-70.jpg\",\"url\":\"product-files\\/product-70.jpg\",\"mime_type\":\"image\\/jpeg\",\"size\":9730,\"modified\":\"2023-11-09 16:20:50\",\"name\":\"product-70\",\"extension\":\"jpg\"}','2023-11-09 09:20:50','2023-11-09 09:20:50'),(99,125,'product-files/product-48.jpg','{\"filename\":\"product-48.jpg\",\"url\":\"product-files\\/product-48.jpg\",\"mime_type\":\"image\\/jpeg\",\"size\":9730,\"modified\":\"2023-11-09 16:20:50\",\"name\":\"product-48\",\"extension\":\"jpg\"}','2023-11-09 09:20:50','2023-11-09 09:20:50'),(100,125,'product-files/product-87.jpg','{\"filename\":\"product-87.jpg\",\"url\":\"product-files\\/product-87.jpg\",\"mime_type\":\"image\\/jpeg\",\"size\":9730,\"modified\":\"2023-11-09 16:20:50\",\"name\":\"product-87\",\"extension\":\"jpg\"}','2023-11-09 09:20:50','2023-11-09 09:20:50'),(101,125,'product-files/product-12.jpg','{\"filename\":\"product-12.jpg\",\"url\":\"product-files\\/product-12.jpg\",\"mime_type\":\"image\\/jpeg\",\"size\":9730,\"modified\":\"2023-11-09 16:20:50\",\"name\":\"product-12\",\"extension\":\"jpg\"}','2023-11-09 09:20:50','2023-11-09 09:20:50'),(102,125,'product-files/product-60.jpg','{\"filename\":\"product-60.jpg\",\"url\":\"product-files\\/product-60.jpg\",\"mime_type\":\"image\\/jpeg\",\"size\":9730,\"modified\":\"2023-11-09 16:20:50\",\"name\":\"product-60\",\"extension\":\"jpg\"}','2023-11-09 09:20:50','2023-11-09 09:20:50'),(103,125,'product-files/product-70.jpg','{\"filename\":\"product-70.jpg\",\"url\":\"product-files\\/product-70.jpg\",\"mime_type\":\"image\\/jpeg\",\"size\":9730,\"modified\":\"2023-11-09 16:20:50\",\"name\":\"product-70\",\"extension\":\"jpg\"}','2023-11-09 09:20:50','2023-11-09 09:20:50'),(104,126,'product-files/product-48.jpg','{\"filename\":\"product-48.jpg\",\"url\":\"product-files\\/product-48.jpg\",\"mime_type\":\"image\\/jpeg\",\"size\":9730,\"modified\":\"2023-11-09 16:20:50\",\"name\":\"product-48\",\"extension\":\"jpg\"}','2023-11-09 09:20:50','2023-11-09 09:20:50'),(105,126,'product-files/product-87.jpg','{\"filename\":\"product-87.jpg\",\"url\":\"product-files\\/product-87.jpg\",\"mime_type\":\"image\\/jpeg\",\"size\":9730,\"modified\":\"2023-11-09 16:20:50\",\"name\":\"product-87\",\"extension\":\"jpg\"}','2023-11-09 09:20:50','2023-11-09 09:20:50'),(106,126,'product-files/product-12.jpg','{\"filename\":\"product-12.jpg\",\"url\":\"product-files\\/product-12.jpg\",\"mime_type\":\"image\\/jpeg\",\"size\":9730,\"modified\":\"2023-11-09 16:20:50\",\"name\":\"product-12\",\"extension\":\"jpg\"}','2023-11-09 09:20:50','2023-11-09 09:20:50'),(107,126,'product-files/product-60.jpg','{\"filename\":\"product-60.jpg\",\"url\":\"product-files\\/product-60.jpg\",\"mime_type\":\"image\\/jpeg\",\"size\":9730,\"modified\":\"2023-11-09 16:20:50\",\"name\":\"product-60\",\"extension\":\"jpg\"}','2023-11-09 09:20:50','2023-11-09 09:20:50'),(108,126,'product-files/product-70.jpg','{\"filename\":\"product-70.jpg\",\"url\":\"product-files\\/product-70.jpg\",\"mime_type\":\"image\\/jpeg\",\"size\":9730,\"modified\":\"2023-11-09 16:20:50\",\"name\":\"product-70\",\"extension\":\"jpg\"}','2023-11-09 09:20:50','2023-11-09 09:20:50'),(109,135,'product-files/product-70.jpg','{\"filename\":\"product-70.jpg\",\"url\":\"product-files\\/product-70.jpg\",\"mime_type\":\"image\\/jpeg\",\"size\":9730,\"modified\":\"2023-11-09 16:20:50\",\"name\":\"product-70\",\"extension\":\"jpg\"}','2023-11-09 09:20:50','2023-11-09 09:20:50'),(110,135,'product-files/product-54.jpg','{\"filename\":\"product-54.jpg\",\"url\":\"product-files\\/product-54.jpg\",\"mime_type\":\"image\\/jpeg\",\"size\":9730,\"modified\":\"2023-11-09 16:20:50\",\"name\":\"product-54\",\"extension\":\"jpg\"}','2023-11-09 09:20:50','2023-11-09 09:20:50'),(111,135,'product-files/product-82.jpg','{\"filename\":\"product-82.jpg\",\"url\":\"product-files\\/product-82.jpg\",\"mime_type\":\"image\\/jpeg\",\"size\":9730,\"modified\":\"2023-11-09 16:20:50\",\"name\":\"product-82\",\"extension\":\"jpg\"}','2023-11-09 09:20:50','2023-11-09 09:20:50'),(112,135,'product-files/product-5.jpg','{\"filename\":\"product-5.jpg\",\"url\":\"product-files\\/product-5.jpg\",\"mime_type\":\"image\\/jpeg\",\"size\":9730,\"modified\":\"2023-11-09 16:20:50\",\"name\":\"product-5\",\"extension\":\"jpg\"}','2023-11-09 09:20:50','2023-11-09 09:20:50'),(113,135,'product-files/product-42.jpg','{\"filename\":\"product-42.jpg\",\"url\":\"product-files\\/product-42.jpg\",\"mime_type\":\"image\\/jpeg\",\"size\":9730,\"modified\":\"2023-11-09 16:20:50\",\"name\":\"product-42\",\"extension\":\"jpg\"}','2023-11-09 09:20:50','2023-11-09 09:20:50'),(114,135,'product-files/product-16.jpg','{\"filename\":\"product-16.jpg\",\"url\":\"product-files\\/product-16.jpg\",\"mime_type\":\"image\\/jpeg\",\"size\":9730,\"modified\":\"2023-11-09 16:20:50\",\"name\":\"product-16\",\"extension\":\"jpg\"}','2023-11-09 09:20:50','2023-11-09 09:20:50'),(115,135,'product-files/product-58.jpg','{\"filename\":\"product-58.jpg\",\"url\":\"product-files\\/product-58.jpg\",\"mime_type\":\"image\\/jpeg\",\"size\":9730,\"modified\":\"2023-11-09 16:20:50\",\"name\":\"product-58\",\"extension\":\"jpg\"}','2023-11-09 09:20:50','2023-11-09 09:20:50'),(116,135,'product-files/product-13.jpg','{\"filename\":\"product-13.jpg\",\"url\":\"product-files\\/product-13.jpg\",\"mime_type\":\"image\\/jpeg\",\"size\":9730,\"modified\":\"2023-11-09 16:20:50\",\"name\":\"product-13\",\"extension\":\"jpg\"}','2023-11-09 09:20:50','2023-11-09 09:20:50'),(117,135,'product-files/product-23.jpg','{\"filename\":\"product-23.jpg\",\"url\":\"product-files\\/product-23.jpg\",\"mime_type\":\"image\\/jpeg\",\"size\":9730,\"modified\":\"2023-11-09 16:20:50\",\"name\":\"product-23\",\"extension\":\"jpg\"}','2023-11-09 09:20:50','2023-11-09 09:20:50'),(118,144,'product-files/product-8.jpg','{\"filename\":\"product-8.jpg\",\"url\":\"product-files\\/product-8.jpg\",\"mime_type\":\"image\\/jpeg\",\"size\":9730,\"modified\":\"2023-11-09 16:20:50\",\"name\":\"product-8\",\"extension\":\"jpg\"}','2023-11-09 09:20:50','2023-11-09 09:20:50'),(119,144,'product-files/product-21.jpg','{\"filename\":\"product-21.jpg\",\"url\":\"product-files\\/product-21.jpg\",\"mime_type\":\"image\\/jpeg\",\"size\":9730,\"modified\":\"2023-11-09 16:20:50\",\"name\":\"product-21\",\"extension\":\"jpg\"}','2023-11-09 09:20:50','2023-11-09 09:20:50'),(120,144,'product-files/product-49.jpg','{\"filename\":\"product-49.jpg\",\"url\":\"product-files\\/product-49.jpg\",\"mime_type\":\"image\\/jpeg\",\"size\":9730,\"modified\":\"2023-11-09 16:20:50\",\"name\":\"product-49\",\"extension\":\"jpg\"}','2023-11-09 09:20:50','2023-11-09 09:20:50'),(121,144,'product-files/product-90.jpg','{\"filename\":\"product-90.jpg\",\"url\":\"product-files\\/product-90.jpg\",\"mime_type\":\"image\\/jpeg\",\"size\":9730,\"modified\":\"2023-11-09 16:20:50\",\"name\":\"product-90\",\"extension\":\"jpg\"}','2023-11-09 09:20:50','2023-11-09 09:20:50'),(122,144,'product-files/product-42.jpg','{\"filename\":\"product-42.jpg\",\"url\":\"product-files\\/product-42.jpg\",\"mime_type\":\"image\\/jpeg\",\"size\":9730,\"modified\":\"2023-11-09 16:20:50\",\"name\":\"product-42\",\"extension\":\"jpg\"}','2023-11-09 09:20:50','2023-11-09 09:20:50'),(123,144,'product-files/product-53.jpg','{\"filename\":\"product-53.jpg\",\"url\":\"product-files\\/product-53.jpg\",\"mime_type\":\"image\\/jpeg\",\"size\":9730,\"modified\":\"2023-11-09 16:20:50\",\"name\":\"product-53\",\"extension\":\"jpg\"}','2023-11-09 09:20:50','2023-11-09 09:20:50'),(124,144,'product-files/product-67.jpg','{\"filename\":\"product-67.jpg\",\"url\":\"product-files\\/product-67.jpg\",\"mime_type\":\"image\\/jpeg\",\"size\":9730,\"modified\":\"2023-11-09 16:20:50\",\"name\":\"product-67\",\"extension\":\"jpg\"}','2023-11-09 09:20:50','2023-11-09 09:20:50'),(125,145,'product-files/product-8.jpg','{\"filename\":\"product-8.jpg\",\"url\":\"product-files\\/product-8.jpg\",\"mime_type\":\"image\\/jpeg\",\"size\":9730,\"modified\":\"2023-11-09 16:20:50\",\"name\":\"product-8\",\"extension\":\"jpg\"}','2023-11-09 09:20:50','2023-11-09 09:20:50'),(126,145,'product-files/product-21.jpg','{\"filename\":\"product-21.jpg\",\"url\":\"product-files\\/product-21.jpg\",\"mime_type\":\"image\\/jpeg\",\"size\":9730,\"modified\":\"2023-11-09 16:20:50\",\"name\":\"product-21\",\"extension\":\"jpg\"}','2023-11-09 09:20:50','2023-11-09 09:20:50'),(127,145,'product-files/product-49.jpg','{\"filename\":\"product-49.jpg\",\"url\":\"product-files\\/product-49.jpg\",\"mime_type\":\"image\\/jpeg\",\"size\":9730,\"modified\":\"2023-11-09 16:20:50\",\"name\":\"product-49\",\"extension\":\"jpg\"}','2023-11-09 09:20:50','2023-11-09 09:20:50'),(128,145,'product-files/product-90.jpg','{\"filename\":\"product-90.jpg\",\"url\":\"product-files\\/product-90.jpg\",\"mime_type\":\"image\\/jpeg\",\"size\":9730,\"modified\":\"2023-11-09 16:20:50\",\"name\":\"product-90\",\"extension\":\"jpg\"}','2023-11-09 09:20:50','2023-11-09 09:20:50'),(129,145,'product-files/product-42.jpg','{\"filename\":\"product-42.jpg\",\"url\":\"product-files\\/product-42.jpg\",\"mime_type\":\"image\\/jpeg\",\"size\":9730,\"modified\":\"2023-11-09 16:20:50\",\"name\":\"product-42\",\"extension\":\"jpg\"}','2023-11-09 09:20:50','2023-11-09 09:20:50'),(130,145,'product-files/product-53.jpg','{\"filename\":\"product-53.jpg\",\"url\":\"product-files\\/product-53.jpg\",\"mime_type\":\"image\\/jpeg\",\"size\":9730,\"modified\":\"2023-11-09 16:20:50\",\"name\":\"product-53\",\"extension\":\"jpg\"}','2023-11-09 09:20:50','2023-11-09 09:20:50'),(131,145,'product-files/product-67.jpg','{\"filename\":\"product-67.jpg\",\"url\":\"product-files\\/product-67.jpg\",\"mime_type\":\"image\\/jpeg\",\"size\":9730,\"modified\":\"2023-11-09 16:20:50\",\"name\":\"product-67\",\"extension\":\"jpg\"}','2023-11-09 09:20:50','2023-11-09 09:20:50'),(132,151,'product-files/product-76.jpg','{\"filename\":\"product-76.jpg\",\"url\":\"product-files\\/product-76.jpg\",\"mime_type\":\"image\\/jpeg\",\"size\":9730,\"modified\":\"2023-11-09 16:20:50\",\"name\":\"product-76\",\"extension\":\"jpg\"}','2023-11-09 09:20:50','2023-11-09 09:20:50'),(133,151,'product-files/product-6.jpg','{\"filename\":\"product-6.jpg\",\"url\":\"product-files\\/product-6.jpg\",\"mime_type\":\"image\\/jpeg\",\"size\":9730,\"modified\":\"2023-11-09 16:20:50\",\"name\":\"product-6\",\"extension\":\"jpg\"}','2023-11-09 09:20:50','2023-11-09 09:20:50'),(134,151,'product-files/product-58.jpg','{\"filename\":\"product-58.jpg\",\"url\":\"product-files\\/product-58.jpg\",\"mime_type\":\"image\\/jpeg\",\"size\":9730,\"modified\":\"2023-11-09 16:20:50\",\"name\":\"product-58\",\"extension\":\"jpg\"}','2023-11-09 09:20:50','2023-11-09 09:20:50'),(135,151,'product-files/product-56.jpg','{\"filename\":\"product-56.jpg\",\"url\":\"product-files\\/product-56.jpg\",\"mime_type\":\"image\\/jpeg\",\"size\":9730,\"modified\":\"2023-11-09 16:20:50\",\"name\":\"product-56\",\"extension\":\"jpg\"}','2023-11-09 09:20:50','2023-11-09 09:20:50'),(136,151,'product-files/product-67.jpg','{\"filename\":\"product-67.jpg\",\"url\":\"product-files\\/product-67.jpg\",\"mime_type\":\"image\\/jpeg\",\"size\":9730,\"modified\":\"2023-11-09 16:20:50\",\"name\":\"product-67\",\"extension\":\"jpg\"}','2023-11-09 09:20:50','2023-11-09 09:20:50'),(137,151,'product-files/product-2.jpg','{\"filename\":\"product-2.jpg\",\"url\":\"product-files\\/product-2.jpg\",\"mime_type\":\"image\\/jpeg\",\"size\":9730,\"modified\":\"2023-11-09 16:20:50\",\"name\":\"product-2\",\"extension\":\"jpg\"}','2023-11-09 09:20:50','2023-11-09 09:20:50'),(138,151,'product-files/product-82.jpg','{\"filename\":\"product-82.jpg\",\"url\":\"product-files\\/product-82.jpg\",\"mime_type\":\"image\\/jpeg\",\"size\":9730,\"modified\":\"2023-11-09 16:20:50\",\"name\":\"product-82\",\"extension\":\"jpg\"}','2023-11-09 09:20:50','2023-11-09 09:20:50'),(139,151,'product-files/product-63.jpg','{\"filename\":\"product-63.jpg\",\"url\":\"product-files\\/product-63.jpg\",\"mime_type\":\"image\\/jpeg\",\"size\":9730,\"modified\":\"2023-11-09 16:20:50\",\"name\":\"product-63\",\"extension\":\"jpg\"}','2023-11-09 09:20:50','2023-11-09 09:20:50'),(140,151,'product-files/product-36.jpg','{\"filename\":\"product-36.jpg\",\"url\":\"product-files\\/product-36.jpg\",\"mime_type\":\"image\\/jpeg\",\"size\":9730,\"modified\":\"2023-11-09 16:20:50\",\"name\":\"product-36\",\"extension\":\"jpg\"}','2023-11-09 09:20:50','2023-11-09 09:20:50'),(141,151,'product-files/product-30.jpg','{\"filename\":\"product-30.jpg\",\"url\":\"product-files\\/product-30.jpg\",\"mime_type\":\"image\\/jpeg\",\"size\":9730,\"modified\":\"2023-11-09 16:20:50\",\"name\":\"product-30\",\"extension\":\"jpg\"}','2023-11-09 09:20:50','2023-11-09 09:20:50'),(142,151,'product-files/product-35.jpg','{\"filename\":\"product-35.jpg\",\"url\":\"product-files\\/product-35.jpg\",\"mime_type\":\"image\\/jpeg\",\"size\":9730,\"modified\":\"2023-11-09 16:20:50\",\"name\":\"product-35\",\"extension\":\"jpg\"}','2023-11-09 09:20:50','2023-11-09 09:20:50'),(143,152,'product-files/product-76.jpg','{\"filename\":\"product-76.jpg\",\"url\":\"product-files\\/product-76.jpg\",\"mime_type\":\"image\\/jpeg\",\"size\":9730,\"modified\":\"2023-11-09 16:20:50\",\"name\":\"product-76\",\"extension\":\"jpg\"}','2023-11-09 09:20:50','2023-11-09 09:20:50'),(144,152,'product-files/product-6.jpg','{\"filename\":\"product-6.jpg\",\"url\":\"product-files\\/product-6.jpg\",\"mime_type\":\"image\\/jpeg\",\"size\":9730,\"modified\":\"2023-11-09 16:20:50\",\"name\":\"product-6\",\"extension\":\"jpg\"}','2023-11-09 09:20:50','2023-11-09 09:20:50'),(145,152,'product-files/product-58.jpg','{\"filename\":\"product-58.jpg\",\"url\":\"product-files\\/product-58.jpg\",\"mime_type\":\"image\\/jpeg\",\"size\":9730,\"modified\":\"2023-11-09 16:20:50\",\"name\":\"product-58\",\"extension\":\"jpg\"}','2023-11-09 09:20:50','2023-11-09 09:20:50'),(146,152,'product-files/product-56.jpg','{\"filename\":\"product-56.jpg\",\"url\":\"product-files\\/product-56.jpg\",\"mime_type\":\"image\\/jpeg\",\"size\":9730,\"modified\":\"2023-11-09 16:20:50\",\"name\":\"product-56\",\"extension\":\"jpg\"}','2023-11-09 09:20:50','2023-11-09 09:20:50'),(147,152,'product-files/product-67.jpg','{\"filename\":\"product-67.jpg\",\"url\":\"product-files\\/product-67.jpg\",\"mime_type\":\"image\\/jpeg\",\"size\":9730,\"modified\":\"2023-11-09 16:20:50\",\"name\":\"product-67\",\"extension\":\"jpg\"}','2023-11-09 09:20:50','2023-11-09 09:20:50'),(148,152,'product-files/product-2.jpg','{\"filename\":\"product-2.jpg\",\"url\":\"product-files\\/product-2.jpg\",\"mime_type\":\"image\\/jpeg\",\"size\":9730,\"modified\":\"2023-11-09 16:20:50\",\"name\":\"product-2\",\"extension\":\"jpg\"}','2023-11-09 09:20:50','2023-11-09 09:20:50'),(149,152,'product-files/product-82.jpg','{\"filename\":\"product-82.jpg\",\"url\":\"product-files\\/product-82.jpg\",\"mime_type\":\"image\\/jpeg\",\"size\":9730,\"modified\":\"2023-11-09 16:20:50\",\"name\":\"product-82\",\"extension\":\"jpg\"}','2023-11-09 09:20:50','2023-11-09 09:20:50'),(150,152,'product-files/product-63.jpg','{\"filename\":\"product-63.jpg\",\"url\":\"product-files\\/product-63.jpg\",\"mime_type\":\"image\\/jpeg\",\"size\":9730,\"modified\":\"2023-11-09 16:20:50\",\"name\":\"product-63\",\"extension\":\"jpg\"}','2023-11-09 09:20:50','2023-11-09 09:20:50'),(151,152,'product-files/product-36.jpg','{\"filename\":\"product-36.jpg\",\"url\":\"product-files\\/product-36.jpg\",\"mime_type\":\"image\\/jpeg\",\"size\":9730,\"modified\":\"2023-11-09 16:20:50\",\"name\":\"product-36\",\"extension\":\"jpg\"}','2023-11-09 09:20:50','2023-11-09 09:20:50'),(152,152,'product-files/product-30.jpg','{\"filename\":\"product-30.jpg\",\"url\":\"product-files\\/product-30.jpg\",\"mime_type\":\"image\\/jpeg\",\"size\":9730,\"modified\":\"2023-11-09 16:20:50\",\"name\":\"product-30\",\"extension\":\"jpg\"}','2023-11-09 09:20:50','2023-11-09 09:20:50'),(153,152,'product-files/product-35.jpg','{\"filename\":\"product-35.jpg\",\"url\":\"product-files\\/product-35.jpg\",\"mime_type\":\"image\\/jpeg\",\"size\":9730,\"modified\":\"2023-11-09 16:20:50\",\"name\":\"product-35\",\"extension\":\"jpg\"}','2023-11-09 09:20:50','2023-11-09 09:20:50'),(154,153,'product-files/product-76.jpg','{\"filename\":\"product-76.jpg\",\"url\":\"product-files\\/product-76.jpg\",\"mime_type\":\"image\\/jpeg\",\"size\":9730,\"modified\":\"2023-11-09 16:20:50\",\"name\":\"product-76\",\"extension\":\"jpg\"}','2023-11-09 09:20:50','2023-11-09 09:20:50'),(155,153,'product-files/product-6.jpg','{\"filename\":\"product-6.jpg\",\"url\":\"product-files\\/product-6.jpg\",\"mime_type\":\"image\\/jpeg\",\"size\":9730,\"modified\":\"2023-11-09 16:20:50\",\"name\":\"product-6\",\"extension\":\"jpg\"}','2023-11-09 09:20:50','2023-11-09 09:20:50'),(156,153,'product-files/product-58.jpg','{\"filename\":\"product-58.jpg\",\"url\":\"product-files\\/product-58.jpg\",\"mime_type\":\"image\\/jpeg\",\"size\":9730,\"modified\":\"2023-11-09 16:20:50\",\"name\":\"product-58\",\"extension\":\"jpg\"}','2023-11-09 09:20:50','2023-11-09 09:20:50'),(157,153,'product-files/product-56.jpg','{\"filename\":\"product-56.jpg\",\"url\":\"product-files\\/product-56.jpg\",\"mime_type\":\"image\\/jpeg\",\"size\":9730,\"modified\":\"2023-11-09 16:20:50\",\"name\":\"product-56\",\"extension\":\"jpg\"}','2023-11-09 09:20:50','2023-11-09 09:20:50'),(158,153,'product-files/product-67.jpg','{\"filename\":\"product-67.jpg\",\"url\":\"product-files\\/product-67.jpg\",\"mime_type\":\"image\\/jpeg\",\"size\":9730,\"modified\":\"2023-11-09 16:20:50\",\"name\":\"product-67\",\"extension\":\"jpg\"}','2023-11-09 09:20:50','2023-11-09 09:20:50'),(159,153,'product-files/product-2.jpg','{\"filename\":\"product-2.jpg\",\"url\":\"product-files\\/product-2.jpg\",\"mime_type\":\"image\\/jpeg\",\"size\":9730,\"modified\":\"2023-11-09 16:20:50\",\"name\":\"product-2\",\"extension\":\"jpg\"}','2023-11-09 09:20:50','2023-11-09 09:20:50'),(160,153,'product-files/product-82.jpg','{\"filename\":\"product-82.jpg\",\"url\":\"product-files\\/product-82.jpg\",\"mime_type\":\"image\\/jpeg\",\"size\":9730,\"modified\":\"2023-11-09 16:20:50\",\"name\":\"product-82\",\"extension\":\"jpg\"}','2023-11-09 09:20:50','2023-11-09 09:20:50'),(161,153,'product-files/product-63.jpg','{\"filename\":\"product-63.jpg\",\"url\":\"product-files\\/product-63.jpg\",\"mime_type\":\"image\\/jpeg\",\"size\":9730,\"modified\":\"2023-11-09 16:20:50\",\"name\":\"product-63\",\"extension\":\"jpg\"}','2023-11-09 09:20:50','2023-11-09 09:20:50'),(162,153,'product-files/product-36.jpg','{\"filename\":\"product-36.jpg\",\"url\":\"product-files\\/product-36.jpg\",\"mime_type\":\"image\\/jpeg\",\"size\":9730,\"modified\":\"2023-11-09 16:20:50\",\"name\":\"product-36\",\"extension\":\"jpg\"}','2023-11-09 09:20:50','2023-11-09 09:20:50'),(163,153,'product-files/product-30.jpg','{\"filename\":\"product-30.jpg\",\"url\":\"product-files\\/product-30.jpg\",\"mime_type\":\"image\\/jpeg\",\"size\":9730,\"modified\":\"2023-11-09 16:20:50\",\"name\":\"product-30\",\"extension\":\"jpg\"}','2023-11-09 09:20:50','2023-11-09 09:20:50'),(164,153,'product-files/product-35.jpg','{\"filename\":\"product-35.jpg\",\"url\":\"product-files\\/product-35.jpg\",\"mime_type\":\"image\\/jpeg\",\"size\":9730,\"modified\":\"2023-11-09 16:20:50\",\"name\":\"product-35\",\"extension\":\"jpg\"}','2023-11-09 09:20:50','2023-11-09 09:20:50'),(165,154,'product-files/product-76.jpg','{\"filename\":\"product-76.jpg\",\"url\":\"product-files\\/product-76.jpg\",\"mime_type\":\"image\\/jpeg\",\"size\":9730,\"modified\":\"2023-11-09 16:20:50\",\"name\":\"product-76\",\"extension\":\"jpg\"}','2023-11-09 09:20:50','2023-11-09 09:20:50'),(166,154,'product-files/product-6.jpg','{\"filename\":\"product-6.jpg\",\"url\":\"product-files\\/product-6.jpg\",\"mime_type\":\"image\\/jpeg\",\"size\":9730,\"modified\":\"2023-11-09 16:20:50\",\"name\":\"product-6\",\"extension\":\"jpg\"}','2023-11-09 09:20:50','2023-11-09 09:20:50'),(167,154,'product-files/product-58.jpg','{\"filename\":\"product-58.jpg\",\"url\":\"product-files\\/product-58.jpg\",\"mime_type\":\"image\\/jpeg\",\"size\":9730,\"modified\":\"2023-11-09 16:20:50\",\"name\":\"product-58\",\"extension\":\"jpg\"}','2023-11-09 09:20:50','2023-11-09 09:20:50'),(168,154,'product-files/product-56.jpg','{\"filename\":\"product-56.jpg\",\"url\":\"product-files\\/product-56.jpg\",\"mime_type\":\"image\\/jpeg\",\"size\":9730,\"modified\":\"2023-11-09 16:20:50\",\"name\":\"product-56\",\"extension\":\"jpg\"}','2023-11-09 09:20:50','2023-11-09 09:20:50'),(169,154,'product-files/product-67.jpg','{\"filename\":\"product-67.jpg\",\"url\":\"product-files\\/product-67.jpg\",\"mime_type\":\"image\\/jpeg\",\"size\":9730,\"modified\":\"2023-11-09 16:20:50\",\"name\":\"product-67\",\"extension\":\"jpg\"}','2023-11-09 09:20:50','2023-11-09 09:20:50'),(170,154,'product-files/product-2.jpg','{\"filename\":\"product-2.jpg\",\"url\":\"product-files\\/product-2.jpg\",\"mime_type\":\"image\\/jpeg\",\"size\":9730,\"modified\":\"2023-11-09 16:20:50\",\"name\":\"product-2\",\"extension\":\"jpg\"}','2023-11-09 09:20:50','2023-11-09 09:20:50'),(171,154,'product-files/product-82.jpg','{\"filename\":\"product-82.jpg\",\"url\":\"product-files\\/product-82.jpg\",\"mime_type\":\"image\\/jpeg\",\"size\":9730,\"modified\":\"2023-11-09 16:20:50\",\"name\":\"product-82\",\"extension\":\"jpg\"}','2023-11-09 09:20:50','2023-11-09 09:20:50'),(172,154,'product-files/product-63.jpg','{\"filename\":\"product-63.jpg\",\"url\":\"product-files\\/product-63.jpg\",\"mime_type\":\"image\\/jpeg\",\"size\":9730,\"modified\":\"2023-11-09 16:20:50\",\"name\":\"product-63\",\"extension\":\"jpg\"}','2023-11-09 09:20:50','2023-11-09 09:20:50'),(173,154,'product-files/product-36.jpg','{\"filename\":\"product-36.jpg\",\"url\":\"product-files\\/product-36.jpg\",\"mime_type\":\"image\\/jpeg\",\"size\":9730,\"modified\":\"2023-11-09 16:20:50\",\"name\":\"product-36\",\"extension\":\"jpg\"}','2023-11-09 09:20:50','2023-11-09 09:20:50'),(174,154,'product-files/product-30.jpg','{\"filename\":\"product-30.jpg\",\"url\":\"product-files\\/product-30.jpg\",\"mime_type\":\"image\\/jpeg\",\"size\":9730,\"modified\":\"2023-11-09 16:20:50\",\"name\":\"product-30\",\"extension\":\"jpg\"}','2023-11-09 09:20:50','2023-11-09 09:20:50'),(175,154,'product-files/product-35.jpg','{\"filename\":\"product-35.jpg\",\"url\":\"product-files\\/product-35.jpg\",\"mime_type\":\"image\\/jpeg\",\"size\":9730,\"modified\":\"2023-11-09 16:20:51\",\"name\":\"product-35\",\"extension\":\"jpg\"}','2023-11-09 09:20:51','2023-11-09 09:20:51'),(176,155,'product-files/product-76.jpg','{\"filename\":\"product-76.jpg\",\"url\":\"product-files\\/product-76.jpg\",\"mime_type\":\"image\\/jpeg\",\"size\":9730,\"modified\":\"2023-11-09 16:20:51\",\"name\":\"product-76\",\"extension\":\"jpg\"}','2023-11-09 09:20:51','2023-11-09 09:20:51'),(177,155,'product-files/product-6.jpg','{\"filename\":\"product-6.jpg\",\"url\":\"product-files\\/product-6.jpg\",\"mime_type\":\"image\\/jpeg\",\"size\":9730,\"modified\":\"2023-11-09 16:20:51\",\"name\":\"product-6\",\"extension\":\"jpg\"}','2023-11-09 09:20:51','2023-11-09 09:20:51'),(178,155,'product-files/product-58.jpg','{\"filename\":\"product-58.jpg\",\"url\":\"product-files\\/product-58.jpg\",\"mime_type\":\"image\\/jpeg\",\"size\":9730,\"modified\":\"2023-11-09 16:20:51\",\"name\":\"product-58\",\"extension\":\"jpg\"}','2023-11-09 09:20:51','2023-11-09 09:20:51'),(179,155,'product-files/product-56.jpg','{\"filename\":\"product-56.jpg\",\"url\":\"product-files\\/product-56.jpg\",\"mime_type\":\"image\\/jpeg\",\"size\":9730,\"modified\":\"2023-11-09 16:20:51\",\"name\":\"product-56\",\"extension\":\"jpg\"}','2023-11-09 09:20:51','2023-11-09 09:20:51'),(180,155,'product-files/product-67.jpg','{\"filename\":\"product-67.jpg\",\"url\":\"product-files\\/product-67.jpg\",\"mime_type\":\"image\\/jpeg\",\"size\":9730,\"modified\":\"2023-11-09 16:20:51\",\"name\":\"product-67\",\"extension\":\"jpg\"}','2023-11-09 09:20:51','2023-11-09 09:20:51'),(181,155,'product-files/product-2.jpg','{\"filename\":\"product-2.jpg\",\"url\":\"product-files\\/product-2.jpg\",\"mime_type\":\"image\\/jpeg\",\"size\":9730,\"modified\":\"2023-11-09 16:20:51\",\"name\":\"product-2\",\"extension\":\"jpg\"}','2023-11-09 09:20:51','2023-11-09 09:20:51'),(182,155,'product-files/product-82.jpg','{\"filename\":\"product-82.jpg\",\"url\":\"product-files\\/product-82.jpg\",\"mime_type\":\"image\\/jpeg\",\"size\":9730,\"modified\":\"2023-11-09 16:20:51\",\"name\":\"product-82\",\"extension\":\"jpg\"}','2023-11-09 09:20:51','2023-11-09 09:20:51'),(183,155,'product-files/product-63.jpg','{\"filename\":\"product-63.jpg\",\"url\":\"product-files\\/product-63.jpg\",\"mime_type\":\"image\\/jpeg\",\"size\":9730,\"modified\":\"2023-11-09 16:20:51\",\"name\":\"product-63\",\"extension\":\"jpg\"}','2023-11-09 09:20:51','2023-11-09 09:20:51'),(184,155,'product-files/product-36.jpg','{\"filename\":\"product-36.jpg\",\"url\":\"product-files\\/product-36.jpg\",\"mime_type\":\"image\\/jpeg\",\"size\":9730,\"modified\":\"2023-11-09 16:20:51\",\"name\":\"product-36\",\"extension\":\"jpg\"}','2023-11-09 09:20:51','2023-11-09 09:20:51'),(185,155,'product-files/product-30.jpg','{\"filename\":\"product-30.jpg\",\"url\":\"product-files\\/product-30.jpg\",\"mime_type\":\"image\\/jpeg\",\"size\":9730,\"modified\":\"2023-11-09 16:20:51\",\"name\":\"product-30\",\"extension\":\"jpg\"}','2023-11-09 09:20:51','2023-11-09 09:20:51'),(186,155,'product-files/product-35.jpg','{\"filename\":\"product-35.jpg\",\"url\":\"product-files\\/product-35.jpg\",\"mime_type\":\"image\\/jpeg\",\"size\":9730,\"modified\":\"2023-11-09 16:20:51\",\"name\":\"product-35\",\"extension\":\"jpg\"}','2023-11-09 09:20:51','2023-11-09 09:20:51'),(187,165,'product-files/product-60.jpg','{\"filename\":\"product-60.jpg\",\"url\":\"product-files\\/product-60.jpg\",\"mime_type\":\"image\\/jpeg\",\"size\":9730,\"modified\":\"2023-11-09 16:20:51\",\"name\":\"product-60\",\"extension\":\"jpg\"}','2023-11-09 09:20:51','2023-11-09 09:20:51'),(188,165,'product-files/product-87.jpg','{\"filename\":\"product-87.jpg\",\"url\":\"product-files\\/product-87.jpg\",\"mime_type\":\"image\\/jpeg\",\"size\":9730,\"modified\":\"2023-11-09 16:20:51\",\"name\":\"product-87\",\"extension\":\"jpg\"}','2023-11-09 09:20:51','2023-11-09 09:20:51'),(189,165,'product-files/product-5.jpg','{\"filename\":\"product-5.jpg\",\"url\":\"product-files\\/product-5.jpg\",\"mime_type\":\"image\\/jpeg\",\"size\":9730,\"modified\":\"2023-11-09 16:20:51\",\"name\":\"product-5\",\"extension\":\"jpg\"}','2023-11-09 09:20:51','2023-11-09 09:20:51'),(190,165,'product-files/product-37.jpg','{\"filename\":\"product-37.jpg\",\"url\":\"product-files\\/product-37.jpg\",\"mime_type\":\"image\\/jpeg\",\"size\":9730,\"modified\":\"2023-11-09 16:20:51\",\"name\":\"product-37\",\"extension\":\"jpg\"}','2023-11-09 09:20:51','2023-11-09 09:20:51'),(191,165,'product-files/product-54.jpg','{\"filename\":\"product-54.jpg\",\"url\":\"product-files\\/product-54.jpg\",\"mime_type\":\"image\\/jpeg\",\"size\":9730,\"modified\":\"2023-11-09 16:20:51\",\"name\":\"product-54\",\"extension\":\"jpg\"}','2023-11-09 09:20:51','2023-11-09 09:20:51'),(192,165,'product-files/product-19.jpg','{\"filename\":\"product-19.jpg\",\"url\":\"product-files\\/product-19.jpg\",\"mime_type\":\"image\\/jpeg\",\"size\":9730,\"modified\":\"2023-11-09 16:20:51\",\"name\":\"product-19\",\"extension\":\"jpg\"}','2023-11-09 09:20:51','2023-11-09 09:20:51'),(193,165,'product-files/product-40.jpg','{\"filename\":\"product-40.jpg\",\"url\":\"product-files\\/product-40.jpg\",\"mime_type\":\"image\\/jpeg\",\"size\":9730,\"modified\":\"2023-11-09 16:20:51\",\"name\":\"product-40\",\"extension\":\"jpg\"}','2023-11-09 09:20:51','2023-11-09 09:20:51'),(194,165,'product-files/product-79.jpg','{\"filename\":\"product-79.jpg\",\"url\":\"product-files\\/product-79.jpg\",\"mime_type\":\"image\\/jpeg\",\"size\":9730,\"modified\":\"2023-11-09 16:20:51\",\"name\":\"product-79\",\"extension\":\"jpg\"}','2023-11-09 09:20:51','2023-11-09 09:20:51'),(195,165,'product-files/product-34.jpg','{\"filename\":\"product-34.jpg\",\"url\":\"product-files\\/product-34.jpg\",\"mime_type\":\"image\\/jpeg\",\"size\":9730,\"modified\":\"2023-11-09 16:20:51\",\"name\":\"product-34\",\"extension\":\"jpg\"}','2023-11-09 09:20:51','2023-11-09 09:20:51'),(196,165,'product-files/product-56.jpg','{\"filename\":\"product-56.jpg\",\"url\":\"product-files\\/product-56.jpg\",\"mime_type\":\"image\\/jpeg\",\"size\":9730,\"modified\":\"2023-11-09 16:20:51\",\"name\":\"product-56\",\"extension\":\"jpg\"}','2023-11-09 09:20:51','2023-11-09 09:20:51'),(197,166,'product-files/product-60.jpg','{\"filename\":\"product-60.jpg\",\"url\":\"product-files\\/product-60.jpg\",\"mime_type\":\"image\\/jpeg\",\"size\":9730,\"modified\":\"2023-11-09 16:20:51\",\"name\":\"product-60\",\"extension\":\"jpg\"}','2023-11-09 09:20:51','2023-11-09 09:20:51'),(198,166,'product-files/product-87.jpg','{\"filename\":\"product-87.jpg\",\"url\":\"product-files\\/product-87.jpg\",\"mime_type\":\"image\\/jpeg\",\"size\":9730,\"modified\":\"2023-11-09 16:20:51\",\"name\":\"product-87\",\"extension\":\"jpg\"}','2023-11-09 09:20:51','2023-11-09 09:20:51'),(199,166,'product-files/product-5.jpg','{\"filename\":\"product-5.jpg\",\"url\":\"product-files\\/product-5.jpg\",\"mime_type\":\"image\\/jpeg\",\"size\":9730,\"modified\":\"2023-11-09 16:20:51\",\"name\":\"product-5\",\"extension\":\"jpg\"}','2023-11-09 09:20:51','2023-11-09 09:20:51'),(200,166,'product-files/product-37.jpg','{\"filename\":\"product-37.jpg\",\"url\":\"product-files\\/product-37.jpg\",\"mime_type\":\"image\\/jpeg\",\"size\":9730,\"modified\":\"2023-11-09 16:20:51\",\"name\":\"product-37\",\"extension\":\"jpg\"}','2023-11-09 09:20:51','2023-11-09 09:20:51'),(201,166,'product-files/product-54.jpg','{\"filename\":\"product-54.jpg\",\"url\":\"product-files\\/product-54.jpg\",\"mime_type\":\"image\\/jpeg\",\"size\":9730,\"modified\":\"2023-11-09 16:20:51\",\"name\":\"product-54\",\"extension\":\"jpg\"}','2023-11-09 09:20:51','2023-11-09 09:20:51'),(202,166,'product-files/product-19.jpg','{\"filename\":\"product-19.jpg\",\"url\":\"product-files\\/product-19.jpg\",\"mime_type\":\"image\\/jpeg\",\"size\":9730,\"modified\":\"2023-11-09 16:20:51\",\"name\":\"product-19\",\"extension\":\"jpg\"}','2023-11-09 09:20:51','2023-11-09 09:20:51'),(203,166,'product-files/product-40.jpg','{\"filename\":\"product-40.jpg\",\"url\":\"product-files\\/product-40.jpg\",\"mime_type\":\"image\\/jpeg\",\"size\":9730,\"modified\":\"2023-11-09 16:20:51\",\"name\":\"product-40\",\"extension\":\"jpg\"}','2023-11-09 09:20:51','2023-11-09 09:20:51'),(204,166,'product-files/product-79.jpg','{\"filename\":\"product-79.jpg\",\"url\":\"product-files\\/product-79.jpg\",\"mime_type\":\"image\\/jpeg\",\"size\":9730,\"modified\":\"2023-11-09 16:20:51\",\"name\":\"product-79\",\"extension\":\"jpg\"}','2023-11-09 09:20:51','2023-11-09 09:20:51'),(205,166,'product-files/product-34.jpg','{\"filename\":\"product-34.jpg\",\"url\":\"product-files\\/product-34.jpg\",\"mime_type\":\"image\\/jpeg\",\"size\":9730,\"modified\":\"2023-11-09 16:20:51\",\"name\":\"product-34\",\"extension\":\"jpg\"}','2023-11-09 09:20:51','2023-11-09 09:20:51'),(206,166,'product-files/product-56.jpg','{\"filename\":\"product-56.jpg\",\"url\":\"product-files\\/product-56.jpg\",\"mime_type\":\"image\\/jpeg\",\"size\":9730,\"modified\":\"2023-11-09 16:20:51\",\"name\":\"product-56\",\"extension\":\"jpg\"}','2023-11-09 09:20:51','2023-11-09 09:20:51'),(207,174,'product-files/product-21.jpg','{\"filename\":\"product-21.jpg\",\"url\":\"product-files\\/product-21.jpg\",\"mime_type\":\"image\\/jpeg\",\"size\":9730,\"modified\":\"2023-11-09 16:20:51\",\"name\":\"product-21\",\"extension\":\"jpg\"}','2023-11-09 09:20:51','2023-11-09 09:20:51'),(208,174,'product-files/product-39.jpg','{\"filename\":\"product-39.jpg\",\"url\":\"product-files\\/product-39.jpg\",\"mime_type\":\"image\\/jpeg\",\"size\":9730,\"modified\":\"2023-11-09 16:20:51\",\"name\":\"product-39\",\"extension\":\"jpg\"}','2023-11-09 09:20:51','2023-11-09 09:20:51'),(209,174,'product-files/product-37.jpg','{\"filename\":\"product-37.jpg\",\"url\":\"product-files\\/product-37.jpg\",\"mime_type\":\"image\\/jpeg\",\"size\":9730,\"modified\":\"2023-11-09 16:20:51\",\"name\":\"product-37\",\"extension\":\"jpg\"}','2023-11-09 09:20:51','2023-11-09 09:20:51'),(210,174,'product-files/product-48.jpg','{\"filename\":\"product-48.jpg\",\"url\":\"product-files\\/product-48.jpg\",\"mime_type\":\"image\\/jpeg\",\"size\":9730,\"modified\":\"2023-11-09 16:20:51\",\"name\":\"product-48\",\"extension\":\"jpg\"}','2023-11-09 09:20:51','2023-11-09 09:20:51'),(211,174,'product-files/product-1.jpg','{\"filename\":\"product-1.jpg\",\"url\":\"product-files\\/product-1.jpg\",\"mime_type\":\"image\\/jpeg\",\"size\":9730,\"modified\":\"2023-11-09 16:20:51\",\"name\":\"product-1\",\"extension\":\"jpg\"}','2023-11-09 09:20:51','2023-11-09 09:20:51'),(212,174,'product-files/product-34.jpg','{\"filename\":\"product-34.jpg\",\"url\":\"product-files\\/product-34.jpg\",\"mime_type\":\"image\\/jpeg\",\"size\":9730,\"modified\":\"2023-11-09 16:20:51\",\"name\":\"product-34\",\"extension\":\"jpg\"}','2023-11-09 09:20:51','2023-11-09 09:20:51'),(213,174,'product-files/product-5.jpg','{\"filename\":\"product-5.jpg\",\"url\":\"product-files\\/product-5.jpg\",\"mime_type\":\"image\\/jpeg\",\"size\":9730,\"modified\":\"2023-11-09 16:20:51\",\"name\":\"product-5\",\"extension\":\"jpg\"}','2023-11-09 09:20:51','2023-11-09 09:20:51'),(214,174,'product-files/product-20.jpg','{\"filename\":\"product-20.jpg\",\"url\":\"product-files\\/product-20.jpg\",\"mime_type\":\"image\\/jpeg\",\"size\":9730,\"modified\":\"2023-11-09 16:20:51\",\"name\":\"product-20\",\"extension\":\"jpg\"}','2023-11-09 09:20:51','2023-11-09 09:20:51'),(215,186,'product-files/product-32.jpg','{\"filename\":\"product-32.jpg\",\"url\":\"product-files\\/product-32.jpg\",\"mime_type\":\"image\\/jpeg\",\"size\":9730,\"modified\":\"2023-11-09 16:20:51\",\"name\":\"product-32\",\"extension\":\"jpg\"}','2023-11-09 09:20:51','2023-11-09 09:20:51'),(216,186,'product-files/product-22.jpg','{\"filename\":\"product-22.jpg\",\"url\":\"product-files\\/product-22.jpg\",\"mime_type\":\"image\\/jpeg\",\"size\":9730,\"modified\":\"2023-11-09 16:20:51\",\"name\":\"product-22\",\"extension\":\"jpg\"}','2023-11-09 09:20:51','2023-11-09 09:20:51'),(217,186,'product-files/product-80.jpg','{\"filename\":\"product-80.jpg\",\"url\":\"product-files\\/product-80.jpg\",\"mime_type\":\"image\\/jpeg\",\"size\":9730,\"modified\":\"2023-11-09 16:20:51\",\"name\":\"product-80\",\"extension\":\"jpg\"}','2023-11-09 09:20:51','2023-11-09 09:20:51'),(218,186,'product-files/product-35.jpg','{\"filename\":\"product-35.jpg\",\"url\":\"product-files\\/product-35.jpg\",\"mime_type\":\"image\\/jpeg\",\"size\":9730,\"modified\":\"2023-11-09 16:20:51\",\"name\":\"product-35\",\"extension\":\"jpg\"}','2023-11-09 09:20:51','2023-11-09 09:20:51'),(219,186,'product-files/product-2.jpg','{\"filename\":\"product-2.jpg\",\"url\":\"product-files\\/product-2.jpg\",\"mime_type\":\"image\\/jpeg\",\"size\":9730,\"modified\":\"2023-11-09 16:20:51\",\"name\":\"product-2\",\"extension\":\"jpg\"}','2023-11-09 09:20:51','2023-11-09 09:20:51'),(220,186,'product-files/product-71.jpg','{\"filename\":\"product-71.jpg\",\"url\":\"product-files\\/product-71.jpg\",\"mime_type\":\"image\\/jpeg\",\"size\":9730,\"modified\":\"2023-11-09 16:20:51\",\"name\":\"product-71\",\"extension\":\"jpg\"}','2023-11-09 09:20:51','2023-11-09 09:20:51'),(221,186,'product-files/product-54.jpg','{\"filename\":\"product-54.jpg\",\"url\":\"product-files\\/product-54.jpg\",\"mime_type\":\"image\\/jpeg\",\"size\":9730,\"modified\":\"2023-11-09 16:20:51\",\"name\":\"product-54\",\"extension\":\"jpg\"}','2023-11-09 09:20:51','2023-11-09 09:20:51'),(222,187,'product-files/product-32.jpg','{\"filename\":\"product-32.jpg\",\"url\":\"product-files\\/product-32.jpg\",\"mime_type\":\"image\\/jpeg\",\"size\":9730,\"modified\":\"2023-11-09 16:20:51\",\"name\":\"product-32\",\"extension\":\"jpg\"}','2023-11-09 09:20:51','2023-11-09 09:20:51'),(223,187,'product-files/product-22.jpg','{\"filename\":\"product-22.jpg\",\"url\":\"product-files\\/product-22.jpg\",\"mime_type\":\"image\\/jpeg\",\"size\":9730,\"modified\":\"2023-11-09 16:20:51\",\"name\":\"product-22\",\"extension\":\"jpg\"}','2023-11-09 09:20:51','2023-11-09 09:20:51'),(224,187,'product-files/product-80.jpg','{\"filename\":\"product-80.jpg\",\"url\":\"product-files\\/product-80.jpg\",\"mime_type\":\"image\\/jpeg\",\"size\":9730,\"modified\":\"2023-11-09 16:20:51\",\"name\":\"product-80\",\"extension\":\"jpg\"}','2023-11-09 09:20:51','2023-11-09 09:20:51'),(225,187,'product-files/product-35.jpg','{\"filename\":\"product-35.jpg\",\"url\":\"product-files\\/product-35.jpg\",\"mime_type\":\"image\\/jpeg\",\"size\":9730,\"modified\":\"2023-11-09 16:20:51\",\"name\":\"product-35\",\"extension\":\"jpg\"}','2023-11-09 09:20:51','2023-11-09 09:20:51'),(226,187,'product-files/product-2.jpg','{\"filename\":\"product-2.jpg\",\"url\":\"product-files\\/product-2.jpg\",\"mime_type\":\"image\\/jpeg\",\"size\":9730,\"modified\":\"2023-11-09 16:20:51\",\"name\":\"product-2\",\"extension\":\"jpg\"}','2023-11-09 09:20:51','2023-11-09 09:20:51'),(227,187,'product-files/product-71.jpg','{\"filename\":\"product-71.jpg\",\"url\":\"product-files\\/product-71.jpg\",\"mime_type\":\"image\\/jpeg\",\"size\":9730,\"modified\":\"2023-11-09 16:20:51\",\"name\":\"product-71\",\"extension\":\"jpg\"}','2023-11-09 09:20:51','2023-11-09 09:20:51'),(228,187,'product-files/product-54.jpg','{\"filename\":\"product-54.jpg\",\"url\":\"product-files\\/product-54.jpg\",\"mime_type\":\"image\\/jpeg\",\"size\":9730,\"modified\":\"2023-11-09 16:20:51\",\"name\":\"product-54\",\"extension\":\"jpg\"}','2023-11-09 09:20:51','2023-11-09 09:20:51'),(229,194,'product-files/product-40.jpg','{\"filename\":\"product-40.jpg\",\"url\":\"product-files\\/product-40.jpg\",\"mime_type\":\"image\\/jpeg\",\"size\":9730,\"modified\":\"2023-11-09 16:20:52\",\"name\":\"product-40\",\"extension\":\"jpg\"}','2023-11-09 09:20:52','2023-11-09 09:20:52'),(230,194,'product-files/product-44.jpg','{\"filename\":\"product-44.jpg\",\"url\":\"product-files\\/product-44.jpg\",\"mime_type\":\"image\\/jpeg\",\"size\":9730,\"modified\":\"2023-11-09 16:20:52\",\"name\":\"product-44\",\"extension\":\"jpg\"}','2023-11-09 09:20:52','2023-11-09 09:20:52'),(231,194,'product-files/product-47.jpg','{\"filename\":\"product-47.jpg\",\"url\":\"product-files\\/product-47.jpg\",\"mime_type\":\"image\\/jpeg\",\"size\":9730,\"modified\":\"2023-11-09 16:20:52\",\"name\":\"product-47\",\"extension\":\"jpg\"}','2023-11-09 09:20:52','2023-11-09 09:20:52'),(232,194,'product-files/product-7.jpg','{\"filename\":\"product-7.jpg\",\"url\":\"product-files\\/product-7.jpg\",\"mime_type\":\"image\\/jpeg\",\"size\":9730,\"modified\":\"2023-11-09 16:20:52\",\"name\":\"product-7\",\"extension\":\"jpg\"}','2023-11-09 09:20:52','2023-11-09 09:20:52'),(233,194,'product-files/product-28.jpg','{\"filename\":\"product-28.jpg\",\"url\":\"product-files\\/product-28.jpg\",\"mime_type\":\"image\\/jpeg\",\"size\":9730,\"modified\":\"2023-11-09 16:20:52\",\"name\":\"product-28\",\"extension\":\"jpg\"}','2023-11-09 09:20:52','2023-11-09 09:20:52'),(234,194,'product-files/product-38.jpg','{\"filename\":\"product-38.jpg\",\"url\":\"product-files\\/product-38.jpg\",\"mime_type\":\"image\\/jpeg\",\"size\":9730,\"modified\":\"2023-11-09 16:20:52\",\"name\":\"product-38\",\"extension\":\"jpg\"}','2023-11-09 09:20:52','2023-11-09 09:20:52'),(235,194,'product-files/product-24.jpg','{\"filename\":\"product-24.jpg\",\"url\":\"product-files\\/product-24.jpg\",\"mime_type\":\"image\\/jpeg\",\"size\":9730,\"modified\":\"2023-11-09 16:20:52\",\"name\":\"product-24\",\"extension\":\"jpg\"}','2023-11-09 09:20:52','2023-11-09 09:20:52'),(236,194,'product-files/product-84.jpg','{\"filename\":\"product-84.jpg\",\"url\":\"product-files\\/product-84.jpg\",\"mime_type\":\"image\\/jpeg\",\"size\":9730,\"modified\":\"2023-11-09 16:20:52\",\"name\":\"product-84\",\"extension\":\"jpg\"}','2023-11-09 09:20:52','2023-11-09 09:20:52'),(237,194,'product-files/product-88.jpg','{\"filename\":\"product-88.jpg\",\"url\":\"product-files\\/product-88.jpg\",\"mime_type\":\"image\\/jpeg\",\"size\":9730,\"modified\":\"2023-11-09 16:20:52\",\"name\":\"product-88\",\"extension\":\"jpg\"}','2023-11-09 09:20:52','2023-11-09 09:20:52'),(238,195,'product-files/product-40.jpg','{\"filename\":\"product-40.jpg\",\"url\":\"product-files\\/product-40.jpg\",\"mime_type\":\"image\\/jpeg\",\"size\":9730,\"modified\":\"2023-11-09 16:20:52\",\"name\":\"product-40\",\"extension\":\"jpg\"}','2023-11-09 09:20:52','2023-11-09 09:20:52'),(239,195,'product-files/product-44.jpg','{\"filename\":\"product-44.jpg\",\"url\":\"product-files\\/product-44.jpg\",\"mime_type\":\"image\\/jpeg\",\"size\":9730,\"modified\":\"2023-11-09 16:20:52\",\"name\":\"product-44\",\"extension\":\"jpg\"}','2023-11-09 09:20:52','2023-11-09 09:20:52'),(240,195,'product-files/product-47.jpg','{\"filename\":\"product-47.jpg\",\"url\":\"product-files\\/product-47.jpg\",\"mime_type\":\"image\\/jpeg\",\"size\":9730,\"modified\":\"2023-11-09 16:20:52\",\"name\":\"product-47\",\"extension\":\"jpg\"}','2023-11-09 09:20:52','2023-11-09 09:20:52'),(241,195,'product-files/product-7.jpg','{\"filename\":\"product-7.jpg\",\"url\":\"product-files\\/product-7.jpg\",\"mime_type\":\"image\\/jpeg\",\"size\":9730,\"modified\":\"2023-11-09 16:20:52\",\"name\":\"product-7\",\"extension\":\"jpg\"}','2023-11-09 09:20:52','2023-11-09 09:20:52'),(242,195,'product-files/product-28.jpg','{\"filename\":\"product-28.jpg\",\"url\":\"product-files\\/product-28.jpg\",\"mime_type\":\"image\\/jpeg\",\"size\":9730,\"modified\":\"2023-11-09 16:20:52\",\"name\":\"product-28\",\"extension\":\"jpg\"}','2023-11-09 09:20:52','2023-11-09 09:20:52'),(243,195,'product-files/product-38.jpg','{\"filename\":\"product-38.jpg\",\"url\":\"product-files\\/product-38.jpg\",\"mime_type\":\"image\\/jpeg\",\"size\":9730,\"modified\":\"2023-11-09 16:20:52\",\"name\":\"product-38\",\"extension\":\"jpg\"}','2023-11-09 09:20:52','2023-11-09 09:20:52'),(244,195,'product-files/product-24.jpg','{\"filename\":\"product-24.jpg\",\"url\":\"product-files\\/product-24.jpg\",\"mime_type\":\"image\\/jpeg\",\"size\":9730,\"modified\":\"2023-11-09 16:20:52\",\"name\":\"product-24\",\"extension\":\"jpg\"}','2023-11-09 09:20:52','2023-11-09 09:20:52'),(245,195,'product-files/product-84.jpg','{\"filename\":\"product-84.jpg\",\"url\":\"product-files\\/product-84.jpg\",\"mime_type\":\"image\\/jpeg\",\"size\":9730,\"modified\":\"2023-11-09 16:20:52\",\"name\":\"product-84\",\"extension\":\"jpg\"}','2023-11-09 09:20:52','2023-11-09 09:20:52'),(246,195,'product-files/product-88.jpg','{\"filename\":\"product-88.jpg\",\"url\":\"product-files\\/product-88.jpg\",\"mime_type\":\"image\\/jpeg\",\"size\":9730,\"modified\":\"2023-11-09 16:20:52\",\"name\":\"product-88\",\"extension\":\"jpg\"}','2023-11-09 09:20:52','2023-11-09 09:20:52'),(247,196,'product-files/product-40.jpg','{\"filename\":\"product-40.jpg\",\"url\":\"product-files\\/product-40.jpg\",\"mime_type\":\"image\\/jpeg\",\"size\":9730,\"modified\":\"2023-11-09 16:20:52\",\"name\":\"product-40\",\"extension\":\"jpg\"}','2023-11-09 09:20:52','2023-11-09 09:20:52'),(248,196,'product-files/product-44.jpg','{\"filename\":\"product-44.jpg\",\"url\":\"product-files\\/product-44.jpg\",\"mime_type\":\"image\\/jpeg\",\"size\":9730,\"modified\":\"2023-11-09 16:20:52\",\"name\":\"product-44\",\"extension\":\"jpg\"}','2023-11-09 09:20:52','2023-11-09 09:20:52'),(249,196,'product-files/product-47.jpg','{\"filename\":\"product-47.jpg\",\"url\":\"product-files\\/product-47.jpg\",\"mime_type\":\"image\\/jpeg\",\"size\":9730,\"modified\":\"2023-11-09 16:20:52\",\"name\":\"product-47\",\"extension\":\"jpg\"}','2023-11-09 09:20:52','2023-11-09 09:20:52'),(250,196,'product-files/product-7.jpg','{\"filename\":\"product-7.jpg\",\"url\":\"product-files\\/product-7.jpg\",\"mime_type\":\"image\\/jpeg\",\"size\":9730,\"modified\":\"2023-11-09 16:20:52\",\"name\":\"product-7\",\"extension\":\"jpg\"}','2023-11-09 09:20:52','2023-11-09 09:20:52'),(251,196,'product-files/product-28.jpg','{\"filename\":\"product-28.jpg\",\"url\":\"product-files\\/product-28.jpg\",\"mime_type\":\"image\\/jpeg\",\"size\":9730,\"modified\":\"2023-11-09 16:20:52\",\"name\":\"product-28\",\"extension\":\"jpg\"}','2023-11-09 09:20:52','2023-11-09 09:20:52'),(252,196,'product-files/product-38.jpg','{\"filename\":\"product-38.jpg\",\"url\":\"product-files\\/product-38.jpg\",\"mime_type\":\"image\\/jpeg\",\"size\":9730,\"modified\":\"2023-11-09 16:20:52\",\"name\":\"product-38\",\"extension\":\"jpg\"}','2023-11-09 09:20:52','2023-11-09 09:20:52'),(253,196,'product-files/product-24.jpg','{\"filename\":\"product-24.jpg\",\"url\":\"product-files\\/product-24.jpg\",\"mime_type\":\"image\\/jpeg\",\"size\":9730,\"modified\":\"2023-11-09 16:20:52\",\"name\":\"product-24\",\"extension\":\"jpg\"}','2023-11-09 09:20:52','2023-11-09 09:20:52'),(254,196,'product-files/product-84.jpg','{\"filename\":\"product-84.jpg\",\"url\":\"product-files\\/product-84.jpg\",\"mime_type\":\"image\\/jpeg\",\"size\":9730,\"modified\":\"2023-11-09 16:20:52\",\"name\":\"product-84\",\"extension\":\"jpg\"}','2023-11-09 09:20:52','2023-11-09 09:20:52'),(255,196,'product-files/product-88.jpg','{\"filename\":\"product-88.jpg\",\"url\":\"product-files\\/product-88.jpg\",\"mime_type\":\"image\\/jpeg\",\"size\":9730,\"modified\":\"2023-11-09 16:20:52\",\"name\":\"product-88\",\"extension\":\"jpg\"}','2023-11-09 09:20:52','2023-11-09 09:20:52'),(256,208,'product-files/product-41.jpg','{\"filename\":\"product-41.jpg\",\"url\":\"product-files\\/product-41.jpg\",\"mime_type\":\"image\\/jpeg\",\"size\":9730,\"modified\":\"2023-11-09 16:20:52\",\"name\":\"product-41\",\"extension\":\"jpg\"}','2023-11-09 09:20:52','2023-11-09 09:20:52'),(257,208,'product-files/product-56.jpg','{\"filename\":\"product-56.jpg\",\"url\":\"product-files\\/product-56.jpg\",\"mime_type\":\"image\\/jpeg\",\"size\":9730,\"modified\":\"2023-11-09 16:20:52\",\"name\":\"product-56\",\"extension\":\"jpg\"}','2023-11-09 09:20:52','2023-11-09 09:20:52'),(258,208,'product-files/product-85.jpg','{\"filename\":\"product-85.jpg\",\"url\":\"product-files\\/product-85.jpg\",\"mime_type\":\"image\\/jpeg\",\"size\":9730,\"modified\":\"2023-11-09 16:20:52\",\"name\":\"product-85\",\"extension\":\"jpg\"}','2023-11-09 09:20:52','2023-11-09 09:20:52'),(259,208,'product-files/product-60.jpg','{\"filename\":\"product-60.jpg\",\"url\":\"product-files\\/product-60.jpg\",\"mime_type\":\"image\\/jpeg\",\"size\":9730,\"modified\":\"2023-11-09 16:20:52\",\"name\":\"product-60\",\"extension\":\"jpg\"}','2023-11-09 09:20:52','2023-11-09 09:20:52'),(260,208,'product-files/product-69.jpg','{\"filename\":\"product-69.jpg\",\"url\":\"product-files\\/product-69.jpg\",\"mime_type\":\"image\\/jpeg\",\"size\":9730,\"modified\":\"2023-11-09 16:20:52\",\"name\":\"product-69\",\"extension\":\"jpg\"}','2023-11-09 09:20:52','2023-11-09 09:20:52'),(261,208,'product-files/product-74.jpg','{\"filename\":\"product-74.jpg\",\"url\":\"product-files\\/product-74.jpg\",\"mime_type\":\"image\\/jpeg\",\"size\":9730,\"modified\":\"2023-11-09 16:20:52\",\"name\":\"product-74\",\"extension\":\"jpg\"}','2023-11-09 09:20:52','2023-11-09 09:20:52'),(262,208,'product-files/product-80.jpg','{\"filename\":\"product-80.jpg\",\"url\":\"product-files\\/product-80.jpg\",\"mime_type\":\"image\\/jpeg\",\"size\":9730,\"modified\":\"2023-11-09 16:20:52\",\"name\":\"product-80\",\"extension\":\"jpg\"}','2023-11-09 09:20:52','2023-11-09 09:20:52'),(263,208,'product-files/product-29.jpg','{\"filename\":\"product-29.jpg\",\"url\":\"product-files\\/product-29.jpg\",\"mime_type\":\"image\\/jpeg\",\"size\":9730,\"modified\":\"2023-11-09 16:20:52\",\"name\":\"product-29\",\"extension\":\"jpg\"}','2023-11-09 09:20:52','2023-11-09 09:20:52'),(264,209,'product-files/product-41.jpg','{\"filename\":\"product-41.jpg\",\"url\":\"product-files\\/product-41.jpg\",\"mime_type\":\"image\\/jpeg\",\"size\":9730,\"modified\":\"2023-11-09 16:20:52\",\"name\":\"product-41\",\"extension\":\"jpg\"}','2023-11-09 09:20:52','2023-11-09 09:20:52'),(265,209,'product-files/product-56.jpg','{\"filename\":\"product-56.jpg\",\"url\":\"product-files\\/product-56.jpg\",\"mime_type\":\"image\\/jpeg\",\"size\":9730,\"modified\":\"2023-11-09 16:20:52\",\"name\":\"product-56\",\"extension\":\"jpg\"}','2023-11-09 09:20:52','2023-11-09 09:20:52'),(266,209,'product-files/product-85.jpg','{\"filename\":\"product-85.jpg\",\"url\":\"product-files\\/product-85.jpg\",\"mime_type\":\"image\\/jpeg\",\"size\":9730,\"modified\":\"2023-11-09 16:20:52\",\"name\":\"product-85\",\"extension\":\"jpg\"}','2023-11-09 09:20:52','2023-11-09 09:20:52'),(267,209,'product-files/product-60.jpg','{\"filename\":\"product-60.jpg\",\"url\":\"product-files\\/product-60.jpg\",\"mime_type\":\"image\\/jpeg\",\"size\":9730,\"modified\":\"2023-11-09 16:20:52\",\"name\":\"product-60\",\"extension\":\"jpg\"}','2023-11-09 09:20:52','2023-11-09 09:20:52'),(268,209,'product-files/product-69.jpg','{\"filename\":\"product-69.jpg\",\"url\":\"product-files\\/product-69.jpg\",\"mime_type\":\"image\\/jpeg\",\"size\":9730,\"modified\":\"2023-11-09 16:20:52\",\"name\":\"product-69\",\"extension\":\"jpg\"}','2023-11-09 09:20:52','2023-11-09 09:20:52'),(269,209,'product-files/product-74.jpg','{\"filename\":\"product-74.jpg\",\"url\":\"product-files\\/product-74.jpg\",\"mime_type\":\"image\\/jpeg\",\"size\":9730,\"modified\":\"2023-11-09 16:20:52\",\"name\":\"product-74\",\"extension\":\"jpg\"}','2023-11-09 09:20:52','2023-11-09 09:20:52'),(270,209,'product-files/product-80.jpg','{\"filename\":\"product-80.jpg\",\"url\":\"product-files\\/product-80.jpg\",\"mime_type\":\"image\\/jpeg\",\"size\":9730,\"modified\":\"2023-11-09 16:20:52\",\"name\":\"product-80\",\"extension\":\"jpg\"}','2023-11-09 09:20:52','2023-11-09 09:20:52'),(271,209,'product-files/product-29.jpg','{\"filename\":\"product-29.jpg\",\"url\":\"product-files\\/product-29.jpg\",\"mime_type\":\"image\\/jpeg\",\"size\":9730,\"modified\":\"2023-11-09 16:20:52\",\"name\":\"product-29\",\"extension\":\"jpg\"}','2023-11-09 09:20:52','2023-11-09 09:20:52'),(272,217,'product-files/product-72.jpg','{\"filename\":\"product-72.jpg\",\"url\":\"product-files\\/product-72.jpg\",\"mime_type\":\"image\\/jpeg\",\"size\":9730,\"modified\":\"2023-11-09 16:20:52\",\"name\":\"product-72\",\"extension\":\"jpg\"}','2023-11-09 09:20:52','2023-11-09 09:20:52'),(273,217,'product-files/product-6.jpg','{\"filename\":\"product-6.jpg\",\"url\":\"product-files\\/product-6.jpg\",\"mime_type\":\"image\\/jpeg\",\"size\":9730,\"modified\":\"2023-11-09 16:20:52\",\"name\":\"product-6\",\"extension\":\"jpg\"}','2023-11-09 09:20:52','2023-11-09 09:20:52'),(274,217,'product-files/product-77.jpg','{\"filename\":\"product-77.jpg\",\"url\":\"product-files\\/product-77.jpg\",\"mime_type\":\"image\\/jpeg\",\"size\":9730,\"modified\":\"2023-11-09 16:20:52\",\"name\":\"product-77\",\"extension\":\"jpg\"}','2023-11-09 09:20:52','2023-11-09 09:20:52'),(275,217,'product-files/product-91.jpg','{\"filename\":\"product-91.jpg\",\"url\":\"product-files\\/product-91.jpg\",\"mime_type\":\"image\\/jpeg\",\"size\":9730,\"modified\":\"2023-11-09 16:20:52\",\"name\":\"product-91\",\"extension\":\"jpg\"}','2023-11-09 09:20:52','2023-11-09 09:20:52'),(276,217,'product-files/product-40.jpg','{\"filename\":\"product-40.jpg\",\"url\":\"product-files\\/product-40.jpg\",\"mime_type\":\"image\\/jpeg\",\"size\":9730,\"modified\":\"2023-11-09 16:20:52\",\"name\":\"product-40\",\"extension\":\"jpg\"}','2023-11-09 09:20:52','2023-11-09 09:20:52'),(277,217,'product-files/product-87.jpg','{\"filename\":\"product-87.jpg\",\"url\":\"product-files\\/product-87.jpg\",\"mime_type\":\"image\\/jpeg\",\"size\":9730,\"modified\":\"2023-11-09 16:20:52\",\"name\":\"product-87\",\"extension\":\"jpg\"}','2023-11-09 09:20:52','2023-11-09 09:20:52'),(278,217,'product-files/product-41.jpg','{\"filename\":\"product-41.jpg\",\"url\":\"product-files\\/product-41.jpg\",\"mime_type\":\"image\\/jpeg\",\"size\":9730,\"modified\":\"2023-11-09 16:20:52\",\"name\":\"product-41\",\"extension\":\"jpg\"}','2023-11-09 09:20:52','2023-11-09 09:20:52'),(279,217,'product-files/product-5.jpg','{\"filename\":\"product-5.jpg\",\"url\":\"product-files\\/product-5.jpg\",\"mime_type\":\"image\\/jpeg\",\"size\":9730,\"modified\":\"2023-11-09 16:20:52\",\"name\":\"product-5\",\"extension\":\"jpg\"}','2023-11-09 09:20:52','2023-11-09 09:20:52'),(280,217,'product-files/product-7.jpg','{\"filename\":\"product-7.jpg\",\"url\":\"product-files\\/product-7.jpg\",\"mime_type\":\"image\\/jpeg\",\"size\":9730,\"modified\":\"2023-11-09 16:20:52\",\"name\":\"product-7\",\"extension\":\"jpg\"}','2023-11-09 09:20:52','2023-11-09 09:20:52'),(281,217,'product-files/product-89.jpg','{\"filename\":\"product-89.jpg\",\"url\":\"product-files\\/product-89.jpg\",\"mime_type\":\"image\\/jpeg\",\"size\":9730,\"modified\":\"2023-11-09 16:20:52\",\"name\":\"product-89\",\"extension\":\"jpg\"}','2023-11-09 09:20:52','2023-11-09 09:20:52'),(282,217,'product-files/product-23.jpg','{\"filename\":\"product-23.jpg\",\"url\":\"product-files\\/product-23.jpg\",\"mime_type\":\"image\\/jpeg\",\"size\":9730,\"modified\":\"2023-11-09 16:20:52\",\"name\":\"product-23\",\"extension\":\"jpg\"}','2023-11-09 09:20:52','2023-11-09 09:20:52'),(283,230,'product-files/product-40.jpg','{\"filename\":\"product-40.jpg\",\"url\":\"product-files\\/product-40.jpg\",\"mime_type\":\"image\\/jpeg\",\"size\":9730,\"modified\":\"2023-11-09 16:20:53\",\"name\":\"product-40\",\"extension\":\"jpg\"}','2023-11-09 09:20:53','2023-11-09 09:20:53'),(284,230,'product-files/product-37.jpg','{\"filename\":\"product-37.jpg\",\"url\":\"product-files\\/product-37.jpg\",\"mime_type\":\"image\\/jpeg\",\"size\":9730,\"modified\":\"2023-11-09 16:20:53\",\"name\":\"product-37\",\"extension\":\"jpg\"}','2023-11-09 09:20:53','2023-11-09 09:20:53'),(285,230,'product-files/product-86.jpg','{\"filename\":\"product-86.jpg\",\"url\":\"product-files\\/product-86.jpg\",\"mime_type\":\"image\\/jpeg\",\"size\":9730,\"modified\":\"2023-11-09 16:20:53\",\"name\":\"product-86\",\"extension\":\"jpg\"}','2023-11-09 09:20:53','2023-11-09 09:20:53'),(286,230,'product-files/product-95.jpg','{\"filename\":\"product-95.jpg\",\"url\":\"product-files\\/product-95.jpg\",\"mime_type\":\"image\\/jpeg\",\"size\":9730,\"modified\":\"2023-11-09 16:20:53\",\"name\":\"product-95\",\"extension\":\"jpg\"}','2023-11-09 09:20:53','2023-11-09 09:20:53'),(287,230,'product-files/product-63.jpg','{\"filename\":\"product-63.jpg\",\"url\":\"product-files\\/product-63.jpg\",\"mime_type\":\"image\\/jpeg\",\"size\":9730,\"modified\":\"2023-11-09 16:20:53\",\"name\":\"product-63\",\"extension\":\"jpg\"}','2023-11-09 09:20:53','2023-11-09 09:20:53'),(288,230,'product-files/product-54.jpg','{\"filename\":\"product-54.jpg\",\"url\":\"product-files\\/product-54.jpg\",\"mime_type\":\"image\\/jpeg\",\"size\":9730,\"modified\":\"2023-11-09 16:20:53\",\"name\":\"product-54\",\"extension\":\"jpg\"}','2023-11-09 09:20:53','2023-11-09 09:20:53'),(289,230,'product-files/product-38.jpg','{\"filename\":\"product-38.jpg\",\"url\":\"product-files\\/product-38.jpg\",\"mime_type\":\"image\\/jpeg\",\"size\":9730,\"modified\":\"2023-11-09 16:20:53\",\"name\":\"product-38\",\"extension\":\"jpg\"}','2023-11-09 09:20:53','2023-11-09 09:20:53'),(290,239,'product-files/product-56.jpg','{\"filename\":\"product-56.jpg\",\"url\":\"product-files\\/product-56.jpg\",\"mime_type\":\"image\\/jpeg\",\"size\":9730,\"modified\":\"2023-11-09 16:20:53\",\"name\":\"product-56\",\"extension\":\"jpg\"}','2023-11-09 09:20:53','2023-11-09 09:20:53'),(291,239,'product-files/product-82.jpg','{\"filename\":\"product-82.jpg\",\"url\":\"product-files\\/product-82.jpg\",\"mime_type\":\"image\\/jpeg\",\"size\":9730,\"modified\":\"2023-11-09 16:20:53\",\"name\":\"product-82\",\"extension\":\"jpg\"}','2023-11-09 09:20:53','2023-11-09 09:20:53'),(292,239,'product-files/product-33.jpg','{\"filename\":\"product-33.jpg\",\"url\":\"product-files\\/product-33.jpg\",\"mime_type\":\"image\\/jpeg\",\"size\":9730,\"modified\":\"2023-11-09 16:20:53\",\"name\":\"product-33\",\"extension\":\"jpg\"}','2023-11-09 09:20:53','2023-11-09 09:20:53'),(293,239,'product-files/product-78.jpg','{\"filename\":\"product-78.jpg\",\"url\":\"product-files\\/product-78.jpg\",\"mime_type\":\"image\\/jpeg\",\"size\":9730,\"modified\":\"2023-11-09 16:20:53\",\"name\":\"product-78\",\"extension\":\"jpg\"}','2023-11-09 09:20:53','2023-11-09 09:20:53'),(294,239,'product-files/product-75.jpg','{\"filename\":\"product-75.jpg\",\"url\":\"product-files\\/product-75.jpg\",\"mime_type\":\"image\\/jpeg\",\"size\":9730,\"modified\":\"2023-11-09 16:20:53\",\"name\":\"product-75\",\"extension\":\"jpg\"}','2023-11-09 09:20:53','2023-11-09 09:20:53'),(295,239,'product-files/product-90.jpg','{\"filename\":\"product-90.jpg\",\"url\":\"product-files\\/product-90.jpg\",\"mime_type\":\"image\\/jpeg\",\"size\":9730,\"modified\":\"2023-11-09 16:20:53\",\"name\":\"product-90\",\"extension\":\"jpg\"}','2023-11-09 09:20:53','2023-11-09 09:20:53'),(296,247,'product-files/product-65.jpg','{\"filename\":\"product-65.jpg\",\"url\":\"product-files\\/product-65.jpg\",\"mime_type\":\"image\\/jpeg\",\"size\":9730,\"modified\":\"2023-11-09 16:20:53\",\"name\":\"product-65\",\"extension\":\"jpg\"}','2023-11-09 09:20:53','2023-11-09 09:20:53'),(297,247,'product-files/product-2.jpg','{\"filename\":\"product-2.jpg\",\"url\":\"product-files\\/product-2.jpg\",\"mime_type\":\"image\\/jpeg\",\"size\":9730,\"modified\":\"2023-11-09 16:20:53\",\"name\":\"product-2\",\"extension\":\"jpg\"}','2023-11-09 09:20:53','2023-11-09 09:20:53'),(298,247,'product-files/product-16.jpg','{\"filename\":\"product-16.jpg\",\"url\":\"product-files\\/product-16.jpg\",\"mime_type\":\"image\\/jpeg\",\"size\":9730,\"modified\":\"2023-11-09 16:20:53\",\"name\":\"product-16\",\"extension\":\"jpg\"}','2023-11-09 09:20:53','2023-11-09 09:20:53'),(299,247,'product-files/product-82.jpg','{\"filename\":\"product-82.jpg\",\"url\":\"product-files\\/product-82.jpg\",\"mime_type\":\"image\\/jpeg\",\"size\":9730,\"modified\":\"2023-11-09 16:20:53\",\"name\":\"product-82\",\"extension\":\"jpg\"}','2023-11-09 09:20:53','2023-11-09 09:20:53'),(300,247,'product-files/product-45.jpg','{\"filename\":\"product-45.jpg\",\"url\":\"product-files\\/product-45.jpg\",\"mime_type\":\"image\\/jpeg\",\"size\":9730,\"modified\":\"2023-11-09 16:20:53\",\"name\":\"product-45\",\"extension\":\"jpg\"}','2023-11-09 09:20:53','2023-11-09 09:20:53'),(301,247,'product-files/product-84.jpg','{\"filename\":\"product-84.jpg\",\"url\":\"product-files\\/product-84.jpg\",\"mime_type\":\"image\\/jpeg\",\"size\":9730,\"modified\":\"2023-11-09 16:20:53\",\"name\":\"product-84\",\"extension\":\"jpg\"}','2023-11-09 09:20:53','2023-11-09 09:20:53'),(302,248,'product-files/product-65.jpg','{\"filename\":\"product-65.jpg\",\"url\":\"product-files\\/product-65.jpg\",\"mime_type\":\"image\\/jpeg\",\"size\":9730,\"modified\":\"2023-11-09 16:20:53\",\"name\":\"product-65\",\"extension\":\"jpg\"}','2023-11-09 09:20:53','2023-11-09 09:20:53'),(303,248,'product-files/product-2.jpg','{\"filename\":\"product-2.jpg\",\"url\":\"product-files\\/product-2.jpg\",\"mime_type\":\"image\\/jpeg\",\"size\":9730,\"modified\":\"2023-11-09 16:20:53\",\"name\":\"product-2\",\"extension\":\"jpg\"}','2023-11-09 09:20:53','2023-11-09 09:20:53'),(304,248,'product-files/product-16.jpg','{\"filename\":\"product-16.jpg\",\"url\":\"product-files\\/product-16.jpg\",\"mime_type\":\"image\\/jpeg\",\"size\":9730,\"modified\":\"2023-11-09 16:20:53\",\"name\":\"product-16\",\"extension\":\"jpg\"}','2023-11-09 09:20:53','2023-11-09 09:20:53'),(305,248,'product-files/product-82.jpg','{\"filename\":\"product-82.jpg\",\"url\":\"product-files\\/product-82.jpg\",\"mime_type\":\"image\\/jpeg\",\"size\":9730,\"modified\":\"2023-11-09 16:20:53\",\"name\":\"product-82\",\"extension\":\"jpg\"}','2023-11-09 09:20:53','2023-11-09 09:20:53'),(306,248,'product-files/product-45.jpg','{\"filename\":\"product-45.jpg\",\"url\":\"product-files\\/product-45.jpg\",\"mime_type\":\"image\\/jpeg\",\"size\":9730,\"modified\":\"2023-11-09 16:20:53\",\"name\":\"product-45\",\"extension\":\"jpg\"}','2023-11-09 09:20:53','2023-11-09 09:20:53'),(307,248,'product-files/product-84.jpg','{\"filename\":\"product-84.jpg\",\"url\":\"product-files\\/product-84.jpg\",\"mime_type\":\"image\\/jpeg\",\"size\":9730,\"modified\":\"2023-11-09 16:20:53\",\"name\":\"product-84\",\"extension\":\"jpg\"}','2023-11-09 09:20:53','2023-11-09 09:20:53'),(308,260,'product-files/product-88.jpg','{\"filename\":\"product-88.jpg\",\"url\":\"product-files\\/product-88.jpg\",\"mime_type\":\"image\\/jpeg\",\"size\":9730,\"modified\":\"2023-11-09 16:20:53\",\"name\":\"product-88\",\"extension\":\"jpg\"}','2023-11-09 09:20:53','2023-11-09 09:20:53'),(309,260,'product-files/product-32.jpg','{\"filename\":\"product-32.jpg\",\"url\":\"product-files\\/product-32.jpg\",\"mime_type\":\"image\\/jpeg\",\"size\":9730,\"modified\":\"2023-11-09 16:20:53\",\"name\":\"product-32\",\"extension\":\"jpg\"}','2023-11-09 09:20:53','2023-11-09 09:20:53'),(310,260,'product-files/product-35.jpg','{\"filename\":\"product-35.jpg\",\"url\":\"product-files\\/product-35.jpg\",\"mime_type\":\"image\\/jpeg\",\"size\":9730,\"modified\":\"2023-11-09 16:20:53\",\"name\":\"product-35\",\"extension\":\"jpg\"}','2023-11-09 09:20:53','2023-11-09 09:20:53'),(311,260,'product-files/product-25.jpg','{\"filename\":\"product-25.jpg\",\"url\":\"product-files\\/product-25.jpg\",\"mime_type\":\"image\\/jpeg\",\"size\":9730,\"modified\":\"2023-11-09 16:20:53\",\"name\":\"product-25\",\"extension\":\"jpg\"}','2023-11-09 09:20:53','2023-11-09 09:20:53'),(312,260,'product-files/product-69.jpg','{\"filename\":\"product-69.jpg\",\"url\":\"product-files\\/product-69.jpg\",\"mime_type\":\"image\\/jpeg\",\"size\":9730,\"modified\":\"2023-11-09 16:20:53\",\"name\":\"product-69\",\"extension\":\"jpg\"}','2023-11-09 09:20:53','2023-11-09 09:20:53'),(313,260,'product-files/product-9.jpg','{\"filename\":\"product-9.jpg\",\"url\":\"product-files\\/product-9.jpg\",\"mime_type\":\"image\\/jpeg\",\"size\":9730,\"modified\":\"2023-11-09 16:20:53\",\"name\":\"product-9\",\"extension\":\"jpg\"}','2023-11-09 09:20:53','2023-11-09 09:20:53'),(314,260,'product-files/product-1.jpg','{\"filename\":\"product-1.jpg\",\"url\":\"product-files\\/product-1.jpg\",\"mime_type\":\"image\\/jpeg\",\"size\":9730,\"modified\":\"2023-11-09 16:20:53\",\"name\":\"product-1\",\"extension\":\"jpg\"}','2023-11-09 09:20:53','2023-11-09 09:20:53'),(315,260,'product-files/product-78.jpg','{\"filename\":\"product-78.jpg\",\"url\":\"product-files\\/product-78.jpg\",\"mime_type\":\"image\\/jpeg\",\"size\":9730,\"modified\":\"2023-11-09 16:20:53\",\"name\":\"product-78\",\"extension\":\"jpg\"}','2023-11-09 09:20:53','2023-11-09 09:20:53'),(316,260,'product-files/product-26.jpg','{\"filename\":\"product-26.jpg\",\"url\":\"product-files\\/product-26.jpg\",\"mime_type\":\"image\\/jpeg\",\"size\":9730,\"modified\":\"2023-11-09 16:20:53\",\"name\":\"product-26\",\"extension\":\"jpg\"}','2023-11-09 09:20:53','2023-11-09 09:20:53'),(317,260,'product-files/product-24.jpg','{\"filename\":\"product-24.jpg\",\"url\":\"product-files\\/product-24.jpg\",\"mime_type\":\"image\\/jpeg\",\"size\":9730,\"modified\":\"2023-11-09 16:20:53\",\"name\":\"product-24\",\"extension\":\"jpg\"}','2023-11-09 09:20:53','2023-11-09 09:20:53'),(318,261,'product-files/product-88.jpg','{\"filename\":\"product-88.jpg\",\"url\":\"product-files\\/product-88.jpg\",\"mime_type\":\"image\\/jpeg\",\"size\":9730,\"modified\":\"2023-11-09 16:20:53\",\"name\":\"product-88\",\"extension\":\"jpg\"}','2023-11-09 09:20:53','2023-11-09 09:20:53'),(319,261,'product-files/product-32.jpg','{\"filename\":\"product-32.jpg\",\"url\":\"product-files\\/product-32.jpg\",\"mime_type\":\"image\\/jpeg\",\"size\":9730,\"modified\":\"2023-11-09 16:20:53\",\"name\":\"product-32\",\"extension\":\"jpg\"}','2023-11-09 09:20:53','2023-11-09 09:20:53'),(320,261,'product-files/product-35.jpg','{\"filename\":\"product-35.jpg\",\"url\":\"product-files\\/product-35.jpg\",\"mime_type\":\"image\\/jpeg\",\"size\":9730,\"modified\":\"2023-11-09 16:20:53\",\"name\":\"product-35\",\"extension\":\"jpg\"}','2023-11-09 09:20:53','2023-11-09 09:20:53'),(321,261,'product-files/product-25.jpg','{\"filename\":\"product-25.jpg\",\"url\":\"product-files\\/product-25.jpg\",\"mime_type\":\"image\\/jpeg\",\"size\":9730,\"modified\":\"2023-11-09 16:20:53\",\"name\":\"product-25\",\"extension\":\"jpg\"}','2023-11-09 09:20:53','2023-11-09 09:20:53'),(322,261,'product-files/product-69.jpg','{\"filename\":\"product-69.jpg\",\"url\":\"product-files\\/product-69.jpg\",\"mime_type\":\"image\\/jpeg\",\"size\":9730,\"modified\":\"2023-11-09 16:20:53\",\"name\":\"product-69\",\"extension\":\"jpg\"}','2023-11-09 09:20:53','2023-11-09 09:20:53'),(323,261,'product-files/product-9.jpg','{\"filename\":\"product-9.jpg\",\"url\":\"product-files\\/product-9.jpg\",\"mime_type\":\"image\\/jpeg\",\"size\":9730,\"modified\":\"2023-11-09 16:20:53\",\"name\":\"product-9\",\"extension\":\"jpg\"}','2023-11-09 09:20:53','2023-11-09 09:20:53'),(324,261,'product-files/product-1.jpg','{\"filename\":\"product-1.jpg\",\"url\":\"product-files\\/product-1.jpg\",\"mime_type\":\"image\\/jpeg\",\"size\":9730,\"modified\":\"2023-11-09 16:20:53\",\"name\":\"product-1\",\"extension\":\"jpg\"}','2023-11-09 09:20:53','2023-11-09 09:20:53'),(325,261,'product-files/product-78.jpg','{\"filename\":\"product-78.jpg\",\"url\":\"product-files\\/product-78.jpg\",\"mime_type\":\"image\\/jpeg\",\"size\":9730,\"modified\":\"2023-11-09 16:20:53\",\"name\":\"product-78\",\"extension\":\"jpg\"}','2023-11-09 09:20:53','2023-11-09 09:20:53'),(326,261,'product-files/product-26.jpg','{\"filename\":\"product-26.jpg\",\"url\":\"product-files\\/product-26.jpg\",\"mime_type\":\"image\\/jpeg\",\"size\":9730,\"modified\":\"2023-11-09 16:20:53\",\"name\":\"product-26\",\"extension\":\"jpg\"}','2023-11-09 09:20:53','2023-11-09 09:20:53'),(327,261,'product-files/product-24.jpg','{\"filename\":\"product-24.jpg\",\"url\":\"product-files\\/product-24.jpg\",\"mime_type\":\"image\\/jpeg\",\"size\":9730,\"modified\":\"2023-11-09 16:20:53\",\"name\":\"product-24\",\"extension\":\"jpg\"}','2023-11-09 09:20:53','2023-11-09 09:20:53'),(328,262,'product-files/product-88.jpg','{\"filename\":\"product-88.jpg\",\"url\":\"product-files\\/product-88.jpg\",\"mime_type\":\"image\\/jpeg\",\"size\":9730,\"modified\":\"2023-11-09 16:20:53\",\"name\":\"product-88\",\"extension\":\"jpg\"}','2023-11-09 09:20:53','2023-11-09 09:20:53'),(329,262,'product-files/product-32.jpg','{\"filename\":\"product-32.jpg\",\"url\":\"product-files\\/product-32.jpg\",\"mime_type\":\"image\\/jpeg\",\"size\":9730,\"modified\":\"2023-11-09 16:20:53\",\"name\":\"product-32\",\"extension\":\"jpg\"}','2023-11-09 09:20:53','2023-11-09 09:20:53'),(330,262,'product-files/product-35.jpg','{\"filename\":\"product-35.jpg\",\"url\":\"product-files\\/product-35.jpg\",\"mime_type\":\"image\\/jpeg\",\"size\":9730,\"modified\":\"2023-11-09 16:20:53\",\"name\":\"product-35\",\"extension\":\"jpg\"}','2023-11-09 09:20:53','2023-11-09 09:20:53'),(331,262,'product-files/product-25.jpg','{\"filename\":\"product-25.jpg\",\"url\":\"product-files\\/product-25.jpg\",\"mime_type\":\"image\\/jpeg\",\"size\":9730,\"modified\":\"2023-11-09 16:20:53\",\"name\":\"product-25\",\"extension\":\"jpg\"}','2023-11-09 09:20:53','2023-11-09 09:20:53'),(332,262,'product-files/product-69.jpg','{\"filename\":\"product-69.jpg\",\"url\":\"product-files\\/product-69.jpg\",\"mime_type\":\"image\\/jpeg\",\"size\":9730,\"modified\":\"2023-11-09 16:20:53\",\"name\":\"product-69\",\"extension\":\"jpg\"}','2023-11-09 09:20:53','2023-11-09 09:20:53'),(333,262,'product-files/product-9.jpg','{\"filename\":\"product-9.jpg\",\"url\":\"product-files\\/product-9.jpg\",\"mime_type\":\"image\\/jpeg\",\"size\":9730,\"modified\":\"2023-11-09 16:20:53\",\"name\":\"product-9\",\"extension\":\"jpg\"}','2023-11-09 09:20:53','2023-11-09 09:20:53'),(334,262,'product-files/product-1.jpg','{\"filename\":\"product-1.jpg\",\"url\":\"product-files\\/product-1.jpg\",\"mime_type\":\"image\\/jpeg\",\"size\":9730,\"modified\":\"2023-11-09 16:20:53\",\"name\":\"product-1\",\"extension\":\"jpg\"}','2023-11-09 09:20:53','2023-11-09 09:20:53'),(335,262,'product-files/product-78.jpg','{\"filename\":\"product-78.jpg\",\"url\":\"product-files\\/product-78.jpg\",\"mime_type\":\"image\\/jpeg\",\"size\":9730,\"modified\":\"2023-11-09 16:20:53\",\"name\":\"product-78\",\"extension\":\"jpg\"}','2023-11-09 09:20:53','2023-11-09 09:20:53'),(336,262,'product-files/product-26.jpg','{\"filename\":\"product-26.jpg\",\"url\":\"product-files\\/product-26.jpg\",\"mime_type\":\"image\\/jpeg\",\"size\":9730,\"modified\":\"2023-11-09 16:20:53\",\"name\":\"product-26\",\"extension\":\"jpg\"}','2023-11-09 09:20:53','2023-11-09 09:20:53'),(337,262,'product-files/product-24.jpg','{\"filename\":\"product-24.jpg\",\"url\":\"product-files\\/product-24.jpg\",\"mime_type\":\"image\\/jpeg\",\"size\":9730,\"modified\":\"2023-11-09 16:20:53\",\"name\":\"product-24\",\"extension\":\"jpg\"}','2023-11-09 09:20:53','2023-11-09 09:20:53'),(338,263,'product-files/product-88.jpg','{\"filename\":\"product-88.jpg\",\"url\":\"product-files\\/product-88.jpg\",\"mime_type\":\"image\\/jpeg\",\"size\":9730,\"modified\":\"2023-11-09 16:20:53\",\"name\":\"product-88\",\"extension\":\"jpg\"}','2023-11-09 09:20:53','2023-11-09 09:20:53'),(339,263,'product-files/product-32.jpg','{\"filename\":\"product-32.jpg\",\"url\":\"product-files\\/product-32.jpg\",\"mime_type\":\"image\\/jpeg\",\"size\":9730,\"modified\":\"2023-11-09 16:20:53\",\"name\":\"product-32\",\"extension\":\"jpg\"}','2023-11-09 09:20:53','2023-11-09 09:20:53'),(340,263,'product-files/product-35.jpg','{\"filename\":\"product-35.jpg\",\"url\":\"product-files\\/product-35.jpg\",\"mime_type\":\"image\\/jpeg\",\"size\":9730,\"modified\":\"2023-11-09 16:20:53\",\"name\":\"product-35\",\"extension\":\"jpg\"}','2023-11-09 09:20:53','2023-11-09 09:20:53'),(341,263,'product-files/product-25.jpg','{\"filename\":\"product-25.jpg\",\"url\":\"product-files\\/product-25.jpg\",\"mime_type\":\"image\\/jpeg\",\"size\":9730,\"modified\":\"2023-11-09 16:20:53\",\"name\":\"product-25\",\"extension\":\"jpg\"}','2023-11-09 09:20:53','2023-11-09 09:20:53'),(342,263,'product-files/product-69.jpg','{\"filename\":\"product-69.jpg\",\"url\":\"product-files\\/product-69.jpg\",\"mime_type\":\"image\\/jpeg\",\"size\":9730,\"modified\":\"2023-11-09 16:20:53\",\"name\":\"product-69\",\"extension\":\"jpg\"}','2023-11-09 09:20:53','2023-11-09 09:20:53'),(343,263,'product-files/product-9.jpg','{\"filename\":\"product-9.jpg\",\"url\":\"product-files\\/product-9.jpg\",\"mime_type\":\"image\\/jpeg\",\"size\":9730,\"modified\":\"2023-11-09 16:20:53\",\"name\":\"product-9\",\"extension\":\"jpg\"}','2023-11-09 09:20:53','2023-11-09 09:20:53'),(344,263,'product-files/product-1.jpg','{\"filename\":\"product-1.jpg\",\"url\":\"product-files\\/product-1.jpg\",\"mime_type\":\"image\\/jpeg\",\"size\":9730,\"modified\":\"2023-11-09 16:20:53\",\"name\":\"product-1\",\"extension\":\"jpg\"}','2023-11-09 09:20:53','2023-11-09 09:20:53'),(345,263,'product-files/product-78.jpg','{\"filename\":\"product-78.jpg\",\"url\":\"product-files\\/product-78.jpg\",\"mime_type\":\"image\\/jpeg\",\"size\":9730,\"modified\":\"2023-11-09 16:20:53\",\"name\":\"product-78\",\"extension\":\"jpg\"}','2023-11-09 09:20:53','2023-11-09 09:20:53'),(346,263,'product-files/product-26.jpg','{\"filename\":\"product-26.jpg\",\"url\":\"product-files\\/product-26.jpg\",\"mime_type\":\"image\\/jpeg\",\"size\":9730,\"modified\":\"2023-11-09 16:20:53\",\"name\":\"product-26\",\"extension\":\"jpg\"}','2023-11-09 09:20:53','2023-11-09 09:20:53'),(347,263,'product-files/product-24.jpg','{\"filename\":\"product-24.jpg\",\"url\":\"product-files\\/product-24.jpg\",\"mime_type\":\"image\\/jpeg\",\"size\":9730,\"modified\":\"2023-11-09 16:20:53\",\"name\":\"product-24\",\"extension\":\"jpg\"}','2023-11-09 09:20:53','2023-11-09 09:20:53'),(348,274,'product-files/product-34.jpg','{\"filename\":\"product-34.jpg\",\"url\":\"product-files\\/product-34.jpg\",\"mime_type\":\"image\\/jpeg\",\"size\":9730,\"modified\":\"2023-11-09 16:20:53\",\"name\":\"product-34\",\"extension\":\"jpg\"}','2023-11-09 09:20:53','2023-11-09 09:20:53'),(349,274,'product-files/product-24.jpg','{\"filename\":\"product-24.jpg\",\"url\":\"product-files\\/product-24.jpg\",\"mime_type\":\"image\\/jpeg\",\"size\":9730,\"modified\":\"2023-11-09 16:20:53\",\"name\":\"product-24\",\"extension\":\"jpg\"}','2023-11-09 09:20:53','2023-11-09 09:20:53'),(350,274,'product-files/product-5.jpg','{\"filename\":\"product-5.jpg\",\"url\":\"product-files\\/product-5.jpg\",\"mime_type\":\"image\\/jpeg\",\"size\":9730,\"modified\":\"2023-11-09 16:20:53\",\"name\":\"product-5\",\"extension\":\"jpg\"}','2023-11-09 09:20:53','2023-11-09 09:20:53'),(351,274,'product-files/product-11.jpg','{\"filename\":\"product-11.jpg\",\"url\":\"product-files\\/product-11.jpg\",\"mime_type\":\"image\\/jpeg\",\"size\":9730,\"modified\":\"2023-11-09 16:20:53\",\"name\":\"product-11\",\"extension\":\"jpg\"}','2023-11-09 09:20:53','2023-11-09 09:20:53'),(352,274,'product-files/product-65.jpg','{\"filename\":\"product-65.jpg\",\"url\":\"product-files\\/product-65.jpg\",\"mime_type\":\"image\\/jpeg\",\"size\":9730,\"modified\":\"2023-11-09 16:20:53\",\"name\":\"product-65\",\"extension\":\"jpg\"}','2023-11-09 09:20:53','2023-11-09 09:20:53'),(353,274,'product-files/product-69.jpg','{\"filename\":\"product-69.jpg\",\"url\":\"product-files\\/product-69.jpg\",\"mime_type\":\"image\\/jpeg\",\"size\":9730,\"modified\":\"2023-11-09 16:20:53\",\"name\":\"product-69\",\"extension\":\"jpg\"}','2023-11-09 09:20:53','2023-11-09 09:20:53'),(354,274,'product-files/product-31.jpg','{\"filename\":\"product-31.jpg\",\"url\":\"product-files\\/product-31.jpg\",\"mime_type\":\"image\\/jpeg\",\"size\":9730,\"modified\":\"2023-11-09 16:20:53\",\"name\":\"product-31\",\"extension\":\"jpg\"}','2023-11-09 09:20:53','2023-11-09 09:20:53'),(355,274,'product-files/product-71.jpg','{\"filename\":\"product-71.jpg\",\"url\":\"product-files\\/product-71.jpg\",\"mime_type\":\"image\\/jpeg\",\"size\":9730,\"modified\":\"2023-11-09 16:20:53\",\"name\":\"product-71\",\"extension\":\"jpg\"}','2023-11-09 09:20:53','2023-11-09 09:20:53'),(356,275,'product-files/product-34.jpg','{\"filename\":\"product-34.jpg\",\"url\":\"product-files\\/product-34.jpg\",\"mime_type\":\"image\\/jpeg\",\"size\":9730,\"modified\":\"2023-11-09 16:20:53\",\"name\":\"product-34\",\"extension\":\"jpg\"}','2023-11-09 09:20:53','2023-11-09 09:20:53'),(357,275,'product-files/product-24.jpg','{\"filename\":\"product-24.jpg\",\"url\":\"product-files\\/product-24.jpg\",\"mime_type\":\"image\\/jpeg\",\"size\":9730,\"modified\":\"2023-11-09 16:20:53\",\"name\":\"product-24\",\"extension\":\"jpg\"}','2023-11-09 09:20:53','2023-11-09 09:20:53'),(358,275,'product-files/product-5.jpg','{\"filename\":\"product-5.jpg\",\"url\":\"product-files\\/product-5.jpg\",\"mime_type\":\"image\\/jpeg\",\"size\":9730,\"modified\":\"2023-11-09 16:20:53\",\"name\":\"product-5\",\"extension\":\"jpg\"}','2023-11-09 09:20:53','2023-11-09 09:20:53'),(359,275,'product-files/product-11.jpg','{\"filename\":\"product-11.jpg\",\"url\":\"product-files\\/product-11.jpg\",\"mime_type\":\"image\\/jpeg\",\"size\":9730,\"modified\":\"2023-11-09 16:20:53\",\"name\":\"product-11\",\"extension\":\"jpg\"}','2023-11-09 09:20:53','2023-11-09 09:20:53'),(360,275,'product-files/product-65.jpg','{\"filename\":\"product-65.jpg\",\"url\":\"product-files\\/product-65.jpg\",\"mime_type\":\"image\\/jpeg\",\"size\":9730,\"modified\":\"2023-11-09 16:20:53\",\"name\":\"product-65\",\"extension\":\"jpg\"}','2023-11-09 09:20:53','2023-11-09 09:20:53'),(361,275,'product-files/product-69.jpg','{\"filename\":\"product-69.jpg\",\"url\":\"product-files\\/product-69.jpg\",\"mime_type\":\"image\\/jpeg\",\"size\":9730,\"modified\":\"2023-11-09 16:20:53\",\"name\":\"product-69\",\"extension\":\"jpg\"}','2023-11-09 09:20:53','2023-11-09 09:20:53'),(362,275,'product-files/product-31.jpg','{\"filename\":\"product-31.jpg\",\"url\":\"product-files\\/product-31.jpg\",\"mime_type\":\"image\\/jpeg\",\"size\":9730,\"modified\":\"2023-11-09 16:20:53\",\"name\":\"product-31\",\"extension\":\"jpg\"}','2023-11-09 09:20:53','2023-11-09 09:20:53'),(363,275,'product-files/product-71.jpg','{\"filename\":\"product-71.jpg\",\"url\":\"product-files\\/product-71.jpg\",\"mime_type\":\"image\\/jpeg\",\"size\":9730,\"modified\":\"2023-11-09 16:20:53\",\"name\":\"product-71\",\"extension\":\"jpg\"}','2023-11-09 09:20:53','2023-11-09 09:20:53');
/*!40000 ALTER TABLE `ec_product_files` ENABLE KEYS */;
UNLOCK TABLES;

--
-- Table structure for table `ec_product_label_products`
--

DROP TABLE IF EXISTS `ec_product_label_products`;
/*!40101 SET @saved_cs_client     = @@character_set_client */;
/*!50503 SET character_set_client = utf8mb4 */;
CREATE TABLE `ec_product_label_products` (
  `product_label_id` bigint unsigned NOT NULL,
  `product_id` bigint unsigned NOT NULL,
  PRIMARY KEY (`product_label_id`,`product_id`),
  KEY `ec_product_label_products_product_label_id_index` (`product_label_id`),
  KEY `ec_product_label_products_product_id_index` (`product_id`)
) ENGINE=InnoDB DEFAULT CHARSET=utf8mb4 COLLATE=utf8mb4_unicode_ci;
/*!40101 SET character_set_client = @saved_cs_client */;

--
-- Dumping data for table `ec_product_label_products`
--

LOCK TABLES `ec_product_label_products` WRITE;
/*!40000 ALTER TABLE `ec_product_label_products` DISABLE KEYS */;
INSERT INTO `ec_product_label_products` VALUES (1,21),(1,28),(1,63),(1,70),(2,14),(2,42),(2,56),(3,7),(3,35),(3,49);
/*!40000 ALTER TABLE `ec_product_label_products` ENABLE KEYS */;
UNLOCK TABLES;

--
-- Table structure for table `ec_product_labels`
--

DROP TABLE IF EXISTS `ec_product_labels`;
/*!40101 SET @saved_cs_client     = @@character_set_client */;
/*!50503 SET character_set_client = utf8mb4 */;
CREATE TABLE `ec_product_labels` (
  `id` bigint unsigned NOT NULL AUTO_INCREMENT,
  `name` varchar(255) COLLATE utf8mb4_unicode_ci NOT NULL,
  `color` varchar(120) COLLATE utf8mb4_unicode_ci DEFAULT NULL,
  `status` varchar(60) COLLATE utf8mb4_unicode_ci NOT NULL DEFAULT 'published',
  `created_at` timestamp NULL DEFAULT NULL,
  `updated_at` timestamp NULL DEFAULT NULL,
  PRIMARY KEY (`id`)
) ENGINE=InnoDB AUTO_INCREMENT=4 DEFAULT CHARSET=utf8mb4 COLLATE=utf8mb4_unicode_ci;
/*!40101 SET character_set_client = @saved_cs_client */;

--
-- Dumping data for table `ec_product_labels`
--

LOCK TABLES `ec_product_labels` WRITE;
/*!40000 ALTER TABLE `ec_product_labels` DISABLE KEYS */;
INSERT INTO `ec_product_labels` VALUES (1,'Hot','#ec2434','published','2023-11-09 09:20:40','2023-11-09 09:20:40'),(2,'New','#00c9a7','published','2023-11-09 09:20:40','2023-11-09 09:20:40'),(3,'Sale','#fe9931','published','2023-11-09 09:20:40','2023-11-09 09:20:40');
/*!40000 ALTER TABLE `ec_product_labels` ENABLE KEYS */;
UNLOCK TABLES;

--
-- Table structure for table `ec_product_labels_translations`
--

DROP TABLE IF EXISTS `ec_product_labels_translations`;
/*!40101 SET @saved_cs_client     = @@character_set_client */;
/*!50503 SET character_set_client = utf8mb4 */;
CREATE TABLE `ec_product_labels_translations` (
  `lang_code` varchar(191) COLLATE utf8mb4_unicode_ci NOT NULL,
  `ec_product_labels_id` bigint unsigned NOT NULL,
  `name` varchar(191) COLLATE utf8mb4_unicode_ci DEFAULT NULL,
  `description` varchar(191) COLLATE utf8mb4_unicode_ci DEFAULT NULL,
  PRIMARY KEY (`lang_code`,`ec_product_labels_id`)
) ENGINE=InnoDB DEFAULT CHARSET=utf8mb4 COLLATE=utf8mb4_unicode_ci;
/*!40101 SET character_set_client = @saved_cs_client */;

--
-- Dumping data for table `ec_product_labels_translations`
--

LOCK TABLES `ec_product_labels_translations` WRITE;
/*!40000 ALTER TABLE `ec_product_labels_translations` DISABLE KEYS */;
/*!40000 ALTER TABLE `ec_product_labels_translations` ENABLE KEYS */;
UNLOCK TABLES;

--
-- Table structure for table `ec_product_related_relations`
--

DROP TABLE IF EXISTS `ec_product_related_relations`;
/*!40101 SET @saved_cs_client     = @@character_set_client */;
/*!50503 SET character_set_client = utf8mb4 */;
CREATE TABLE `ec_product_related_relations` (
  `from_product_id` bigint unsigned NOT NULL,
  `to_product_id` bigint unsigned NOT NULL,
  PRIMARY KEY (`from_product_id`,`to_product_id`),
  KEY `ec_product_related_relations_from_product_id_index` (`from_product_id`),
  KEY `ec_product_related_relations_to_product_id_index` (`to_product_id`)
) ENGINE=InnoDB DEFAULT CHARSET=utf8mb4 COLLATE=utf8mb4_unicode_ci;
/*!40101 SET character_set_client = @saved_cs_client */;

--
-- Dumping data for table `ec_product_related_relations`
--

LOCK TABLES `ec_product_related_relations` WRITE;
/*!40000 ALTER TABLE `ec_product_related_relations` DISABLE KEYS */;
/*!40000 ALTER TABLE `ec_product_related_relations` ENABLE KEYS */;
UNLOCK TABLES;

--
-- Table structure for table `ec_product_tag_product`
--

DROP TABLE IF EXISTS `ec_product_tag_product`;
/*!40101 SET @saved_cs_client     = @@character_set_client */;
/*!50503 SET character_set_client = utf8mb4 */;
CREATE TABLE `ec_product_tag_product` (
  `product_id` bigint unsigned NOT NULL,
  `tag_id` bigint unsigned NOT NULL,
  PRIMARY KEY (`product_id`,`tag_id`),
  KEY `ec_product_tag_product_product_id_index` (`product_id`),
  KEY `ec_product_tag_product_tag_id_index` (`tag_id`)
) ENGINE=InnoDB DEFAULT CHARSET=utf8mb4 COLLATE=utf8mb4_unicode_ci;
/*!40101 SET character_set_client = @saved_cs_client */;

--
-- Dumping data for table `ec_product_tag_product`
--

LOCK TABLES `ec_product_tag_product` WRITE;
/*!40000 ALTER TABLE `ec_product_tag_product` DISABLE KEYS */;
INSERT INTO `ec_product_tag_product` VALUES (1,3),(1,6),(2,2),(2,3),(2,5),(3,1),(3,4),(3,6),(4,1),(4,4),(5,1),(5,5),(5,6),(6,3),(6,4),(6,5),(7,2),(7,5),(7,6),(8,1),(8,2),(9,3),(9,5),(10,4),(10,5),(11,1),(11,2),(11,6),(12,1),(12,4),(13,1),(13,3),(14,3),(14,4),(14,5),(15,2),(15,4),(16,3),(16,4),(16,5),(17,4),(17,5),(17,6),(18,2),(18,3),(18,5),(19,2),(19,5),(19,6),(20,2),(20,6),(21,1),(21,4),(21,6),(22,3),(22,4),(23,2),(23,4),(23,5),(24,3),(24,6),(25,1),(25,2),(26,1),(26,2),(26,6),(27,4),(27,6),(28,2),(28,3),(29,1),(29,3),(29,4),(30,1),(30,6),(31,2),(31,5),(32,4),(32,6),(33,3),(33,5),(33,6),(34,4),(34,6),(35,2),(35,3),(36,3),(36,6),(37,1),(37,2),(37,3),(38,1),(38,3),(38,4),(39,2),(39,3),(39,5),(40,3),(40,4),(40,5),(41,1),(41,3),(42,1),(42,4),(42,5),(43,1),(43,3),(43,5),(44,1),(44,6),(45,1),(45,5),(45,6),(46,2),(46,5),(46,6),(47,2),(47,5),(48,3),(48,4),(48,6),(49,1),(49,4),(49,6),(50,1),(50,2),(50,5),(51,2),(51,5),(52,1),(52,2),(52,4),(53,3),(53,5),(54,1),(54,2),(54,4),(55,1),(55,4),(55,6),(56,1),(56,2),(56,6),(57,1),(57,5),(57,6),(58,4),(58,5),(58,6),(59,1),(59,5),(59,6),(60,3),(60,4),(61,1),(61,2),(61,5),(62,4),(62,6),(63,3),(63,6),(64,3),(64,4),(65,3),(65,4),(65,6),(66,1),(66,4),(66,5),(67,2),(67,3),(67,4),(68,2),(68,4),(68,5),(69,2),(69,4),(70,1),(70,4),(70,6),(71,3),(71,5),(72,1),(72,3),(73,2),(73,3),(74,4),(74,5),(74,6),(75,4),(75,6);
/*!40000 ALTER TABLE `ec_product_tag_product` ENABLE KEYS */;
UNLOCK TABLES;

--
-- Table structure for table `ec_product_tags`
--

DROP TABLE IF EXISTS `ec_product_tags`;
/*!40101 SET @saved_cs_client     = @@character_set_client */;
/*!50503 SET character_set_client = utf8mb4 */;
CREATE TABLE `ec_product_tags` (
  `id` bigint unsigned NOT NULL AUTO_INCREMENT,
  `name` varchar(120) COLLATE utf8mb4_unicode_ci NOT NULL,
  `description` varchar(400) COLLATE utf8mb4_unicode_ci DEFAULT NULL,
  `status` varchar(60) COLLATE utf8mb4_unicode_ci NOT NULL DEFAULT 'published',
  `created_at` timestamp NULL DEFAULT NULL,
  `updated_at` timestamp NULL DEFAULT NULL,
  PRIMARY KEY (`id`)
) ENGINE=InnoDB AUTO_INCREMENT=7 DEFAULT CHARSET=utf8mb4 COLLATE=utf8mb4_unicode_ci;
/*!40101 SET character_set_client = @saved_cs_client */;

--
-- Dumping data for table `ec_product_tags`
--

LOCK TABLES `ec_product_tags` WRITE;
/*!40000 ALTER TABLE `ec_product_tags` DISABLE KEYS */;
INSERT INTO `ec_product_tags` VALUES (1,'Electronic',NULL,'published','2023-11-09 09:20:40','2023-11-09 09:20:40'),(2,'Mobile',NULL,'published','2023-11-09 09:20:40','2023-11-09 09:20:40'),(3,'Iphone',NULL,'published','2023-11-09 09:20:40','2023-11-09 09:20:40'),(4,'Printer',NULL,'published','2023-11-09 09:20:40','2023-11-09 09:20:40'),(5,'Office',NULL,'published','2023-11-09 09:20:40','2023-11-09 09:20:40'),(6,'IT',NULL,'published','2023-11-09 09:20:40','2023-11-09 09:20:40');
/*!40000 ALTER TABLE `ec_product_tags` ENABLE KEYS */;
UNLOCK TABLES;

--
-- Table structure for table `ec_product_tags_translations`
--

DROP TABLE IF EXISTS `ec_product_tags_translations`;
/*!40101 SET @saved_cs_client     = @@character_set_client */;
/*!50503 SET character_set_client = utf8mb4 */;
CREATE TABLE `ec_product_tags_translations` (
  `lang_code` varchar(191) COLLATE utf8mb4_unicode_ci NOT NULL,
  `ec_product_tags_id` bigint unsigned NOT NULL,
  `name` varchar(191) COLLATE utf8mb4_unicode_ci DEFAULT NULL,
  PRIMARY KEY (`lang_code`,`ec_product_tags_id`)
) ENGINE=InnoDB DEFAULT CHARSET=utf8mb4 COLLATE=utf8mb4_unicode_ci;
/*!40101 SET character_set_client = @saved_cs_client */;

--
-- Dumping data for table `ec_product_tags_translations`
--

LOCK TABLES `ec_product_tags_translations` WRITE;
/*!40000 ALTER TABLE `ec_product_tags_translations` DISABLE KEYS */;
/*!40000 ALTER TABLE `ec_product_tags_translations` ENABLE KEYS */;
UNLOCK TABLES;

--
-- Table structure for table `ec_product_up_sale_relations`
--

DROP TABLE IF EXISTS `ec_product_up_sale_relations`;
/*!40101 SET @saved_cs_client     = @@character_set_client */;
/*!50503 SET character_set_client = utf8mb4 */;
CREATE TABLE `ec_product_up_sale_relations` (
  `from_product_id` bigint unsigned NOT NULL,
  `to_product_id` bigint unsigned NOT NULL,
  PRIMARY KEY (`from_product_id`,`to_product_id`),
  KEY `ec_product_up_sale_relations_from_product_id_index` (`from_product_id`),
  KEY `ec_product_up_sale_relations_to_product_id_index` (`to_product_id`)
) ENGINE=InnoDB DEFAULT CHARSET=utf8mb4 COLLATE=utf8mb4_unicode_ci;
/*!40101 SET character_set_client = @saved_cs_client */;

--
-- Dumping data for table `ec_product_up_sale_relations`
--

LOCK TABLES `ec_product_up_sale_relations` WRITE;
/*!40000 ALTER TABLE `ec_product_up_sale_relations` DISABLE KEYS */;
/*!40000 ALTER TABLE `ec_product_up_sale_relations` ENABLE KEYS */;
UNLOCK TABLES;

--
-- Table structure for table `ec_product_variation_items`
--

DROP TABLE IF EXISTS `ec_product_variation_items`;
/*!40101 SET @saved_cs_client     = @@character_set_client */;
/*!50503 SET character_set_client = utf8mb4 */;
CREATE TABLE `ec_product_variation_items` (
  `id` bigint unsigned NOT NULL AUTO_INCREMENT,
  `attribute_id` bigint unsigned NOT NULL,
  `variation_id` bigint unsigned NOT NULL,
  PRIMARY KEY (`id`),
  KEY `attribute_variation_index` (`attribute_id`,`variation_id`)
) ENGINE=InnoDB AUTO_INCREMENT=415 DEFAULT CHARSET=utf8mb4 COLLATE=utf8mb4_unicode_ci;
/*!40101 SET character_set_client = @saved_cs_client */;

--
-- Dumping data for table `ec_product_variation_items`
--

LOCK TABLES `ec_product_variation_items` WRITE;
/*!40000 ALTER TABLE `ec_product_variation_items` DISABLE KEYS */;
INSERT INTO `ec_product_variation_items` VALUES (9,1,5),(11,1,6),(17,1,9),(23,1,12),(29,1,15),(45,1,23),(57,1,29),(65,1,33),(83,1,42),(85,1,43),(107,1,54),(111,1,56),(117,1,59),(121,1,61),(127,1,64),(149,1,75),(151,1,76),(157,1,79),(193,1,97),(197,1,99),(213,1,107),(217,1,109),(233,1,117),(239,1,120),(249,1,125),(271,1,136),(279,1,140),(283,1,142),(305,1,153),(321,1,161),(355,1,178),(363,1,182),(365,1,183),(381,1,191),(383,1,192),(385,1,193),(389,1,195),(1,2,1),(13,2,7),(21,2,11),(47,2,24),(49,2,25),(55,2,28),(71,2,36),(81,2,41),(87,2,44),(101,2,51),(119,2,60),(129,2,65),(131,2,66),(133,2,67),(141,2,71),(143,2,72),(153,2,77),(163,2,82),(173,2,87),(175,2,88),(177,2,89),(181,2,91),(183,2,92),(187,2,94),(205,2,103),(207,2,104),(215,2,108),(223,2,112),(231,2,116),(243,2,122),(253,2,127),(255,2,128),(257,2,129),(263,2,132),(269,2,135),(287,2,144),(293,2,147),(325,2,163),(329,2,165),(343,2,172),(353,2,177),(357,2,179),(359,2,180),(367,2,184),(371,2,186),(379,2,190),(405,2,203),(413,2,207),(7,3,4),(15,3,8),(25,3,13),(31,3,16),(37,3,19),(41,3,21),(43,3,22),(59,3,30),(89,3,45),(97,3,49),(99,3,50),(109,3,55),(115,3,58),(165,3,83),(191,3,96),(199,3,100),(203,3,102),(227,3,114),(235,3,118),(245,3,123),(247,3,124),(265,3,133),(275,3,138),(277,3,139),(281,3,141),(289,3,145),(295,3,148),(297,3,149),(301,3,151),(307,3,154),(311,3,156),(319,3,160),(331,3,166),(337,3,169),(345,3,173),(347,3,174),(351,3,176),(377,3,189),(395,3,198),(397,3,199),(401,3,201),(5,4,3),(33,4,17),(35,4,18),(61,4,31),(67,4,34),(73,4,37),(91,4,46),(103,4,52),(105,4,53),(145,4,73),(147,4,74),(155,4,78),(159,4,80),(161,4,81),(167,4,84),(169,4,85),(179,4,90),(189,4,95),(201,4,101),(209,4,105),(225,4,113),(237,4,119),(259,4,130),(267,4,134),(291,4,146),(299,4,150),(317,4,159),(327,4,164),(333,4,167),(335,4,168),(339,4,170),(341,4,171),(373,4,187),(375,4,188),(393,4,197),(399,4,200),(409,4,205),(411,4,206),(3,5,2),(19,5,10),(27,5,14),(39,5,20),(51,5,26),(53,5,27),(63,5,32),(69,5,35),(75,5,38),(77,5,39),(79,5,40),(93,5,47),(95,5,48),(113,5,57),(123,5,62),(125,5,63),(135,5,68),(137,5,69),(139,5,70),(171,5,86),(185,5,93),(195,5,98),(211,5,106),(219,5,110),(221,5,111),(229,5,115),(241,5,121),(251,5,126),(261,5,131),(273,5,137),(285,5,143),(303,5,152),(309,5,155),(313,5,157),(315,5,158),(323,5,162),(349,5,175),(361,5,181),(369,5,185),(387,5,194),(391,5,196),(403,5,202),(407,5,204),(4,6,2),(24,6,12),(30,6,15),(32,6,16),(36,6,18),(60,6,30),(66,6,33),(70,6,35),(80,6,40),(90,6,45),(96,6,48),(106,6,53),(150,6,75),(164,6,82),(174,6,87),(194,6,97),(196,6,98),(200,6,100),(202,6,101),(204,6,102),(212,6,106),(216,6,108),(236,6,118),(260,6,130),(262,6,131),(266,6,133),(276,6,138),(320,6,160),(324,6,162),(352,6,176),(354,6,177),(390,6,195),(406,6,203),(6,7,3),(16,7,8),(18,7,9),(26,7,13),(44,7,22),(46,7,23),(56,7,28),(58,7,29),(74,7,37),(78,7,39),(86,7,43),(88,7,44),(94,7,47),(102,7,51),(110,7,55),(132,7,66),(136,7,68),(148,7,74),(182,7,91),(208,7,104),(222,7,111),(244,7,122),(252,7,126),(256,7,128),(264,7,132),(278,7,139),(298,7,149),(302,7,151),(304,7,152),(310,7,155),(314,7,157),(334,7,167),(340,7,170),(346,7,173),(368,7,184),(370,7,185),(372,7,186),(400,7,200),(14,8,7),(42,8,21),(48,8,24),(50,8,25),(68,8,34),(72,8,36),(76,8,38),(104,8,52),(108,8,54),(112,8,56),(126,8,63),(142,8,71),(158,8,79),(172,8,86),(176,8,88),(178,8,89),(186,8,93),(218,8,109),(224,8,112),(226,8,113),(228,8,114),(238,8,119),(240,8,120),(242,8,121),(258,8,129),(268,8,134),(286,8,143),(294,8,147),(308,8,154),(316,8,158),(318,8,159),(330,8,165),(338,8,169),(342,8,171),(366,8,183),(378,8,189),(380,8,190),(384,8,192),(398,8,199),(408,8,204),(410,8,205),(10,9,5),(22,9,11),(28,9,14),(40,9,20),(54,9,27),(62,9,31),(64,9,32),(92,9,46),(98,9,49),(114,9,57),(118,9,59),(120,9,60),(122,9,61),(128,9,64),(130,9,65),(134,9,67),(138,9,69),(146,9,73),(156,9,78),(160,9,80),(166,9,83),(168,9,84),(184,9,92),(190,9,95),(192,9,96),(198,9,99),(206,9,103),(210,9,105),(214,9,107),(232,9,116),(234,9,117),(246,9,123),(248,9,124),(250,9,125),(270,9,135),(274,9,137),(292,9,146),(300,9,150),(322,9,161),(328,9,164),(332,9,166),(336,9,168),(344,9,172),(358,9,179),(360,9,180),(386,9,193),(388,9,194),(392,9,196),(394,9,197),(402,9,201),(404,9,202),(2,10,1),(8,10,4),(12,10,6),(20,10,10),(34,10,17),(38,10,19),(52,10,26),(82,10,41),(84,10,42),(100,10,50),(116,10,58),(124,10,62),(140,10,70),(144,10,72),(152,10,76),(154,10,77),(162,10,81),(170,10,85),(180,10,90),(188,10,94),(220,10,110),(230,10,115),(254,10,127),(272,10,136),(280,10,140),(282,10,141),(284,10,142),(288,10,144),(290,10,145),(296,10,148),(306,10,153),(312,10,156),(326,10,163),(348,10,174),(350,10,175),(356,10,178),(362,10,181),(364,10,182),(374,10,187),(376,10,188),(382,10,191),(396,10,198),(412,10,206),(414,10,207);
/*!40000 ALTER TABLE `ec_product_variation_items` ENABLE KEYS */;
UNLOCK TABLES;

--
-- Table structure for table `ec_product_variations`
--

DROP TABLE IF EXISTS `ec_product_variations`;
/*!40101 SET @saved_cs_client     = @@character_set_client */;
/*!50503 SET character_set_client = utf8mb4 */;
CREATE TABLE `ec_product_variations` (
  `id` bigint unsigned NOT NULL AUTO_INCREMENT,
  `product_id` bigint unsigned DEFAULT NULL,
  `configurable_product_id` bigint unsigned NOT NULL,
  `is_default` tinyint NOT NULL DEFAULT '0',
  PRIMARY KEY (`id`),
  KEY `configurable_product_index` (`product_id`,`configurable_product_id`)
) ENGINE=InnoDB AUTO_INCREMENT=208 DEFAULT CHARSET=utf8mb4 COLLATE=utf8mb4_unicode_ci;
/*!40101 SET character_set_client = @saved_cs_client */;

--
-- Dumping data for table `ec_product_variations`
--

LOCK TABLES `ec_product_variations` WRITE;
/*!40000 ALTER TABLE `ec_product_variations` DISABLE KEYS */;
INSERT INTO `ec_product_variations` VALUES (1,76,1,1),(2,77,1,0),(3,78,1,0),(4,79,2,1),(5,80,2,0),(6,81,2,0),(7,82,3,1),(8,83,3,0),(9,84,3,0),(10,85,4,1),(11,86,4,0),(12,87,5,1),(13,88,5,0),(14,89,5,0),(15,90,5,0),(16,91,6,1),(17,92,6,0),(18,93,6,0),(19,94,6,0),(20,95,6,0),(21,96,7,1),(22,97,7,0),(23,98,7,0),(24,99,8,1),(25,100,8,0),(26,101,9,1),(27,102,9,0),(28,103,9,0),(29,104,10,1),(30,105,10,0),(31,106,10,0),(32,107,11,1),(33,108,11,0),(34,109,11,0),(35,110,11,0),(36,111,11,0),(37,112,12,1),(38,113,12,0),(39,114,12,0),(40,115,13,1),(41,116,14,1),(42,117,14,0),(43,118,15,1),(44,119,15,0),(45,120,16,1),(46,121,16,0),(47,122,16,0),(48,123,16,0),(49,124,17,1),(50,125,17,0),(51,126,17,0),(52,127,18,1),(53,128,18,0),(54,129,19,1),(55,130,19,0),(56,131,19,0),(57,132,20,1),(58,133,20,0),(59,134,20,0),(60,135,21,1),(61,136,22,1),(62,137,22,0),(63,138,22,0),(64,139,23,1),(65,140,24,1),(66,141,24,0),(67,142,24,0),(68,143,24,0),(69,144,25,1),(70,145,25,0),(71,146,26,1),(72,147,26,0),(73,148,26,0),(74,149,27,1),(75,150,28,1),(76,151,29,1),(77,152,29,0),(78,153,29,0),(79,154,29,0),(80,155,29,0),(81,156,30,1),(82,157,30,0),(83,158,30,0),(84,159,31,1),(85,160,31,0),(86,161,32,1),(87,162,32,0),(88,163,32,0),(89,164,32,0),(90,165,33,1),(91,166,33,0),(92,167,34,1),(93,168,34,0),(94,169,35,1),(95,170,35,0),(96,171,35,0),(97,172,35,0),(98,173,36,1),(99,174,37,1),(100,175,38,1),(101,176,38,0),(102,177,38,0),(103,178,38,0),(104,179,38,0),(105,180,39,1),(106,181,39,0),(107,182,39,0),(108,183,40,1),(109,184,40,0),(110,185,40,0),(111,186,41,1),(112,187,41,0),(113,188,42,1),(114,189,42,0),(115,190,43,1),(116,191,43,0),(117,192,44,1),(118,193,44,0),(119,194,45,1),(120,195,45,0),(121,196,45,0),(122,197,46,1),(123,198,46,0),(124,199,46,0),(125,200,46,0),(126,201,47,1),(127,202,47,0),(128,203,48,1),(129,204,48,0),(130,205,48,0),(131,206,48,0),(132,207,48,0),(133,208,49,1),(134,209,49,0),(135,210,50,1),(136,211,51,1),(137,212,51,0),(138,213,51,0),(139,214,52,1),(140,215,52,0),(141,216,52,0),(142,217,53,1),(143,218,54,1),(144,219,54,0),(145,220,54,0),(146,221,54,0),(147,222,54,0),(148,223,55,1),(149,224,55,0),(150,225,56,1),(151,226,56,0),(152,227,56,0),(153,228,56,0),(154,229,56,0),(155,230,57,1),(156,231,58,1),(157,232,58,0),(158,233,59,1),(159,234,59,0),(160,235,59,0),(161,236,60,1),(162,237,60,0),(163,238,60,0),(164,239,61,1),(165,240,62,1),(166,241,62,0),(167,242,63,1),(168,243,63,0),(169,244,64,1),(170,245,64,0),(171,246,64,0),(172,247,65,1),(173,248,65,0),(174,249,66,1),(175,250,66,0),(176,251,66,0),(177,252,66,0),(178,253,67,1),(179,254,67,0),(180,255,68,1),(181,256,68,0),(182,257,68,0),(183,258,68,0),(184,259,68,0),(185,260,69,1),(186,261,69,0),(187,262,69,0),(188,263,69,0),(189,264,70,1),(190,265,70,0),(191,266,70,0),(192,267,70,0),(193,268,71,1),(194,269,71,0),(195,270,71,0),(196,271,71,0),(197,272,72,1),(198,273,72,0),(199,274,73,1),(200,275,73,0),(201,276,74,1),(202,277,74,0),(203,278,74,0),(204,279,74,0),(205,280,75,1),(206,281,75,0),(207,282,75,0);
/*!40000 ALTER TABLE `ec_product_variations` ENABLE KEYS */;
UNLOCK TABLES;

--
-- Table structure for table `ec_product_views`
--

DROP TABLE IF EXISTS `ec_product_views`;
/*!40101 SET @saved_cs_client     = @@character_set_client */;
/*!50503 SET character_set_client = utf8mb4 */;
CREATE TABLE `ec_product_views` (
  `id` bigint unsigned NOT NULL AUTO_INCREMENT,
  `product_id` bigint unsigned NOT NULL,
  `views` int NOT NULL DEFAULT '1',
  `date` date NOT NULL DEFAULT '2023-11-09',
  PRIMARY KEY (`id`),
  UNIQUE KEY `ec_product_views_product_id_date_unique` (`product_id`,`date`),
  KEY `ec_product_views_product_id_index` (`product_id`)
) ENGINE=InnoDB DEFAULT CHARSET=utf8mb4 COLLATE=utf8mb4_unicode_ci;
/*!40101 SET character_set_client = @saved_cs_client */;

--
-- Dumping data for table `ec_product_views`
--

LOCK TABLES `ec_product_views` WRITE;
/*!40000 ALTER TABLE `ec_product_views` DISABLE KEYS */;
/*!40000 ALTER TABLE `ec_product_views` ENABLE KEYS */;
UNLOCK TABLES;

--
-- Table structure for table `ec_product_with_attribute_set`
--

DROP TABLE IF EXISTS `ec_product_with_attribute_set`;
/*!40101 SET @saved_cs_client     = @@character_set_client */;
/*!50503 SET character_set_client = utf8mb4 */;
CREATE TABLE `ec_product_with_attribute_set` (
  `attribute_set_id` bigint unsigned NOT NULL,
  `product_id` bigint unsigned NOT NULL,
  `order` tinyint unsigned NOT NULL DEFAULT '0',
  PRIMARY KEY (`product_id`,`attribute_set_id`)
) ENGINE=InnoDB DEFAULT CHARSET=utf8mb4 COLLATE=utf8mb4_unicode_ci;
/*!40101 SET character_set_client = @saved_cs_client */;

--
-- Dumping data for table `ec_product_with_attribute_set`
--

LOCK TABLES `ec_product_with_attribute_set` WRITE;
/*!40000 ALTER TABLE `ec_product_with_attribute_set` DISABLE KEYS */;
INSERT INTO `ec_product_with_attribute_set` VALUES (1,1,0),(2,1,0),(1,2,0),(2,2,0),(1,3,0),(2,3,0),(1,4,0),(2,4,0),(1,5,0),(2,5,0),(1,6,0),(2,6,0),(1,7,0),(2,7,0),(1,8,0),(2,8,0),(1,9,0),(2,9,0),(1,10,0),(2,10,0),(1,11,0),(2,11,0),(1,12,0),(2,12,0),(1,13,0),(2,13,0),(1,14,0),(2,14,0),(1,15,0),(2,15,0),(1,16,0),(2,16,0),(1,17,0),(2,17,0),(1,18,0),(2,18,0),(1,19,0),(2,19,0),(1,20,0),(2,20,0),(1,21,0),(2,21,0),(1,22,0),(2,22,0),(1,23,0),(2,23,0),(1,24,0),(2,24,0),(1,25,0),(2,25,0),(1,26,0),(2,26,0),(1,27,0),(2,27,0),(1,28,0),(2,28,0),(1,29,0),(2,29,0),(1,30,0),(2,30,0),(1,31,0),(2,31,0),(1,32,0),(2,32,0),(1,33,0),(2,33,0),(1,34,0),(2,34,0),(1,35,0),(2,35,0),(1,36,0),(2,36,0),(1,37,0),(2,37,0),(1,38,0),(2,38,0),(1,39,0),(2,39,0),(1,40,0),(2,40,0),(1,41,0),(2,41,0),(1,42,0),(2,42,0),(1,43,0),(2,43,0),(1,44,0),(2,44,0),(1,45,0),(2,45,0),(1,46,0),(2,46,0),(1,47,0),(2,47,0),(1,48,0),(2,48,0),(1,49,0),(2,49,0),(1,50,0),(2,50,0),(1,51,0),(2,51,0),(1,52,0),(2,52,0),(1,53,0),(2,53,0),(1,54,0),(2,54,0),(1,55,0),(2,55,0),(1,56,0),(2,56,0),(1,57,0),(2,57,0),(1,58,0),(2,58,0),(1,59,0),(2,59,0),(1,60,0),(2,60,0),(1,61,0),(2,61,0),(1,62,0),(2,62,0),(1,63,0),(2,63,0),(1,64,0),(2,64,0),(1,65,0),(2,65,0),(1,66,0),(2,66,0),(1,67,0),(2,67,0),(1,68,0),(2,68,0),(1,69,0),(2,69,0),(1,70,0),(2,70,0),(1,71,0),(2,71,0),(1,72,0),(2,72,0),(1,73,0),(2,73,0),(1,74,0),(2,74,0),(1,75,0),(2,75,0);
/*!40000 ALTER TABLE `ec_product_with_attribute_set` ENABLE KEYS */;
UNLOCK TABLES;

--
-- Table structure for table `ec_products`
--

DROP TABLE IF EXISTS `ec_products`;
/*!40101 SET @saved_cs_client     = @@character_set_client */;
/*!50503 SET character_set_client = utf8mb4 */;
CREATE TABLE `ec_products` (
  `id` bigint unsigned NOT NULL AUTO_INCREMENT,
  `name` varchar(191) COLLATE utf8mb4_unicode_ci NOT NULL,
  `description` text COLLATE utf8mb4_unicode_ci,
  `content` longtext COLLATE utf8mb4_unicode_ci,
  `status` varchar(60) COLLATE utf8mb4_unicode_ci NOT NULL DEFAULT 'published',
  `images` text COLLATE utf8mb4_unicode_ci,
  `sku` varchar(191) COLLATE utf8mb4_unicode_ci DEFAULT NULL,
  `order` int unsigned NOT NULL DEFAULT '0',
  `quantity` int unsigned DEFAULT NULL,
  `allow_checkout_when_out_of_stock` tinyint unsigned NOT NULL DEFAULT '0',
  `with_storehouse_management` tinyint unsigned NOT NULL DEFAULT '0',
  `is_featured` tinyint unsigned NOT NULL DEFAULT '0',
  `brand_id` bigint unsigned DEFAULT NULL,
  `is_variation` tinyint NOT NULL DEFAULT '0',
  `sale_type` tinyint NOT NULL DEFAULT '0',
  `price` double unsigned DEFAULT NULL,
  `sale_price` double unsigned DEFAULT NULL,
  `start_date` timestamp NULL DEFAULT NULL,
  `end_date` timestamp NULL DEFAULT NULL,
  `length` double(8,2) DEFAULT NULL,
  `wide` double(8,2) DEFAULT NULL,
  `height` double(8,2) DEFAULT NULL,
  `weight` double(8,2) DEFAULT NULL,
  `tax_id` bigint unsigned DEFAULT NULL,
  `views` bigint NOT NULL DEFAULT '0',
  `created_at` timestamp NULL DEFAULT NULL,
  `updated_at` timestamp NULL DEFAULT NULL,
  `stock_status` varchar(191) COLLATE utf8mb4_unicode_ci DEFAULT 'in_stock',
  `created_by_id` bigint unsigned DEFAULT '0',
  `created_by_type` varchar(255) COLLATE utf8mb4_unicode_ci NOT NULL DEFAULT 'Botble\\ACL\\Models\\User',
  `image` varchar(255) COLLATE utf8mb4_unicode_ci DEFAULT NULL,
  `product_type` varchar(60) COLLATE utf8mb4_unicode_ci DEFAULT 'physical',
  `barcode` varchar(50) CHARACTER SET utf8mb4 COLLATE utf8mb4_unicode_ci DEFAULT NULL,
  `cost_per_item` double DEFAULT NULL,
  `generate_license_code` tinyint(1) NOT NULL DEFAULT '0',
  PRIMARY KEY (`id`),
  KEY `ec_products_brand_id_status_is_variation_created_at_index` (`brand_id`,`status`,`is_variation`,`created_at`),
  KEY `sale_type_index` (`sale_type`),
  KEY `start_date_index` (`start_date`),
  KEY `end_date_index` (`end_date`),
  KEY `sale_price_index` (`sale_price`),
  KEY `is_variation_index` (`is_variation`),
  KEY `ec_products_sku_index` (`sku`)
) ENGINE=InnoDB AUTO_INCREMENT=283 DEFAULT CHARSET=utf8mb4 COLLATE=utf8mb4_unicode_ci;
/*!40101 SET character_set_client = @saved_cs_client */;

--
-- Dumping data for table `ec_products`
--

LOCK TABLES `ec_products` WRITE;
/*!40000 ALTER TABLE `ec_products` DISABLE KEYS */;
INSERT INTO `ec_products` VALUES (1,'Miko Wooden Bluetooth Speaker','<p>Short Hooded Coat features a straight body, large pockets with button flaps, ventilation air holes, and a string detail along the hemline.</p>','<p>Short Hooded Coat features a straight body, large pockets with button flaps, ventilation air holes, and a string detail along the hemline. The style is completed with a drawstring hood, featuring Rains’ signature built-in cap. Made from waterproof, matte PU, this lightweight unisex rain jacket is an ode to nostalgia through its classic silhouette and utilitarian design details.</p>\n                                <p>- Casual unisex fit</p>\n\n                                <p>- 64% polyester, 36% polyurethane</p>\n\n                                <p>- Water column pressure: 4000 mm</p>\n\n                                <p>- Model is 187cm tall and wearing a size S / M</p>\n\n                                <p>- Unisex fit</p>\n\n                                <p>- Drawstring hood with built-in cap</p>\n\n                                <p>- Front placket with snap buttons</p>\n\n                                <p>- Ventilation under armpit</p>\n\n                                <p>- Adjustable cuffs</p>\n\n                                <p>- Double welted front pockets</p>\n\n                                <p>- Adjustable elastic string at hempen</p>\n\n                                <p>- Ultrasonically welded seams</p>\n\n                                <p>This is a unisex item, please check our clothing &amp; footwear sizing guide for specific Rains jacket sizing information. RAINS comes from the rainy nation of Denmark at the edge of the European continent, close to the ocean and with prevailing westerly winds; all factors that contribute to an average of 121 rain days each year. Arising from these rainy weather conditions comes the attitude that a quick rain shower may be beautiful, as well as moody- but first and foremost requires the right outfit. Rains focus on the whole experience of going outside on rainy days, issuing an invitation to explore even in the most mercurial weather.</p>','published','[\"products\\/product-6.jpg\",\"products\\/product-7.jpg\",\"products\\/product-86.jpg\",\"products\\/product-27.jpg\",\"products\\/product-59.jpg\",\"products\\/product-74.jpg\"]','NC-127-A0',0,14,0,1,1,1,0,0,325,NULL,NULL,NULL,12.00,10.00,13.00,732.00,NULL,20520,'2023-11-09 09:20:46','2023-11-09 09:20:48','in_stock',0,'Botble\\ACL\\Models\\User',NULL,'digital',NULL,NULL,0),(2,'Gorgeous Wooden Gloves','<p>Short Hooded Coat features a straight body, large pockets with button flaps, ventilation air holes, and a string detail along the hemline.</p>','<p>Short Hooded Coat features a straight body, large pockets with button flaps, ventilation air holes, and a string detail along the hemline. The style is completed with a drawstring hood, featuring Rains’ signature built-in cap. Made from waterproof, matte PU, this lightweight unisex rain jacket is an ode to nostalgia through its classic silhouette and utilitarian design details.</p>\n                                <p>- Casual unisex fit</p>\n\n                                <p>- 64% polyester, 36% polyurethane</p>\n\n                                <p>- Water column pressure: 4000 mm</p>\n\n                                <p>- Model is 187cm tall and wearing a size S / M</p>\n\n                                <p>- Unisex fit</p>\n\n                                <p>- Drawstring hood with built-in cap</p>\n\n                                <p>- Front placket with snap buttons</p>\n\n                                <p>- Ventilation under armpit</p>\n\n                                <p>- Adjustable cuffs</p>\n\n                                <p>- Double welted front pockets</p>\n\n                                <p>- Adjustable elastic string at hempen</p>\n\n                                <p>- Ultrasonically welded seams</p>\n\n                                <p>This is a unisex item, please check our clothing &amp; footwear sizing guide for specific Rains jacket sizing information. RAINS comes from the rainy nation of Denmark at the edge of the European continent, close to the ocean and with prevailing westerly winds; all factors that contribute to an average of 121 rain days each year. Arising from these rainy weather conditions comes the attitude that a quick rain shower may be beautiful, as well as moody- but first and foremost requires the right outfit. Rains focus on the whole experience of going outside on rainy days, issuing an invitation to explore even in the most mercurial weather.</p>','published','[\"products\\/product-65.jpg\",\"products\\/product-76.jpg\",\"products\\/product-87.jpg\",\"products\\/product-77.jpg\",\"products\\/product-91.jpg\",\"products\\/product-19.jpg\",\"products\\/product-86.jpg\"]','NC-155-A0',0,12,0,1,0,4,0,0,271,NULL,NULL,NULL,16.00,10.00,20.00,772.00,NULL,89512,'2023-11-09 09:20:46','2023-11-09 09:20:48','in_stock',0,'Botble\\ACL\\Models\\User',NULL,'physical',NULL,NULL,0),(3,'Pinkol Enormous Granite Bottle','<p>Short Hooded Coat features a straight body, large pockets with button flaps, ventilation air holes, and a string detail along the hemline.</p>','<p>Short Hooded Coat features a straight body, large pockets with button flaps, ventilation air holes, and a string detail along the hemline. The style is completed with a drawstring hood, featuring Rains’ signature built-in cap. Made from waterproof, matte PU, this lightweight unisex rain jacket is an ode to nostalgia through its classic silhouette and utilitarian design details.</p>\n                                <p>- Casual unisex fit</p>\n\n                                <p>- 64% polyester, 36% polyurethane</p>\n\n                                <p>- Water column pressure: 4000 mm</p>\n\n                                <p>- Model is 187cm tall and wearing a size S / M</p>\n\n                                <p>- Unisex fit</p>\n\n                                <p>- Drawstring hood with built-in cap</p>\n\n                                <p>- Front placket with snap buttons</p>\n\n                                <p>- Ventilation under armpit</p>\n\n                                <p>- Adjustable cuffs</p>\n\n                                <p>- Double welted front pockets</p>\n\n                                <p>- Adjustable elastic string at hempen</p>\n\n                                <p>- Ultrasonically welded seams</p>\n\n                                <p>This is a unisex item, please check our clothing &amp; footwear sizing guide for specific Rains jacket sizing information. RAINS comes from the rainy nation of Denmark at the edge of the European continent, close to the ocean and with prevailing westerly winds; all factors that contribute to an average of 121 rain days each year. Arising from these rainy weather conditions comes the attitude that a quick rain shower may be beautiful, as well as moody- but first and foremost requires the right outfit. Rains focus on the whole experience of going outside on rainy days, issuing an invitation to explore even in the most mercurial weather.</p>','published','[\"products\\/product-38.jpg\",\"products\\/product-62.jpg\",\"products\\/product-85.jpg\",\"products\\/product-29.jpg\",\"products\\/product-71.jpg\",\"products\\/product-19.jpg\",\"products\\/product-47.jpg\",\"products\\/product-59.jpg\"]','NC-124-A0',0,20,0,1,1,3,0,0,426,NULL,NULL,NULL,16.00,14.00,16.00,750.00,NULL,84991,'2023-11-09 09:20:46','2023-11-09 09:20:48','in_stock',0,'Botble\\ACL\\Models\\User',NULL,'physical',NULL,NULL,0),(4,'Gorgeous Aluminum Table','<p>Short Hooded Coat features a straight body, large pockets with button flaps, ventilation air holes, and a string detail along the hemline.</p>','<p>Short Hooded Coat features a straight body, large pockets with button flaps, ventilation air holes, and a string detail along the hemline. The style is completed with a drawstring hood, featuring Rains’ signature built-in cap. Made from waterproof, matte PU, this lightweight unisex rain jacket is an ode to nostalgia through its classic silhouette and utilitarian design details.</p>\n                                <p>- Casual unisex fit</p>\n\n                                <p>- 64% polyester, 36% polyurethane</p>\n\n                                <p>- Water column pressure: 4000 mm</p>\n\n                                <p>- Model is 187cm tall and wearing a size S / M</p>\n\n                                <p>- Unisex fit</p>\n\n                                <p>- Drawstring hood with built-in cap</p>\n\n                                <p>- Front placket with snap buttons</p>\n\n                                <p>- Ventilation under armpit</p>\n\n                                <p>- Adjustable cuffs</p>\n\n                                <p>- Double welted front pockets</p>\n\n                                <p>- Adjustable elastic string at hempen</p>\n\n                                <p>- Ultrasonically welded seams</p>\n\n                                <p>This is a unisex item, please check our clothing &amp; footwear sizing guide for specific Rains jacket sizing information. RAINS comes from the rainy nation of Denmark at the edge of the European continent, close to the ocean and with prevailing westerly winds; all factors that contribute to an average of 121 rain days each year. Arising from these rainy weather conditions comes the attitude that a quick rain shower may be beautiful, as well as moody- but first and foremost requires the right outfit. Rains focus on the whole experience of going outside on rainy days, issuing an invitation to explore even in the most mercurial weather.</p>','published','[\"products\\/product-17.jpg\",\"products\\/product-77.jpg\",\"products\\/product-87.jpg\",\"products\\/product-49.jpg\",\"products\\/product-91.jpg\",\"products\\/product-58.jpg\",\"products\\/product-57.jpg\"]','NC-134-A0',0,17,0,1,0,4,0,0,207,186.3,NULL,NULL,20.00,19.00,12.00,829.00,NULL,74736,'2023-11-09 09:20:46','2023-11-09 09:20:49','in_stock',0,'Botble\\ACL\\Models\\User',NULL,'physical',NULL,NULL,0),(5,'Evo Lightweight Granite Shirt','<p>Short Hooded Coat features a straight body, large pockets with button flaps, ventilation air holes, and a string detail along the hemline.</p>','<p>Short Hooded Coat features a straight body, large pockets with button flaps, ventilation air holes, and a string detail along the hemline. The style is completed with a drawstring hood, featuring Rains’ signature built-in cap. Made from waterproof, matte PU, this lightweight unisex rain jacket is an ode to nostalgia through its classic silhouette and utilitarian design details.</p>\n                                <p>- Casual unisex fit</p>\n\n                                <p>- 64% polyester, 36% polyurethane</p>\n\n                                <p>- Water column pressure: 4000 mm</p>\n\n                                <p>- Model is 187cm tall and wearing a size S / M</p>\n\n                                <p>- Unisex fit</p>\n\n                                <p>- Drawstring hood with built-in cap</p>\n\n                                <p>- Front placket with snap buttons</p>\n\n                                <p>- Ventilation under armpit</p>\n\n                                <p>- Adjustable cuffs</p>\n\n                                <p>- Double welted front pockets</p>\n\n                                <p>- Adjustable elastic string at hempen</p>\n\n                                <p>- Ultrasonically welded seams</p>\n\n                                <p>This is a unisex item, please check our clothing &amp; footwear sizing guide for specific Rains jacket sizing information. RAINS comes from the rainy nation of Denmark at the edge of the European continent, close to the ocean and with prevailing westerly winds; all factors that contribute to an average of 121 rain days each year. Arising from these rainy weather conditions comes the attitude that a quick rain shower may be beautiful, as well as moody- but first and foremost requires the right outfit. Rains focus on the whole experience of going outside on rainy days, issuing an invitation to explore even in the most mercurial weather.</p>','published','[\"products\\/product-53.jpg\",\"products\\/product-73.jpg\",\"products\\/product-76.jpg\",\"products\\/product-44.jpg\",\"products\\/product-81.jpg\",\"products\\/product-65.jpg\",\"products\\/product-21.jpg\",\"products\\/product-35.jpg\",\"products\\/product-57.jpg\",\"products\\/product-92.jpg\",\"products\\/product-43.jpg\"]','NC-165-A0',0,14,0,1,0,6,0,0,446,NULL,NULL,NULL,15.00,15.00,11.00,647.00,NULL,163103,'2023-11-09 09:20:46','2023-11-09 09:20:49','in_stock',0,'Botble\\ACL\\Models\\User',NULL,'digital',NULL,NULL,0),(6,'CLCo. Incredible Paper Car','<p>Short Hooded Coat features a straight body, large pockets with button flaps, ventilation air holes, and a string detail along the hemline.</p>','<p>Short Hooded Coat features a straight body, large pockets with button flaps, ventilation air holes, and a string detail along the hemline. The style is completed with a drawstring hood, featuring Rains’ signature built-in cap. Made from waterproof, matte PU, this lightweight unisex rain jacket is an ode to nostalgia through its classic silhouette and utilitarian design details.</p>\n                                <p>- Casual unisex fit</p>\n\n                                <p>- 64% polyester, 36% polyurethane</p>\n\n                                <p>- Water column pressure: 4000 mm</p>\n\n                                <p>- Model is 187cm tall and wearing a size S / M</p>\n\n                                <p>- Unisex fit</p>\n\n                                <p>- Drawstring hood with built-in cap</p>\n\n                                <p>- Front placket with snap buttons</p>\n\n                                <p>- Ventilation under armpit</p>\n\n                                <p>- Adjustable cuffs</p>\n\n                                <p>- Double welted front pockets</p>\n\n                                <p>- Adjustable elastic string at hempen</p>\n\n                                <p>- Ultrasonically welded seams</p>\n\n                                <p>This is a unisex item, please check our clothing &amp; footwear sizing guide for specific Rains jacket sizing information. RAINS comes from the rainy nation of Denmark at the edge of the European continent, close to the ocean and with prevailing westerly winds; all factors that contribute to an average of 121 rain days each year. Arising from these rainy weather conditions comes the attitude that a quick rain shower may be beautiful, as well as moody- but first and foremost requires the right outfit. Rains focus on the whole experience of going outside on rainy days, issuing an invitation to explore even in the most mercurial weather.</p>','published','[\"products\\/product-19.jpg\",\"products\\/product-71.jpg\",\"products\\/product-74.jpg\",\"products\\/product-67.jpg\",\"products\\/product-38.jpg\",\"products\\/product-21.jpg\",\"products\\/product-47.jpg\"]','NC-147-A0',0,11,0,1,0,4,0,0,355,NULL,NULL,NULL,20.00,12.00,11.00,504.00,NULL,157293,'2023-11-09 09:20:46','2023-11-09 09:20:49','in_stock',0,'Botble\\ACL\\Models\\User',NULL,'physical',NULL,NULL,0),(7,'Progash Durable Granite Hat','<p>Short Hooded Coat features a straight body, large pockets with button flaps, ventilation air holes, and a string detail along the hemline.</p>','<p>Short Hooded Coat features a straight body, large pockets with button flaps, ventilation air holes, and a string detail along the hemline. The style is completed with a drawstring hood, featuring Rains’ signature built-in cap. Made from waterproof, matte PU, this lightweight unisex rain jacket is an ode to nostalgia through its classic silhouette and utilitarian design details.</p>\n                                <p>- Casual unisex fit</p>\n\n                                <p>- 64% polyester, 36% polyurethane</p>\n\n                                <p>- Water column pressure: 4000 mm</p>\n\n                                <p>- Model is 187cm tall and wearing a size S / M</p>\n\n                                <p>- Unisex fit</p>\n\n                                <p>- Drawstring hood with built-in cap</p>\n\n                                <p>- Front placket with snap buttons</p>\n\n                                <p>- Ventilation under armpit</p>\n\n                                <p>- Adjustable cuffs</p>\n\n                                <p>- Double welted front pockets</p>\n\n                                <p>- Adjustable elastic string at hempen</p>\n\n                                <p>- Ultrasonically welded seams</p>\n\n                                <p>This is a unisex item, please check our clothing &amp; footwear sizing guide for specific Rains jacket sizing information. RAINS comes from the rainy nation of Denmark at the edge of the European continent, close to the ocean and with prevailing westerly winds; all factors that contribute to an average of 121 rain days each year. Arising from these rainy weather conditions comes the attitude that a quick rain shower may be beautiful, as well as moody- but first and foremost requires the right outfit. Rains focus on the whole experience of going outside on rainy days, issuing an invitation to explore even in the most mercurial weather.</p>','published','[\"products\\/product-68.jpg\",\"products\\/product-20.jpg\",\"products\\/product-44.jpg\",\"products\\/product-70.jpg\",\"products\\/product-14.jpg\"]','NC-114-A0',0,16,0,1,1,5,0,0,441,NULL,NULL,NULL,14.00,12.00,16.00,821.00,NULL,102468,'2023-11-09 09:20:46','2023-11-09 09:20:49','in_stock',0,'Botble\\ACL\\Models\\User',NULL,'physical',NULL,NULL,0),(8,'Purab Enormous Miranda Bottle','<p>Short Hooded Coat features a straight body, large pockets with button flaps, ventilation air holes, and a string detail along the hemline.</p>','<p>Short Hooded Coat features a straight body, large pockets with button flaps, ventilation air holes, and a string detail along the hemline. The style is completed with a drawstring hood, featuring Rains’ signature built-in cap. Made from waterproof, matte PU, this lightweight unisex rain jacket is an ode to nostalgia through its classic silhouette and utilitarian design details.</p>\n                                <p>- Casual unisex fit</p>\n\n                                <p>- 64% polyester, 36% polyurethane</p>\n\n                                <p>- Water column pressure: 4000 mm</p>\n\n                                <p>- Model is 187cm tall and wearing a size S / M</p>\n\n                                <p>- Unisex fit</p>\n\n                                <p>- Drawstring hood with built-in cap</p>\n\n                                <p>- Front placket with snap buttons</p>\n\n                                <p>- Ventilation under armpit</p>\n\n                                <p>- Adjustable cuffs</p>\n\n                                <p>- Double welted front pockets</p>\n\n                                <p>- Adjustable elastic string at hempen</p>\n\n                                <p>- Ultrasonically welded seams</p>\n\n                                <p>This is a unisex item, please check our clothing &amp; footwear sizing guide for specific Rains jacket sizing information. RAINS comes from the rainy nation of Denmark at the edge of the European continent, close to the ocean and with prevailing westerly winds; all factors that contribute to an average of 121 rain days each year. Arising from these rainy weather conditions comes the attitude that a quick rain shower may be beautiful, as well as moody- but first and foremost requires the right outfit. Rains focus on the whole experience of going outside on rainy days, issuing an invitation to explore even in the most mercurial weather.</p>','published','[\"products\\/product-94.jpg\",\"products\\/product-76.jpg\",\"products\\/product-23.jpg\",\"products\\/product-72.jpg\",\"products\\/product-52.jpg\",\"products\\/product-46.jpg\",\"products\\/product-65.jpg\",\"products\\/product-62.jpg\",\"products\\/product-77.jpg\"]','NC-165-A0',0,15,0,1,1,4,0,0,252,201.6,NULL,NULL,14.00,12.00,11.00,593.00,NULL,110320,'2023-11-09 09:20:46','2023-11-09 09:20:49','in_stock',0,'Botble\\ACL\\Models\\User',NULL,'physical',NULL,NULL,0),(9,'Miklonda Co. Crafted Candles','<p>Short Hooded Coat features a straight body, large pockets with button flaps, ventilation air holes, and a string detail along the hemline.</p>','<p>Short Hooded Coat features a straight body, large pockets with button flaps, ventilation air holes, and a string detail along the hemline. The style is completed with a drawstring hood, featuring Rains’ signature built-in cap. Made from waterproof, matte PU, this lightweight unisex rain jacket is an ode to nostalgia through its classic silhouette and utilitarian design details.</p>\n                                <p>- Casual unisex fit</p>\n\n                                <p>- 64% polyester, 36% polyurethane</p>\n\n                                <p>- Water column pressure: 4000 mm</p>\n\n                                <p>- Model is 187cm tall and wearing a size S / M</p>\n\n                                <p>- Unisex fit</p>\n\n                                <p>- Drawstring hood with built-in cap</p>\n\n                                <p>- Front placket with snap buttons</p>\n\n                                <p>- Ventilation under armpit</p>\n\n                                <p>- Adjustable cuffs</p>\n\n                                <p>- Double welted front pockets</p>\n\n                                <p>- Adjustable elastic string at hempen</p>\n\n                                <p>- Ultrasonically welded seams</p>\n\n                                <p>This is a unisex item, please check our clothing &amp; footwear sizing guide for specific Rains jacket sizing information. RAINS comes from the rainy nation of Denmark at the edge of the European continent, close to the ocean and with prevailing westerly winds; all factors that contribute to an average of 121 rain days each year. Arising from these rainy weather conditions comes the attitude that a quick rain shower may be beautiful, as well as moody- but first and foremost requires the right outfit. Rains focus on the whole experience of going outside on rainy days, issuing an invitation to explore even in the most mercurial weather.</p>','published','[\"products\\/product-65.jpg\",\"products\\/product-18.jpg\",\"products\\/product-69.jpg\",\"products\\/product-3.jpg\",\"products\\/product-79.jpg\",\"products\\/product-31.jpg\",\"products\\/product-42.jpg\"]','NC-125-A0',0,18,0,1,1,5,0,0,230,NULL,NULL,NULL,19.00,16.00,15.00,694.00,NULL,90125,'2023-11-09 09:20:46','2023-11-09 09:20:49','in_stock',0,'Botble\\ACL\\Models\\User',NULL,'digital',NULL,NULL,0),(10,'Pinkol Enormous Granite Bottle','<p>Short Hooded Coat features a straight body, large pockets with button flaps, ventilation air holes, and a string detail along the hemline.</p>','<p>Short Hooded Coat features a straight body, large pockets with button flaps, ventilation air holes, and a string detail along the hemline. The style is completed with a drawstring hood, featuring Rains’ signature built-in cap. Made from waterproof, matte PU, this lightweight unisex rain jacket is an ode to nostalgia through its classic silhouette and utilitarian design details.</p>\n                                <p>- Casual unisex fit</p>\n\n                                <p>- 64% polyester, 36% polyurethane</p>\n\n                                <p>- Water column pressure: 4000 mm</p>\n\n                                <p>- Model is 187cm tall and wearing a size S / M</p>\n\n                                <p>- Unisex fit</p>\n\n                                <p>- Drawstring hood with built-in cap</p>\n\n                                <p>- Front placket with snap buttons</p>\n\n                                <p>- Ventilation under armpit</p>\n\n                                <p>- Adjustable cuffs</p>\n\n                                <p>- Double welted front pockets</p>\n\n                                <p>- Adjustable elastic string at hempen</p>\n\n                                <p>- Ultrasonically welded seams</p>\n\n                                <p>This is a unisex item, please check our clothing &amp; footwear sizing guide for specific Rains jacket sizing information. RAINS comes from the rainy nation of Denmark at the edge of the European continent, close to the ocean and with prevailing westerly winds; all factors that contribute to an average of 121 rain days each year. Arising from these rainy weather conditions comes the attitude that a quick rain shower may be beautiful, as well as moody- but first and foremost requires the right outfit. Rains focus on the whole experience of going outside on rainy days, issuing an invitation to explore even in the most mercurial weather.</p>','published','[\"products\\/product-69.jpg\",\"products\\/product-50.jpg\",\"products\\/product-48.jpg\",\"products\\/product-53.jpg\",\"products\\/product-17.jpg\",\"products\\/product-81.jpg\",\"products\\/product-65.jpg\"]','NC-147-A0',0,16,0,1,1,6,0,0,235,NULL,NULL,NULL,12.00,15.00,12.00,800.00,NULL,112640,'2023-11-09 09:20:46','2023-11-09 09:20:49','in_stock',0,'Botble\\ACL\\Models\\User',NULL,'physical',NULL,NULL,0),(11,'Dual Camera 20MP','<p>Short Hooded Coat features a straight body, large pockets with button flaps, ventilation air holes, and a string detail along the hemline.</p>','<p>Short Hooded Coat features a straight body, large pockets with button flaps, ventilation air holes, and a string detail along the hemline. The style is completed with a drawstring hood, featuring Rains’ signature built-in cap. Made from waterproof, matte PU, this lightweight unisex rain jacket is an ode to nostalgia through its classic silhouette and utilitarian design details.</p>\n                                <p>- Casual unisex fit</p>\n\n                                <p>- 64% polyester, 36% polyurethane</p>\n\n                                <p>- Water column pressure: 4000 mm</p>\n\n                                <p>- Model is 187cm tall and wearing a size S / M</p>\n\n                                <p>- Unisex fit</p>\n\n                                <p>- Drawstring hood with built-in cap</p>\n\n                                <p>- Front placket with snap buttons</p>\n\n                                <p>- Ventilation under armpit</p>\n\n                                <p>- Adjustable cuffs</p>\n\n                                <p>- Double welted front pockets</p>\n\n                                <p>- Adjustable elastic string at hempen</p>\n\n                                <p>- Ultrasonically welded seams</p>\n\n                                <p>This is a unisex item, please check our clothing &amp; footwear sizing guide for specific Rains jacket sizing information. RAINS comes from the rainy nation of Denmark at the edge of the European continent, close to the ocean and with prevailing westerly winds; all factors that contribute to an average of 121 rain days each year. Arising from these rainy weather conditions comes the attitude that a quick rain shower may be beautiful, as well as moody- but first and foremost requires the right outfit. Rains focus on the whole experience of going outside on rainy days, issuing an invitation to explore even in the most mercurial weather.</p>','published','[\"products\\/product-69.jpg\",\"products\\/product-85.jpg\",\"products\\/product-74.jpg\",\"products\\/product-26.jpg\",\"products\\/product-8.jpg\",\"products\\/product-6.jpg\"]','NC-115-A0',0,18,0,1,0,6,0,0,218,NULL,NULL,NULL,16.00,14.00,19.00,554.00,NULL,130850,'2023-11-09 09:20:46','2023-11-09 09:20:49','in_stock',0,'Botble\\ACL\\Models\\User',NULL,'physical',NULL,NULL,0),(12,'Smart Watches','<p>Short Hooded Coat features a straight body, large pockets with button flaps, ventilation air holes, and a string detail along the hemline.</p>','<p>Short Hooded Coat features a straight body, large pockets with button flaps, ventilation air holes, and a string detail along the hemline. The style is completed with a drawstring hood, featuring Rains’ signature built-in cap. Made from waterproof, matte PU, this lightweight unisex rain jacket is an ode to nostalgia through its classic silhouette and utilitarian design details.</p>\n                                <p>- Casual unisex fit</p>\n\n                                <p>- 64% polyester, 36% polyurethane</p>\n\n                                <p>- Water column pressure: 4000 mm</p>\n\n                                <p>- Model is 187cm tall and wearing a size S / M</p>\n\n                                <p>- Unisex fit</p>\n\n                                <p>- Drawstring hood with built-in cap</p>\n\n                                <p>- Front placket with snap buttons</p>\n\n                                <p>- Ventilation under armpit</p>\n\n                                <p>- Adjustable cuffs</p>\n\n                                <p>- Double welted front pockets</p>\n\n                                <p>- Adjustable elastic string at hempen</p>\n\n                                <p>- Ultrasonically welded seams</p>\n\n                                <p>This is a unisex item, please check our clothing &amp; footwear sizing guide for specific Rains jacket sizing information. RAINS comes from the rainy nation of Denmark at the edge of the European continent, close to the ocean and with prevailing westerly winds; all factors that contribute to an average of 121 rain days each year. Arising from these rainy weather conditions comes the attitude that a quick rain shower may be beautiful, as well as moody- but first and foremost requires the right outfit. Rains focus on the whole experience of going outside on rainy days, issuing an invitation to explore even in the most mercurial weather.</p>','published','[\"products\\/product-52.jpg\",\"products\\/product-69.jpg\",\"products\\/product-62.jpg\",\"products\\/product-40.jpg\",\"products\\/product-30.jpg\",\"products\\/product-58.jpg\",\"products\\/product-29.jpg\",\"products\\/product-38.jpg\",\"products\\/product-83.jpg\",\"products\\/product-51.jpg\",\"products\\/product-79.jpg\",\"products\\/product-37.jpg\"]','NC-167-A0',0,20,0,1,1,3,0,0,230,193.2,NULL,NULL,15.00,14.00,13.00,869.00,NULL,95960,'2023-11-09 09:20:46','2023-11-09 09:20:49','in_stock',0,'Botble\\ACL\\Models\\User',NULL,'physical',NULL,NULL,0),(13,'Beat Headphone','<p>Short Hooded Coat features a straight body, large pockets with button flaps, ventilation air holes, and a string detail along the hemline.</p>','<p>Short Hooded Coat features a straight body, large pockets with button flaps, ventilation air holes, and a string detail along the hemline. The style is completed with a drawstring hood, featuring Rains’ signature built-in cap. Made from waterproof, matte PU, this lightweight unisex rain jacket is an ode to nostalgia through its classic silhouette and utilitarian design details.</p>\n                                <p>- Casual unisex fit</p>\n\n                                <p>- 64% polyester, 36% polyurethane</p>\n\n                                <p>- Water column pressure: 4000 mm</p>\n\n                                <p>- Model is 187cm tall and wearing a size S / M</p>\n\n                                <p>- Unisex fit</p>\n\n                                <p>- Drawstring hood with built-in cap</p>\n\n                                <p>- Front placket with snap buttons</p>\n\n                                <p>- Ventilation under armpit</p>\n\n                                <p>- Adjustable cuffs</p>\n\n                                <p>- Double welted front pockets</p>\n\n                                <p>- Adjustable elastic string at hempen</p>\n\n                                <p>- Ultrasonically welded seams</p>\n\n                                <p>This is a unisex item, please check our clothing &amp; footwear sizing guide for specific Rains jacket sizing information. RAINS comes from the rainy nation of Denmark at the edge of the European continent, close to the ocean and with prevailing westerly winds; all factors that contribute to an average of 121 rain days each year. Arising from these rainy weather conditions comes the attitude that a quick rain shower may be beautiful, as well as moody- but first and foremost requires the right outfit. Rains focus on the whole experience of going outside on rainy days, issuing an invitation to explore even in the most mercurial weather.</p>','published','[\"products\\/product-3.jpg\",\"products\\/product-36.jpg\",\"products\\/product-44.jpg\",\"products\\/product-28.jpg\",\"products\\/product-14.jpg\",\"products\\/product-6.jpg\",\"products\\/product-71.jpg\",\"products\\/product-19.jpg\",\"products\\/product-73.jpg\",\"products\\/product-62.jpg\"]','NC-168-A0',0,11,0,1,0,4,0,0,264,NULL,NULL,NULL,18.00,13.00,18.00,502.00,NULL,88576,'2023-11-09 09:20:46','2023-11-09 09:20:49','in_stock',0,'Botble\\ACL\\Models\\User',NULL,'digital',NULL,NULL,0),(14,'Red &amp; Black Headphone','<p>Short Hooded Coat features a straight body, large pockets with button flaps, ventilation air holes, and a string detail along the hemline.</p>','<p>Short Hooded Coat features a straight body, large pockets with button flaps, ventilation air holes, and a string detail along the hemline. The style is completed with a drawstring hood, featuring Rains’ signature built-in cap. Made from waterproof, matte PU, this lightweight unisex rain jacket is an ode to nostalgia through its classic silhouette and utilitarian design details.</p>\n                                <p>- Casual unisex fit</p>\n\n                                <p>- 64% polyester, 36% polyurethane</p>\n\n                                <p>- Water column pressure: 4000 mm</p>\n\n                                <p>- Model is 187cm tall and wearing a size S / M</p>\n\n                                <p>- Unisex fit</p>\n\n                                <p>- Drawstring hood with built-in cap</p>\n\n                                <p>- Front placket with snap buttons</p>\n\n                                <p>- Ventilation under armpit</p>\n\n                                <p>- Adjustable cuffs</p>\n\n                                <p>- Double welted front pockets</p>\n\n                                <p>- Adjustable elastic string at hempen</p>\n\n                                <p>- Ultrasonically welded seams</p>\n\n                                <p>This is a unisex item, please check our clothing &amp; footwear sizing guide for specific Rains jacket sizing information. RAINS comes from the rainy nation of Denmark at the edge of the European continent, close to the ocean and with prevailing westerly winds; all factors that contribute to an average of 121 rain days each year. Arising from these rainy weather conditions comes the attitude that a quick rain shower may be beautiful, as well as moody- but first and foremost requires the right outfit. Rains focus on the whole experience of going outside on rainy days, issuing an invitation to explore even in the most mercurial weather.</p>','published','[\"products\\/product-82.jpg\",\"products\\/product-52.jpg\",\"products\\/product-76.jpg\",\"products\\/product-70.jpg\",\"products\\/product-13.jpg\",\"products\\/product-60.jpg\",\"products\\/product-42.jpg\"]','NC-199-A0',0,18,0,1,0,6,0,0,297,NULL,NULL,NULL,18.00,10.00,20.00,519.00,NULL,35254,'2023-11-09 09:20:46','2023-11-09 09:20:50','in_stock',0,'Botble\\ACL\\Models\\User',NULL,'physical',NULL,NULL,0),(15,'Smart Watch External','<p>Short Hooded Coat features a straight body, large pockets with button flaps, ventilation air holes, and a string detail along the hemline.</p>','<p>Short Hooded Coat features a straight body, large pockets with button flaps, ventilation air holes, and a string detail along the hemline. The style is completed with a drawstring hood, featuring Rains’ signature built-in cap. Made from waterproof, matte PU, this lightweight unisex rain jacket is an ode to nostalgia through its classic silhouette and utilitarian design details.</p>\n                                <p>- Casual unisex fit</p>\n\n                                <p>- 64% polyester, 36% polyurethane</p>\n\n                                <p>- Water column pressure: 4000 mm</p>\n\n                                <p>- Model is 187cm tall and wearing a size S / M</p>\n\n                                <p>- Unisex fit</p>\n\n                                <p>- Drawstring hood with built-in cap</p>\n\n                                <p>- Front placket with snap buttons</p>\n\n                                <p>- Ventilation under armpit</p>\n\n                                <p>- Adjustable cuffs</p>\n\n                                <p>- Double welted front pockets</p>\n\n                                <p>- Adjustable elastic string at hempen</p>\n\n                                <p>- Ultrasonically welded seams</p>\n\n                                <p>This is a unisex item, please check our clothing &amp; footwear sizing guide for specific Rains jacket sizing information. RAINS comes from the rainy nation of Denmark at the edge of the European continent, close to the ocean and with prevailing westerly winds; all factors that contribute to an average of 121 rain days each year. Arising from these rainy weather conditions comes the attitude that a quick rain shower may be beautiful, as well as moody- but first and foremost requires the right outfit. Rains focus on the whole experience of going outside on rainy days, issuing an invitation to explore even in the most mercurial weather.</p>','published','[\"products\\/product-63.jpg\",\"products\\/product-51.jpg\",\"products\\/product-82.jpg\",\"products\\/product-30.jpg\",\"products\\/product-39.jpg\"]','NC-134-A0',0,15,0,1,0,1,0,0,448,NULL,NULL,NULL,10.00,15.00,11.00,696.00,NULL,95358,'2023-11-09 09:20:46','2023-11-09 09:20:50','in_stock',0,'Botble\\ACL\\Models\\User',NULL,'physical',NULL,NULL,0),(16,'Nikon HD camera','<p>Short Hooded Coat features a straight body, large pockets with button flaps, ventilation air holes, and a string detail along the hemline.</p>','<p>Short Hooded Coat features a straight body, large pockets with button flaps, ventilation air holes, and a string detail along the hemline. The style is completed with a drawstring hood, featuring Rains’ signature built-in cap. Made from waterproof, matte PU, this lightweight unisex rain jacket is an ode to nostalgia through its classic silhouette and utilitarian design details.</p>\n                                <p>- Casual unisex fit</p>\n\n                                <p>- 64% polyester, 36% polyurethane</p>\n\n                                <p>- Water column pressure: 4000 mm</p>\n\n                                <p>- Model is 187cm tall and wearing a size S / M</p>\n\n                                <p>- Unisex fit</p>\n\n                                <p>- Drawstring hood with built-in cap</p>\n\n                                <p>- Front placket with snap buttons</p>\n\n                                <p>- Ventilation under armpit</p>\n\n                                <p>- Adjustable cuffs</p>\n\n                                <p>- Double welted front pockets</p>\n\n                                <p>- Adjustable elastic string at hempen</p>\n\n                                <p>- Ultrasonically welded seams</p>\n\n                                <p>This is a unisex item, please check our clothing &amp; footwear sizing guide for specific Rains jacket sizing information. RAINS comes from the rainy nation of Denmark at the edge of the European continent, close to the ocean and with prevailing westerly winds; all factors that contribute to an average of 121 rain days each year. Arising from these rainy weather conditions comes the attitude that a quick rain shower may be beautiful, as well as moody- but first and foremost requires the right outfit. Rains focus on the whole experience of going outside on rainy days, issuing an invitation to explore even in the most mercurial weather.</p>','published','[\"products\\/product-66.jpg\",\"products\\/product-86.jpg\",\"products\\/product-3.jpg\",\"products\\/product-89.jpg\",\"products\\/product-48.jpg\",\"products\\/product-7.jpg\"]','NC-124-A0',0,12,0,1,0,2,0,0,392,282.24,NULL,NULL,18.00,18.00,18.00,704.00,NULL,198013,'2023-11-09 09:20:46','2023-11-09 09:20:50','in_stock',0,'Botble\\ACL\\Models\\User',NULL,'physical',NULL,NULL,0),(17,'Audio Equipment','<p>Short Hooded Coat features a straight body, large pockets with button flaps, ventilation air holes, and a string detail along the hemline.</p>','<p>Short Hooded Coat features a straight body, large pockets with button flaps, ventilation air holes, and a string detail along the hemline. The style is completed with a drawstring hood, featuring Rains’ signature built-in cap. Made from waterproof, matte PU, this lightweight unisex rain jacket is an ode to nostalgia through its classic silhouette and utilitarian design details.</p>\n                                <p>- Casual unisex fit</p>\n\n                                <p>- 64% polyester, 36% polyurethane</p>\n\n                                <p>- Water column pressure: 4000 mm</p>\n\n                                <p>- Model is 187cm tall and wearing a size S / M</p>\n\n                                <p>- Unisex fit</p>\n\n                                <p>- Drawstring hood with built-in cap</p>\n\n                                <p>- Front placket with snap buttons</p>\n\n                                <p>- Ventilation under armpit</p>\n\n                                <p>- Adjustable cuffs</p>\n\n                                <p>- Double welted front pockets</p>\n\n                                <p>- Adjustable elastic string at hempen</p>\n\n                                <p>- Ultrasonically welded seams</p>\n\n                                <p>This is a unisex item, please check our clothing &amp; footwear sizing guide for specific Rains jacket sizing information. RAINS comes from the rainy nation of Denmark at the edge of the European continent, close to the ocean and with prevailing westerly winds; all factors that contribute to an average of 121 rain days each year. Arising from these rainy weather conditions comes the attitude that a quick rain shower may be beautiful, as well as moody- but first and foremost requires the right outfit. Rains focus on the whole experience of going outside on rainy days, issuing an invitation to explore even in the most mercurial weather.</p>','published','[\"products\\/product-48.jpg\",\"products\\/product-87.jpg\",\"products\\/product-12.jpg\",\"products\\/product-60.jpg\",\"products\\/product-70.jpg\"]','NC-119-A0',0,20,0,1,1,3,0,0,246,NULL,NULL,NULL,13.00,19.00,19.00,809.00,NULL,174919,'2023-11-09 09:20:46','2023-11-09 09:20:50','in_stock',0,'Botble\\ACL\\Models\\User',NULL,'digital',NULL,NULL,0),(18,'Smart Televisions','<p>Short Hooded Coat features a straight body, large pockets with button flaps, ventilation air holes, and a string detail along the hemline.</p>','<p>Short Hooded Coat features a straight body, large pockets with button flaps, ventilation air holes, and a string detail along the hemline. The style is completed with a drawstring hood, featuring Rains’ signature built-in cap. Made from waterproof, matte PU, this lightweight unisex rain jacket is an ode to nostalgia through its classic silhouette and utilitarian design details.</p>\n                                <p>- Casual unisex fit</p>\n\n                                <p>- 64% polyester, 36% polyurethane</p>\n\n                                <p>- Water column pressure: 4000 mm</p>\n\n                                <p>- Model is 187cm tall and wearing a size S / M</p>\n\n                                <p>- Unisex fit</p>\n\n                                <p>- Drawstring hood with built-in cap</p>\n\n                                <p>- Front placket with snap buttons</p>\n\n                                <p>- Ventilation under armpit</p>\n\n                                <p>- Adjustable cuffs</p>\n\n                                <p>- Double welted front pockets</p>\n\n                                <p>- Adjustable elastic string at hempen</p>\n\n                                <p>- Ultrasonically welded seams</p>\n\n                                <p>This is a unisex item, please check our clothing &amp; footwear sizing guide for specific Rains jacket sizing information. RAINS comes from the rainy nation of Denmark at the edge of the European continent, close to the ocean and with prevailing westerly winds; all factors that contribute to an average of 121 rain days each year. Arising from these rainy weather conditions comes the attitude that a quick rain shower may be beautiful, as well as moody- but first and foremost requires the right outfit. Rains focus on the whole experience of going outside on rainy days, issuing an invitation to explore even in the most mercurial weather.</p>','published','[\"products\\/product-10.jpg\",\"products\\/product-39.jpg\",\"products\\/product-28.jpg\",\"products\\/product-30.jpg\",\"products\\/product-94.jpg\",\"products\\/product-8.jpg\",\"products\\/product-14.jpg\",\"products\\/product-86.jpg\",\"products\\/product-12.jpg\",\"products\\/product-16.jpg\"]','NC-171-A0',0,15,0,1,0,3,0,0,264,NULL,NULL,NULL,15.00,19.00,13.00,868.00,NULL,198042,'2023-11-09 09:20:46','2023-11-09 09:20:50','in_stock',0,'Botble\\ACL\\Models\\User',NULL,'physical',NULL,NULL,0),(19,'Samsung Smart Phone','<p>Short Hooded Coat features a straight body, large pockets with button flaps, ventilation air holes, and a string detail along the hemline.</p>','<p>Short Hooded Coat features a straight body, large pockets with button flaps, ventilation air holes, and a string detail along the hemline. The style is completed with a drawstring hood, featuring Rains’ signature built-in cap. Made from waterproof, matte PU, this lightweight unisex rain jacket is an ode to nostalgia through its classic silhouette and utilitarian design details.</p>\n                                <p>- Casual unisex fit</p>\n\n                                <p>- 64% polyester, 36% polyurethane</p>\n\n                                <p>- Water column pressure: 4000 mm</p>\n\n                                <p>- Model is 187cm tall and wearing a size S / M</p>\n\n                                <p>- Unisex fit</p>\n\n                                <p>- Drawstring hood with built-in cap</p>\n\n                                <p>- Front placket with snap buttons</p>\n\n                                <p>- Ventilation under armpit</p>\n\n                                <p>- Adjustable cuffs</p>\n\n                                <p>- Double welted front pockets</p>\n\n                                <p>- Adjustable elastic string at hempen</p>\n\n                                <p>- Ultrasonically welded seams</p>\n\n                                <p>This is a unisex item, please check our clothing &amp; footwear sizing guide for specific Rains jacket sizing information. RAINS comes from the rainy nation of Denmark at the edge of the European continent, close to the ocean and with prevailing westerly winds; all factors that contribute to an average of 121 rain days each year. Arising from these rainy weather conditions comes the attitude that a quick rain shower may be beautiful, as well as moody- but first and foremost requires the right outfit. Rains focus on the whole experience of going outside on rainy days, issuing an invitation to explore even in the most mercurial weather.</p>','published','[\"products\\/product-94.jpg\",\"products\\/product-40.jpg\",\"products\\/product-32.jpg\",\"products\\/product-13.jpg\",\"products\\/product-68.jpg\",\"products\\/product-59.jpg\",\"products\\/product-6.jpg\",\"products\\/product-55.jpg\",\"products\\/product-19.jpg\",\"products\\/product-49.jpg\"]','NC-184-A0',0,18,0,1,1,7,0,0,414,NULL,NULL,NULL,18.00,18.00,14.00,617.00,NULL,133754,'2023-11-09 09:20:46','2023-11-09 09:20:50','in_stock',0,'Botble\\ACL\\Models\\User',NULL,'physical',NULL,NULL,0),(20,'Herschel Leather Duffle Bag In Brown Color','<p>Short Hooded Coat features a straight body, large pockets with button flaps, ventilation air holes, and a string detail along the hemline.</p>','<p>Short Hooded Coat features a straight body, large pockets with button flaps, ventilation air holes, and a string detail along the hemline. The style is completed with a drawstring hood, featuring Rains’ signature built-in cap. Made from waterproof, matte PU, this lightweight unisex rain jacket is an ode to nostalgia through its classic silhouette and utilitarian design details.</p>\n                                <p>- Casual unisex fit</p>\n\n                                <p>- 64% polyester, 36% polyurethane</p>\n\n                                <p>- Water column pressure: 4000 mm</p>\n\n                                <p>- Model is 187cm tall and wearing a size S / M</p>\n\n                                <p>- Unisex fit</p>\n\n                                <p>- Drawstring hood with built-in cap</p>\n\n                                <p>- Front placket with snap buttons</p>\n\n                                <p>- Ventilation under armpit</p>\n\n                                <p>- Adjustable cuffs</p>\n\n                                <p>- Double welted front pockets</p>\n\n                                <p>- Adjustable elastic string at hempen</p>\n\n                                <p>- Ultrasonically welded seams</p>\n\n                                <p>This is a unisex item, please check our clothing &amp; footwear sizing guide for specific Rains jacket sizing information. RAINS comes from the rainy nation of Denmark at the edge of the European continent, close to the ocean and with prevailing westerly winds; all factors that contribute to an average of 121 rain days each year. Arising from these rainy weather conditions comes the attitude that a quick rain shower may be beautiful, as well as moody- but first and foremost requires the right outfit. Rains focus on the whole experience of going outside on rainy days, issuing an invitation to explore even in the most mercurial weather.</p>','published','[\"products\\/product-51.jpg\",\"products\\/product-31.jpg\",\"products\\/product-42.jpg\",\"products\\/product-41.jpg\",\"products\\/product-84.jpg\",\"products\\/product-16.jpg\",\"products\\/product-18.jpg\",\"products\\/product-24.jpg\",\"products\\/product-57.jpg\",\"products\\/product-62.jpg\"]','NC-118-A0',0,10,0,1,1,7,0,0,404,355.52,NULL,NULL,15.00,16.00,18.00,581.00,NULL,91731,'2023-11-09 09:20:46','2023-11-09 09:20:50','in_stock',0,'Botble\\ACL\\Models\\User',NULL,'physical',NULL,NULL,0),(21,'Xbox One Wireless Controller Black Color','<p>Short Hooded Coat features a straight body, large pockets with button flaps, ventilation air holes, and a string detail along the hemline.</p>','<p>Short Hooded Coat features a straight body, large pockets with button flaps, ventilation air holes, and a string detail along the hemline. The style is completed with a drawstring hood, featuring Rains’ signature built-in cap. Made from waterproof, matte PU, this lightweight unisex rain jacket is an ode to nostalgia through its classic silhouette and utilitarian design details.</p>\n                                <p>- Casual unisex fit</p>\n\n                                <p>- 64% polyester, 36% polyurethane</p>\n\n                                <p>- Water column pressure: 4000 mm</p>\n\n                                <p>- Model is 187cm tall and wearing a size S / M</p>\n\n                                <p>- Unisex fit</p>\n\n                                <p>- Drawstring hood with built-in cap</p>\n\n                                <p>- Front placket with snap buttons</p>\n\n                                <p>- Ventilation under armpit</p>\n\n                                <p>- Adjustable cuffs</p>\n\n                                <p>- Double welted front pockets</p>\n\n                                <p>- Adjustable elastic string at hempen</p>\n\n                                <p>- Ultrasonically welded seams</p>\n\n                                <p>This is a unisex item, please check our clothing &amp; footwear sizing guide for specific Rains jacket sizing information. RAINS comes from the rainy nation of Denmark at the edge of the European continent, close to the ocean and with prevailing westerly winds; all factors that contribute to an average of 121 rain days each year. Arising from these rainy weather conditions comes the attitude that a quick rain shower may be beautiful, as well as moody- but first and foremost requires the right outfit. Rains focus on the whole experience of going outside on rainy days, issuing an invitation to explore even in the most mercurial weather.</p>','published','[\"products\\/product-70.jpg\",\"products\\/product-54.jpg\",\"products\\/product-82.jpg\",\"products\\/product-5.jpg\",\"products\\/product-42.jpg\",\"products\\/product-16.jpg\",\"products\\/product-58.jpg\",\"products\\/product-13.jpg\",\"products\\/product-23.jpg\"]','NC-149-A0',0,14,0,1,1,7,0,0,209,NULL,NULL,NULL,15.00,16.00,20.00,558.00,NULL,22882,'2023-11-09 09:20:46','2023-11-09 09:20:50','in_stock',0,'Botble\\ACL\\Models\\User',NULL,'digital',NULL,NULL,0),(22,'EPSION Plaster Printer','<p>Short Hooded Coat features a straight body, large pockets with button flaps, ventilation air holes, and a string detail along the hemline.</p>','<p>Short Hooded Coat features a straight body, large pockets with button flaps, ventilation air holes, and a string detail along the hemline. The style is completed with a drawstring hood, featuring Rains’ signature built-in cap. Made from waterproof, matte PU, this lightweight unisex rain jacket is an ode to nostalgia through its classic silhouette and utilitarian design details.</p>\n                                <p>- Casual unisex fit</p>\n\n                                <p>- 64% polyester, 36% polyurethane</p>\n\n                                <p>- Water column pressure: 4000 mm</p>\n\n                                <p>- Model is 187cm tall and wearing a size S / M</p>\n\n                                <p>- Unisex fit</p>\n\n                                <p>- Drawstring hood with built-in cap</p>\n\n                                <p>- Front placket with snap buttons</p>\n\n                                <p>- Ventilation under armpit</p>\n\n                                <p>- Adjustable cuffs</p>\n\n                                <p>- Double welted front pockets</p>\n\n                                <p>- Adjustable elastic string at hempen</p>\n\n                                <p>- Ultrasonically welded seams</p>\n\n                                <p>This is a unisex item, please check our clothing &amp; footwear sizing guide for specific Rains jacket sizing information. RAINS comes from the rainy nation of Denmark at the edge of the European continent, close to the ocean and with prevailing westerly winds; all factors that contribute to an average of 121 rain days each year. Arising from these rainy weather conditions comes the attitude that a quick rain shower may be beautiful, as well as moody- but first and foremost requires the right outfit. Rains focus on the whole experience of going outside on rainy days, issuing an invitation to explore even in the most mercurial weather.</p>','published','[\"products\\/product-21.jpg\",\"products\\/product-74.jpg\",\"products\\/product-89.jpg\",\"products\\/product-57.jpg\",\"products\\/product-33.jpg\",\"products\\/product-5.jpg\"]','NC-188-A0',0,13,0,1,1,1,0,0,455,NULL,NULL,NULL,10.00,18.00,12.00,722.00,NULL,3277,'2023-11-09 09:20:46','2023-11-09 09:20:50','in_stock',0,'Botble\\ACL\\Models\\User',NULL,'physical',NULL,NULL,0),(23,'Sound Intone I65 Earphone White Version','<p>Short Hooded Coat features a straight body, large pockets with button flaps, ventilation air holes, and a string detail along the hemline.</p>','<p>Short Hooded Coat features a straight body, large pockets with button flaps, ventilation air holes, and a string detail along the hemline. The style is completed with a drawstring hood, featuring Rains’ signature built-in cap. Made from waterproof, matte PU, this lightweight unisex rain jacket is an ode to nostalgia through its classic silhouette and utilitarian design details.</p>\n                                <p>- Casual unisex fit</p>\n\n                                <p>- 64% polyester, 36% polyurethane</p>\n\n                                <p>- Water column pressure: 4000 mm</p>\n\n                                <p>- Model is 187cm tall and wearing a size S / M</p>\n\n                                <p>- Unisex fit</p>\n\n                                <p>- Drawstring hood with built-in cap</p>\n\n                                <p>- Front placket with snap buttons</p>\n\n                                <p>- Ventilation under armpit</p>\n\n                                <p>- Adjustable cuffs</p>\n\n                                <p>- Double welted front pockets</p>\n\n                                <p>- Adjustable elastic string at hempen</p>\n\n                                <p>- Ultrasonically welded seams</p>\n\n                                <p>This is a unisex item, please check our clothing &amp; footwear sizing guide for specific Rains jacket sizing information. RAINS comes from the rainy nation of Denmark at the edge of the European continent, close to the ocean and with prevailing westerly winds; all factors that contribute to an average of 121 rain days each year. Arising from these rainy weather conditions comes the attitude that a quick rain shower may be beautiful, as well as moody- but first and foremost requires the right outfit. Rains focus on the whole experience of going outside on rainy days, issuing an invitation to explore even in the most mercurial weather.</p>','published','[\"products\\/product-18.jpg\",\"products\\/product-72.jpg\",\"products\\/product-32.jpg\",\"products\\/product-34.jpg\",\"products\\/product-84.jpg\",\"products\\/product-69.jpg\",\"products\\/product-83.jpg\"]','NC-136-A0',0,16,0,1,1,6,0,0,410,NULL,NULL,NULL,11.00,15.00,11.00,757.00,NULL,90687,'2023-11-09 09:20:46','2023-11-09 09:20:50','in_stock',0,'Botble\\ACL\\Models\\User',NULL,'physical',NULL,NULL,0),(24,'B&amp;O Play Mini Bluetooth Speaker','<p>Short Hooded Coat features a straight body, large pockets with button flaps, ventilation air holes, and a string detail along the hemline.</p>','<p>Short Hooded Coat features a straight body, large pockets with button flaps, ventilation air holes, and a string detail along the hemline. The style is completed with a drawstring hood, featuring Rains’ signature built-in cap. Made from waterproof, matte PU, this lightweight unisex rain jacket is an ode to nostalgia through its classic silhouette and utilitarian design details.</p>\n                                <p>- Casual unisex fit</p>\n\n                                <p>- 64% polyester, 36% polyurethane</p>\n\n                                <p>- Water column pressure: 4000 mm</p>\n\n                                <p>- Model is 187cm tall and wearing a size S / M</p>\n\n                                <p>- Unisex fit</p>\n\n                                <p>- Drawstring hood with built-in cap</p>\n\n                                <p>- Front placket with snap buttons</p>\n\n                                <p>- Ventilation under armpit</p>\n\n                                <p>- Adjustable cuffs</p>\n\n                                <p>- Double welted front pockets</p>\n\n                                <p>- Adjustable elastic string at hempen</p>\n\n                                <p>- Ultrasonically welded seams</p>\n\n                                <p>This is a unisex item, please check our clothing &amp; footwear sizing guide for specific Rains jacket sizing information. RAINS comes from the rainy nation of Denmark at the edge of the European continent, close to the ocean and with prevailing westerly winds; all factors that contribute to an average of 121 rain days each year. Arising from these rainy weather conditions comes the attitude that a quick rain shower may be beautiful, as well as moody- but first and foremost requires the right outfit. Rains focus on the whole experience of going outside on rainy days, issuing an invitation to explore even in the most mercurial weather.</p>','published','[\"products\\/product-6.jpg\",\"products\\/product-8.jpg\",\"products\\/product-22.jpg\",\"products\\/product-86.jpg\",\"products\\/product-31.jpg\",\"products\\/product-24.jpg\",\"products\\/product-28.jpg\",\"products\\/product-67.jpg\"]','NC-166-A0',0,16,0,1,1,2,0,0,305,247.05,NULL,NULL,14.00,16.00,19.00,555.00,NULL,69622,'2023-11-09 09:20:46','2023-11-09 09:20:50','in_stock',0,'Botble\\ACL\\Models\\User',NULL,'physical',NULL,NULL,0),(25,'Apple MacBook Air Retina 13.3-Inch Laptop','<p>Short Hooded Coat features a straight body, large pockets with button flaps, ventilation air holes, and a string detail along the hemline.</p>','<p>Short Hooded Coat features a straight body, large pockets with button flaps, ventilation air holes, and a string detail along the hemline. The style is completed with a drawstring hood, featuring Rains’ signature built-in cap. Made from waterproof, matte PU, this lightweight unisex rain jacket is an ode to nostalgia through its classic silhouette and utilitarian design details.</p>\n                                <p>- Casual unisex fit</p>\n\n                                <p>- 64% polyester, 36% polyurethane</p>\n\n                                <p>- Water column pressure: 4000 mm</p>\n\n                                <p>- Model is 187cm tall and wearing a size S / M</p>\n\n                                <p>- Unisex fit</p>\n\n                                <p>- Drawstring hood with built-in cap</p>\n\n                                <p>- Front placket with snap buttons</p>\n\n                                <p>- Ventilation under armpit</p>\n\n                                <p>- Adjustable cuffs</p>\n\n                                <p>- Double welted front pockets</p>\n\n                                <p>- Adjustable elastic string at hempen</p>\n\n                                <p>- Ultrasonically welded seams</p>\n\n                                <p>This is a unisex item, please check our clothing &amp; footwear sizing guide for specific Rains jacket sizing information. RAINS comes from the rainy nation of Denmark at the edge of the European continent, close to the ocean and with prevailing westerly winds; all factors that contribute to an average of 121 rain days each year. Arising from these rainy weather conditions comes the attitude that a quick rain shower may be beautiful, as well as moody- but first and foremost requires the right outfit. Rains focus on the whole experience of going outside on rainy days, issuing an invitation to explore even in the most mercurial weather.</p>','published','[\"products\\/product-8.jpg\",\"products\\/product-21.jpg\",\"products\\/product-49.jpg\",\"products\\/product-90.jpg\",\"products\\/product-42.jpg\",\"products\\/product-53.jpg\",\"products\\/product-67.jpg\"]','NC-133-A0',0,12,0,1,1,6,0,0,334,NULL,NULL,NULL,13.00,12.00,10.00,521.00,NULL,116534,'2023-11-09 09:20:46','2023-11-09 09:20:50','in_stock',0,'Botble\\ACL\\Models\\User',NULL,'digital',NULL,NULL,0),(26,'Apple MacBook Air Retina 12-Inch Laptop','<p>Short Hooded Coat features a straight body, large pockets with button flaps, ventilation air holes, and a string detail along the hemline.</p>','<p>Short Hooded Coat features a straight body, large pockets with button flaps, ventilation air holes, and a string detail along the hemline. The style is completed with a drawstring hood, featuring Rains’ signature built-in cap. Made from waterproof, matte PU, this lightweight unisex rain jacket is an ode to nostalgia through its classic silhouette and utilitarian design details.</p>\n                                <p>- Casual unisex fit</p>\n\n                                <p>- 64% polyester, 36% polyurethane</p>\n\n                                <p>- Water column pressure: 4000 mm</p>\n\n                                <p>- Model is 187cm tall and wearing a size S / M</p>\n\n                                <p>- Unisex fit</p>\n\n                                <p>- Drawstring hood with built-in cap</p>\n\n                                <p>- Front placket with snap buttons</p>\n\n                                <p>- Ventilation under armpit</p>\n\n                                <p>- Adjustable cuffs</p>\n\n                                <p>- Double welted front pockets</p>\n\n                                <p>- Adjustable elastic string at hempen</p>\n\n                                <p>- Ultrasonically welded seams</p>\n\n                                <p>This is a unisex item, please check our clothing &amp; footwear sizing guide for specific Rains jacket sizing information. RAINS comes from the rainy nation of Denmark at the edge of the European continent, close to the ocean and with prevailing westerly winds; all factors that contribute to an average of 121 rain days each year. Arising from these rainy weather conditions comes the attitude that a quick rain shower may be beautiful, as well as moody- but first and foremost requires the right outfit. Rains focus on the whole experience of going outside on rainy days, issuing an invitation to explore even in the most mercurial weather.</p>','published','[\"products\\/product-38.jpg\",\"products\\/product-67.jpg\",\"products\\/product-9.jpg\",\"products\\/product-19.jpg\",\"products\\/product-47.jpg\",\"products\\/product-76.jpg\",\"products\\/product-81.jpg\"]','NC-179-A0',0,11,0,1,1,7,0,0,486,NULL,NULL,NULL,10.00,20.00,10.00,533.00,NULL,49091,'2023-11-09 09:20:46','2023-11-09 09:20:50','in_stock',0,'Botble\\ACL\\Models\\User',NULL,'physical',NULL,NULL,0),(27,'Samsung Gear VR Virtual Reality Headset','<p>Short Hooded Coat features a straight body, large pockets with button flaps, ventilation air holes, and a string detail along the hemline.</p>','<p>Short Hooded Coat features a straight body, large pockets with button flaps, ventilation air holes, and a string detail along the hemline. The style is completed with a drawstring hood, featuring Rains’ signature built-in cap. Made from waterproof, matte PU, this lightweight unisex rain jacket is an ode to nostalgia through its classic silhouette and utilitarian design details.</p>\n                                <p>- Casual unisex fit</p>\n\n                                <p>- 64% polyester, 36% polyurethane</p>\n\n                                <p>- Water column pressure: 4000 mm</p>\n\n                                <p>- Model is 187cm tall and wearing a size S / M</p>\n\n                                <p>- Unisex fit</p>\n\n                                <p>- Drawstring hood with built-in cap</p>\n\n                                <p>- Front placket with snap buttons</p>\n\n                                <p>- Ventilation under armpit</p>\n\n                                <p>- Adjustable cuffs</p>\n\n                                <p>- Double welted front pockets</p>\n\n                                <p>- Adjustable elastic string at hempen</p>\n\n                                <p>- Ultrasonically welded seams</p>\n\n                                <p>This is a unisex item, please check our clothing &amp; footwear sizing guide for specific Rains jacket sizing information. RAINS comes from the rainy nation of Denmark at the edge of the European continent, close to the ocean and with prevailing westerly winds; all factors that contribute to an average of 121 rain days each year. Arising from these rainy weather conditions comes the attitude that a quick rain shower may be beautiful, as well as moody- but first and foremost requires the right outfit. Rains focus on the whole experience of going outside on rainy days, issuing an invitation to explore even in the most mercurial weather.</p>','published','[\"products\\/product-51.jpg\",\"products\\/product-3.jpg\",\"products\\/product-9.jpg\",\"products\\/product-73.jpg\",\"products\\/product-82.jpg\",\"products\\/product-77.jpg\",\"products\\/product-79.jpg\"]','NC-102-A0',0,12,0,1,1,5,0,0,247,NULL,NULL,NULL,16.00,12.00,15.00,871.00,NULL,29983,'2023-11-09 09:20:46','2023-11-09 09:20:50','in_stock',0,'Botble\\ACL\\Models\\User',NULL,'physical',NULL,NULL,0),(28,'Aveeno Moisturizing Body Shower 450ml','<p>Short Hooded Coat features a straight body, large pockets with button flaps, ventilation air holes, and a string detail along the hemline.</p>','<p>Short Hooded Coat features a straight body, large pockets with button flaps, ventilation air holes, and a string detail along the hemline. The style is completed with a drawstring hood, featuring Rains’ signature built-in cap. Made from waterproof, matte PU, this lightweight unisex rain jacket is an ode to nostalgia through its classic silhouette and utilitarian design details.</p>\n                                <p>- Casual unisex fit</p>\n\n                                <p>- 64% polyester, 36% polyurethane</p>\n\n                                <p>- Water column pressure: 4000 mm</p>\n\n                                <p>- Model is 187cm tall and wearing a size S / M</p>\n\n                                <p>- Unisex fit</p>\n\n                                <p>- Drawstring hood with built-in cap</p>\n\n                                <p>- Front placket with snap buttons</p>\n\n                                <p>- Ventilation under armpit</p>\n\n                                <p>- Adjustable cuffs</p>\n\n                                <p>- Double welted front pockets</p>\n\n                                <p>- Adjustable elastic string at hempen</p>\n\n                                <p>- Ultrasonically welded seams</p>\n\n                                <p>This is a unisex item, please check our clothing &amp; footwear sizing guide for specific Rains jacket sizing information. RAINS comes from the rainy nation of Denmark at the edge of the European continent, close to the ocean and with prevailing westerly winds; all factors that contribute to an average of 121 rain days each year. Arising from these rainy weather conditions comes the attitude that a quick rain shower may be beautiful, as well as moody- but first and foremost requires the right outfit. Rains focus on the whole experience of going outside on rainy days, issuing an invitation to explore even in the most mercurial weather.</p>','published','[\"products\\/product-65.jpg\",\"products\\/product-24.jpg\",\"products\\/product-34.jpg\",\"products\\/product-61.jpg\",\"products\\/product-77.jpg\",\"products\\/product-59.jpg\",\"products\\/product-83.jpg\"]','NC-174-A0',0,19,0,1,0,6,0,0,379,337.31,NULL,NULL,14.00,17.00,12.00,631.00,NULL,38799,'2023-11-09 09:20:46','2023-11-09 09:20:50','in_stock',0,'Botble\\ACL\\Models\\User',NULL,'physical',NULL,NULL,0),(29,'NYX Beauty Couton Pallete Makeup 12','<p>Short Hooded Coat features a straight body, large pockets with button flaps, ventilation air holes, and a string detail along the hemline.</p>','<p>Short Hooded Coat features a straight body, large pockets with button flaps, ventilation air holes, and a string detail along the hemline. The style is completed with a drawstring hood, featuring Rains’ signature built-in cap. Made from waterproof, matte PU, this lightweight unisex rain jacket is an ode to nostalgia through its classic silhouette and utilitarian design details.</p>\n                                <p>- Casual unisex fit</p>\n\n                                <p>- 64% polyester, 36% polyurethane</p>\n\n                                <p>- Water column pressure: 4000 mm</p>\n\n                                <p>- Model is 187cm tall and wearing a size S / M</p>\n\n                                <p>- Unisex fit</p>\n\n                                <p>- Drawstring hood with built-in cap</p>\n\n                                <p>- Front placket with snap buttons</p>\n\n                                <p>- Ventilation under armpit</p>\n\n                                <p>- Adjustable cuffs</p>\n\n                                <p>- Double welted front pockets</p>\n\n                                <p>- Adjustable elastic string at hempen</p>\n\n                                <p>- Ultrasonically welded seams</p>\n\n                                <p>This is a unisex item, please check our clothing &amp; footwear sizing guide for specific Rains jacket sizing information. RAINS comes from the rainy nation of Denmark at the edge of the European continent, close to the ocean and with prevailing westerly winds; all factors that contribute to an average of 121 rain days each year. Arising from these rainy weather conditions comes the attitude that a quick rain shower may be beautiful, as well as moody- but first and foremost requires the right outfit. Rains focus on the whole experience of going outside on rainy days, issuing an invitation to explore even in the most mercurial weather.</p>','published','[\"products\\/product-76.jpg\",\"products\\/product-6.jpg\",\"products\\/product-58.jpg\",\"products\\/product-56.jpg\",\"products\\/product-67.jpg\",\"products\\/product-2.jpg\",\"products\\/product-82.jpg\",\"products\\/product-63.jpg\",\"products\\/product-36.jpg\",\"products\\/product-30.jpg\",\"products\\/product-35.jpg\"]','NC-160-A0',0,12,0,1,1,6,0,0,264,NULL,NULL,NULL,16.00,13.00,20.00,867.00,NULL,160327,'2023-11-09 09:20:46','2023-11-09 09:20:50','in_stock',0,'Botble\\ACL\\Models\\User',NULL,'digital',NULL,NULL,0),(30,'NYX Beauty Couton Pallete Makeup 12','<p>Short Hooded Coat features a straight body, large pockets with button flaps, ventilation air holes, and a string detail along the hemline.</p>','<p>Short Hooded Coat features a straight body, large pockets with button flaps, ventilation air holes, and a string detail along the hemline. The style is completed with a drawstring hood, featuring Rains’ signature built-in cap. Made from waterproof, matte PU, this lightweight unisex rain jacket is an ode to nostalgia through its classic silhouette and utilitarian design details.</p>\n                                <p>- Casual unisex fit</p>\n\n                                <p>- 64% polyester, 36% polyurethane</p>\n\n                                <p>- Water column pressure: 4000 mm</p>\n\n                                <p>- Model is 187cm tall and wearing a size S / M</p>\n\n                                <p>- Unisex fit</p>\n\n                                <p>- Drawstring hood with built-in cap</p>\n\n                                <p>- Front placket with snap buttons</p>\n\n                                <p>- Ventilation under armpit</p>\n\n                                <p>- Adjustable cuffs</p>\n\n                                <p>- Double welted front pockets</p>\n\n                                <p>- Adjustable elastic string at hempen</p>\n\n                                <p>- Ultrasonically welded seams</p>\n\n                                <p>This is a unisex item, please check our clothing &amp; footwear sizing guide for specific Rains jacket sizing information. RAINS comes from the rainy nation of Denmark at the edge of the European continent, close to the ocean and with prevailing westerly winds; all factors that contribute to an average of 121 rain days each year. Arising from these rainy weather conditions comes the attitude that a quick rain shower may be beautiful, as well as moody- but first and foremost requires the right outfit. Rains focus on the whole experience of going outside on rainy days, issuing an invitation to explore even in the most mercurial weather.</p>','published','[\"products\\/product-26.jpg\",\"products\\/product-72.jpg\",\"products\\/product-77.jpg\",\"products\\/product-67.jpg\",\"products\\/product-57.jpg\",\"products\\/product-24.jpg\",\"products\\/product-13.jpg\",\"products\\/product-64.jpg\",\"products\\/product-80.jpg\",\"products\\/product-87.jpg\"]','NC-150-A0',0,16,0,1,0,7,0,0,485,NULL,NULL,NULL,12.00,18.00,11.00,855.00,NULL,89435,'2023-11-09 09:20:46','2023-11-09 09:20:51','in_stock',0,'Botble\\ACL\\Models\\User',NULL,'physical',NULL,NULL,0),(31,'MVMTH Classical Leather Watch In Black','<p>Short Hooded Coat features a straight body, large pockets with button flaps, ventilation air holes, and a string detail along the hemline.</p>','<p>Short Hooded Coat features a straight body, large pockets with button flaps, ventilation air holes, and a string detail along the hemline. The style is completed with a drawstring hood, featuring Rains’ signature built-in cap. Made from waterproof, matte PU, this lightweight unisex rain jacket is an ode to nostalgia through its classic silhouette and utilitarian design details.</p>\n                                <p>- Casual unisex fit</p>\n\n                                <p>- 64% polyester, 36% polyurethane</p>\n\n                                <p>- Water column pressure: 4000 mm</p>\n\n                                <p>- Model is 187cm tall and wearing a size S / M</p>\n\n                                <p>- Unisex fit</p>\n\n                                <p>- Drawstring hood with built-in cap</p>\n\n                                <p>- Front placket with snap buttons</p>\n\n                                <p>- Ventilation under armpit</p>\n\n                                <p>- Adjustable cuffs</p>\n\n                                <p>- Double welted front pockets</p>\n\n                                <p>- Adjustable elastic string at hempen</p>\n\n                                <p>- Ultrasonically welded seams</p>\n\n                                <p>This is a unisex item, please check our clothing &amp; footwear sizing guide for specific Rains jacket sizing information. RAINS comes from the rainy nation of Denmark at the edge of the European continent, close to the ocean and with prevailing westerly winds; all factors that contribute to an average of 121 rain days each year. Arising from these rainy weather conditions comes the attitude that a quick rain shower may be beautiful, as well as moody- but first and foremost requires the right outfit. Rains focus on the whole experience of going outside on rainy days, issuing an invitation to explore even in the most mercurial weather.</p>','published','[\"products\\/product-63.jpg\",\"products\\/product-89.jpg\",\"products\\/product-95.jpg\",\"products\\/product-22.jpg\",\"products\\/product-3.jpg\",\"products\\/product-61.jpg\",\"products\\/product-43.jpg\",\"products\\/product-60.jpg\",\"products\\/product-28.jpg\",\"products\\/product-83.jpg\",\"products\\/product-12.jpg\"]','NC-145-A0',0,12,0,1,1,2,0,0,406,NULL,NULL,NULL,11.00,20.00,15.00,689.00,NULL,126164,'2023-11-09 09:20:46','2023-11-09 09:20:51','in_stock',0,'Botble\\ACL\\Models\\User',NULL,'physical',NULL,NULL,0),(32,'Baxter Care Hair Kit For Bearded Mens','<p>Short Hooded Coat features a straight body, large pockets with button flaps, ventilation air holes, and a string detail along the hemline.</p>','<p>Short Hooded Coat features a straight body, large pockets with button flaps, ventilation air holes, and a string detail along the hemline. The style is completed with a drawstring hood, featuring Rains’ signature built-in cap. Made from waterproof, matte PU, this lightweight unisex rain jacket is an ode to nostalgia through its classic silhouette and utilitarian design details.</p>\n                                <p>- Casual unisex fit</p>\n\n                                <p>- 64% polyester, 36% polyurethane</p>\n\n                                <p>- Water column pressure: 4000 mm</p>\n\n                                <p>- Model is 187cm tall and wearing a size S / M</p>\n\n                                <p>- Unisex fit</p>\n\n                                <p>- Drawstring hood with built-in cap</p>\n\n                                <p>- Front placket with snap buttons</p>\n\n                                <p>- Ventilation under armpit</p>\n\n                                <p>- Adjustable cuffs</p>\n\n                                <p>- Double welted front pockets</p>\n\n                                <p>- Adjustable elastic string at hempen</p>\n\n                                <p>- Ultrasonically welded seams</p>\n\n                                <p>This is a unisex item, please check our clothing &amp; footwear sizing guide for specific Rains jacket sizing information. RAINS comes from the rainy nation of Denmark at the edge of the European continent, close to the ocean and with prevailing westerly winds; all factors that contribute to an average of 121 rain days each year. Arising from these rainy weather conditions comes the attitude that a quick rain shower may be beautiful, as well as moody- but first and foremost requires the right outfit. Rains focus on the whole experience of going outside on rainy days, issuing an invitation to explore even in the most mercurial weather.</p>','published','[\"products\\/product-5.jpg\",\"products\\/product-21.jpg\",\"products\\/product-51.jpg\",\"products\\/product-35.jpg\",\"products\\/product-80.jpg\",\"products\\/product-69.jpg\",\"products\\/product-40.jpg\",\"products\\/product-1.jpg\",\"products\\/product-79.jpg\",\"products\\/product-56.jpg\"]','NC-192-A0',0,18,0,1,0,2,0,0,410,299.3,NULL,NULL,20.00,19.00,10.00,552.00,NULL,76710,'2023-11-09 09:20:46','2023-11-09 09:20:51','in_stock',0,'Botble\\ACL\\Models\\User',NULL,'physical',NULL,NULL,0),(33,'Ciate Palemore Lipstick Bold Red Color','<p>Short Hooded Coat features a straight body, large pockets with button flaps, ventilation air holes, and a string detail along the hemline.</p>','<p>Short Hooded Coat features a straight body, large pockets with button flaps, ventilation air holes, and a string detail along the hemline. The style is completed with a drawstring hood, featuring Rains’ signature built-in cap. Made from waterproof, matte PU, this lightweight unisex rain jacket is an ode to nostalgia through its classic silhouette and utilitarian design details.</p>\n                                <p>- Casual unisex fit</p>\n\n                                <p>- 64% polyester, 36% polyurethane</p>\n\n                                <p>- Water column pressure: 4000 mm</p>\n\n                                <p>- Model is 187cm tall and wearing a size S / M</p>\n\n                                <p>- Unisex fit</p>\n\n                                <p>- Drawstring hood with built-in cap</p>\n\n                                <p>- Front placket with snap buttons</p>\n\n                                <p>- Ventilation under armpit</p>\n\n                                <p>- Adjustable cuffs</p>\n\n                                <p>- Double welted front pockets</p>\n\n                                <p>- Adjustable elastic string at hempen</p>\n\n                                <p>- Ultrasonically welded seams</p>\n\n                                <p>This is a unisex item, please check our clothing &amp; footwear sizing guide for specific Rains jacket sizing information. RAINS comes from the rainy nation of Denmark at the edge of the European continent, close to the ocean and with prevailing westerly winds; all factors that contribute to an average of 121 rain days each year. Arising from these rainy weather conditions comes the attitude that a quick rain shower may be beautiful, as well as moody- but first and foremost requires the right outfit. Rains focus on the whole experience of going outside on rainy days, issuing an invitation to explore even in the most mercurial weather.</p>','published','[\"products\\/product-60.jpg\",\"products\\/product-87.jpg\",\"products\\/product-5.jpg\",\"products\\/product-37.jpg\",\"products\\/product-54.jpg\",\"products\\/product-19.jpg\",\"products\\/product-40.jpg\",\"products\\/product-79.jpg\",\"products\\/product-34.jpg\",\"products\\/product-56.jpg\"]','NC-114-A0',0,10,0,1,0,4,0,0,229,NULL,NULL,NULL,13.00,20.00,14.00,688.00,NULL,159755,'2023-11-09 09:20:46','2023-11-09 09:20:51','in_stock',0,'Botble\\ACL\\Models\\User',NULL,'digital',NULL,NULL,0),(34,'Vimto Squash Remix Apple 1.5 Litres','<p>Short Hooded Coat features a straight body, large pockets with button flaps, ventilation air holes, and a string detail along the hemline.</p>','<p>Short Hooded Coat features a straight body, large pockets with button flaps, ventilation air holes, and a string detail along the hemline. The style is completed with a drawstring hood, featuring Rains’ signature built-in cap. Made from waterproof, matte PU, this lightweight unisex rain jacket is an ode to nostalgia through its classic silhouette and utilitarian design details.</p>\n                                <p>- Casual unisex fit</p>\n\n                                <p>- 64% polyester, 36% polyurethane</p>\n\n                                <p>- Water column pressure: 4000 mm</p>\n\n                                <p>- Model is 187cm tall and wearing a size S / M</p>\n\n                                <p>- Unisex fit</p>\n\n                                <p>- Drawstring hood with built-in cap</p>\n\n                                <p>- Front placket with snap buttons</p>\n\n                                <p>- Ventilation under armpit</p>\n\n                                <p>- Adjustable cuffs</p>\n\n                                <p>- Double welted front pockets</p>\n\n                                <p>- Adjustable elastic string at hempen</p>\n\n                                <p>- Ultrasonically welded seams</p>\n\n                                <p>This is a unisex item, please check our clothing &amp; footwear sizing guide for specific Rains jacket sizing information. RAINS comes from the rainy nation of Denmark at the edge of the European continent, close to the ocean and with prevailing westerly winds; all factors that contribute to an average of 121 rain days each year. Arising from these rainy weather conditions comes the attitude that a quick rain shower may be beautiful, as well as moody- but first and foremost requires the right outfit. Rains focus on the whole experience of going outside on rainy days, issuing an invitation to explore even in the most mercurial weather.</p>','published','[\"products\\/product-8.jpg\",\"products\\/product-60.jpg\",\"products\\/product-93.jpg\",\"products\\/product-17.jpg\",\"products\\/product-64.jpg\",\"products\\/product-18.jpg\"]','NC-176-A0',0,11,0,1,0,4,0,0,493,NULL,NULL,NULL,10.00,18.00,19.00,863.00,NULL,47787,'2023-11-09 09:20:46','2023-11-09 09:20:51','in_stock',0,'Botble\\ACL\\Models\\User',NULL,'physical',NULL,NULL,0),(35,'Crock Pot Slow Cooker','<p>Short Hooded Coat features a straight body, large pockets with button flaps, ventilation air holes, and a string detail along the hemline.</p>','<p>Short Hooded Coat features a straight body, large pockets with button flaps, ventilation air holes, and a string detail along the hemline. The style is completed with a drawstring hood, featuring Rains’ signature built-in cap. Made from waterproof, matte PU, this lightweight unisex rain jacket is an ode to nostalgia through its classic silhouette and utilitarian design details.</p>\n                                <p>- Casual unisex fit</p>\n\n                                <p>- 64% polyester, 36% polyurethane</p>\n\n                                <p>- Water column pressure: 4000 mm</p>\n\n                                <p>- Model is 187cm tall and wearing a size S / M</p>\n\n                                <p>- Unisex fit</p>\n\n                                <p>- Drawstring hood with built-in cap</p>\n\n                                <p>- Front placket with snap buttons</p>\n\n                                <p>- Ventilation under armpit</p>\n\n                                <p>- Adjustable cuffs</p>\n\n                                <p>- Double welted front pockets</p>\n\n                                <p>- Adjustable elastic string at hempen</p>\n\n                                <p>- Ultrasonically welded seams</p>\n\n                                <p>This is a unisex item, please check our clothing &amp; footwear sizing guide for specific Rains jacket sizing information. RAINS comes from the rainy nation of Denmark at the edge of the European continent, close to the ocean and with prevailing westerly winds; all factors that contribute to an average of 121 rain days each year. Arising from these rainy weather conditions comes the attitude that a quick rain shower may be beautiful, as well as moody- but first and foremost requires the right outfit. Rains focus on the whole experience of going outside on rainy days, issuing an invitation to explore even in the most mercurial weather.</p>','published','[\"products\\/product-92.jpg\",\"products\\/product-28.jpg\",\"products\\/product-20.jpg\",\"products\\/product-44.jpg\",\"products\\/product-88.jpg\",\"products\\/product-22.jpg\",\"products\\/product-9.jpg\",\"products\\/product-46.jpg\",\"products\\/product-91.jpg\"]','NC-185-A0',0,15,0,1,0,1,0,0,211,NULL,NULL,NULL,19.00,15.00,15.00,835.00,NULL,171825,'2023-11-09 09:20:46','2023-11-09 09:20:51','in_stock',0,'Botble\\ACL\\Models\\User',NULL,'physical',NULL,NULL,0),(36,'Taylors of Harrogate Yorkshire Coffee','<p>Short Hooded Coat features a straight body, large pockets with button flaps, ventilation air holes, and a string detail along the hemline.</p>','<p>Short Hooded Coat features a straight body, large pockets with button flaps, ventilation air holes, and a string detail along the hemline. The style is completed with a drawstring hood, featuring Rains’ signature built-in cap. Made from waterproof, matte PU, this lightweight unisex rain jacket is an ode to nostalgia through its classic silhouette and utilitarian design details.</p>\n                                <p>- Casual unisex fit</p>\n\n                                <p>- 64% polyester, 36% polyurethane</p>\n\n                                <p>- Water column pressure: 4000 mm</p>\n\n                                <p>- Model is 187cm tall and wearing a size S / M</p>\n\n                                <p>- Unisex fit</p>\n\n                                <p>- Drawstring hood with built-in cap</p>\n\n                                <p>- Front placket with snap buttons</p>\n\n                                <p>- Ventilation under armpit</p>\n\n                                <p>- Adjustable cuffs</p>\n\n                                <p>- Double welted front pockets</p>\n\n                                <p>- Adjustable elastic string at hempen</p>\n\n                                <p>- Ultrasonically welded seams</p>\n\n                                <p>This is a unisex item, please check our clothing &amp; footwear sizing guide for specific Rains jacket sizing information. RAINS comes from the rainy nation of Denmark at the edge of the European continent, close to the ocean and with prevailing westerly winds; all factors that contribute to an average of 121 rain days each year. Arising from these rainy weather conditions comes the attitude that a quick rain shower may be beautiful, as well as moody- but first and foremost requires the right outfit. Rains focus on the whole experience of going outside on rainy days, issuing an invitation to explore even in the most mercurial weather.</p>','published','[\"products\\/product-45.jpg\",\"products\\/product-88.jpg\",\"products\\/product-86.jpg\",\"products\\/product-30.jpg\",\"products\\/product-84.jpg\",\"products\\/product-37.jpg\",\"products\\/product-26.jpg\",\"products\\/product-58.jpg\",\"products\\/product-4.jpg\",\"products\\/product-79.jpg\",\"products\\/product-19.jpg\",\"products\\/product-95.jpg\"]','NC-160-A0',0,12,0,1,1,7,0,0,309,259.56,NULL,NULL,19.00,14.00,13.00,698.00,NULL,119813,'2023-11-09 09:20:46','2023-11-09 09:20:51','in_stock',0,'Botble\\ACL\\Models\\User',NULL,'physical',NULL,NULL,0),(37,'Soft Mochi &amp; Galeto Ice Cream','<p>Short Hooded Coat features a straight body, large pockets with button flaps, ventilation air holes, and a string detail along the hemline.</p>','<p>Short Hooded Coat features a straight body, large pockets with button flaps, ventilation air holes, and a string detail along the hemline. The style is completed with a drawstring hood, featuring Rains’ signature built-in cap. Made from waterproof, matte PU, this lightweight unisex rain jacket is an ode to nostalgia through its classic silhouette and utilitarian design details.</p>\n                                <p>- Casual unisex fit</p>\n\n                                <p>- 64% polyester, 36% polyurethane</p>\n\n                                <p>- Water column pressure: 4000 mm</p>\n\n                                <p>- Model is 187cm tall and wearing a size S / M</p>\n\n                                <p>- Unisex fit</p>\n\n                                <p>- Drawstring hood with built-in cap</p>\n\n                                <p>- Front placket with snap buttons</p>\n\n                                <p>- Ventilation under armpit</p>\n\n                                <p>- Adjustable cuffs</p>\n\n                                <p>- Double welted front pockets</p>\n\n                                <p>- Adjustable elastic string at hempen</p>\n\n                                <p>- Ultrasonically welded seams</p>\n\n                                <p>This is a unisex item, please check our clothing &amp; footwear sizing guide for specific Rains jacket sizing information. RAINS comes from the rainy nation of Denmark at the edge of the European continent, close to the ocean and with prevailing westerly winds; all factors that contribute to an average of 121 rain days each year. Arising from these rainy weather conditions comes the attitude that a quick rain shower may be beautiful, as well as moody- but first and foremost requires the right outfit. Rains focus on the whole experience of going outside on rainy days, issuing an invitation to explore even in the most mercurial weather.</p>','published','[\"products\\/product-21.jpg\",\"products\\/product-39.jpg\",\"products\\/product-37.jpg\",\"products\\/product-48.jpg\",\"products\\/product-1.jpg\",\"products\\/product-34.jpg\",\"products\\/product-5.jpg\",\"products\\/product-20.jpg\"]','NC-128-A0',0,12,0,1,0,6,0,0,216,NULL,NULL,NULL,10.00,13.00,11.00,891.00,NULL,141593,'2023-11-09 09:20:46','2023-11-09 09:20:51','in_stock',0,'Botble\\ACL\\Models\\User',NULL,'digital',NULL,NULL,0),(38,'Naked Noodle Egg Noodles Singapore','<p>Short Hooded Coat features a straight body, large pockets with button flaps, ventilation air holes, and a string detail along the hemline.</p>','<p>Short Hooded Coat features a straight body, large pockets with button flaps, ventilation air holes, and a string detail along the hemline. The style is completed with a drawstring hood, featuring Rains’ signature built-in cap. Made from waterproof, matte PU, this lightweight unisex rain jacket is an ode to nostalgia through its classic silhouette and utilitarian design details.</p>\n                                <p>- Casual unisex fit</p>\n\n                                <p>- 64% polyester, 36% polyurethane</p>\n\n                                <p>- Water column pressure: 4000 mm</p>\n\n                                <p>- Model is 187cm tall and wearing a size S / M</p>\n\n                                <p>- Unisex fit</p>\n\n                                <p>- Drawstring hood with built-in cap</p>\n\n                                <p>- Front placket with snap buttons</p>\n\n                                <p>- Ventilation under armpit</p>\n\n                                <p>- Adjustable cuffs</p>\n\n                                <p>- Double welted front pockets</p>\n\n                                <p>- Adjustable elastic string at hempen</p>\n\n                                <p>- Ultrasonically welded seams</p>\n\n                                <p>This is a unisex item, please check our clothing &amp; footwear sizing guide for specific Rains jacket sizing information. RAINS comes from the rainy nation of Denmark at the edge of the European continent, close to the ocean and with prevailing westerly winds; all factors that contribute to an average of 121 rain days each year. Arising from these rainy weather conditions comes the attitude that a quick rain shower may be beautiful, as well as moody- but first and foremost requires the right outfit. Rains focus on the whole experience of going outside on rainy days, issuing an invitation to explore even in the most mercurial weather.</p>','published','[\"products\\/product-10.jpg\",\"products\\/product-3.jpg\",\"products\\/product-75.jpg\",\"products\\/product-32.jpg\",\"products\\/product-93.jpg\"]','NC-177-A0',0,12,0,1,1,4,0,0,357,NULL,NULL,NULL,12.00,20.00,17.00,592.00,NULL,191819,'2023-11-09 09:20:46','2023-11-09 09:20:51','in_stock',0,'Botble\\ACL\\Models\\User',NULL,'physical',NULL,NULL,0),(39,'Saute Pan Silver','<p>Short Hooded Coat features a straight body, large pockets with button flaps, ventilation air holes, and a string detail along the hemline.</p>','<p>Short Hooded Coat features a straight body, large pockets with button flaps, ventilation air holes, and a string detail along the hemline. The style is completed with a drawstring hood, featuring Rains’ signature built-in cap. Made from waterproof, matte PU, this lightweight unisex rain jacket is an ode to nostalgia through its classic silhouette and utilitarian design details.</p>\n                                <p>- Casual unisex fit</p>\n\n                                <p>- 64% polyester, 36% polyurethane</p>\n\n                                <p>- Water column pressure: 4000 mm</p>\n\n                                <p>- Model is 187cm tall and wearing a size S / M</p>\n\n                                <p>- Unisex fit</p>\n\n                                <p>- Drawstring hood with built-in cap</p>\n\n                                <p>- Front placket with snap buttons</p>\n\n                                <p>- Ventilation under armpit</p>\n\n                                <p>- Adjustable cuffs</p>\n\n                                <p>- Double welted front pockets</p>\n\n                                <p>- Adjustable elastic string at hempen</p>\n\n                                <p>- Ultrasonically welded seams</p>\n\n                                <p>This is a unisex item, please check our clothing &amp; footwear sizing guide for specific Rains jacket sizing information. RAINS comes from the rainy nation of Denmark at the edge of the European continent, close to the ocean and with prevailing westerly winds; all factors that contribute to an average of 121 rain days each year. Arising from these rainy weather conditions comes the attitude that a quick rain shower may be beautiful, as well as moody- but first and foremost requires the right outfit. Rains focus on the whole experience of going outside on rainy days, issuing an invitation to explore even in the most mercurial weather.</p>','published','[\"products\\/product-90.jpg\",\"products\\/product-9.jpg\",\"products\\/product-35.jpg\",\"products\\/product-56.jpg\",\"products\\/product-36.jpg\",\"products\\/product-68.jpg\",\"products\\/product-55.jpg\",\"products\\/product-72.jpg\"]','NC-110-A0',0,19,0,1,1,2,0,0,410,NULL,NULL,NULL,11.00,14.00,20.00,778.00,NULL,61517,'2023-11-09 09:20:46','2023-11-09 09:20:51','in_stock',0,'Botble\\ACL\\Models\\User',NULL,'physical',NULL,NULL,0),(40,'Bar S – Classic Bun Length Franks','<p>Short Hooded Coat features a straight body, large pockets with button flaps, ventilation air holes, and a string detail along the hemline.</p>','<p>Short Hooded Coat features a straight body, large pockets with button flaps, ventilation air holes, and a string detail along the hemline. The style is completed with a drawstring hood, featuring Rains’ signature built-in cap. Made from waterproof, matte PU, this lightweight unisex rain jacket is an ode to nostalgia through its classic silhouette and utilitarian design details.</p>\n                                <p>- Casual unisex fit</p>\n\n                                <p>- 64% polyester, 36% polyurethane</p>\n\n                                <p>- Water column pressure: 4000 mm</p>\n\n                                <p>- Model is 187cm tall and wearing a size S / M</p>\n\n                                <p>- Unisex fit</p>\n\n                                <p>- Drawstring hood with built-in cap</p>\n\n                                <p>- Front placket with snap buttons</p>\n\n                                <p>- Ventilation under armpit</p>\n\n                                <p>- Adjustable cuffs</p>\n\n                                <p>- Double welted front pockets</p>\n\n                                <p>- Adjustable elastic string at hempen</p>\n\n                                <p>- Ultrasonically welded seams</p>\n\n                                <p>This is a unisex item, please check our clothing &amp; footwear sizing guide for specific Rains jacket sizing information. RAINS comes from the rainy nation of Denmark at the edge of the European continent, close to the ocean and with prevailing westerly winds; all factors that contribute to an average of 121 rain days each year. Arising from these rainy weather conditions comes the attitude that a quick rain shower may be beautiful, as well as moody- but first and foremost requires the right outfit. Rains focus on the whole experience of going outside on rainy days, issuing an invitation to explore even in the most mercurial weather.</p>','published','[\"products\\/product-88.jpg\",\"products\\/product-35.jpg\",\"products\\/product-78.jpg\",\"products\\/product-73.jpg\",\"products\\/product-9.jpg\",\"products\\/product-8.jpg\",\"products\\/product-15.jpg\",\"products\\/product-57.jpg\",\"products\\/product-68.jpg\",\"products\\/product-22.jpg\"]','NC-158-A0',0,12,0,1,1,7,0,0,420,336,NULL,NULL,13.00,19.00,20.00,690.00,NULL,136116,'2023-11-09 09:20:46','2023-11-09 09:20:51','in_stock',0,'Botble\\ACL\\Models\\User',NULL,'physical',NULL,NULL,0),(41,'Broccoli Crowns','<p>Short Hooded Coat features a straight body, large pockets with button flaps, ventilation air holes, and a string detail along the hemline.</p>','<p>Short Hooded Coat features a straight body, large pockets with button flaps, ventilation air holes, and a string detail along the hemline. The style is completed with a drawstring hood, featuring Rains’ signature built-in cap. Made from waterproof, matte PU, this lightweight unisex rain jacket is an ode to nostalgia through its classic silhouette and utilitarian design details.</p>\n                                <p>- Casual unisex fit</p>\n\n                                <p>- 64% polyester, 36% polyurethane</p>\n\n                                <p>- Water column pressure: 4000 mm</p>\n\n                                <p>- Model is 187cm tall and wearing a size S / M</p>\n\n                                <p>- Unisex fit</p>\n\n                                <p>- Drawstring hood with built-in cap</p>\n\n                                <p>- Front placket with snap buttons</p>\n\n                                <p>- Ventilation under armpit</p>\n\n                                <p>- Adjustable cuffs</p>\n\n                                <p>- Double welted front pockets</p>\n\n                                <p>- Adjustable elastic string at hempen</p>\n\n                                <p>- Ultrasonically welded seams</p>\n\n                                <p>This is a unisex item, please check our clothing &amp; footwear sizing guide for specific Rains jacket sizing information. RAINS comes from the rainy nation of Denmark at the edge of the European continent, close to the ocean and with prevailing westerly winds; all factors that contribute to an average of 121 rain days each year. Arising from these rainy weather conditions comes the attitude that a quick rain shower may be beautiful, as well as moody- but first and foremost requires the right outfit. Rains focus on the whole experience of going outside on rainy days, issuing an invitation to explore even in the most mercurial weather.</p>','published','[\"products\\/product-32.jpg\",\"products\\/product-22.jpg\",\"products\\/product-80.jpg\",\"products\\/product-35.jpg\",\"products\\/product-2.jpg\",\"products\\/product-71.jpg\",\"products\\/product-54.jpg\"]','NC-139-A0',0,13,0,1,1,2,0,0,323,NULL,NULL,NULL,10.00,15.00,10.00,886.00,NULL,168914,'2023-11-09 09:20:46','2023-11-09 09:20:51','in_stock',0,'Botble\\ACL\\Models\\User',NULL,'digital',NULL,NULL,0),(42,'Slimming World Vegan Mac Greens','<p>Short Hooded Coat features a straight body, large pockets with button flaps, ventilation air holes, and a string detail along the hemline.</p>','<p>Short Hooded Coat features a straight body, large pockets with button flaps, ventilation air holes, and a string detail along the hemline. The style is completed with a drawstring hood, featuring Rains’ signature built-in cap. Made from waterproof, matte PU, this lightweight unisex rain jacket is an ode to nostalgia through its classic silhouette and utilitarian design details.</p>\n                                <p>- Casual unisex fit</p>\n\n                                <p>- 64% polyester, 36% polyurethane</p>\n\n                                <p>- Water column pressure: 4000 mm</p>\n\n                                <p>- Model is 187cm tall and wearing a size S / M</p>\n\n                                <p>- Unisex fit</p>\n\n                                <p>- Drawstring hood with built-in cap</p>\n\n                                <p>- Front placket with snap buttons</p>\n\n                                <p>- Ventilation under armpit</p>\n\n                                <p>- Adjustable cuffs</p>\n\n                                <p>- Double welted front pockets</p>\n\n                                <p>- Adjustable elastic string at hempen</p>\n\n                                <p>- Ultrasonically welded seams</p>\n\n                                <p>This is a unisex item, please check our clothing &amp; footwear sizing guide for specific Rains jacket sizing information. RAINS comes from the rainy nation of Denmark at the edge of the European continent, close to the ocean and with prevailing westerly winds; all factors that contribute to an average of 121 rain days each year. Arising from these rainy weather conditions comes the attitude that a quick rain shower may be beautiful, as well as moody- but first and foremost requires the right outfit. Rains focus on the whole experience of going outside on rainy days, issuing an invitation to explore even in the most mercurial weather.</p>','published','[\"products\\/product-58.jpg\",\"products\\/product-11.jpg\",\"products\\/product-19.jpg\",\"products\\/product-23.jpg\",\"products\\/product-63.jpg\",\"products\\/product-66.jpg\"]','NC-194-A0',0,17,0,1,0,6,0,0,493,NULL,NULL,NULL,18.00,19.00,20.00,585.00,NULL,163931,'2023-11-09 09:20:46','2023-11-09 09:20:51','in_stock',0,'Botble\\ACL\\Models\\User',NULL,'physical',NULL,NULL,0),(43,'Häagen-Dazs Salted Caramel','<p>Short Hooded Coat features a straight body, large pockets with button flaps, ventilation air holes, and a string detail along the hemline.</p>','<p>Short Hooded Coat features a straight body, large pockets with button flaps, ventilation air holes, and a string detail along the hemline. The style is completed with a drawstring hood, featuring Rains’ signature built-in cap. Made from waterproof, matte PU, this lightweight unisex rain jacket is an ode to nostalgia through its classic silhouette and utilitarian design details.</p>\n                                <p>- Casual unisex fit</p>\n\n                                <p>- 64% polyester, 36% polyurethane</p>\n\n                                <p>- Water column pressure: 4000 mm</p>\n\n                                <p>- Model is 187cm tall and wearing a size S / M</p>\n\n                                <p>- Unisex fit</p>\n\n                                <p>- Drawstring hood with built-in cap</p>\n\n                                <p>- Front placket with snap buttons</p>\n\n                                <p>- Ventilation under armpit</p>\n\n                                <p>- Adjustable cuffs</p>\n\n                                <p>- Double welted front pockets</p>\n\n                                <p>- Adjustable elastic string at hempen</p>\n\n                                <p>- Ultrasonically welded seams</p>\n\n                                <p>This is a unisex item, please check our clothing &amp; footwear sizing guide for specific Rains jacket sizing information. RAINS comes from the rainy nation of Denmark at the edge of the European continent, close to the ocean and with prevailing westerly winds; all factors that contribute to an average of 121 rain days each year. Arising from these rainy weather conditions comes the attitude that a quick rain shower may be beautiful, as well as moody- but first and foremost requires the right outfit. Rains focus on the whole experience of going outside on rainy days, issuing an invitation to explore even in the most mercurial weather.</p>','published','[\"products\\/product-44.jpg\",\"products\\/product-64.jpg\",\"products\\/product-18.jpg\",\"products\\/product-91.jpg\",\"products\\/product-66.jpg\",\"products\\/product-42.jpg\",\"products\\/product-37.jpg\",\"products\\/product-67.jpg\",\"products\\/product-32.jpg\"]','NC-183-A0',0,15,0,1,1,7,0,0,387,NULL,NULL,NULL,15.00,16.00,15.00,734.00,NULL,163676,'2023-11-09 09:20:47','2023-11-09 09:20:52','in_stock',0,'Botble\\ACL\\Models\\User',NULL,'physical',NULL,NULL,0),(44,'Iceland 3 Solo Exotic Burst','<p>Short Hooded Coat features a straight body, large pockets with button flaps, ventilation air holes, and a string detail along the hemline.</p>','<p>Short Hooded Coat features a straight body, large pockets with button flaps, ventilation air holes, and a string detail along the hemline. The style is completed with a drawstring hood, featuring Rains’ signature built-in cap. Made from waterproof, matte PU, this lightweight unisex rain jacket is an ode to nostalgia through its classic silhouette and utilitarian design details.</p>\n                                <p>- Casual unisex fit</p>\n\n                                <p>- 64% polyester, 36% polyurethane</p>\n\n                                <p>- Water column pressure: 4000 mm</p>\n\n                                <p>- Model is 187cm tall and wearing a size S / M</p>\n\n                                <p>- Unisex fit</p>\n\n                                <p>- Drawstring hood with built-in cap</p>\n\n                                <p>- Front placket with snap buttons</p>\n\n                                <p>- Ventilation under armpit</p>\n\n                                <p>- Adjustable cuffs</p>\n\n                                <p>- Double welted front pockets</p>\n\n                                <p>- Adjustable elastic string at hempen</p>\n\n                                <p>- Ultrasonically welded seams</p>\n\n                                <p>This is a unisex item, please check our clothing &amp; footwear sizing guide for specific Rains jacket sizing information. RAINS comes from the rainy nation of Denmark at the edge of the European continent, close to the ocean and with prevailing westerly winds; all factors that contribute to an average of 121 rain days each year. Arising from these rainy weather conditions comes the attitude that a quick rain shower may be beautiful, as well as moody- but first and foremost requires the right outfit. Rains focus on the whole experience of going outside on rainy days, issuing an invitation to explore even in the most mercurial weather.</p>','published','[\"products\\/product-12.jpg\",\"products\\/product-69.jpg\",\"products\\/product-11.jpg\",\"products\\/product-71.jpg\",\"products\\/product-78.jpg\",\"products\\/product-18.jpg\",\"products\\/product-51.jpg\",\"products\\/product-45.jpg\",\"products\\/product-25.jpg\"]','NC-120-A0',0,13,0,1,0,2,0,0,341,245.52,NULL,NULL,12.00,17.00,14.00,675.00,NULL,82690,'2023-11-09 09:20:47','2023-11-09 09:20:52','in_stock',0,'Botble\\ACL\\Models\\User',NULL,'physical',NULL,NULL,0),(45,'Extreme Budweiser Light Can','<p>Short Hooded Coat features a straight body, large pockets with button flaps, ventilation air holes, and a string detail along the hemline.</p>','<p>Short Hooded Coat features a straight body, large pockets with button flaps, ventilation air holes, and a string detail along the hemline. The style is completed with a drawstring hood, featuring Rains’ signature built-in cap. Made from waterproof, matte PU, this lightweight unisex rain jacket is an ode to nostalgia through its classic silhouette and utilitarian design details.</p>\n                                <p>- Casual unisex fit</p>\n\n                                <p>- 64% polyester, 36% polyurethane</p>\n\n                                <p>- Water column pressure: 4000 mm</p>\n\n                                <p>- Model is 187cm tall and wearing a size S / M</p>\n\n                                <p>- Unisex fit</p>\n\n                                <p>- Drawstring hood with built-in cap</p>\n\n                                <p>- Front placket with snap buttons</p>\n\n                                <p>- Ventilation under armpit</p>\n\n                                <p>- Adjustable cuffs</p>\n\n                                <p>- Double welted front pockets</p>\n\n                                <p>- Adjustable elastic string at hempen</p>\n\n                                <p>- Ultrasonically welded seams</p>\n\n                                <p>This is a unisex item, please check our clothing &amp; footwear sizing guide for specific Rains jacket sizing information. RAINS comes from the rainy nation of Denmark at the edge of the European continent, close to the ocean and with prevailing westerly winds; all factors that contribute to an average of 121 rain days each year. Arising from these rainy weather conditions comes the attitude that a quick rain shower may be beautiful, as well as moody- but first and foremost requires the right outfit. Rains focus on the whole experience of going outside on rainy days, issuing an invitation to explore even in the most mercurial weather.</p>','published','[\"products\\/product-40.jpg\",\"products\\/product-44.jpg\",\"products\\/product-47.jpg\",\"products\\/product-7.jpg\",\"products\\/product-28.jpg\",\"products\\/product-38.jpg\",\"products\\/product-24.jpg\",\"products\\/product-84.jpg\",\"products\\/product-88.jpg\"]','NC-169-A0',0,17,0,1,1,7,0,0,395,NULL,NULL,NULL,16.00,20.00,11.00,511.00,NULL,22094,'2023-11-09 09:20:47','2023-11-09 09:20:52','in_stock',0,'Botble\\ACL\\Models\\User',NULL,'digital',NULL,NULL,0),(46,'Iceland Macaroni Cheese Traybake','<p>Short Hooded Coat features a straight body, large pockets with button flaps, ventilation air holes, and a string detail along the hemline.</p>','<p>Short Hooded Coat features a straight body, large pockets with button flaps, ventilation air holes, and a string detail along the hemline. The style is completed with a drawstring hood, featuring Rains’ signature built-in cap. Made from waterproof, matte PU, this lightweight unisex rain jacket is an ode to nostalgia through its classic silhouette and utilitarian design details.</p>\n                                <p>- Casual unisex fit</p>\n\n                                <p>- 64% polyester, 36% polyurethane</p>\n\n                                <p>- Water column pressure: 4000 mm</p>\n\n                                <p>- Model is 187cm tall and wearing a size S / M</p>\n\n                                <p>- Unisex fit</p>\n\n                                <p>- Drawstring hood with built-in cap</p>\n\n                                <p>- Front placket with snap buttons</p>\n\n                                <p>- Ventilation under armpit</p>\n\n                                <p>- Adjustable cuffs</p>\n\n                                <p>- Double welted front pockets</p>\n\n                                <p>- Adjustable elastic string at hempen</p>\n\n                                <p>- Ultrasonically welded seams</p>\n\n                                <p>This is a unisex item, please check our clothing &amp; footwear sizing guide for specific Rains jacket sizing information. RAINS comes from the rainy nation of Denmark at the edge of the European continent, close to the ocean and with prevailing westerly winds; all factors that contribute to an average of 121 rain days each year. Arising from these rainy weather conditions comes the attitude that a quick rain shower may be beautiful, as well as moody- but first and foremost requires the right outfit. Rains focus on the whole experience of going outside on rainy days, issuing an invitation to explore even in the most mercurial weather.</p>','published','[\"products\\/product-74.jpg\",\"products\\/product-58.jpg\",\"products\\/product-68.jpg\",\"products\\/product-66.jpg\",\"products\\/product-12.jpg\",\"products\\/product-90.jpg\",\"products\\/product-44.jpg\",\"products\\/product-43.jpg\",\"products\\/product-10.jpg\",\"products\\/product-60.jpg\",\"products\\/product-55.jpg\"]','NC-174-A0',0,13,0,1,0,4,0,0,300,NULL,NULL,NULL,10.00,20.00,14.00,881.00,NULL,144539,'2023-11-09 09:20:47','2023-11-09 09:20:52','in_stock',0,'Botble\\ACL\\Models\\User',NULL,'physical',NULL,NULL,0),(47,'Dolmio Bolognese Pasta Sauce','<p>Short Hooded Coat features a straight body, large pockets with button flaps, ventilation air holes, and a string detail along the hemline.</p>','<p>Short Hooded Coat features a straight body, large pockets with button flaps, ventilation air holes, and a string detail along the hemline. The style is completed with a drawstring hood, featuring Rains’ signature built-in cap. Made from waterproof, matte PU, this lightweight unisex rain jacket is an ode to nostalgia through its classic silhouette and utilitarian design details.</p>\n                                <p>- Casual unisex fit</p>\n\n                                <p>- 64% polyester, 36% polyurethane</p>\n\n                                <p>- Water column pressure: 4000 mm</p>\n\n                                <p>- Model is 187cm tall and wearing a size S / M</p>\n\n                                <p>- Unisex fit</p>\n\n                                <p>- Drawstring hood with built-in cap</p>\n\n                                <p>- Front placket with snap buttons</p>\n\n                                <p>- Ventilation under armpit</p>\n\n                                <p>- Adjustable cuffs</p>\n\n                                <p>- Double welted front pockets</p>\n\n                                <p>- Adjustable elastic string at hempen</p>\n\n                                <p>- Ultrasonically welded seams</p>\n\n                                <p>This is a unisex item, please check our clothing &amp; footwear sizing guide for specific Rains jacket sizing information. RAINS comes from the rainy nation of Denmark at the edge of the European continent, close to the ocean and with prevailing westerly winds; all factors that contribute to an average of 121 rain days each year. Arising from these rainy weather conditions comes the attitude that a quick rain shower may be beautiful, as well as moody- but first and foremost requires the right outfit. Rains focus on the whole experience of going outside on rainy days, issuing an invitation to explore even in the most mercurial weather.</p>','published','[\"products\\/product-18.jpg\",\"products\\/product-16.jpg\",\"products\\/product-28.jpg\",\"products\\/product-65.jpg\",\"products\\/product-78.jpg\"]','NC-157-A0',0,16,0,1,1,6,0,0,387,NULL,NULL,NULL,15.00,11.00,11.00,718.00,NULL,183864,'2023-11-09 09:20:47','2023-11-09 09:20:52','in_stock',0,'Botble\\ACL\\Models\\User',NULL,'physical',NULL,NULL,0),(48,'Sitema BakeIT Plastic Box','<p>Short Hooded Coat features a straight body, large pockets with button flaps, ventilation air holes, and a string detail along the hemline.</p>','<p>Short Hooded Coat features a straight body, large pockets with button flaps, ventilation air holes, and a string detail along the hemline. The style is completed with a drawstring hood, featuring Rains’ signature built-in cap. Made from waterproof, matte PU, this lightweight unisex rain jacket is an ode to nostalgia through its classic silhouette and utilitarian design details.</p>\n                                <p>- Casual unisex fit</p>\n\n                                <p>- 64% polyester, 36% polyurethane</p>\n\n                                <p>- Water column pressure: 4000 mm</p>\n\n                                <p>- Model is 187cm tall and wearing a size S / M</p>\n\n                                <p>- Unisex fit</p>\n\n                                <p>- Drawstring hood with built-in cap</p>\n\n                                <p>- Front placket with snap buttons</p>\n\n                                <p>- Ventilation under armpit</p>\n\n                                <p>- Adjustable cuffs</p>\n\n                                <p>- Double welted front pockets</p>\n\n                                <p>- Adjustable elastic string at hempen</p>\n\n                                <p>- Ultrasonically welded seams</p>\n\n                                <p>This is a unisex item, please check our clothing &amp; footwear sizing guide for specific Rains jacket sizing information. RAINS comes from the rainy nation of Denmark at the edge of the European continent, close to the ocean and with prevailing westerly winds; all factors that contribute to an average of 121 rain days each year. Arising from these rainy weather conditions comes the attitude that a quick rain shower may be beautiful, as well as moody- but first and foremost requires the right outfit. Rains focus on the whole experience of going outside on rainy days, issuing an invitation to explore even in the most mercurial weather.</p>','published','[\"products\\/product-2.jpg\",\"products\\/product-22.jpg\",\"products\\/product-14.jpg\",\"products\\/product-28.jpg\",\"products\\/product-4.jpg\",\"products\\/product-66.jpg\",\"products\\/product-32.jpg\",\"products\\/product-30.jpg\",\"products\\/product-45.jpg\",\"products\\/product-33.jpg\",\"products\\/product-40.jpg\",\"products\\/product-94.jpg\"]','NC-115-A0',0,12,0,1,0,3,0,0,268,238.52,NULL,NULL,19.00,18.00,10.00,650.00,NULL,175708,'2023-11-09 09:20:47','2023-11-09 09:20:52','in_stock',0,'Botble\\ACL\\Models\\User',NULL,'physical',NULL,NULL,0),(49,'Wayfair Basics Dinner Plate Storage','<p>Short Hooded Coat features a straight body, large pockets with button flaps, ventilation air holes, and a string detail along the hemline.</p>','<p>Short Hooded Coat features a straight body, large pockets with button flaps, ventilation air holes, and a string detail along the hemline. The style is completed with a drawstring hood, featuring Rains’ signature built-in cap. Made from waterproof, matte PU, this lightweight unisex rain jacket is an ode to nostalgia through its classic silhouette and utilitarian design details.</p>\n                                <p>- Casual unisex fit</p>\n\n                                <p>- 64% polyester, 36% polyurethane</p>\n\n                                <p>- Water column pressure: 4000 mm</p>\n\n                                <p>- Model is 187cm tall and wearing a size S / M</p>\n\n                                <p>- Unisex fit</p>\n\n                                <p>- Drawstring hood with built-in cap</p>\n\n                                <p>- Front placket with snap buttons</p>\n\n                                <p>- Ventilation under armpit</p>\n\n                                <p>- Adjustable cuffs</p>\n\n                                <p>- Double welted front pockets</p>\n\n                                <p>- Adjustable elastic string at hempen</p>\n\n                                <p>- Ultrasonically welded seams</p>\n\n                                <p>This is a unisex item, please check our clothing &amp; footwear sizing guide for specific Rains jacket sizing information. RAINS comes from the rainy nation of Denmark at the edge of the European continent, close to the ocean and with prevailing westerly winds; all factors that contribute to an average of 121 rain days each year. Arising from these rainy weather conditions comes the attitude that a quick rain shower may be beautiful, as well as moody- but first and foremost requires the right outfit. Rains focus on the whole experience of going outside on rainy days, issuing an invitation to explore even in the most mercurial weather.</p>','published','[\"products\\/product-41.jpg\",\"products\\/product-56.jpg\",\"products\\/product-85.jpg\",\"products\\/product-60.jpg\",\"products\\/product-69.jpg\",\"products\\/product-74.jpg\",\"products\\/product-80.jpg\",\"products\\/product-29.jpg\"]','NC-136-A0',0,20,0,1,1,2,0,0,266,NULL,NULL,NULL,10.00,11.00,18.00,857.00,NULL,116130,'2023-11-09 09:20:47','2023-11-09 09:20:52','in_stock',0,'Botble\\ACL\\Models\\User',NULL,'digital',NULL,NULL,0),(50,'Miko The Panda Water Bottle','<p>Short Hooded Coat features a straight body, large pockets with button flaps, ventilation air holes, and a string detail along the hemline.</p>','<p>Short Hooded Coat features a straight body, large pockets with button flaps, ventilation air holes, and a string detail along the hemline. The style is completed with a drawstring hood, featuring Rains’ signature built-in cap. Made from waterproof, matte PU, this lightweight unisex rain jacket is an ode to nostalgia through its classic silhouette and utilitarian design details.</p>\n                                <p>- Casual unisex fit</p>\n\n                                <p>- 64% polyester, 36% polyurethane</p>\n\n                                <p>- Water column pressure: 4000 mm</p>\n\n                                <p>- Model is 187cm tall and wearing a size S / M</p>\n\n                                <p>- Unisex fit</p>\n\n                                <p>- Drawstring hood with built-in cap</p>\n\n                                <p>- Front placket with snap buttons</p>\n\n                                <p>- Ventilation under armpit</p>\n\n                                <p>- Adjustable cuffs</p>\n\n                                <p>- Double welted front pockets</p>\n\n                                <p>- Adjustable elastic string at hempen</p>\n\n                                <p>- Ultrasonically welded seams</p>\n\n                                <p>This is a unisex item, please check our clothing &amp; footwear sizing guide for specific Rains jacket sizing information. RAINS comes from the rainy nation of Denmark at the edge of the European continent, close to the ocean and with prevailing westerly winds; all factors that contribute to an average of 121 rain days each year. Arising from these rainy weather conditions comes the attitude that a quick rain shower may be beautiful, as well as moody- but first and foremost requires the right outfit. Rains focus on the whole experience of going outside on rainy days, issuing an invitation to explore even in the most mercurial weather.</p>','published','[\"products\\/product-50.jpg\",\"products\\/product-65.jpg\",\"products\\/product-26.jpg\",\"products\\/product-24.jpg\",\"products\\/product-58.jpg\"]','NC-134-A0',0,12,0,1,0,6,0,0,457,NULL,NULL,NULL,12.00,17.00,12.00,553.00,NULL,126637,'2023-11-09 09:20:47','2023-11-09 09:20:52','in_stock',0,'Botble\\ACL\\Models\\User',NULL,'physical',NULL,NULL,0),(51,'Sesame Seed Bread','<p>Short Hooded Coat features a straight body, large pockets with button flaps, ventilation air holes, and a string detail along the hemline.</p>','<p>Short Hooded Coat features a straight body, large pockets with button flaps, ventilation air holes, and a string detail along the hemline. The style is completed with a drawstring hood, featuring Rains’ signature built-in cap. Made from waterproof, matte PU, this lightweight unisex rain jacket is an ode to nostalgia through its classic silhouette and utilitarian design details.</p>\n                                <p>- Casual unisex fit</p>\n\n                                <p>- 64% polyester, 36% polyurethane</p>\n\n                                <p>- Water column pressure: 4000 mm</p>\n\n                                <p>- Model is 187cm tall and wearing a size S / M</p>\n\n                                <p>- Unisex fit</p>\n\n                                <p>- Drawstring hood with built-in cap</p>\n\n                                <p>- Front placket with snap buttons</p>\n\n                                <p>- Ventilation under armpit</p>\n\n                                <p>- Adjustable cuffs</p>\n\n                                <p>- Double welted front pockets</p>\n\n                                <p>- Adjustable elastic string at hempen</p>\n\n                                <p>- Ultrasonically welded seams</p>\n\n                                <p>This is a unisex item, please check our clothing &amp; footwear sizing guide for specific Rains jacket sizing information. RAINS comes from the rainy nation of Denmark at the edge of the European continent, close to the ocean and with prevailing westerly winds; all factors that contribute to an average of 121 rain days each year. Arising from these rainy weather conditions comes the attitude that a quick rain shower may be beautiful, as well as moody- but first and foremost requires the right outfit. Rains focus on the whole experience of going outside on rainy days, issuing an invitation to explore even in the most mercurial weather.</p>','published','[\"products\\/product-90.jpg\",\"products\\/product-60.jpg\",\"products\\/product-95.jpg\",\"products\\/product-10.jpg\",\"products\\/product-82.jpg\",\"products\\/product-73.jpg\",\"products\\/product-92.jpg\",\"products\\/product-1.jpg\"]','NC-121-A0',0,16,0,1,0,4,0,0,232,NULL,NULL,NULL,10.00,11.00,11.00,583.00,NULL,136017,'2023-11-09 09:20:47','2023-11-09 09:20:52','in_stock',0,'Botble\\ACL\\Models\\User',NULL,'physical',NULL,NULL,0),(52,'Morrisons The Best Beef','<p>Short Hooded Coat features a straight body, large pockets with button flaps, ventilation air holes, and a string detail along the hemline.</p>','<p>Short Hooded Coat features a straight body, large pockets with button flaps, ventilation air holes, and a string detail along the hemline. The style is completed with a drawstring hood, featuring Rains’ signature built-in cap. Made from waterproof, matte PU, this lightweight unisex rain jacket is an ode to nostalgia through its classic silhouette and utilitarian design details.</p>\n                                <p>- Casual unisex fit</p>\n\n                                <p>- 64% polyester, 36% polyurethane</p>\n\n                                <p>- Water column pressure: 4000 mm</p>\n\n                                <p>- Model is 187cm tall and wearing a size S / M</p>\n\n                                <p>- Unisex fit</p>\n\n                                <p>- Drawstring hood with built-in cap</p>\n\n                                <p>- Front placket with snap buttons</p>\n\n                                <p>- Ventilation under armpit</p>\n\n                                <p>- Adjustable cuffs</p>\n\n                                <p>- Double welted front pockets</p>\n\n                                <p>- Adjustable elastic string at hempen</p>\n\n                                <p>- Ultrasonically welded seams</p>\n\n                                <p>This is a unisex item, please check our clothing &amp; footwear sizing guide for specific Rains jacket sizing information. RAINS comes from the rainy nation of Denmark at the edge of the European continent, close to the ocean and with prevailing westerly winds; all factors that contribute to an average of 121 rain days each year. Arising from these rainy weather conditions comes the attitude that a quick rain shower may be beautiful, as well as moody- but first and foremost requires the right outfit. Rains focus on the whole experience of going outside on rainy days, issuing an invitation to explore even in the most mercurial weather.</p>','published','[\"products\\/product-31.jpg\",\"products\\/product-38.jpg\",\"products\\/product-53.jpg\",\"products\\/product-13.jpg\",\"products\\/product-78.jpg\",\"products\\/product-21.jpg\",\"products\\/product-36.jpg\",\"products\\/product-74.jpg\"]','NC-177-A0',0,14,0,1,1,3,0,0,413,367.57,NULL,NULL,18.00,14.00,18.00,550.00,NULL,125910,'2023-11-09 09:20:47','2023-11-09 09:20:52','in_stock',0,'Botble\\ACL\\Models\\User',NULL,'physical',NULL,NULL,0),(53,'Avocado, Hass Large','<p>Short Hooded Coat features a straight body, large pockets with button flaps, ventilation air holes, and a string detail along the hemline.</p>','<p>Short Hooded Coat features a straight body, large pockets with button flaps, ventilation air holes, and a string detail along the hemline. The style is completed with a drawstring hood, featuring Rains’ signature built-in cap. Made from waterproof, matte PU, this lightweight unisex rain jacket is an ode to nostalgia through its classic silhouette and utilitarian design details.</p>\n                                <p>- Casual unisex fit</p>\n\n                                <p>- 64% polyester, 36% polyurethane</p>\n\n                                <p>- Water column pressure: 4000 mm</p>\n\n                                <p>- Model is 187cm tall and wearing a size S / M</p>\n\n                                <p>- Unisex fit</p>\n\n                                <p>- Drawstring hood with built-in cap</p>\n\n                                <p>- Front placket with snap buttons</p>\n\n                                <p>- Ventilation under armpit</p>\n\n                                <p>- Adjustable cuffs</p>\n\n                                <p>- Double welted front pockets</p>\n\n                                <p>- Adjustable elastic string at hempen</p>\n\n                                <p>- Ultrasonically welded seams</p>\n\n                                <p>This is a unisex item, please check our clothing &amp; footwear sizing guide for specific Rains jacket sizing information. RAINS comes from the rainy nation of Denmark at the edge of the European continent, close to the ocean and with prevailing westerly winds; all factors that contribute to an average of 121 rain days each year. Arising from these rainy weather conditions comes the attitude that a quick rain shower may be beautiful, as well as moody- but first and foremost requires the right outfit. Rains focus on the whole experience of going outside on rainy days, issuing an invitation to explore even in the most mercurial weather.</p>','published','[\"products\\/product-72.jpg\",\"products\\/product-6.jpg\",\"products\\/product-77.jpg\",\"products\\/product-91.jpg\",\"products\\/product-40.jpg\",\"products\\/product-87.jpg\",\"products\\/product-41.jpg\",\"products\\/product-5.jpg\",\"products\\/product-7.jpg\",\"products\\/product-89.jpg\",\"products\\/product-23.jpg\"]','NC-171-A0',0,14,0,1,0,1,0,0,223,NULL,NULL,NULL,13.00,18.00,10.00,594.00,NULL,67599,'2023-11-09 09:20:47','2023-11-09 09:20:52','in_stock',0,'Botble\\ACL\\Models\\User',NULL,'digital',NULL,NULL,0),(54,'Italia Beef Lasagne','<p>Short Hooded Coat features a straight body, large pockets with button flaps, ventilation air holes, and a string detail along the hemline.</p>','<p>Short Hooded Coat features a straight body, large pockets with button flaps, ventilation air holes, and a string detail along the hemline. The style is completed with a drawstring hood, featuring Rains’ signature built-in cap. Made from waterproof, matte PU, this lightweight unisex rain jacket is an ode to nostalgia through its classic silhouette and utilitarian design details.</p>\n                                <p>- Casual unisex fit</p>\n\n                                <p>- 64% polyester, 36% polyurethane</p>\n\n                                <p>- Water column pressure: 4000 mm</p>\n\n                                <p>- Model is 187cm tall and wearing a size S / M</p>\n\n                                <p>- Unisex fit</p>\n\n                                <p>- Drawstring hood with built-in cap</p>\n\n                                <p>- Front placket with snap buttons</p>\n\n                                <p>- Ventilation under armpit</p>\n\n                                <p>- Adjustable cuffs</p>\n\n                                <p>- Double welted front pockets</p>\n\n                                <p>- Adjustable elastic string at hempen</p>\n\n                                <p>- Ultrasonically welded seams</p>\n\n                                <p>This is a unisex item, please check our clothing &amp; footwear sizing guide for specific Rains jacket sizing information. RAINS comes from the rainy nation of Denmark at the edge of the European continent, close to the ocean and with prevailing westerly winds; all factors that contribute to an average of 121 rain days each year. Arising from these rainy weather conditions comes the attitude that a quick rain shower may be beautiful, as well as moody- but first and foremost requires the right outfit. Rains focus on the whole experience of going outside on rainy days, issuing an invitation to explore even in the most mercurial weather.</p>','published','[\"products\\/product-94.jpg\",\"products\\/product-25.jpg\",\"products\\/product-34.jpg\",\"products\\/product-33.jpg\",\"products\\/product-52.jpg\",\"products\\/product-62.jpg\",\"products\\/product-31.jpg\",\"products\\/product-71.jpg\",\"products\\/product-29.jpg\",\"products\\/product-78.jpg\",\"products\\/product-18.jpg\",\"products\\/product-10.jpg\"]','NC-124-A0',0,14,0,1,0,4,0,0,482,NULL,NULL,NULL,20.00,18.00,13.00,633.00,NULL,111922,'2023-11-09 09:20:47','2023-11-09 09:20:52','in_stock',0,'Botble\\ACL\\Models\\User',NULL,'physical',NULL,NULL,0),(55,'Maxwell House Classic Roast Mocha','<p>Short Hooded Coat features a straight body, large pockets with button flaps, ventilation air holes, and a string detail along the hemline.</p>','<p>Short Hooded Coat features a straight body, large pockets with button flaps, ventilation air holes, and a string detail along the hemline. The style is completed with a drawstring hood, featuring Rains’ signature built-in cap. Made from waterproof, matte PU, this lightweight unisex rain jacket is an ode to nostalgia through its classic silhouette and utilitarian design details.</p>\n                                <p>- Casual unisex fit</p>\n\n                                <p>- 64% polyester, 36% polyurethane</p>\n\n                                <p>- Water column pressure: 4000 mm</p>\n\n                                <p>- Model is 187cm tall and wearing a size S / M</p>\n\n                                <p>- Unisex fit</p>\n\n                                <p>- Drawstring hood with built-in cap</p>\n\n                                <p>- Front placket with snap buttons</p>\n\n                                <p>- Ventilation under armpit</p>\n\n                                <p>- Adjustable cuffs</p>\n\n                                <p>- Double welted front pockets</p>\n\n                                <p>- Adjustable elastic string at hempen</p>\n\n                                <p>- Ultrasonically welded seams</p>\n\n                                <p>This is a unisex item, please check our clothing &amp; footwear sizing guide for specific Rains jacket sizing information. RAINS comes from the rainy nation of Denmark at the edge of the European continent, close to the ocean and with prevailing westerly winds; all factors that contribute to an average of 121 rain days each year. Arising from these rainy weather conditions comes the attitude that a quick rain shower may be beautiful, as well as moody- but first and foremost requires the right outfit. Rains focus on the whole experience of going outside on rainy days, issuing an invitation to explore even in the most mercurial weather.</p>','published','[\"products\\/product-34.jpg\",\"products\\/product-75.jpg\",\"products\\/product-30.jpg\",\"products\\/product-33.jpg\",\"products\\/product-93.jpg\",\"products\\/product-90.jpg\",\"products\\/product-88.jpg\"]','NC-101-A0',0,18,0,1,0,2,0,0,412,NULL,NULL,NULL,14.00,16.00,13.00,576.00,NULL,187407,'2023-11-09 09:20:47','2023-11-09 09:20:52','in_stock',0,'Botble\\ACL\\Models\\User',NULL,'physical',NULL,NULL,0),(56,'Bottled Pure Water 500ml','<p>Short Hooded Coat features a straight body, large pockets with button flaps, ventilation air holes, and a string detail along the hemline.</p>','<p>Short Hooded Coat features a straight body, large pockets with button flaps, ventilation air holes, and a string detail along the hemline. The style is completed with a drawstring hood, featuring Rains’ signature built-in cap. Made from waterproof, matte PU, this lightweight unisex rain jacket is an ode to nostalgia through its classic silhouette and utilitarian design details.</p>\n                                <p>- Casual unisex fit</p>\n\n                                <p>- 64% polyester, 36% polyurethane</p>\n\n                                <p>- Water column pressure: 4000 mm</p>\n\n                                <p>- Model is 187cm tall and wearing a size S / M</p>\n\n                                <p>- Unisex fit</p>\n\n                                <p>- Drawstring hood with built-in cap</p>\n\n                                <p>- Front placket with snap buttons</p>\n\n                                <p>- Ventilation under armpit</p>\n\n                                <p>- Adjustable cuffs</p>\n\n                                <p>- Double welted front pockets</p>\n\n                                <p>- Adjustable elastic string at hempen</p>\n\n                                <p>- Ultrasonically welded seams</p>\n\n                                <p>This is a unisex item, please check our clothing &amp; footwear sizing guide for specific Rains jacket sizing information. RAINS comes from the rainy nation of Denmark at the edge of the European continent, close to the ocean and with prevailing westerly winds; all factors that contribute to an average of 121 rain days each year. Arising from these rainy weather conditions comes the attitude that a quick rain shower may be beautiful, as well as moody- but first and foremost requires the right outfit. Rains focus on the whole experience of going outside on rainy days, issuing an invitation to explore even in the most mercurial weather.</p>','published','[\"products\\/product-13.jpg\",\"products\\/product-24.jpg\",\"products\\/product-30.jpg\",\"products\\/product-48.jpg\",\"products\\/product-52.jpg\",\"products\\/product-56.jpg\",\"products\\/product-92.jpg\",\"products\\/product-62.jpg\"]','NC-124-A0',0,19,0,1,0,5,0,0,473,350.02,NULL,NULL,16.00,12.00,11.00,862.00,NULL,58619,'2023-11-09 09:20:47','2023-11-09 09:20:52','in_stock',0,'Botble\\ACL\\Models\\User',NULL,'physical',NULL,NULL,0),(57,'Famart Farmhouse Soft White','<p>Short Hooded Coat features a straight body, large pockets with button flaps, ventilation air holes, and a string detail along the hemline.</p>','<p>Short Hooded Coat features a straight body, large pockets with button flaps, ventilation air holes, and a string detail along the hemline. The style is completed with a drawstring hood, featuring Rains’ signature built-in cap. Made from waterproof, matte PU, this lightweight unisex rain jacket is an ode to nostalgia through its classic silhouette and utilitarian design details.</p>\n                                <p>- Casual unisex fit</p>\n\n                                <p>- 64% polyester, 36% polyurethane</p>\n\n                                <p>- Water column pressure: 4000 mm</p>\n\n                                <p>- Model is 187cm tall and wearing a size S / M</p>\n\n                                <p>- Unisex fit</p>\n\n                                <p>- Drawstring hood with built-in cap</p>\n\n                                <p>- Front placket with snap buttons</p>\n\n                                <p>- Ventilation under armpit</p>\n\n                                <p>- Adjustable cuffs</p>\n\n                                <p>- Double welted front pockets</p>\n\n                                <p>- Adjustable elastic string at hempen</p>\n\n                                <p>- Ultrasonically welded seams</p>\n\n                                <p>This is a unisex item, please check our clothing &amp; footwear sizing guide for specific Rains jacket sizing information. RAINS comes from the rainy nation of Denmark at the edge of the European continent, close to the ocean and with prevailing westerly winds; all factors that contribute to an average of 121 rain days each year. Arising from these rainy weather conditions comes the attitude that a quick rain shower may be beautiful, as well as moody- but first and foremost requires the right outfit. Rains focus on the whole experience of going outside on rainy days, issuing an invitation to explore even in the most mercurial weather.</p>','published','[\"products\\/product-40.jpg\",\"products\\/product-37.jpg\",\"products\\/product-86.jpg\",\"products\\/product-95.jpg\",\"products\\/product-63.jpg\",\"products\\/product-54.jpg\",\"products\\/product-38.jpg\"]','NC-175-A0',0,12,0,1,1,5,0,0,335,NULL,NULL,NULL,14.00,19.00,15.00,723.00,NULL,137671,'2023-11-09 09:20:47','2023-11-09 09:20:53','in_stock',0,'Botble\\ACL\\Models\\User',NULL,'digital',NULL,NULL,0),(58,'Coca-Cola Original Taste','<p>Short Hooded Coat features a straight body, large pockets with button flaps, ventilation air holes, and a string detail along the hemline.</p>','<p>Short Hooded Coat features a straight body, large pockets with button flaps, ventilation air holes, and a string detail along the hemline. The style is completed with a drawstring hood, featuring Rains’ signature built-in cap. Made from waterproof, matte PU, this lightweight unisex rain jacket is an ode to nostalgia through its classic silhouette and utilitarian design details.</p>\n                                <p>- Casual unisex fit</p>\n\n                                <p>- 64% polyester, 36% polyurethane</p>\n\n                                <p>- Water column pressure: 4000 mm</p>\n\n                                <p>- Model is 187cm tall and wearing a size S / M</p>\n\n                                <p>- Unisex fit</p>\n\n                                <p>- Drawstring hood with built-in cap</p>\n\n                                <p>- Front placket with snap buttons</p>\n\n                                <p>- Ventilation under armpit</p>\n\n                                <p>- Adjustable cuffs</p>\n\n                                <p>- Double welted front pockets</p>\n\n                                <p>- Adjustable elastic string at hempen</p>\n\n                                <p>- Ultrasonically welded seams</p>\n\n                                <p>This is a unisex item, please check our clothing &amp; footwear sizing guide for specific Rains jacket sizing information. RAINS comes from the rainy nation of Denmark at the edge of the European continent, close to the ocean and with prevailing westerly winds; all factors that contribute to an average of 121 rain days each year. Arising from these rainy weather conditions comes the attitude that a quick rain shower may be beautiful, as well as moody- but first and foremost requires the right outfit. Rains focus on the whole experience of going outside on rainy days, issuing an invitation to explore even in the most mercurial weather.</p>','published','[\"products\\/product-22.jpg\",\"products\\/product-80.jpg\",\"products\\/product-61.jpg\",\"products\\/product-50.jpg\",\"products\\/product-38.jpg\"]','NC-101-A0',0,10,0,1,0,6,0,0,345,NULL,NULL,NULL,16.00,19.00,12.00,878.00,NULL,87432,'2023-11-09 09:20:47','2023-11-09 09:20:53','in_stock',0,'Botble\\ACL\\Models\\User',NULL,'physical',NULL,NULL,0),(59,'Casillero Diablo Cabernet Sauvignon','<p>Short Hooded Coat features a straight body, large pockets with button flaps, ventilation air holes, and a string detail along the hemline.</p>','<p>Short Hooded Coat features a straight body, large pockets with button flaps, ventilation air holes, and a string detail along the hemline. The style is completed with a drawstring hood, featuring Rains’ signature built-in cap. Made from waterproof, matte PU, this lightweight unisex rain jacket is an ode to nostalgia through its classic silhouette and utilitarian design details.</p>\n                                <p>- Casual unisex fit</p>\n\n                                <p>- 64% polyester, 36% polyurethane</p>\n\n                                <p>- Water column pressure: 4000 mm</p>\n\n                                <p>- Model is 187cm tall and wearing a size S / M</p>\n\n                                <p>- Unisex fit</p>\n\n                                <p>- Drawstring hood with built-in cap</p>\n\n                                <p>- Front placket with snap buttons</p>\n\n                                <p>- Ventilation under armpit</p>\n\n                                <p>- Adjustable cuffs</p>\n\n                                <p>- Double welted front pockets</p>\n\n                                <p>- Adjustable elastic string at hempen</p>\n\n                                <p>- Ultrasonically welded seams</p>\n\n                                <p>This is a unisex item, please check our clothing &amp; footwear sizing guide for specific Rains jacket sizing information. RAINS comes from the rainy nation of Denmark at the edge of the European continent, close to the ocean and with prevailing westerly winds; all factors that contribute to an average of 121 rain days each year. Arising from these rainy weather conditions comes the attitude that a quick rain shower may be beautiful, as well as moody- but first and foremost requires the right outfit. Rains focus on the whole experience of going outside on rainy days, issuing an invitation to explore even in the most mercurial weather.</p>','published','[\"products\\/product-62.jpg\",\"products\\/product-28.jpg\",\"products\\/product-42.jpg\",\"products\\/product-40.jpg\",\"products\\/product-26.jpg\",\"products\\/product-10.jpg\",\"products\\/product-73.jpg\"]','NC-170-A0',0,10,0,1,0,6,0,0,390,NULL,NULL,NULL,16.00,19.00,14.00,713.00,NULL,148868,'2023-11-09 09:20:47','2023-11-09 09:20:53','in_stock',0,'Botble\\ACL\\Models\\User',NULL,'physical',NULL,NULL,0),(60,'Arla Organic Free Range Milk','<p>Short Hooded Coat features a straight body, large pockets with button flaps, ventilation air holes, and a string detail along the hemline.</p>','<p>Short Hooded Coat features a straight body, large pockets with button flaps, ventilation air holes, and a string detail along the hemline. The style is completed with a drawstring hood, featuring Rains’ signature built-in cap. Made from waterproof, matte PU, this lightweight unisex rain jacket is an ode to nostalgia through its classic silhouette and utilitarian design details.</p>\n                                <p>- Casual unisex fit</p>\n\n                                <p>- 64% polyester, 36% polyurethane</p>\n\n                                <p>- Water column pressure: 4000 mm</p>\n\n                                <p>- Model is 187cm tall and wearing a size S / M</p>\n\n                                <p>- Unisex fit</p>\n\n                                <p>- Drawstring hood with built-in cap</p>\n\n                                <p>- Front placket with snap buttons</p>\n\n                                <p>- Ventilation under armpit</p>\n\n                                <p>- Adjustable cuffs</p>\n\n                                <p>- Double welted front pockets</p>\n\n                                <p>- Adjustable elastic string at hempen</p>\n\n                                <p>- Ultrasonically welded seams</p>\n\n                                <p>This is a unisex item, please check our clothing &amp; footwear sizing guide for specific Rains jacket sizing information. RAINS comes from the rainy nation of Denmark at the edge of the European continent, close to the ocean and with prevailing westerly winds; all factors that contribute to an average of 121 rain days each year. Arising from these rainy weather conditions comes the attitude that a quick rain shower may be beautiful, as well as moody- but first and foremost requires the right outfit. Rains focus on the whole experience of going outside on rainy days, issuing an invitation to explore even in the most mercurial weather.</p>','published','[\"products\\/product-60.jpg\",\"products\\/product-51.jpg\",\"products\\/product-69.jpg\",\"products\\/product-94.jpg\",\"products\\/product-2.jpg\",\"products\\/product-17.jpg\",\"products\\/product-14.jpg\",\"products\\/product-56.jpg\",\"products\\/product-39.jpg\",\"products\\/product-52.jpg\",\"products\\/product-70.jpg\",\"products\\/product-35.jpg\"]','NC-111-A0',0,12,0,1,1,7,0,0,325,227.5,NULL,NULL,16.00,15.00,18.00,521.00,NULL,121166,'2023-11-09 09:20:48','2023-11-09 09:20:53','in_stock',0,'Botble\\ACL\\Models\\User',NULL,'physical',NULL,NULL,0),(61,'Aptamil Follow On Baby Milk','<p>Short Hooded Coat features a straight body, large pockets with button flaps, ventilation air holes, and a string detail along the hemline.</p>','<p>Short Hooded Coat features a straight body, large pockets with button flaps, ventilation air holes, and a string detail along the hemline. The style is completed with a drawstring hood, featuring Rains’ signature built-in cap. Made from waterproof, matte PU, this lightweight unisex rain jacket is an ode to nostalgia through its classic silhouette and utilitarian design details.</p>\n                                <p>- Casual unisex fit</p>\n\n                                <p>- 64% polyester, 36% polyurethane</p>\n\n                                <p>- Water column pressure: 4000 mm</p>\n\n                                <p>- Model is 187cm tall and wearing a size S / M</p>\n\n                                <p>- Unisex fit</p>\n\n                                <p>- Drawstring hood with built-in cap</p>\n\n                                <p>- Front placket with snap buttons</p>\n\n                                <p>- Ventilation under armpit</p>\n\n                                <p>- Adjustable cuffs</p>\n\n                                <p>- Double welted front pockets</p>\n\n                                <p>- Adjustable elastic string at hempen</p>\n\n                                <p>- Ultrasonically welded seams</p>\n\n                                <p>This is a unisex item, please check our clothing &amp; footwear sizing guide for specific Rains jacket sizing information. RAINS comes from the rainy nation of Denmark at the edge of the European continent, close to the ocean and with prevailing westerly winds; all factors that contribute to an average of 121 rain days each year. Arising from these rainy weather conditions comes the attitude that a quick rain shower may be beautiful, as well as moody- but first and foremost requires the right outfit. Rains focus on the whole experience of going outside on rainy days, issuing an invitation to explore even in the most mercurial weather.</p>','published','[\"products\\/product-56.jpg\",\"products\\/product-82.jpg\",\"products\\/product-33.jpg\",\"products\\/product-78.jpg\",\"products\\/product-75.jpg\",\"products\\/product-90.jpg\"]','NC-121-A0',0,18,0,1,0,5,0,0,365,NULL,NULL,NULL,19.00,12.00,15.00,820.00,NULL,140534,'2023-11-09 09:20:48','2023-11-09 09:20:53','in_stock',0,'Botble\\ACL\\Models\\User',NULL,'digital',NULL,NULL,0),(62,'Cuisinart Chef’S Classic Hard-Anodized','<p>Short Hooded Coat features a straight body, large pockets with button flaps, ventilation air holes, and a string detail along the hemline.</p>','<p>Short Hooded Coat features a straight body, large pockets with button flaps, ventilation air holes, and a string detail along the hemline. The style is completed with a drawstring hood, featuring Rains’ signature built-in cap. Made from waterproof, matte PU, this lightweight unisex rain jacket is an ode to nostalgia through its classic silhouette and utilitarian design details.</p>\n                                <p>- Casual unisex fit</p>\n\n                                <p>- 64% polyester, 36% polyurethane</p>\n\n                                <p>- Water column pressure: 4000 mm</p>\n\n                                <p>- Model is 187cm tall and wearing a size S / M</p>\n\n                                <p>- Unisex fit</p>\n\n                                <p>- Drawstring hood with built-in cap</p>\n\n                                <p>- Front placket with snap buttons</p>\n\n                                <p>- Ventilation under armpit</p>\n\n                                <p>- Adjustable cuffs</p>\n\n                                <p>- Double welted front pockets</p>\n\n                                <p>- Adjustable elastic string at hempen</p>\n\n                                <p>- Ultrasonically welded seams</p>\n\n                                <p>This is a unisex item, please check our clothing &amp; footwear sizing guide for specific Rains jacket sizing information. RAINS comes from the rainy nation of Denmark at the edge of the European continent, close to the ocean and with prevailing westerly winds; all factors that contribute to an average of 121 rain days each year. Arising from these rainy weather conditions comes the attitude that a quick rain shower may be beautiful, as well as moody- but first and foremost requires the right outfit. Rains focus on the whole experience of going outside on rainy days, issuing an invitation to explore even in the most mercurial weather.</p>','published','[\"products\\/product-70.jpg\",\"products\\/product-35.jpg\",\"products\\/product-33.jpg\",\"products\\/product-40.jpg\",\"products\\/product-9.jpg\",\"products\\/product-66.jpg\",\"products\\/product-77.jpg\",\"products\\/product-75.jpg\",\"products\\/product-36.jpg\",\"products\\/product-56.jpg\",\"products\\/product-31.jpg\",\"products\\/product-78.jpg\"]','NC-145-A0',0,19,0,1,1,5,0,0,222,NULL,NULL,NULL,12.00,17.00,19.00,630.00,NULL,89653,'2023-11-09 09:20:48','2023-11-09 09:20:53','in_stock',0,'Botble\\ACL\\Models\\User',NULL,'physical',NULL,NULL,0),(63,'Corn, Yellow Sweet','<p>Short Hooded Coat features a straight body, large pockets with button flaps, ventilation air holes, and a string detail along the hemline.</p>','<p>Short Hooded Coat features a straight body, large pockets with button flaps, ventilation air holes, and a string detail along the hemline. The style is completed with a drawstring hood, featuring Rains’ signature built-in cap. Made from waterproof, matte PU, this lightweight unisex rain jacket is an ode to nostalgia through its classic silhouette and utilitarian design details.</p>\n                                <p>- Casual unisex fit</p>\n\n                                <p>- 64% polyester, 36% polyurethane</p>\n\n                                <p>- Water column pressure: 4000 mm</p>\n\n                                <p>- Model is 187cm tall and wearing a size S / M</p>\n\n                                <p>- Unisex fit</p>\n\n                                <p>- Drawstring hood with built-in cap</p>\n\n                                <p>- Front placket with snap buttons</p>\n\n                                <p>- Ventilation under armpit</p>\n\n                                <p>- Adjustable cuffs</p>\n\n                                <p>- Double welted front pockets</p>\n\n                                <p>- Adjustable elastic string at hempen</p>\n\n                                <p>- Ultrasonically welded seams</p>\n\n                                <p>This is a unisex item, please check our clothing &amp; footwear sizing guide for specific Rains jacket sizing information. RAINS comes from the rainy nation of Denmark at the edge of the European continent, close to the ocean and with prevailing westerly winds; all factors that contribute to an average of 121 rain days each year. Arising from these rainy weather conditions comes the attitude that a quick rain shower may be beautiful, as well as moody- but first and foremost requires the right outfit. Rains focus on the whole experience of going outside on rainy days, issuing an invitation to explore even in the most mercurial weather.</p>','published','[\"products\\/product-16.jpg\",\"products\\/product-31.jpg\",\"products\\/product-69.jpg\",\"products\\/product-90.jpg\",\"products\\/product-45.jpg\",\"products\\/product-7.jpg\"]','NC-173-A0',0,10,0,1,1,3,0,0,364,NULL,NULL,NULL,15.00,13.00,15.00,811.00,NULL,123537,'2023-11-09 09:20:48','2023-11-09 09:20:53','in_stock',0,'Botble\\ACL\\Models\\User',NULL,'physical',NULL,NULL,0),(64,'Hobnobs The Nobbly Biscuit','<p>Short Hooded Coat features a straight body, large pockets with button flaps, ventilation air holes, and a string detail along the hemline.</p>','<p>Short Hooded Coat features a straight body, large pockets with button flaps, ventilation air holes, and a string detail along the hemline. The style is completed with a drawstring hood, featuring Rains’ signature built-in cap. Made from waterproof, matte PU, this lightweight unisex rain jacket is an ode to nostalgia through its classic silhouette and utilitarian design details.</p>\n                                <p>- Casual unisex fit</p>\n\n                                <p>- 64% polyester, 36% polyurethane</p>\n\n                                <p>- Water column pressure: 4000 mm</p>\n\n                                <p>- Model is 187cm tall and wearing a size S / M</p>\n\n                                <p>- Unisex fit</p>\n\n                                <p>- Drawstring hood with built-in cap</p>\n\n                                <p>- Front placket with snap buttons</p>\n\n                                <p>- Ventilation under armpit</p>\n\n                                <p>- Adjustable cuffs</p>\n\n                                <p>- Double welted front pockets</p>\n\n                                <p>- Adjustable elastic string at hempen</p>\n\n                                <p>- Ultrasonically welded seams</p>\n\n                                <p>This is a unisex item, please check our clothing &amp; footwear sizing guide for specific Rains jacket sizing information. RAINS comes from the rainy nation of Denmark at the edge of the European continent, close to the ocean and with prevailing westerly winds; all factors that contribute to an average of 121 rain days each year. Arising from these rainy weather conditions comes the attitude that a quick rain shower may be beautiful, as well as moody- but first and foremost requires the right outfit. Rains focus on the whole experience of going outside on rainy days, issuing an invitation to explore even in the most mercurial weather.</p>','published','[\"products\\/product-51.jpg\",\"products\\/product-25.jpg\",\"products\\/product-55.jpg\",\"products\\/product-33.jpg\",\"products\\/product-59.jpg\",\"products\\/product-22.jpg\",\"products\\/product-52.jpg\",\"products\\/product-14.jpg\",\"products\\/product-95.jpg\",\"products\\/product-43.jpg\",\"products\\/product-3.jpg\"]','NC-181-A0',0,14,0,1,1,3,0,0,201,154.77,NULL,NULL,20.00,16.00,18.00,745.00,NULL,8175,'2023-11-09 09:20:48','2023-11-09 09:20:53','in_stock',0,'Botble\\ACL\\Models\\User',NULL,'physical',NULL,NULL,0),(65,'Honest Organic Still Lemonade','<p>Short Hooded Coat features a straight body, large pockets with button flaps, ventilation air holes, and a string detail along the hemline.</p>','<p>Short Hooded Coat features a straight body, large pockets with button flaps, ventilation air holes, and a string detail along the hemline. The style is completed with a drawstring hood, featuring Rains’ signature built-in cap. Made from waterproof, matte PU, this lightweight unisex rain jacket is an ode to nostalgia through its classic silhouette and utilitarian design details.</p>\n                                <p>- Casual unisex fit</p>\n\n                                <p>- 64% polyester, 36% polyurethane</p>\n\n                                <p>- Water column pressure: 4000 mm</p>\n\n                                <p>- Model is 187cm tall and wearing a size S / M</p>\n\n                                <p>- Unisex fit</p>\n\n                                <p>- Drawstring hood with built-in cap</p>\n\n                                <p>- Front placket with snap buttons</p>\n\n                                <p>- Ventilation under armpit</p>\n\n                                <p>- Adjustable cuffs</p>\n\n                                <p>- Double welted front pockets</p>\n\n                                <p>- Adjustable elastic string at hempen</p>\n\n                                <p>- Ultrasonically welded seams</p>\n\n                                <p>This is a unisex item, please check our clothing &amp; footwear sizing guide for specific Rains jacket sizing information. RAINS comes from the rainy nation of Denmark at the edge of the European continent, close to the ocean and with prevailing westerly winds; all factors that contribute to an average of 121 rain days each year. Arising from these rainy weather conditions comes the attitude that a quick rain shower may be beautiful, as well as moody- but first and foremost requires the right outfit. Rains focus on the whole experience of going outside on rainy days, issuing an invitation to explore even in the most mercurial weather.</p>','published','[\"products\\/product-65.jpg\",\"products\\/product-2.jpg\",\"products\\/product-16.jpg\",\"products\\/product-82.jpg\",\"products\\/product-45.jpg\",\"products\\/product-84.jpg\"]','NC-125-A0',0,14,0,1,1,6,0,0,301,NULL,NULL,NULL,12.00,19.00,17.00,580.00,NULL,30536,'2023-11-09 09:20:48','2023-11-09 09:20:53','in_stock',0,'Botble\\ACL\\Models\\User',NULL,'digital',NULL,NULL,0),(66,'Ice Beck’s Beer 350ml x 24 Pieces','<p>Short Hooded Coat features a straight body, large pockets with button flaps, ventilation air holes, and a string detail along the hemline.</p>','<p>Short Hooded Coat features a straight body, large pockets with button flaps, ventilation air holes, and a string detail along the hemline. The style is completed with a drawstring hood, featuring Rains’ signature built-in cap. Made from waterproof, matte PU, this lightweight unisex rain jacket is an ode to nostalgia through its classic silhouette and utilitarian design details.</p>\n                                <p>- Casual unisex fit</p>\n\n                                <p>- 64% polyester, 36% polyurethane</p>\n\n                                <p>- Water column pressure: 4000 mm</p>\n\n                                <p>- Model is 187cm tall and wearing a size S / M</p>\n\n                                <p>- Unisex fit</p>\n\n                                <p>- Drawstring hood with built-in cap</p>\n\n                                <p>- Front placket with snap buttons</p>\n\n                                <p>- Ventilation under armpit</p>\n\n                                <p>- Adjustable cuffs</p>\n\n                                <p>- Double welted front pockets</p>\n\n                                <p>- Adjustable elastic string at hempen</p>\n\n                                <p>- Ultrasonically welded seams</p>\n\n                                <p>This is a unisex item, please check our clothing &amp; footwear sizing guide for specific Rains jacket sizing information. RAINS comes from the rainy nation of Denmark at the edge of the European continent, close to the ocean and with prevailing westerly winds; all factors that contribute to an average of 121 rain days each year. Arising from these rainy weather conditions comes the attitude that a quick rain shower may be beautiful, as well as moody- but first and foremost requires the right outfit. Rains focus on the whole experience of going outside on rainy days, issuing an invitation to explore even in the most mercurial weather.</p>','published','[\"products\\/product-41.jpg\",\"products\\/product-46.jpg\",\"products\\/product-84.jpg\",\"products\\/product-57.jpg\",\"products\\/product-48.jpg\",\"products\\/product-80.jpg\",\"products\\/product-32.jpg\",\"products\\/product-43.jpg\",\"products\\/product-1.jpg\"]','NC-136-A0',0,11,0,1,0,5,0,0,369,NULL,NULL,NULL,14.00,20.00,10.00,613.00,NULL,4042,'2023-11-09 09:20:48','2023-11-09 09:20:53','in_stock',0,'Botble\\ACL\\Models\\User',NULL,'physical',NULL,NULL,0),(67,'Iceland 6 Hot Cross Buns','<p>Short Hooded Coat features a straight body, large pockets with button flaps, ventilation air holes, and a string detail along the hemline.</p>','<p>Short Hooded Coat features a straight body, large pockets with button flaps, ventilation air holes, and a string detail along the hemline. The style is completed with a drawstring hood, featuring Rains’ signature built-in cap. Made from waterproof, matte PU, this lightweight unisex rain jacket is an ode to nostalgia through its classic silhouette and utilitarian design details.</p>\n                                <p>- Casual unisex fit</p>\n\n                                <p>- 64% polyester, 36% polyurethane</p>\n\n                                <p>- Water column pressure: 4000 mm</p>\n\n                                <p>- Model is 187cm tall and wearing a size S / M</p>\n\n                                <p>- Unisex fit</p>\n\n                                <p>- Drawstring hood with built-in cap</p>\n\n                                <p>- Front placket with snap buttons</p>\n\n                                <p>- Ventilation under armpit</p>\n\n                                <p>- Adjustable cuffs</p>\n\n                                <p>- Double welted front pockets</p>\n\n                                <p>- Adjustable elastic string at hempen</p>\n\n                                <p>- Ultrasonically welded seams</p>\n\n                                <p>This is a unisex item, please check our clothing &amp; footwear sizing guide for specific Rains jacket sizing information. RAINS comes from the rainy nation of Denmark at the edge of the European continent, close to the ocean and with prevailing westerly winds; all factors that contribute to an average of 121 rain days each year. Arising from these rainy weather conditions comes the attitude that a quick rain shower may be beautiful, as well as moody- but first and foremost requires the right outfit. Rains focus on the whole experience of going outside on rainy days, issuing an invitation to explore even in the most mercurial weather.</p>','published','[\"products\\/product-17.jpg\",\"products\\/product-3.jpg\",\"products\\/product-10.jpg\",\"products\\/product-90.jpg\",\"products\\/product-71.jpg\",\"products\\/product-41.jpg\",\"products\\/product-7.jpg\"]','NC-142-A0',0,15,0,1,0,1,0,0,463,NULL,NULL,NULL,11.00,11.00,20.00,834.00,NULL,149541,'2023-11-09 09:20:48','2023-11-09 09:20:53','in_stock',0,'Botble\\ACL\\Models\\User',NULL,'physical',NULL,NULL,0),(68,'Iceland Luxury 4 Panini Rolls','<p>Short Hooded Coat features a straight body, large pockets with button flaps, ventilation air holes, and a string detail along the hemline.</p>','<p>Short Hooded Coat features a straight body, large pockets with button flaps, ventilation air holes, and a string detail along the hemline. The style is completed with a drawstring hood, featuring Rains’ signature built-in cap. Made from waterproof, matte PU, this lightweight unisex rain jacket is an ode to nostalgia through its classic silhouette and utilitarian design details.</p>\n                                <p>- Casual unisex fit</p>\n\n                                <p>- 64% polyester, 36% polyurethane</p>\n\n                                <p>- Water column pressure: 4000 mm</p>\n\n                                <p>- Model is 187cm tall and wearing a size S / M</p>\n\n                                <p>- Unisex fit</p>\n\n                                <p>- Drawstring hood with built-in cap</p>\n\n                                <p>- Front placket with snap buttons</p>\n\n                                <p>- Ventilation under armpit</p>\n\n                                <p>- Adjustable cuffs</p>\n\n                                <p>- Double welted front pockets</p>\n\n                                <p>- Adjustable elastic string at hempen</p>\n\n                                <p>- Ultrasonically welded seams</p>\n\n                                <p>This is a unisex item, please check our clothing &amp; footwear sizing guide for specific Rains jacket sizing information. RAINS comes from the rainy nation of Denmark at the edge of the European continent, close to the ocean and with prevailing westerly winds; all factors that contribute to an average of 121 rain days each year. Arising from these rainy weather conditions comes the attitude that a quick rain shower may be beautiful, as well as moody- but first and foremost requires the right outfit. Rains focus on the whole experience of going outside on rainy days, issuing an invitation to explore even in the most mercurial weather.</p>','published','[\"products\\/product-42.jpg\",\"products\\/product-34.jpg\",\"products\\/product-67.jpg\",\"products\\/product-50.jpg\",\"products\\/product-81.jpg\",\"products\\/product-51.jpg\",\"products\\/product-15.jpg\",\"products\\/product-30.jpg\",\"products\\/product-76.jpg\"]','NC-149-A0',0,18,0,1,0,5,0,0,463,412.07,NULL,NULL,13.00,18.00,18.00,896.00,NULL,8997,'2023-11-09 09:20:48','2023-11-09 09:20:53','in_stock',0,'Botble\\ACL\\Models\\User',NULL,'physical',NULL,NULL,0),(69,'Iceland Soft Scoop Vanilla','<p>Short Hooded Coat features a straight body, large pockets with button flaps, ventilation air holes, and a string detail along the hemline.</p>','<p>Short Hooded Coat features a straight body, large pockets with button flaps, ventilation air holes, and a string detail along the hemline. The style is completed with a drawstring hood, featuring Rains’ signature built-in cap. Made from waterproof, matte PU, this lightweight unisex rain jacket is an ode to nostalgia through its classic silhouette and utilitarian design details.</p>\n                                <p>- Casual unisex fit</p>\n\n                                <p>- 64% polyester, 36% polyurethane</p>\n\n                                <p>- Water column pressure: 4000 mm</p>\n\n                                <p>- Model is 187cm tall and wearing a size S / M</p>\n\n                                <p>- Unisex fit</p>\n\n                                <p>- Drawstring hood with built-in cap</p>\n\n                                <p>- Front placket with snap buttons</p>\n\n                                <p>- Ventilation under armpit</p>\n\n                                <p>- Adjustable cuffs</p>\n\n                                <p>- Double welted front pockets</p>\n\n                                <p>- Adjustable elastic string at hempen</p>\n\n                                <p>- Ultrasonically welded seams</p>\n\n                                <p>This is a unisex item, please check our clothing &amp; footwear sizing guide for specific Rains jacket sizing information. RAINS comes from the rainy nation of Denmark at the edge of the European continent, close to the ocean and with prevailing westerly winds; all factors that contribute to an average of 121 rain days each year. Arising from these rainy weather conditions comes the attitude that a quick rain shower may be beautiful, as well as moody- but first and foremost requires the right outfit. Rains focus on the whole experience of going outside on rainy days, issuing an invitation to explore even in the most mercurial weather.</p>','published','[\"products\\/product-88.jpg\",\"products\\/product-32.jpg\",\"products\\/product-35.jpg\",\"products\\/product-25.jpg\",\"products\\/product-69.jpg\",\"products\\/product-9.jpg\",\"products\\/product-1.jpg\",\"products\\/product-78.jpg\",\"products\\/product-26.jpg\",\"products\\/product-24.jpg\"]','NC-150-A0',0,19,0,1,1,3,0,0,455,NULL,NULL,NULL,20.00,10.00,18.00,849.00,NULL,24162,'2023-11-09 09:20:48','2023-11-09 09:20:53','in_stock',0,'Botble\\ACL\\Models\\User',NULL,'digital',NULL,NULL,0),(70,'Iceland Spaghetti Bolognese','<p>Short Hooded Coat features a straight body, large pockets with button flaps, ventilation air holes, and a string detail along the hemline.</p>','<p>Short Hooded Coat features a straight body, large pockets with button flaps, ventilation air holes, and a string detail along the hemline. The style is completed with a drawstring hood, featuring Rains’ signature built-in cap. Made from waterproof, matte PU, this lightweight unisex rain jacket is an ode to nostalgia through its classic silhouette and utilitarian design details.</p>\n                                <p>- Casual unisex fit</p>\n\n                                <p>- 64% polyester, 36% polyurethane</p>\n\n                                <p>- Water column pressure: 4000 mm</p>\n\n                                <p>- Model is 187cm tall and wearing a size S / M</p>\n\n                                <p>- Unisex fit</p>\n\n                                <p>- Drawstring hood with built-in cap</p>\n\n                                <p>- Front placket with snap buttons</p>\n\n                                <p>- Ventilation under armpit</p>\n\n                                <p>- Adjustable cuffs</p>\n\n                                <p>- Double welted front pockets</p>\n\n                                <p>- Adjustable elastic string at hempen</p>\n\n                                <p>- Ultrasonically welded seams</p>\n\n                                <p>This is a unisex item, please check our clothing &amp; footwear sizing guide for specific Rains jacket sizing information. RAINS comes from the rainy nation of Denmark at the edge of the European continent, close to the ocean and with prevailing westerly winds; all factors that contribute to an average of 121 rain days each year. Arising from these rainy weather conditions comes the attitude that a quick rain shower may be beautiful, as well as moody- but first and foremost requires the right outfit. Rains focus on the whole experience of going outside on rainy days, issuing an invitation to explore even in the most mercurial weather.</p>','published','[\"products\\/product-36.jpg\",\"products\\/product-61.jpg\",\"products\\/product-20.jpg\",\"products\\/product-43.jpg\",\"products\\/product-76.jpg\",\"products\\/product-71.jpg\",\"products\\/product-66.jpg\",\"products\\/product-40.jpg\",\"products\\/product-15.jpg\",\"products\\/product-42.jpg\"]','NC-108-A0',0,14,0,1,0,4,0,0,340,NULL,NULL,NULL,20.00,16.00,13.00,637.00,NULL,52459,'2023-11-09 09:20:48','2023-11-09 09:20:53','in_stock',0,'Botble\\ACL\\Models\\User',NULL,'physical',NULL,NULL,0),(71,'Kellogg’s Coco Pops Cereal','<p>Short Hooded Coat features a straight body, large pockets with button flaps, ventilation air holes, and a string detail along the hemline.</p>','<p>Short Hooded Coat features a straight body, large pockets with button flaps, ventilation air holes, and a string detail along the hemline. The style is completed with a drawstring hood, featuring Rains’ signature built-in cap. Made from waterproof, matte PU, this lightweight unisex rain jacket is an ode to nostalgia through its classic silhouette and utilitarian design details.</p>\n                                <p>- Casual unisex fit</p>\n\n                                <p>- 64% polyester, 36% polyurethane</p>\n\n                                <p>- Water column pressure: 4000 mm</p>\n\n                                <p>- Model is 187cm tall and wearing a size S / M</p>\n\n                                <p>- Unisex fit</p>\n\n                                <p>- Drawstring hood with built-in cap</p>\n\n                                <p>- Front placket with snap buttons</p>\n\n                                <p>- Ventilation under armpit</p>\n\n                                <p>- Adjustable cuffs</p>\n\n                                <p>- Double welted front pockets</p>\n\n                                <p>- Adjustable elastic string at hempen</p>\n\n                                <p>- Ultrasonically welded seams</p>\n\n                                <p>This is a unisex item, please check our clothing &amp; footwear sizing guide for specific Rains jacket sizing information. RAINS comes from the rainy nation of Denmark at the edge of the European continent, close to the ocean and with prevailing westerly winds; all factors that contribute to an average of 121 rain days each year. Arising from these rainy weather conditions comes the attitude that a quick rain shower may be beautiful, as well as moody- but first and foremost requires the right outfit. Rains focus on the whole experience of going outside on rainy days, issuing an invitation to explore even in the most mercurial weather.</p>','published','[\"products\\/product-79.jpg\",\"products\\/product-94.jpg\",\"products\\/product-33.jpg\",\"products\\/product-37.jpg\",\"products\\/product-21.jpg\",\"products\\/product-49.jpg\",\"products\\/product-65.jpg\",\"products\\/product-8.jpg\",\"products\\/product-38.jpg\",\"products\\/product-93.jpg\",\"products\\/product-57.jpg\",\"products\\/product-1.jpg\"]','NC-164-A0',0,14,0,1,0,2,0,0,417,NULL,NULL,NULL,15.00,10.00,15.00,706.00,NULL,68134,'2023-11-09 09:20:48','2023-11-09 09:20:53','in_stock',0,'Botble\\ACL\\Models\\User',NULL,'physical',NULL,NULL,0),(72,'Kit Kat Chunky Milk Chocolate','<p>Short Hooded Coat features a straight body, large pockets with button flaps, ventilation air holes, and a string detail along the hemline.</p>','<p>Short Hooded Coat features a straight body, large pockets with button flaps, ventilation air holes, and a string detail along the hemline. The style is completed with a drawstring hood, featuring Rains’ signature built-in cap. Made from waterproof, matte PU, this lightweight unisex rain jacket is an ode to nostalgia through its classic silhouette and utilitarian design details.</p>\n                                <p>- Casual unisex fit</p>\n\n                                <p>- 64% polyester, 36% polyurethane</p>\n\n                                <p>- Water column pressure: 4000 mm</p>\n\n                                <p>- Model is 187cm tall and wearing a size S / M</p>\n\n                                <p>- Unisex fit</p>\n\n                                <p>- Drawstring hood with built-in cap</p>\n\n                                <p>- Front placket with snap buttons</p>\n\n                                <p>- Ventilation under armpit</p>\n\n                                <p>- Adjustable cuffs</p>\n\n                                <p>- Double welted front pockets</p>\n\n                                <p>- Adjustable elastic string at hempen</p>\n\n                                <p>- Ultrasonically welded seams</p>\n\n                                <p>This is a unisex item, please check our clothing &amp; footwear sizing guide for specific Rains jacket sizing information. RAINS comes from the rainy nation of Denmark at the edge of the European continent, close to the ocean and with prevailing westerly winds; all factors that contribute to an average of 121 rain days each year. Arising from these rainy weather conditions comes the attitude that a quick rain shower may be beautiful, as well as moody- but first and foremost requires the right outfit. Rains focus on the whole experience of going outside on rainy days, issuing an invitation to explore even in the most mercurial weather.</p>','published','[\"products\\/product-31.jpg\",\"products\\/product-67.jpg\",\"products\\/product-69.jpg\",\"products\\/product-24.jpg\",\"products\\/product-34.jpg\",\"products\\/product-85.jpg\",\"products\\/product-81.jpg\",\"products\\/product-92.jpg\",\"products\\/product-28.jpg\",\"products\\/product-59.jpg\",\"products\\/product-10.jpg\",\"products\\/product-56.jpg\"]','NC-174-A0',0,20,0,1,0,6,0,0,351,277.29,NULL,NULL,14.00,12.00,18.00,661.00,NULL,91607,'2023-11-09 09:20:48','2023-11-09 09:20:53','in_stock',0,'Botble\\ACL\\Models\\User',NULL,'physical',NULL,NULL,0),(73,'Large Green Bell Pepper','<p>Short Hooded Coat features a straight body, large pockets with button flaps, ventilation air holes, and a string detail along the hemline.</p>','<p>Short Hooded Coat features a straight body, large pockets with button flaps, ventilation air holes, and a string detail along the hemline. The style is completed with a drawstring hood, featuring Rains’ signature built-in cap. Made from waterproof, matte PU, this lightweight unisex rain jacket is an ode to nostalgia through its classic silhouette and utilitarian design details.</p>\n                                <p>- Casual unisex fit</p>\n\n                                <p>- 64% polyester, 36% polyurethane</p>\n\n                                <p>- Water column pressure: 4000 mm</p>\n\n                                <p>- Model is 187cm tall and wearing a size S / M</p>\n\n                                <p>- Unisex fit</p>\n\n                                <p>- Drawstring hood with built-in cap</p>\n\n                                <p>- Front placket with snap buttons</p>\n\n                                <p>- Ventilation under armpit</p>\n\n                                <p>- Adjustable cuffs</p>\n\n                                <p>- Double welted front pockets</p>\n\n                                <p>- Adjustable elastic string at hempen</p>\n\n                                <p>- Ultrasonically welded seams</p>\n\n                                <p>This is a unisex item, please check our clothing &amp; footwear sizing guide for specific Rains jacket sizing information. RAINS comes from the rainy nation of Denmark at the edge of the European continent, close to the ocean and with prevailing westerly winds; all factors that contribute to an average of 121 rain days each year. Arising from these rainy weather conditions comes the attitude that a quick rain shower may be beautiful, as well as moody- but first and foremost requires the right outfit. Rains focus on the whole experience of going outside on rainy days, issuing an invitation to explore even in the most mercurial weather.</p>','published','[\"products\\/product-34.jpg\",\"products\\/product-24.jpg\",\"products\\/product-5.jpg\",\"products\\/product-11.jpg\",\"products\\/product-65.jpg\",\"products\\/product-69.jpg\",\"products\\/product-31.jpg\",\"products\\/product-71.jpg\"]','NC-111-A0',0,11,0,1,0,6,0,0,350,NULL,NULL,NULL,13.00,18.00,14.00,825.00,NULL,36617,'2023-11-09 09:20:48','2023-11-09 09:20:53','in_stock',0,'Botble\\ACL\\Models\\User',NULL,'digital',NULL,NULL,0),(74,'Pice 94w Beasley Journal','<p>Short Hooded Coat features a straight body, large pockets with button flaps, ventilation air holes, and a string detail along the hemline.</p>','<p>Short Hooded Coat features a straight body, large pockets with button flaps, ventilation air holes, and a string detail along the hemline. The style is completed with a drawstring hood, featuring Rains’ signature built-in cap. Made from waterproof, matte PU, this lightweight unisex rain jacket is an ode to nostalgia through its classic silhouette and utilitarian design details.</p>\n                                <p>- Casual unisex fit</p>\n\n                                <p>- 64% polyester, 36% polyurethane</p>\n\n                                <p>- Water column pressure: 4000 mm</p>\n\n                                <p>- Model is 187cm tall and wearing a size S / M</p>\n\n                                <p>- Unisex fit</p>\n\n                                <p>- Drawstring hood with built-in cap</p>\n\n                                <p>- Front placket with snap buttons</p>\n\n                                <p>- Ventilation under armpit</p>\n\n                                <p>- Adjustable cuffs</p>\n\n                                <p>- Double welted front pockets</p>\n\n                                <p>- Adjustable elastic string at hempen</p>\n\n                                <p>- Ultrasonically welded seams</p>\n\n                                <p>This is a unisex item, please check our clothing &amp; footwear sizing guide for specific Rains jacket sizing information. RAINS comes from the rainy nation of Denmark at the edge of the European continent, close to the ocean and with prevailing westerly winds; all factors that contribute to an average of 121 rain days each year. Arising from these rainy weather conditions comes the attitude that a quick rain shower may be beautiful, as well as moody- but first and foremost requires the right outfit. Rains focus on the whole experience of going outside on rainy days, issuing an invitation to explore even in the most mercurial weather.</p>','published','[\"products\\/product-62.jpg\",\"products\\/product-21.jpg\",\"products\\/product-26.jpg\",\"products\\/product-32.jpg\",\"products\\/product-95.jpg\",\"products\\/product-53.jpg\",\"products\\/product-61.jpg\",\"products\\/product-82.jpg\",\"products\\/product-44.jpg\",\"products\\/product-8.jpg\",\"products\\/product-73.jpg\",\"products\\/product-9.jpg\"]','NC-121-A0',0,15,0,1,1,3,0,0,309,NULL,NULL,NULL,12.00,11.00,20.00,675.00,NULL,139238,'2023-11-09 09:20:48','2023-11-09 09:20:53','in_stock',0,'Botble\\ACL\\Models\\User',NULL,'physical',NULL,NULL,0),(75,'Province Piece Glass Drinking Glass','<p>Short Hooded Coat features a straight body, large pockets with button flaps, ventilation air holes, and a string detail along the hemline.</p>','<p>Short Hooded Coat features a straight body, large pockets with button flaps, ventilation air holes, and a string detail along the hemline. The style is completed with a drawstring hood, featuring Rains’ signature built-in cap. Made from waterproof, matte PU, this lightweight unisex rain jacket is an ode to nostalgia through its classic silhouette and utilitarian design details.</p>\n                                <p>- Casual unisex fit</p>\n\n                                <p>- 64% polyester, 36% polyurethane</p>\n\n                                <p>- Water column pressure: 4000 mm</p>\n\n                                <p>- Model is 187cm tall and wearing a size S / M</p>\n\n                                <p>- Unisex fit</p>\n\n                                <p>- Drawstring hood with built-in cap</p>\n\n                                <p>- Front placket with snap buttons</p>\n\n                                <p>- Ventilation under armpit</p>\n\n                                <p>- Adjustable cuffs</p>\n\n                                <p>- Double welted front pockets</p>\n\n                                <p>- Adjustable elastic string at hempen</p>\n\n                                <p>- Ultrasonically welded seams</p>\n\n                                <p>This is a unisex item, please check our clothing &amp; footwear sizing guide for specific Rains jacket sizing information. RAINS comes from the rainy nation of Denmark at the edge of the European continent, close to the ocean and with prevailing westerly winds; all factors that contribute to an average of 121 rain days each year. Arising from these rainy weather conditions comes the attitude that a quick rain shower may be beautiful, as well as moody- but first and foremost requires the right outfit. Rains focus on the whole experience of going outside on rainy days, issuing an invitation to explore even in the most mercurial weather.</p>','published','[\"products\\/product-73.jpg\",\"products\\/product-36.jpg\",\"products\\/product-16.jpg\",\"products\\/product-15.jpg\",\"products\\/product-43.jpg\"]','NC-115-A0',0,19,0,1,1,1,0,0,457,NULL,NULL,NULL,16.00,14.00,17.00,887.00,NULL,131370,'2023-11-09 09:20:48','2023-11-09 09:20:54','in_stock',0,'Botble\\ACL\\Models\\User',NULL,'physical',NULL,NULL,0),(76,'Miko Wooden Bluetooth Speaker',NULL,NULL,'published','[\"products\\/product-6.jpg\"]','NC-127-A0',0,14,0,1,0,1,1,0,325,NULL,NULL,NULL,12.00,10.00,13.00,732.00,NULL,0,'2023-11-09 09:20:48','2023-11-09 09:20:48','in_stock',0,'Botble\\ACL\\Models\\User',NULL,'digital',NULL,NULL,0),(77,'Miko Wooden Bluetooth Speaker',NULL,NULL,'published','[\"products\\/product-7.jpg\"]','NC-127-A0-A1',0,14,0,1,0,1,1,0,325,NULL,NULL,NULL,12.00,10.00,13.00,732.00,NULL,0,'2023-11-09 09:20:48','2023-11-09 09:20:48','in_stock',0,'Botble\\ACL\\Models\\User',NULL,'digital',NULL,NULL,0),(78,'Miko Wooden Bluetooth Speaker',NULL,NULL,'published','[\"products\\/product-86.jpg\"]','NC-127-A0-A2',0,14,0,1,0,1,1,0,325,NULL,NULL,NULL,12.00,10.00,13.00,732.00,NULL,0,'2023-11-09 09:20:48','2023-11-09 09:20:48','in_stock',0,'Botble\\ACL\\Models\\User',NULL,'digital',NULL,NULL,0),(79,'Gorgeous Wooden Gloves',NULL,NULL,'published','[\"products\\/product-65.jpg\"]','NC-155-A0',0,12,0,1,0,4,1,0,271,NULL,NULL,NULL,16.00,10.00,20.00,772.00,NULL,0,'2023-11-09 09:20:48','2023-11-09 09:20:48','in_stock',0,'Botble\\ACL\\Models\\User',NULL,'physical',NULL,NULL,0),(80,'Gorgeous Wooden Gloves',NULL,NULL,'published','[\"products\\/product-76.jpg\"]','NC-155-A0-A1',0,12,0,1,0,4,1,0,271,NULL,NULL,NULL,16.00,10.00,20.00,772.00,NULL,0,'2023-11-09 09:20:48','2023-11-09 09:20:48','in_stock',0,'Botble\\ACL\\Models\\User',NULL,'physical',NULL,NULL,0),(81,'Gorgeous Wooden Gloves',NULL,NULL,'published','[\"products\\/product-87.jpg\"]','NC-155-A0-A2',0,12,0,1,0,4,1,0,271,NULL,NULL,NULL,16.00,10.00,20.00,772.00,NULL,0,'2023-11-09 09:20:48','2023-11-09 09:20:48','in_stock',0,'Botble\\ACL\\Models\\User',NULL,'physical',NULL,NULL,0),(82,'Pinkol Enormous Granite Bottle',NULL,NULL,'published','[\"products\\/product-38.jpg\"]','NC-124-A0',0,20,0,1,0,3,1,0,426,NULL,NULL,NULL,16.00,14.00,16.00,750.00,NULL,0,'2023-11-09 09:20:48','2023-11-09 09:20:48','in_stock',0,'Botble\\ACL\\Models\\User',NULL,'physical',NULL,NULL,0),(83,'Pinkol Enormous Granite Bottle',NULL,NULL,'published','[\"products\\/product-62.jpg\"]','NC-124-A0-A1',0,20,0,1,0,3,1,0,426,NULL,NULL,NULL,16.00,14.00,16.00,750.00,NULL,0,'2023-11-09 09:20:48','2023-11-09 09:20:48','in_stock',0,'Botble\\ACL\\Models\\User',NULL,'physical',NULL,NULL,0),(84,'Pinkol Enormous Granite Bottle',NULL,NULL,'published','[\"products\\/product-85.jpg\"]','NC-124-A0-A2',0,20,0,1,0,3,1,0,426,NULL,NULL,NULL,16.00,14.00,16.00,750.00,NULL,0,'2023-11-09 09:20:48','2023-11-09 09:20:48','in_stock',0,'Botble\\ACL\\Models\\User',NULL,'physical',NULL,NULL,0),(85,'Gorgeous Aluminum Table',NULL,NULL,'published','[\"products\\/product-17.jpg\"]','NC-134-A0',0,17,0,1,0,4,1,0,207,186.3,NULL,NULL,20.00,19.00,12.00,829.00,NULL,0,'2023-11-09 09:20:49','2023-11-09 09:20:49','in_stock',0,'Botble\\ACL\\Models\\User',NULL,'physical',NULL,NULL,0),(86,'Gorgeous Aluminum Table',NULL,NULL,'published','[\"products\\/product-77.jpg\"]','NC-134-A0-A1',0,17,0,1,0,4,1,0,207,175.95,NULL,NULL,20.00,19.00,12.00,829.00,NULL,0,'2023-11-09 09:20:49','2023-11-09 09:20:49','in_stock',0,'Botble\\ACL\\Models\\User',NULL,'physical',NULL,NULL,0),(87,'Evo Lightweight Granite Shirt',NULL,NULL,'published','[\"products\\/product-53.jpg\"]','NC-165-A0',0,14,0,1,0,6,1,0,446,NULL,NULL,NULL,15.00,15.00,11.00,647.00,NULL,0,'2023-11-09 09:20:49','2023-11-09 09:20:49','in_stock',0,'Botble\\ACL\\Models\\User',NULL,'digital',NULL,NULL,0),(88,'Evo Lightweight Granite Shirt',NULL,NULL,'published','[\"products\\/product-73.jpg\"]','NC-165-A0-A1',0,14,0,1,0,6,1,0,446,NULL,NULL,NULL,15.00,15.00,11.00,647.00,NULL,0,'2023-11-09 09:20:49','2023-11-09 09:20:49','in_stock',0,'Botble\\ACL\\Models\\User',NULL,'digital',NULL,NULL,0),(89,'Evo Lightweight Granite Shirt',NULL,NULL,'published','[\"products\\/product-76.jpg\"]','NC-165-A0-A2',0,14,0,1,0,6,1,0,446,NULL,NULL,NULL,15.00,15.00,11.00,647.00,NULL,0,'2023-11-09 09:20:49','2023-11-09 09:20:49','in_stock',0,'Botble\\ACL\\Models\\User',NULL,'digital',NULL,NULL,0),(90,'Evo Lightweight Granite Shirt',NULL,NULL,'published','[\"products\\/product-44.jpg\"]','NC-165-A0-A3',0,14,0,1,0,6,1,0,446,NULL,NULL,NULL,15.00,15.00,11.00,647.00,NULL,0,'2023-11-09 09:20:49','2023-11-09 09:20:49','in_stock',0,'Botble\\ACL\\Models\\User',NULL,'digital',NULL,NULL,0),(91,'CLCo. Incredible Paper Car',NULL,NULL,'published','[\"products\\/product-19.jpg\"]','NC-147-A0',0,11,0,1,0,4,1,0,355,NULL,NULL,NULL,20.00,12.00,11.00,504.00,NULL,0,'2023-11-09 09:20:49','2023-11-09 09:20:49','in_stock',0,'Botble\\ACL\\Models\\User',NULL,'physical',NULL,NULL,0),(92,'CLCo. Incredible Paper Car',NULL,NULL,'published','[\"products\\/product-71.jpg\"]','NC-147-A0-A1',0,11,0,1,0,4,1,0,355,NULL,NULL,NULL,20.00,12.00,11.00,504.00,NULL,0,'2023-11-09 09:20:49','2023-11-09 09:20:49','in_stock',0,'Botble\\ACL\\Models\\User',NULL,'physical',NULL,NULL,0),(93,'CLCo. Incredible Paper Car',NULL,NULL,'published','[\"products\\/product-74.jpg\"]','NC-147-A0-A2',0,11,0,1,0,4,1,0,355,NULL,NULL,NULL,20.00,12.00,11.00,504.00,NULL,0,'2023-11-09 09:20:49','2023-11-09 09:20:49','in_stock',0,'Botble\\ACL\\Models\\User',NULL,'physical',NULL,NULL,0),(94,'CLCo. Incredible Paper Car',NULL,NULL,'published','[\"products\\/product-67.jpg\"]','NC-147-A0-A3',0,11,0,1,0,4,1,0,355,NULL,NULL,NULL,20.00,12.00,11.00,504.00,NULL,0,'2023-11-09 09:20:49','2023-11-09 09:20:49','in_stock',0,'Botble\\ACL\\Models\\User',NULL,'physical',NULL,NULL,0),(95,'CLCo. Incredible Paper Car',NULL,NULL,'published','[\"products\\/product-38.jpg\"]','NC-147-A0-A4',0,11,0,1,0,4,1,0,355,NULL,NULL,NULL,20.00,12.00,11.00,504.00,NULL,0,'2023-11-09 09:20:49','2023-11-09 09:20:49','in_stock',0,'Botble\\ACL\\Models\\User',NULL,'physical',NULL,NULL,0),(96,'Progash Durable Granite Hat',NULL,NULL,'published','[\"products\\/product-68.jpg\"]','NC-114-A0',0,16,0,1,0,5,1,0,441,NULL,NULL,NULL,14.00,12.00,16.00,821.00,NULL,0,'2023-11-09 09:20:49','2023-11-09 09:20:49','in_stock',0,'Botble\\ACL\\Models\\User',NULL,'physical',NULL,NULL,0),(97,'Progash Durable Granite Hat',NULL,NULL,'published','[\"products\\/product-20.jpg\"]','NC-114-A0-A1',0,16,0,1,0,5,1,0,441,NULL,NULL,NULL,14.00,12.00,16.00,821.00,NULL,0,'2023-11-09 09:20:49','2023-11-09 09:20:49','in_stock',0,'Botble\\ACL\\Models\\User',NULL,'physical',NULL,NULL,0),(98,'Progash Durable Granite Hat',NULL,NULL,'published','[\"products\\/product-44.jpg\"]','NC-114-A0-A2',0,16,0,1,0,5,1,0,441,NULL,NULL,NULL,14.00,12.00,16.00,821.00,NULL,0,'2023-11-09 09:20:49','2023-11-09 09:20:49','in_stock',0,'Botble\\ACL\\Models\\User',NULL,'physical',NULL,NULL,0),(99,'Purab Enormous Miranda Bottle',NULL,NULL,'published','[\"products\\/product-94.jpg\"]','NC-165-A0',0,15,0,1,0,4,1,0,252,201.6,NULL,NULL,14.00,12.00,11.00,593.00,NULL,0,'2023-11-09 09:20:49','2023-11-09 09:20:49','in_stock',0,'Botble\\ACL\\Models\\User',NULL,'physical',NULL,NULL,0),(100,'Purab Enormous Miranda Bottle',NULL,NULL,'published','[\"products\\/product-76.jpg\"]','NC-165-A0-A1',0,15,0,1,0,4,1,0,252,211.68,NULL,NULL,14.00,12.00,11.00,593.00,NULL,0,'2023-11-09 09:20:49','2023-11-09 09:20:49','in_stock',0,'Botble\\ACL\\Models\\User',NULL,'physical',NULL,NULL,0),(101,'Miklonda Co. Crafted Candles',NULL,NULL,'published','[\"products\\/product-65.jpg\"]','NC-125-A0',0,18,0,1,0,5,1,0,230,NULL,NULL,NULL,19.00,16.00,15.00,694.00,NULL,0,'2023-11-09 09:20:49','2023-11-09 09:20:49','in_stock',0,'Botble\\ACL\\Models\\User',NULL,'digital',NULL,NULL,0),(102,'Miklonda Co. Crafted Candles',NULL,NULL,'published','[\"products\\/product-18.jpg\"]','NC-125-A0-A1',0,18,0,1,0,5,1,0,230,NULL,NULL,NULL,19.00,16.00,15.00,694.00,NULL,0,'2023-11-09 09:20:49','2023-11-09 09:20:49','in_stock',0,'Botble\\ACL\\Models\\User',NULL,'digital',NULL,NULL,0),(103,'Miklonda Co. Crafted Candles',NULL,NULL,'published','[\"products\\/product-69.jpg\"]','NC-125-A0-A2',0,18,0,1,0,5,1,0,230,NULL,NULL,NULL,19.00,16.00,15.00,694.00,NULL,0,'2023-11-09 09:20:49','2023-11-09 09:20:49','in_stock',0,'Botble\\ACL\\Models\\User',NULL,'digital',NULL,NULL,0),(104,'Pinkol Enormous Granite Bottle',NULL,NULL,'published','[\"products\\/product-69.jpg\"]','NC-147-A0',0,16,0,1,0,6,1,0,235,NULL,NULL,NULL,12.00,15.00,12.00,800.00,NULL,0,'2023-11-09 09:20:49','2023-11-09 09:20:49','in_stock',0,'Botble\\ACL\\Models\\User',NULL,'physical',NULL,NULL,0),(105,'Pinkol Enormous Granite Bottle',NULL,NULL,'published','[\"products\\/product-50.jpg\"]','NC-147-A0-A1',0,16,0,1,0,6,1,0,235,NULL,NULL,NULL,12.00,15.00,12.00,800.00,NULL,0,'2023-11-09 09:20:49','2023-11-09 09:20:49','in_stock',0,'Botble\\ACL\\Models\\User',NULL,'physical',NULL,NULL,0),(106,'Pinkol Enormous Granite Bottle',NULL,NULL,'published','[\"products\\/product-48.jpg\"]','NC-147-A0-A2',0,16,0,1,0,6,1,0,235,NULL,NULL,NULL,12.00,15.00,12.00,800.00,NULL,0,'2023-11-09 09:20:49','2023-11-09 09:20:49','in_stock',0,'Botble\\ACL\\Models\\User',NULL,'physical',NULL,NULL,0),(107,'Dual Camera 20MP',NULL,NULL,'published','[\"products\\/product-69.jpg\"]','NC-115-A0',0,18,0,1,0,6,1,0,218,NULL,NULL,NULL,16.00,14.00,19.00,554.00,NULL,0,'2023-11-09 09:20:49','2023-11-09 09:20:49','in_stock',0,'Botble\\ACL\\Models\\User',NULL,'physical',NULL,NULL,0),(108,'Dual Camera 20MP',NULL,NULL,'published','[\"products\\/product-85.jpg\"]','NC-115-A0-A1',0,18,0,1,0,6,1,0,218,NULL,NULL,NULL,16.00,14.00,19.00,554.00,NULL,0,'2023-11-09 09:20:49','2023-11-09 09:20:49','in_stock',0,'Botble\\ACL\\Models\\User',NULL,'physical',NULL,NULL,0),(109,'Dual Camera 20MP',NULL,NULL,'published','[\"products\\/product-74.jpg\"]','NC-115-A0-A2',0,18,0,1,0,6,1,0,218,NULL,NULL,NULL,16.00,14.00,19.00,554.00,NULL,0,'2023-11-09 09:20:49','2023-11-09 09:20:49','in_stock',0,'Botble\\ACL\\Models\\User',NULL,'physical',NULL,NULL,0),(110,'Dual Camera 20MP',NULL,NULL,'published','[\"products\\/product-26.jpg\"]','NC-115-A0-A3',0,18,0,1,0,6,1,0,218,NULL,NULL,NULL,16.00,14.00,19.00,554.00,NULL,0,'2023-11-09 09:20:49','2023-11-09 09:20:49','in_stock',0,'Botble\\ACL\\Models\\User',NULL,'physical',NULL,NULL,0),(111,'Dual Camera 20MP',NULL,NULL,'published','[\"products\\/product-8.jpg\"]','NC-115-A0-A4',0,18,0,1,0,6,1,0,218,NULL,NULL,NULL,16.00,14.00,19.00,554.00,NULL,0,'2023-11-09 09:20:49','2023-11-09 09:20:49','in_stock',0,'Botble\\ACL\\Models\\User',NULL,'physical',NULL,NULL,0),(112,'Smart Watches',NULL,NULL,'published','[\"products\\/product-52.jpg\"]','NC-167-A0',0,20,0,1,0,3,1,0,230,193.2,NULL,NULL,15.00,14.00,13.00,869.00,NULL,0,'2023-11-09 09:20:49','2023-11-09 09:20:49','in_stock',0,'Botble\\ACL\\Models\\User',NULL,'physical',NULL,NULL,0),(113,'Smart Watches',NULL,NULL,'published','[\"products\\/product-69.jpg\"]','NC-167-A0-A1',0,20,0,1,0,3,1,0,230,184,NULL,NULL,15.00,14.00,13.00,869.00,NULL,0,'2023-11-09 09:20:49','2023-11-09 09:20:49','in_stock',0,'Botble\\ACL\\Models\\User',NULL,'physical',NULL,NULL,0),(114,'Smart Watches',NULL,NULL,'published','[\"products\\/product-62.jpg\"]','NC-167-A0-A2',0,20,0,1,0,3,1,0,230,188.6,NULL,NULL,15.00,14.00,13.00,869.00,NULL,0,'2023-11-09 09:20:49','2023-11-09 09:20:49','in_stock',0,'Botble\\ACL\\Models\\User',NULL,'physical',NULL,NULL,0),(115,'Beat Headphone',NULL,NULL,'published','[\"products\\/product-3.jpg\"]','NC-168-A0',0,11,0,1,0,4,1,0,264,NULL,NULL,NULL,18.00,13.00,18.00,502.00,NULL,0,'2023-11-09 09:20:49','2023-11-09 09:20:49','in_stock',0,'Botble\\ACL\\Models\\User',NULL,'digital',NULL,NULL,0),(116,'Red & Black Headphone',NULL,NULL,'published','[\"products\\/product-82.jpg\"]','NC-199-A0',0,18,0,1,0,6,1,0,297,NULL,NULL,NULL,18.00,10.00,20.00,519.00,NULL,0,'2023-11-09 09:20:50','2023-11-09 09:20:50','in_stock',0,'Botble\\ACL\\Models\\User',NULL,'physical',NULL,NULL,0),(117,'Red &amp; Black Headphone',NULL,NULL,'published','[\"products\\/product-52.jpg\"]','NC-199-A0-A1',0,18,0,1,0,6,1,0,297,NULL,NULL,NULL,18.00,10.00,20.00,519.00,NULL,0,'2023-11-09 09:20:50','2023-11-09 09:20:50','in_stock',0,'Botble\\ACL\\Models\\User',NULL,'physical',NULL,NULL,0),(118,'Smart Watch External',NULL,NULL,'published','[\"products\\/product-63.jpg\"]','NC-134-A0',0,15,0,1,0,1,1,0,448,NULL,NULL,NULL,10.00,15.00,11.00,696.00,NULL,0,'2023-11-09 09:20:50','2023-11-09 09:20:50','in_stock',0,'Botble\\ACL\\Models\\User',NULL,'physical',NULL,NULL,0),(119,'Smart Watch External',NULL,NULL,'published','[\"products\\/product-51.jpg\"]','NC-134-A0-A1',0,15,0,1,0,1,1,0,448,NULL,NULL,NULL,10.00,15.00,11.00,696.00,NULL,0,'2023-11-09 09:20:50','2023-11-09 09:20:50','in_stock',0,'Botble\\ACL\\Models\\User',NULL,'physical',NULL,NULL,0),(120,'Nikon HD camera',NULL,NULL,'published','[\"products\\/product-66.jpg\"]','NC-124-A0',0,12,0,1,0,2,1,0,392,282.24,NULL,NULL,18.00,18.00,18.00,704.00,NULL,0,'2023-11-09 09:20:50','2023-11-09 09:20:50','in_stock',0,'Botble\\ACL\\Models\\User',NULL,'physical',NULL,NULL,0),(121,'Nikon HD camera',NULL,NULL,'published','[\"products\\/product-86.jpg\"]','NC-124-A0-A1',0,12,0,1,0,2,1,0,392,325.36,NULL,NULL,18.00,18.00,18.00,704.00,NULL,0,'2023-11-09 09:20:50','2023-11-09 09:20:50','in_stock',0,'Botble\\ACL\\Models\\User',NULL,'physical',NULL,NULL,0),(122,'Nikon HD camera',NULL,NULL,'published','[\"products\\/product-3.jpg\"]','NC-124-A0-A2',0,12,0,1,0,2,1,0,392,352.8,NULL,NULL,18.00,18.00,18.00,704.00,NULL,0,'2023-11-09 09:20:50','2023-11-09 09:20:50','in_stock',0,'Botble\\ACL\\Models\\User',NULL,'physical',NULL,NULL,0),(123,'Nikon HD camera',NULL,NULL,'published','[\"products\\/product-89.jpg\"]','NC-124-A0-A3',0,12,0,1,0,2,1,0,392,321.44,NULL,NULL,18.00,18.00,18.00,704.00,NULL,0,'2023-11-09 09:20:50','2023-11-09 09:20:50','in_stock',0,'Botble\\ACL\\Models\\User',NULL,'physical',NULL,NULL,0),(124,'Audio Equipment',NULL,NULL,'published','[\"products\\/product-48.jpg\"]','NC-119-A0',0,20,0,1,0,3,1,0,246,NULL,NULL,NULL,13.00,19.00,19.00,809.00,NULL,0,'2023-11-09 09:20:50','2023-11-09 09:20:50','in_stock',0,'Botble\\ACL\\Models\\User',NULL,'digital',NULL,NULL,0),(125,'Audio Equipment',NULL,NULL,'published','[\"products\\/product-87.jpg\"]','NC-119-A0-A1',0,20,0,1,0,3,1,0,246,NULL,NULL,NULL,13.00,19.00,19.00,809.00,NULL,0,'2023-11-09 09:20:50','2023-11-09 09:20:50','in_stock',0,'Botble\\ACL\\Models\\User',NULL,'digital',NULL,NULL,0),(126,'Audio Equipment',NULL,NULL,'published','[\"products\\/product-12.jpg\"]','NC-119-A0-A2',0,20,0,1,0,3,1,0,246,NULL,NULL,NULL,13.00,19.00,19.00,809.00,NULL,0,'2023-11-09 09:20:50','2023-11-09 09:20:50','in_stock',0,'Botble\\ACL\\Models\\User',NULL,'digital',NULL,NULL,0),(127,'Smart Televisions',NULL,NULL,'published','[\"products\\/product-10.jpg\"]','NC-171-A0',0,15,0,1,0,3,1,0,264,NULL,NULL,NULL,15.00,19.00,13.00,868.00,NULL,0,'2023-11-09 09:20:50','2023-11-09 09:20:50','in_stock',0,'Botble\\ACL\\Models\\User',NULL,'physical',NULL,NULL,0),(128,'Smart Televisions',NULL,NULL,'published','[\"products\\/product-39.jpg\"]','NC-171-A0-A1',0,15,0,1,0,3,1,0,264,NULL,NULL,NULL,15.00,19.00,13.00,868.00,NULL,0,'2023-11-09 09:20:50','2023-11-09 09:20:50','in_stock',0,'Botble\\ACL\\Models\\User',NULL,'physical',NULL,NULL,0),(129,'Samsung Smart Phone',NULL,NULL,'published','[\"products\\/product-94.jpg\"]','NC-184-A0',0,18,0,1,0,7,1,0,414,NULL,NULL,NULL,18.00,18.00,14.00,617.00,NULL,0,'2023-11-09 09:20:50','2023-11-09 09:20:50','in_stock',0,'Botble\\ACL\\Models\\User',NULL,'physical',NULL,NULL,0),(130,'Samsung Smart Phone',NULL,NULL,'published','[\"products\\/product-40.jpg\"]','NC-184-A0-A1',0,18,0,1,0,7,1,0,414,NULL,NULL,NULL,18.00,18.00,14.00,617.00,NULL,0,'2023-11-09 09:20:50','2023-11-09 09:20:50','in_stock',0,'Botble\\ACL\\Models\\User',NULL,'physical',NULL,NULL,0),(131,'Samsung Smart Phone',NULL,NULL,'published','[\"products\\/product-32.jpg\"]','NC-184-A0-A2',0,18,0,1,0,7,1,0,414,NULL,NULL,NULL,18.00,18.00,14.00,617.00,NULL,0,'2023-11-09 09:20:50','2023-11-09 09:20:50','in_stock',0,'Botble\\ACL\\Models\\User',NULL,'physical',NULL,NULL,0),(132,'Herschel Leather Duffle Bag In Brown Color',NULL,NULL,'published','[\"products\\/product-51.jpg\"]','NC-118-A0',0,10,0,1,0,7,1,0,404,355.52,NULL,NULL,15.00,16.00,18.00,581.00,NULL,0,'2023-11-09 09:20:50','2023-11-09 09:20:50','in_stock',0,'Botble\\ACL\\Models\\User',NULL,'physical',NULL,NULL,0),(133,'Herschel Leather Duffle Bag In Brown Color',NULL,NULL,'published','[\"products\\/product-31.jpg\"]','NC-118-A0-A1',0,10,0,1,0,7,1,0,404,294.92,NULL,NULL,15.00,16.00,18.00,581.00,NULL,0,'2023-11-09 09:20:50','2023-11-09 09:20:50','in_stock',0,'Botble\\ACL\\Models\\User',NULL,'physical',NULL,NULL,0),(134,'Herschel Leather Duffle Bag In Brown Color',NULL,NULL,'published','[\"products\\/product-42.jpg\"]','NC-118-A0-A2',0,10,0,1,0,7,1,0,404,294.92,NULL,NULL,15.00,16.00,18.00,581.00,NULL,0,'2023-11-09 09:20:50','2023-11-09 09:20:50','in_stock',0,'Botble\\ACL\\Models\\User',NULL,'physical',NULL,NULL,0),(135,'Xbox One Wireless Controller Black Color',NULL,NULL,'published','[\"products\\/product-70.jpg\"]','NC-149-A0',0,14,0,1,0,7,1,0,209,NULL,NULL,NULL,15.00,16.00,20.00,558.00,NULL,0,'2023-11-09 09:20:50','2023-11-09 09:20:50','in_stock',0,'Botble\\ACL\\Models\\User',NULL,'digital',NULL,NULL,0),(136,'EPSION Plaster Printer',NULL,NULL,'published','[\"products\\/product-21.jpg\"]','NC-188-A0',0,13,0,1,0,1,1,0,455,NULL,NULL,NULL,10.00,18.00,12.00,722.00,NULL,0,'2023-11-09 09:20:50','2023-11-09 09:20:50','in_stock',0,'Botble\\ACL\\Models\\User',NULL,'physical',NULL,NULL,0),(137,'EPSION Plaster Printer',NULL,NULL,'published','[\"products\\/product-74.jpg\"]','NC-188-A0-A1',0,13,0,1,0,1,1,0,455,NULL,NULL,NULL,10.00,18.00,12.00,722.00,NULL,0,'2023-11-09 09:20:50','2023-11-09 09:20:50','in_stock',0,'Botble\\ACL\\Models\\User',NULL,'physical',NULL,NULL,0),(138,'EPSION Plaster Printer',NULL,NULL,'published','[\"products\\/product-89.jpg\"]','NC-188-A0-A2',0,13,0,1,0,1,1,0,455,NULL,NULL,NULL,10.00,18.00,12.00,722.00,NULL,0,'2023-11-09 09:20:50','2023-11-09 09:20:50','in_stock',0,'Botble\\ACL\\Models\\User',NULL,'physical',NULL,NULL,0),(139,'Sound Intone I65 Earphone White Version',NULL,NULL,'published','[\"products\\/product-18.jpg\"]','NC-136-A0',0,16,0,1,0,6,1,0,410,NULL,NULL,NULL,11.00,15.00,11.00,757.00,NULL,0,'2023-11-09 09:20:50','2023-11-09 09:20:50','in_stock',0,'Botble\\ACL\\Models\\User',NULL,'physical',NULL,NULL,0),(140,'B&O Play Mini Bluetooth Speaker',NULL,NULL,'published','[\"products\\/product-6.jpg\"]','NC-166-A0',0,16,0,1,0,2,1,0,305,247.05,NULL,NULL,14.00,16.00,19.00,555.00,NULL,0,'2023-11-09 09:20:50','2023-11-09 09:20:50','in_stock',0,'Botble\\ACL\\Models\\User',NULL,'physical',NULL,NULL,0),(141,'B&amp;O Play Mini Bluetooth Speaker',NULL,NULL,'published','[\"products\\/product-8.jpg\"]','NC-166-A0-A1',0,16,0,1,0,2,1,0,305,262.3,NULL,NULL,14.00,16.00,19.00,555.00,NULL,0,'2023-11-09 09:20:50','2023-11-09 09:20:50','in_stock',0,'Botble\\ACL\\Models\\User',NULL,'physical',NULL,NULL,0),(142,'B&amp;O Play Mini Bluetooth Speaker',NULL,NULL,'published','[\"products\\/product-22.jpg\"]','NC-166-A0-A2',0,16,0,1,0,2,1,0,305,219.6,NULL,NULL,14.00,16.00,19.00,555.00,NULL,0,'2023-11-09 09:20:50','2023-11-09 09:20:50','in_stock',0,'Botble\\ACL\\Models\\User',NULL,'physical',NULL,NULL,0),(143,'B&amp;O Play Mini Bluetooth Speaker',NULL,NULL,'published','[\"products\\/product-86.jpg\"]','NC-166-A0-A3',0,16,0,1,0,2,1,0,305,228.75,NULL,NULL,14.00,16.00,19.00,555.00,NULL,0,'2023-11-09 09:20:50','2023-11-09 09:20:50','in_stock',0,'Botble\\ACL\\Models\\User',NULL,'physical',NULL,NULL,0),(144,'Apple MacBook Air Retina 13.3-Inch Laptop',NULL,NULL,'published','[\"products\\/product-8.jpg\"]','NC-133-A0',0,12,0,1,0,6,1,0,334,NULL,NULL,NULL,13.00,12.00,10.00,521.00,NULL,0,'2023-11-09 09:20:50','2023-11-09 09:20:50','in_stock',0,'Botble\\ACL\\Models\\User',NULL,'digital',NULL,NULL,0),(145,'Apple MacBook Air Retina 13.3-Inch Laptop',NULL,NULL,'published','[\"products\\/product-21.jpg\"]','NC-133-A0-A1',0,12,0,1,0,6,1,0,334,NULL,NULL,NULL,13.00,12.00,10.00,521.00,NULL,0,'2023-11-09 09:20:50','2023-11-09 09:20:50','in_stock',0,'Botble\\ACL\\Models\\User',NULL,'digital',NULL,NULL,0),(146,'Apple MacBook Air Retina 12-Inch Laptop',NULL,NULL,'published','[\"products\\/product-38.jpg\"]','NC-179-A0',0,11,0,1,0,7,1,0,486,NULL,NULL,NULL,10.00,20.00,10.00,533.00,NULL,0,'2023-11-09 09:20:50','2023-11-09 09:20:50','in_stock',0,'Botble\\ACL\\Models\\User',NULL,'physical',NULL,NULL,0),(147,'Apple MacBook Air Retina 12-Inch Laptop',NULL,NULL,'published','[\"products\\/product-67.jpg\"]','NC-179-A0-A1',0,11,0,1,0,7,1,0,486,NULL,NULL,NULL,10.00,20.00,10.00,533.00,NULL,0,'2023-11-09 09:20:50','2023-11-09 09:20:50','in_stock',0,'Botble\\ACL\\Models\\User',NULL,'physical',NULL,NULL,0),(148,'Apple MacBook Air Retina 12-Inch Laptop',NULL,NULL,'published','[\"products\\/product-9.jpg\"]','NC-179-A0-A2',0,11,0,1,0,7,1,0,486,NULL,NULL,NULL,10.00,20.00,10.00,533.00,NULL,0,'2023-11-09 09:20:50','2023-11-09 09:20:50','in_stock',0,'Botble\\ACL\\Models\\User',NULL,'physical',NULL,NULL,0),(149,'Samsung Gear VR Virtual Reality Headset',NULL,NULL,'published','[\"products\\/product-51.jpg\"]','NC-102-A0',0,12,0,1,0,5,1,0,247,NULL,NULL,NULL,16.00,12.00,15.00,871.00,NULL,0,'2023-11-09 09:20:50','2023-11-09 09:20:50','in_stock',0,'Botble\\ACL\\Models\\User',NULL,'physical',NULL,NULL,0),(150,'Aveeno Moisturizing Body Shower 450ml',NULL,NULL,'published','[\"products\\/product-65.jpg\"]','NC-174-A0',0,19,0,1,0,6,1,0,379,337.31,NULL,NULL,14.00,17.00,12.00,631.00,NULL,0,'2023-11-09 09:20:50','2023-11-09 09:20:50','in_stock',0,'Botble\\ACL\\Models\\User',NULL,'physical',NULL,NULL,0),(151,'NYX Beauty Couton Pallete Makeup 12',NULL,NULL,'published','[\"products\\/product-76.jpg\"]','NC-160-A0',0,12,0,1,0,6,1,0,264,NULL,NULL,NULL,16.00,13.00,20.00,867.00,NULL,0,'2023-11-09 09:20:50','2023-11-09 09:20:50','in_stock',0,'Botble\\ACL\\Models\\User',NULL,'digital',NULL,NULL,0),(152,'NYX Beauty Couton Pallete Makeup 12',NULL,NULL,'published','[\"products\\/product-6.jpg\"]','NC-160-A0-A1',0,12,0,1,0,6,1,0,264,NULL,NULL,NULL,16.00,13.00,20.00,867.00,NULL,0,'2023-11-09 09:20:50','2023-11-09 09:20:50','in_stock',0,'Botble\\ACL\\Models\\User',NULL,'digital',NULL,NULL,0),(153,'NYX Beauty Couton Pallete Makeup 12',NULL,NULL,'published','[\"products\\/product-58.jpg\"]','NC-160-A0-A2',0,12,0,1,0,6,1,0,264,NULL,NULL,NULL,16.00,13.00,20.00,867.00,NULL,0,'2023-11-09 09:20:50','2023-11-09 09:20:50','in_stock',0,'Botble\\ACL\\Models\\User',NULL,'digital',NULL,NULL,0),(154,'NYX Beauty Couton Pallete Makeup 12',NULL,NULL,'published','[\"products\\/product-56.jpg\"]','NC-160-A0-A3',0,12,0,1,0,6,1,0,264,NULL,NULL,NULL,16.00,13.00,20.00,867.00,NULL,0,'2023-11-09 09:20:50','2023-11-09 09:20:50','in_stock',0,'Botble\\ACL\\Models\\User',NULL,'digital',NULL,NULL,0),(155,'NYX Beauty Couton Pallete Makeup 12',NULL,NULL,'published','[\"products\\/product-67.jpg\"]','NC-160-A0-A4',0,12,0,1,0,6,1,0,264,NULL,NULL,NULL,16.00,13.00,20.00,867.00,NULL,0,'2023-11-09 09:20:51','2023-11-09 09:20:51','in_stock',0,'Botble\\ACL\\Models\\User',NULL,'digital',NULL,NULL,0),(156,'NYX Beauty Couton Pallete Makeup 12',NULL,NULL,'published','[\"products\\/product-26.jpg\"]','NC-150-A0',0,16,0,1,0,7,1,0,485,NULL,NULL,NULL,12.00,18.00,11.00,855.00,NULL,0,'2023-11-09 09:20:51','2023-11-09 09:20:51','in_stock',0,'Botble\\ACL\\Models\\User',NULL,'physical',NULL,NULL,0),(157,'NYX Beauty Couton Pallete Makeup 12',NULL,NULL,'published','[\"products\\/product-72.jpg\"]','NC-150-A0-A1',0,16,0,1,0,7,1,0,485,NULL,NULL,NULL,12.00,18.00,11.00,855.00,NULL,0,'2023-11-09 09:20:51','2023-11-09 09:20:51','in_stock',0,'Botble\\ACL\\Models\\User',NULL,'physical',NULL,NULL,0),(158,'NYX Beauty Couton Pallete Makeup 12',NULL,NULL,'published','[\"products\\/product-77.jpg\"]','NC-150-A0-A2',0,16,0,1,0,7,1,0,485,NULL,NULL,NULL,12.00,18.00,11.00,855.00,NULL,0,'2023-11-09 09:20:51','2023-11-09 09:20:51','in_stock',0,'Botble\\ACL\\Models\\User',NULL,'physical',NULL,NULL,0),(159,'MVMTH Classical Leather Watch In Black',NULL,NULL,'published','[\"products\\/product-63.jpg\"]','NC-145-A0',0,12,0,1,0,2,1,0,406,NULL,NULL,NULL,11.00,20.00,15.00,689.00,NULL,0,'2023-11-09 09:20:51','2023-11-09 09:20:51','in_stock',0,'Botble\\ACL\\Models\\User',NULL,'physical',NULL,NULL,0),(160,'MVMTH Classical Leather Watch In Black',NULL,NULL,'published','[\"products\\/product-89.jpg\"]','NC-145-A0-A1',0,12,0,1,0,2,1,0,406,NULL,NULL,NULL,11.00,20.00,15.00,689.00,NULL,0,'2023-11-09 09:20:51','2023-11-09 09:20:51','in_stock',0,'Botble\\ACL\\Models\\User',NULL,'physical',NULL,NULL,0),(161,'Baxter Care Hair Kit For Bearded Mens',NULL,NULL,'published','[\"products\\/product-5.jpg\"]','NC-192-A0',0,18,0,1,0,2,1,0,410,299.3,NULL,NULL,20.00,19.00,10.00,552.00,NULL,0,'2023-11-09 09:20:51','2023-11-09 09:20:51','in_stock',0,'Botble\\ACL\\Models\\User',NULL,'physical',NULL,NULL,0),(162,'Baxter Care Hair Kit For Bearded Mens',NULL,NULL,'published','[\"products\\/product-21.jpg\"]','NC-192-A0-A1',0,18,0,1,0,2,1,0,410,328,NULL,NULL,20.00,19.00,10.00,552.00,NULL,0,'2023-11-09 09:20:51','2023-11-09 09:20:51','in_stock',0,'Botble\\ACL\\Models\\User',NULL,'physical',NULL,NULL,0),(163,'Baxter Care Hair Kit For Bearded Mens',NULL,NULL,'published','[\"products\\/product-51.jpg\"]','NC-192-A0-A2',0,18,0,1,0,2,1,0,410,295.2,NULL,NULL,20.00,19.00,10.00,552.00,NULL,0,'2023-11-09 09:20:51','2023-11-09 09:20:51','in_stock',0,'Botble\\ACL\\Models\\User',NULL,'physical',NULL,NULL,0),(164,'Baxter Care Hair Kit For Bearded Mens',NULL,NULL,'published','[\"products\\/product-35.jpg\"]','NC-192-A0-A3',0,18,0,1,0,2,1,0,410,328,NULL,NULL,20.00,19.00,10.00,552.00,NULL,0,'2023-11-09 09:20:51','2023-11-09 09:20:51','in_stock',0,'Botble\\ACL\\Models\\User',NULL,'physical',NULL,NULL,0),(165,'Ciate Palemore Lipstick Bold Red Color',NULL,NULL,'published','[\"products\\/product-60.jpg\"]','NC-114-A0',0,10,0,1,0,4,1,0,229,NULL,NULL,NULL,13.00,20.00,14.00,688.00,NULL,0,'2023-11-09 09:20:51','2023-11-09 09:20:51','in_stock',0,'Botble\\ACL\\Models\\User',NULL,'digital',NULL,NULL,0),(166,'Ciate Palemore Lipstick Bold Red Color',NULL,NULL,'published','[\"products\\/product-87.jpg\"]','NC-114-A0-A1',0,10,0,1,0,4,1,0,229,NULL,NULL,NULL,13.00,20.00,14.00,688.00,NULL,0,'2023-11-09 09:20:51','2023-11-09 09:20:51','in_stock',0,'Botble\\ACL\\Models\\User',NULL,'digital',NULL,NULL,0),(167,'Vimto Squash Remix Apple 1.5 Litres',NULL,NULL,'published','[\"products\\/product-8.jpg\"]','NC-176-A0',0,11,0,1,0,4,1,0,493,NULL,NULL,NULL,10.00,18.00,19.00,863.00,NULL,0,'2023-11-09 09:20:51','2023-11-09 09:20:51','in_stock',0,'Botble\\ACL\\Models\\User',NULL,'physical',NULL,NULL,0),(168,'Vimto Squash Remix Apple 1.5 Litres',NULL,NULL,'published','[\"products\\/product-60.jpg\"]','NC-176-A0-A1',0,11,0,1,0,4,1,0,493,NULL,NULL,NULL,10.00,18.00,19.00,863.00,NULL,0,'2023-11-09 09:20:51','2023-11-09 09:20:51','in_stock',0,'Botble\\ACL\\Models\\User',NULL,'physical',NULL,NULL,0),(169,'Crock Pot Slow Cooker',NULL,NULL,'published','[\"products\\/product-92.jpg\"]','NC-185-A0',0,15,0,1,0,1,1,0,211,NULL,NULL,NULL,19.00,15.00,15.00,835.00,NULL,0,'2023-11-09 09:20:51','2023-11-09 09:20:51','in_stock',0,'Botble\\ACL\\Models\\User',NULL,'physical',NULL,NULL,0),(170,'Crock Pot Slow Cooker',NULL,NULL,'published','[\"products\\/product-28.jpg\"]','NC-185-A0-A1',0,15,0,1,0,1,1,0,211,NULL,NULL,NULL,19.00,15.00,15.00,835.00,NULL,0,'2023-11-09 09:20:51','2023-11-09 09:20:51','in_stock',0,'Botble\\ACL\\Models\\User',NULL,'physical',NULL,NULL,0),(171,'Crock Pot Slow Cooker',NULL,NULL,'published','[\"products\\/product-20.jpg\"]','NC-185-A0-A2',0,15,0,1,0,1,1,0,211,NULL,NULL,NULL,19.00,15.00,15.00,835.00,NULL,0,'2023-11-09 09:20:51','2023-11-09 09:20:51','in_stock',0,'Botble\\ACL\\Models\\User',NULL,'physical',NULL,NULL,0),(172,'Crock Pot Slow Cooker',NULL,NULL,'published','[\"products\\/product-44.jpg\"]','NC-185-A0-A3',0,15,0,1,0,1,1,0,211,NULL,NULL,NULL,19.00,15.00,15.00,835.00,NULL,0,'2023-11-09 09:20:51','2023-11-09 09:20:51','in_stock',0,'Botble\\ACL\\Models\\User',NULL,'physical',NULL,NULL,0),(173,'Taylors of Harrogate Yorkshire Coffee',NULL,NULL,'published','[\"products\\/product-45.jpg\"]','NC-160-A0',0,12,0,1,0,7,1,0,309,259.56,NULL,NULL,19.00,14.00,13.00,698.00,NULL,0,'2023-11-09 09:20:51','2023-11-09 09:20:51','in_stock',0,'Botble\\ACL\\Models\\User',NULL,'physical',NULL,NULL,0),(174,'Soft Mochi & Galeto Ice Cream',NULL,NULL,'published','[\"products\\/product-21.jpg\"]','NC-128-A0',0,12,0,1,0,6,1,0,216,NULL,NULL,NULL,10.00,13.00,11.00,891.00,NULL,0,'2023-11-09 09:20:51','2023-11-09 09:20:51','in_stock',0,'Botble\\ACL\\Models\\User',NULL,'digital',NULL,NULL,0),(175,'Naked Noodle Egg Noodles Singapore',NULL,NULL,'published','[\"products\\/product-10.jpg\"]','NC-177-A0',0,12,0,1,0,4,1,0,357,NULL,NULL,NULL,12.00,20.00,17.00,592.00,NULL,0,'2023-11-09 09:20:51','2023-11-09 09:20:51','in_stock',0,'Botble\\ACL\\Models\\User',NULL,'physical',NULL,NULL,0),(176,'Naked Noodle Egg Noodles Singapore',NULL,NULL,'published','[\"products\\/product-3.jpg\"]','NC-177-A0-A1',0,12,0,1,0,4,1,0,357,NULL,NULL,NULL,12.00,20.00,17.00,592.00,NULL,0,'2023-11-09 09:20:51','2023-11-09 09:20:51','in_stock',0,'Botble\\ACL\\Models\\User',NULL,'physical',NULL,NULL,0),(177,'Naked Noodle Egg Noodles Singapore',NULL,NULL,'published','[\"products\\/product-75.jpg\"]','NC-177-A0-A2',0,12,0,1,0,4,1,0,357,NULL,NULL,NULL,12.00,20.00,17.00,592.00,NULL,0,'2023-11-09 09:20:51','2023-11-09 09:20:51','in_stock',0,'Botble\\ACL\\Models\\User',NULL,'physical',NULL,NULL,0),(178,'Naked Noodle Egg Noodles Singapore',NULL,NULL,'published','[\"products\\/product-32.jpg\"]','NC-177-A0-A3',0,12,0,1,0,4,1,0,357,NULL,NULL,NULL,12.00,20.00,17.00,592.00,NULL,0,'2023-11-09 09:20:51','2023-11-09 09:20:51','in_stock',0,'Botble\\ACL\\Models\\User',NULL,'physical',NULL,NULL,0),(179,'Naked Noodle Egg Noodles Singapore',NULL,NULL,'published','[\"products\\/product-93.jpg\"]','NC-177-A0-A4',0,12,0,1,0,4,1,0,357,NULL,NULL,NULL,12.00,20.00,17.00,592.00,NULL,0,'2023-11-09 09:20:51','2023-11-09 09:20:51','in_stock',0,'Botble\\ACL\\Models\\User',NULL,'physical',NULL,NULL,0),(180,'Saute Pan Silver',NULL,NULL,'published','[\"products\\/product-90.jpg\"]','NC-110-A0',0,19,0,1,0,2,1,0,410,NULL,NULL,NULL,11.00,14.00,20.00,778.00,NULL,0,'2023-11-09 09:20:51','2023-11-09 09:20:51','in_stock',0,'Botble\\ACL\\Models\\User',NULL,'physical',NULL,NULL,0),(181,'Saute Pan Silver',NULL,NULL,'published','[\"products\\/product-9.jpg\"]','NC-110-A0-A1',0,19,0,1,0,2,1,0,410,NULL,NULL,NULL,11.00,14.00,20.00,778.00,NULL,0,'2023-11-09 09:20:51','2023-11-09 09:20:51','in_stock',0,'Botble\\ACL\\Models\\User',NULL,'physical',NULL,NULL,0),(182,'Saute Pan Silver',NULL,NULL,'published','[\"products\\/product-35.jpg\"]','NC-110-A0-A2',0,19,0,1,0,2,1,0,410,NULL,NULL,NULL,11.00,14.00,20.00,778.00,NULL,0,'2023-11-09 09:20:51','2023-11-09 09:20:51','in_stock',0,'Botble\\ACL\\Models\\User',NULL,'physical',NULL,NULL,0),(183,'Bar S – Classic Bun Length Franks',NULL,NULL,'published','[\"products\\/product-88.jpg\"]','NC-158-A0',0,12,0,1,0,7,1,0,420,336,NULL,NULL,13.00,19.00,20.00,690.00,NULL,0,'2023-11-09 09:20:51','2023-11-09 09:20:51','in_stock',0,'Botble\\ACL\\Models\\User',NULL,'physical',NULL,NULL,0),(184,'Bar S – Classic Bun Length Franks',NULL,NULL,'published','[\"products\\/product-35.jpg\"]','NC-158-A0-A1',0,12,0,1,0,7,1,0,420,361.2,NULL,NULL,13.00,19.00,20.00,690.00,NULL,0,'2023-11-09 09:20:51','2023-11-09 09:20:51','in_stock',0,'Botble\\ACL\\Models\\User',NULL,'physical',NULL,NULL,0),(185,'Bar S – Classic Bun Length Franks',NULL,NULL,'published','[\"products\\/product-78.jpg\"]','NC-158-A0-A2',0,12,0,1,0,7,1,0,420,323.4,NULL,NULL,13.00,19.00,20.00,690.00,NULL,0,'2023-11-09 09:20:51','2023-11-09 09:20:51','in_stock',0,'Botble\\ACL\\Models\\User',NULL,'physical',NULL,NULL,0),(186,'Broccoli Crowns',NULL,NULL,'published','[\"products\\/product-32.jpg\"]','NC-139-A0',0,13,0,1,0,2,1,0,323,NULL,NULL,NULL,10.00,15.00,10.00,886.00,NULL,0,'2023-11-09 09:20:51','2023-11-09 09:20:51','in_stock',0,'Botble\\ACL\\Models\\User',NULL,'digital',NULL,NULL,0),(187,'Broccoli Crowns',NULL,NULL,'published','[\"products\\/product-22.jpg\"]','NC-139-A0-A1',0,13,0,1,0,2,1,0,323,NULL,NULL,NULL,10.00,15.00,10.00,886.00,NULL,0,'2023-11-09 09:20:51','2023-11-09 09:20:51','in_stock',0,'Botble\\ACL\\Models\\User',NULL,'digital',NULL,NULL,0),(188,'Slimming World Vegan Mac Greens',NULL,NULL,'published','[\"products\\/product-58.jpg\"]','NC-194-A0',0,17,0,1,0,6,1,0,493,NULL,NULL,NULL,18.00,19.00,20.00,585.00,NULL,0,'2023-11-09 09:20:51','2023-11-09 09:20:51','in_stock',0,'Botble\\ACL\\Models\\User',NULL,'physical',NULL,NULL,0),(189,'Slimming World Vegan Mac Greens',NULL,NULL,'published','[\"products\\/product-11.jpg\"]','NC-194-A0-A1',0,17,0,1,0,6,1,0,493,NULL,NULL,NULL,18.00,19.00,20.00,585.00,NULL,0,'2023-11-09 09:20:51','2023-11-09 09:20:51','in_stock',0,'Botble\\ACL\\Models\\User',NULL,'physical',NULL,NULL,0),(190,'Häagen-Dazs Salted Caramel',NULL,NULL,'published','[\"products\\/product-44.jpg\"]','NC-183-A0',0,15,0,1,0,7,1,0,387,NULL,NULL,NULL,15.00,16.00,15.00,734.00,NULL,0,'2023-11-09 09:20:52','2023-11-09 09:20:52','in_stock',0,'Botble\\ACL\\Models\\User',NULL,'physical',NULL,NULL,0),(191,'Häagen-Dazs Salted Caramel',NULL,NULL,'published','[\"products\\/product-64.jpg\"]','NC-183-A0-A1',0,15,0,1,0,7,1,0,387,NULL,NULL,NULL,15.00,16.00,15.00,734.00,NULL,0,'2023-11-09 09:20:52','2023-11-09 09:20:52','in_stock',0,'Botble\\ACL\\Models\\User',NULL,'physical',NULL,NULL,0),(192,'Iceland 3 Solo Exotic Burst',NULL,NULL,'published','[\"products\\/product-12.jpg\"]','NC-120-A0',0,13,0,1,0,2,1,0,341,245.52,NULL,NULL,12.00,17.00,14.00,675.00,NULL,0,'2023-11-09 09:20:52','2023-11-09 09:20:52','in_stock',0,'Botble\\ACL\\Models\\User',NULL,'physical',NULL,NULL,0),(193,'Iceland 3 Solo Exotic Burst',NULL,NULL,'published','[\"products\\/product-69.jpg\"]','NC-120-A0-A1',0,13,0,1,0,2,1,0,341,303.49,NULL,NULL,12.00,17.00,14.00,675.00,NULL,0,'2023-11-09 09:20:52','2023-11-09 09:20:52','in_stock',0,'Botble\\ACL\\Models\\User',NULL,'physical',NULL,NULL,0),(194,'Extreme Budweiser Light Can',NULL,NULL,'published','[\"products\\/product-40.jpg\"]','NC-169-A0',0,17,0,1,0,7,1,0,395,NULL,NULL,NULL,16.00,20.00,11.00,511.00,NULL,0,'2023-11-09 09:20:52','2023-11-09 09:20:52','in_stock',0,'Botble\\ACL\\Models\\User',NULL,'digital',NULL,NULL,0),(195,'Extreme Budweiser Light Can',NULL,NULL,'published','[\"products\\/product-44.jpg\"]','NC-169-A0-A1',0,17,0,1,0,7,1,0,395,NULL,NULL,NULL,16.00,20.00,11.00,511.00,NULL,0,'2023-11-09 09:20:52','2023-11-09 09:20:52','in_stock',0,'Botble\\ACL\\Models\\User',NULL,'digital',NULL,NULL,0),(196,'Extreme Budweiser Light Can',NULL,NULL,'published','[\"products\\/product-47.jpg\"]','NC-169-A0-A2',0,17,0,1,0,7,1,0,395,NULL,NULL,NULL,16.00,20.00,11.00,511.00,NULL,0,'2023-11-09 09:20:52','2023-11-09 09:20:52','in_stock',0,'Botble\\ACL\\Models\\User',NULL,'digital',NULL,NULL,0),(197,'Iceland Macaroni Cheese Traybake',NULL,NULL,'published','[\"products\\/product-74.jpg\"]','NC-174-A0',0,13,0,1,0,4,1,0,300,NULL,NULL,NULL,10.00,20.00,14.00,881.00,NULL,0,'2023-11-09 09:20:52','2023-11-09 09:20:52','in_stock',0,'Botble\\ACL\\Models\\User',NULL,'physical',NULL,NULL,0),(198,'Iceland Macaroni Cheese Traybake',NULL,NULL,'published','[\"products\\/product-58.jpg\"]','NC-174-A0-A1',0,13,0,1,0,4,1,0,300,NULL,NULL,NULL,10.00,20.00,14.00,881.00,NULL,0,'2023-11-09 09:20:52','2023-11-09 09:20:52','in_stock',0,'Botble\\ACL\\Models\\User',NULL,'physical',NULL,NULL,0),(199,'Iceland Macaroni Cheese Traybake',NULL,NULL,'published','[\"products\\/product-68.jpg\"]','NC-174-A0-A2',0,13,0,1,0,4,1,0,300,NULL,NULL,NULL,10.00,20.00,14.00,881.00,NULL,0,'2023-11-09 09:20:52','2023-11-09 09:20:52','in_stock',0,'Botble\\ACL\\Models\\User',NULL,'physical',NULL,NULL,0),(200,'Iceland Macaroni Cheese Traybake',NULL,NULL,'published','[\"products\\/product-66.jpg\"]','NC-174-A0-A3',0,13,0,1,0,4,1,0,300,NULL,NULL,NULL,10.00,20.00,14.00,881.00,NULL,0,'2023-11-09 09:20:52','2023-11-09 09:20:52','in_stock',0,'Botble\\ACL\\Models\\User',NULL,'physical',NULL,NULL,0),(201,'Dolmio Bolognese Pasta Sauce',NULL,NULL,'published','[\"products\\/product-18.jpg\"]','NC-157-A0',0,16,0,1,0,6,1,0,387,NULL,NULL,NULL,15.00,11.00,11.00,718.00,NULL,0,'2023-11-09 09:20:52','2023-11-09 09:20:52','in_stock',0,'Botble\\ACL\\Models\\User',NULL,'physical',NULL,NULL,0),(202,'Dolmio Bolognese Pasta Sauce',NULL,NULL,'published','[\"products\\/product-16.jpg\"]','NC-157-A0-A1',0,16,0,1,0,6,1,0,387,NULL,NULL,NULL,15.00,11.00,11.00,718.00,NULL,0,'2023-11-09 09:20:52','2023-11-09 09:20:52','in_stock',0,'Botble\\ACL\\Models\\User',NULL,'physical',NULL,NULL,0),(203,'Sitema BakeIT Plastic Box',NULL,NULL,'published','[\"products\\/product-2.jpg\"]','NC-115-A0',0,12,0,1,0,3,1,0,268,238.52,NULL,NULL,19.00,18.00,10.00,650.00,NULL,0,'2023-11-09 09:20:52','2023-11-09 09:20:52','in_stock',0,'Botble\\ACL\\Models\\User',NULL,'physical',NULL,NULL,0),(204,'Sitema BakeIT Plastic Box',NULL,NULL,'published','[\"products\\/product-22.jpg\"]','NC-115-A0-A1',0,12,0,1,0,3,1,0,268,192.96,NULL,NULL,19.00,18.00,10.00,650.00,NULL,0,'2023-11-09 09:20:52','2023-11-09 09:20:52','in_stock',0,'Botble\\ACL\\Models\\User',NULL,'physical',NULL,NULL,0),(205,'Sitema BakeIT Plastic Box',NULL,NULL,'published','[\"products\\/product-14.jpg\"]','NC-115-A0-A2',0,12,0,1,0,3,1,0,268,217.08,NULL,NULL,19.00,18.00,10.00,650.00,NULL,0,'2023-11-09 09:20:52','2023-11-09 09:20:52','in_stock',0,'Botble\\ACL\\Models\\User',NULL,'physical',NULL,NULL,0),(206,'Sitema BakeIT Plastic Box',NULL,NULL,'published','[\"products\\/product-28.jpg\"]','NC-115-A0-A3',0,12,0,1,0,3,1,0,268,192.96,NULL,NULL,19.00,18.00,10.00,650.00,NULL,0,'2023-11-09 09:20:52','2023-11-09 09:20:52','in_stock',0,'Botble\\ACL\\Models\\User',NULL,'physical',NULL,NULL,0),(207,'Sitema BakeIT Plastic Box',NULL,NULL,'published','[\"products\\/product-4.jpg\"]','NC-115-A0-A4',0,12,0,1,0,3,1,0,268,203.68,NULL,NULL,19.00,18.00,10.00,650.00,NULL,0,'2023-11-09 09:20:52','2023-11-09 09:20:52','in_stock',0,'Botble\\ACL\\Models\\User',NULL,'physical',NULL,NULL,0),(208,'Wayfair Basics Dinner Plate Storage',NULL,NULL,'published','[\"products\\/product-41.jpg\"]','NC-136-A0',0,20,0,1,0,2,1,0,266,NULL,NULL,NULL,10.00,11.00,18.00,857.00,NULL,0,'2023-11-09 09:20:52','2023-11-09 09:20:52','in_stock',0,'Botble\\ACL\\Models\\User',NULL,'digital',NULL,NULL,0),(209,'Wayfair Basics Dinner Plate Storage',NULL,NULL,'published','[\"products\\/product-56.jpg\"]','NC-136-A0-A1',0,20,0,1,0,2,1,0,266,NULL,NULL,NULL,10.00,11.00,18.00,857.00,NULL,0,'2023-11-09 09:20:52','2023-11-09 09:20:52','in_stock',0,'Botble\\ACL\\Models\\User',NULL,'digital',NULL,NULL,0),(210,'Miko The Panda Water Bottle',NULL,NULL,'published','[\"products\\/product-50.jpg\"]','NC-134-A0',0,12,0,1,0,6,1,0,457,NULL,NULL,NULL,12.00,17.00,12.00,553.00,NULL,0,'2023-11-09 09:20:52','2023-11-09 09:20:52','in_stock',0,'Botble\\ACL\\Models\\User',NULL,'physical',NULL,NULL,0),(211,'Sesame Seed Bread',NULL,NULL,'published','[\"products\\/product-90.jpg\"]','NC-121-A0',0,16,0,1,0,4,1,0,232,NULL,NULL,NULL,10.00,11.00,11.00,583.00,NULL,0,'2023-11-09 09:20:52','2023-11-09 09:20:52','in_stock',0,'Botble\\ACL\\Models\\User',NULL,'physical',NULL,NULL,0),(212,'Sesame Seed Bread',NULL,NULL,'published','[\"products\\/product-60.jpg\"]','NC-121-A0-A1',0,16,0,1,0,4,1,0,232,NULL,NULL,NULL,10.00,11.00,11.00,583.00,NULL,0,'2023-11-09 09:20:52','2023-11-09 09:20:52','in_stock',0,'Botble\\ACL\\Models\\User',NULL,'physical',NULL,NULL,0),(213,'Sesame Seed Bread',NULL,NULL,'published','[\"products\\/product-95.jpg\"]','NC-121-A0-A2',0,16,0,1,0,4,1,0,232,NULL,NULL,NULL,10.00,11.00,11.00,583.00,NULL,0,'2023-11-09 09:20:52','2023-11-09 09:20:52','in_stock',0,'Botble\\ACL\\Models\\User',NULL,'physical',NULL,NULL,0),(214,'Morrisons The Best Beef',NULL,NULL,'published','[\"products\\/product-31.jpg\"]','NC-177-A0',0,14,0,1,0,3,1,0,413,367.57,NULL,NULL,18.00,14.00,18.00,550.00,NULL,0,'2023-11-09 09:20:52','2023-11-09 09:20:52','in_stock',0,'Botble\\ACL\\Models\\User',NULL,'physical',NULL,NULL,0),(215,'Morrisons The Best Beef',NULL,NULL,'published','[\"products\\/product-38.jpg\"]','NC-177-A0-A1',0,14,0,1,0,3,1,0,413,318.01,NULL,NULL,18.00,14.00,18.00,550.00,NULL,0,'2023-11-09 09:20:52','2023-11-09 09:20:52','in_stock',0,'Botble\\ACL\\Models\\User',NULL,'physical',NULL,NULL,0),(216,'Morrisons The Best Beef',NULL,NULL,'published','[\"products\\/product-53.jpg\"]','NC-177-A0-A2',0,14,0,1,0,3,1,0,413,346.92,NULL,NULL,18.00,14.00,18.00,550.00,NULL,0,'2023-11-09 09:20:52','2023-11-09 09:20:52','in_stock',0,'Botble\\ACL\\Models\\User',NULL,'physical',NULL,NULL,0),(217,'Avocado, Hass Large',NULL,NULL,'published','[\"products\\/product-72.jpg\"]','NC-171-A0',0,14,0,1,0,1,1,0,223,NULL,NULL,NULL,13.00,18.00,10.00,594.00,NULL,0,'2023-11-09 09:20:52','2023-11-09 09:20:52','in_stock',0,'Botble\\ACL\\Models\\User',NULL,'digital',NULL,NULL,0),(218,'Italia Beef Lasagne',NULL,NULL,'published','[\"products\\/product-94.jpg\"]','NC-124-A0',0,14,0,1,0,4,1,0,482,NULL,NULL,NULL,20.00,18.00,13.00,633.00,NULL,0,'2023-11-09 09:20:52','2023-11-09 09:20:52','in_stock',0,'Botble\\ACL\\Models\\User',NULL,'physical',NULL,NULL,0),(219,'Italia Beef Lasagne',NULL,NULL,'published','[\"products\\/product-25.jpg\"]','NC-124-A0-A1',0,14,0,1,0,4,1,0,482,NULL,NULL,NULL,20.00,18.00,13.00,633.00,NULL,0,'2023-11-09 09:20:52','2023-11-09 09:20:52','in_stock',0,'Botble\\ACL\\Models\\User',NULL,'physical',NULL,NULL,0),(220,'Italia Beef Lasagne',NULL,NULL,'published','[\"products\\/product-34.jpg\"]','NC-124-A0-A2',0,14,0,1,0,4,1,0,482,NULL,NULL,NULL,20.00,18.00,13.00,633.00,NULL,0,'2023-11-09 09:20:52','2023-11-09 09:20:52','in_stock',0,'Botble\\ACL\\Models\\User',NULL,'physical',NULL,NULL,0),(221,'Italia Beef Lasagne',NULL,NULL,'published','[\"products\\/product-33.jpg\"]','NC-124-A0-A3',0,14,0,1,0,4,1,0,482,NULL,NULL,NULL,20.00,18.00,13.00,633.00,NULL,0,'2023-11-09 09:20:52','2023-11-09 09:20:52','in_stock',0,'Botble\\ACL\\Models\\User',NULL,'physical',NULL,NULL,0),(222,'Italia Beef Lasagne',NULL,NULL,'published','[\"products\\/product-52.jpg\"]','NC-124-A0-A4',0,14,0,1,0,4,1,0,482,NULL,NULL,NULL,20.00,18.00,13.00,633.00,NULL,0,'2023-11-09 09:20:52','2023-11-09 09:20:52','in_stock',0,'Botble\\ACL\\Models\\User',NULL,'physical',NULL,NULL,0),(223,'Maxwell House Classic Roast Mocha',NULL,NULL,'published','[\"products\\/product-34.jpg\"]','NC-101-A0',0,18,0,1,0,2,1,0,412,NULL,NULL,NULL,14.00,16.00,13.00,576.00,NULL,0,'2023-11-09 09:20:52','2023-11-09 09:20:52','in_stock',0,'Botble\\ACL\\Models\\User',NULL,'physical',NULL,NULL,0),(224,'Maxwell House Classic Roast Mocha',NULL,NULL,'published','[\"products\\/product-75.jpg\"]','NC-101-A0-A1',0,18,0,1,0,2,1,0,412,NULL,NULL,NULL,14.00,16.00,13.00,576.00,NULL,0,'2023-11-09 09:20:52','2023-11-09 09:20:52','in_stock',0,'Botble\\ACL\\Models\\User',NULL,'physical',NULL,NULL,0),(225,'Bottled Pure Water 500ml',NULL,NULL,'published','[\"products\\/product-13.jpg\"]','NC-124-A0',0,19,0,1,0,5,1,0,473,350.02,NULL,NULL,16.00,12.00,11.00,862.00,NULL,0,'2023-11-09 09:20:52','2023-11-09 09:20:52','in_stock',0,'Botble\\ACL\\Models\\User',NULL,'physical',NULL,NULL,0),(226,'Bottled Pure Water 500ml',NULL,NULL,'published','[\"products\\/product-24.jpg\"]','NC-124-A0-A1',0,19,0,1,0,5,1,0,473,402.05,NULL,NULL,16.00,12.00,11.00,862.00,NULL,0,'2023-11-09 09:20:52','2023-11-09 09:20:52','in_stock',0,'Botble\\ACL\\Models\\User',NULL,'physical',NULL,NULL,0),(227,'Bottled Pure Water 500ml',NULL,NULL,'published','[\"products\\/product-30.jpg\"]','NC-124-A0-A2',0,19,0,1,0,5,1,0,473,354.75,NULL,NULL,16.00,12.00,11.00,862.00,NULL,0,'2023-11-09 09:20:52','2023-11-09 09:20:52','in_stock',0,'Botble\\ACL\\Models\\User',NULL,'physical',NULL,NULL,0),(228,'Bottled Pure Water 500ml',NULL,NULL,'published','[\"products\\/product-48.jpg\"]','NC-124-A0-A3',0,19,0,1,0,5,1,0,473,406.78,NULL,NULL,16.00,12.00,11.00,862.00,NULL,0,'2023-11-09 09:20:53','2023-11-09 09:20:53','in_stock',0,'Botble\\ACL\\Models\\User',NULL,'physical',NULL,NULL,0),(229,'Bottled Pure Water 500ml',NULL,NULL,'published','[\"products\\/product-52.jpg\"]','NC-124-A0-A4',0,19,0,1,0,5,1,0,473,383.13,NULL,NULL,16.00,12.00,11.00,862.00,NULL,0,'2023-11-09 09:20:53','2023-11-09 09:20:53','in_stock',0,'Botble\\ACL\\Models\\User',NULL,'physical',NULL,NULL,0),(230,'Famart Farmhouse Soft White',NULL,NULL,'published','[\"products\\/product-40.jpg\"]','NC-175-A0',0,12,0,1,0,5,1,0,335,NULL,NULL,NULL,14.00,19.00,15.00,723.00,NULL,0,'2023-11-09 09:20:53','2023-11-09 09:20:53','in_stock',0,'Botble\\ACL\\Models\\User',NULL,'digital',NULL,NULL,0),(231,'Coca-Cola Original Taste',NULL,NULL,'published','[\"products\\/product-22.jpg\"]','NC-101-A0',0,10,0,1,0,6,1,0,345,NULL,NULL,NULL,16.00,19.00,12.00,878.00,NULL,0,'2023-11-09 09:20:53','2023-11-09 09:20:53','in_stock',0,'Botble\\ACL\\Models\\User',NULL,'physical',NULL,NULL,0),(232,'Coca-Cola Original Taste',NULL,NULL,'published','[\"products\\/product-80.jpg\"]','NC-101-A0-A1',0,10,0,1,0,6,1,0,345,NULL,NULL,NULL,16.00,19.00,12.00,878.00,NULL,0,'2023-11-09 09:20:53','2023-11-09 09:20:53','in_stock',0,'Botble\\ACL\\Models\\User',NULL,'physical',NULL,NULL,0),(233,'Casillero Diablo Cabernet Sauvignon',NULL,NULL,'published','[\"products\\/product-62.jpg\"]','NC-170-A0',0,10,0,1,0,6,1,0,390,NULL,NULL,NULL,16.00,19.00,14.00,713.00,NULL,0,'2023-11-09 09:20:53','2023-11-09 09:20:53','in_stock',0,'Botble\\ACL\\Models\\User',NULL,'physical',NULL,NULL,0),(234,'Casillero Diablo Cabernet Sauvignon',NULL,NULL,'published','[\"products\\/product-28.jpg\"]','NC-170-A0-A1',0,10,0,1,0,6,1,0,390,NULL,NULL,NULL,16.00,19.00,14.00,713.00,NULL,0,'2023-11-09 09:20:53','2023-11-09 09:20:53','in_stock',0,'Botble\\ACL\\Models\\User',NULL,'physical',NULL,NULL,0),(235,'Casillero Diablo Cabernet Sauvignon',NULL,NULL,'published','[\"products\\/product-42.jpg\"]','NC-170-A0-A2',0,10,0,1,0,6,1,0,390,NULL,NULL,NULL,16.00,19.00,14.00,713.00,NULL,0,'2023-11-09 09:20:53','2023-11-09 09:20:53','in_stock',0,'Botble\\ACL\\Models\\User',NULL,'physical',NULL,NULL,0),(236,'Arla Organic Free Range Milk',NULL,NULL,'published','[\"products\\/product-60.jpg\"]','NC-111-A0',0,12,0,1,0,7,1,0,325,227.5,NULL,NULL,16.00,15.00,18.00,521.00,NULL,0,'2023-11-09 09:20:53','2023-11-09 09:20:53','in_stock',0,'Botble\\ACL\\Models\\User',NULL,'physical',NULL,NULL,0),(237,'Arla Organic Free Range Milk',NULL,NULL,'published','[\"products\\/product-51.jpg\"]','NC-111-A0-A1',0,12,0,1,0,7,1,0,325,269.75,NULL,NULL,16.00,15.00,18.00,521.00,NULL,0,'2023-11-09 09:20:53','2023-11-09 09:20:53','in_stock',0,'Botble\\ACL\\Models\\User',NULL,'physical',NULL,NULL,0),(238,'Arla Organic Free Range Milk',NULL,NULL,'published','[\"products\\/product-69.jpg\"]','NC-111-A0-A2',0,12,0,1,0,7,1,0,325,253.5,NULL,NULL,16.00,15.00,18.00,521.00,NULL,0,'2023-11-09 09:20:53','2023-11-09 09:20:53','in_stock',0,'Botble\\ACL\\Models\\User',NULL,'physical',NULL,NULL,0),(239,'Aptamil Follow On Baby Milk',NULL,NULL,'published','[\"products\\/product-56.jpg\"]','NC-121-A0',0,18,0,1,0,5,1,0,365,NULL,NULL,NULL,19.00,12.00,15.00,820.00,NULL,0,'2023-11-09 09:20:53','2023-11-09 09:20:53','in_stock',0,'Botble\\ACL\\Models\\User',NULL,'digital',NULL,NULL,0),(240,'Cuisinart Chef’S Classic Hard-Anodized',NULL,NULL,'published','[\"products\\/product-70.jpg\"]','NC-145-A0',0,19,0,1,0,5,1,0,222,NULL,NULL,NULL,12.00,17.00,19.00,630.00,NULL,0,'2023-11-09 09:20:53','2023-11-09 09:20:53','in_stock',0,'Botble\\ACL\\Models\\User',NULL,'physical',NULL,NULL,0),(241,'Cuisinart Chef’S Classic Hard-Anodized',NULL,NULL,'published','[\"products\\/product-35.jpg\"]','NC-145-A0-A1',0,19,0,1,0,5,1,0,222,NULL,NULL,NULL,12.00,17.00,19.00,630.00,NULL,0,'2023-11-09 09:20:53','2023-11-09 09:20:53','in_stock',0,'Botble\\ACL\\Models\\User',NULL,'physical',NULL,NULL,0),(242,'Corn, Yellow Sweet',NULL,NULL,'published','[\"products\\/product-16.jpg\"]','NC-173-A0',0,10,0,1,0,3,1,0,364,NULL,NULL,NULL,15.00,13.00,15.00,811.00,NULL,0,'2023-11-09 09:20:53','2023-11-09 09:20:53','in_stock',0,'Botble\\ACL\\Models\\User',NULL,'physical',NULL,NULL,0),(243,'Corn, Yellow Sweet',NULL,NULL,'published','[\"products\\/product-31.jpg\"]','NC-173-A0-A1',0,10,0,1,0,3,1,0,364,NULL,NULL,NULL,15.00,13.00,15.00,811.00,NULL,0,'2023-11-09 09:20:53','2023-11-09 09:20:53','in_stock',0,'Botble\\ACL\\Models\\User',NULL,'physical',NULL,NULL,0),(244,'Hobnobs The Nobbly Biscuit',NULL,NULL,'published','[\"products\\/product-51.jpg\"]','NC-181-A0',0,14,0,1,0,3,1,0,201,154.77,NULL,NULL,20.00,16.00,18.00,745.00,NULL,0,'2023-11-09 09:20:53','2023-11-09 09:20:53','in_stock',0,'Botble\\ACL\\Models\\User',NULL,'physical',NULL,NULL,0),(245,'Hobnobs The Nobbly Biscuit',NULL,NULL,'published','[\"products\\/product-25.jpg\"]','NC-181-A0-A1',0,14,0,1,0,3,1,0,201,176.88,NULL,NULL,20.00,16.00,18.00,745.00,NULL,0,'2023-11-09 09:20:53','2023-11-09 09:20:53','in_stock',0,'Botble\\ACL\\Models\\User',NULL,'physical',NULL,NULL,0),(246,'Hobnobs The Nobbly Biscuit',NULL,NULL,'published','[\"products\\/product-55.jpg\"]','NC-181-A0-A2',0,14,0,1,0,3,1,0,201,166.83,NULL,NULL,20.00,16.00,18.00,745.00,NULL,0,'2023-11-09 09:20:53','2023-11-09 09:20:53','in_stock',0,'Botble\\ACL\\Models\\User',NULL,'physical',NULL,NULL,0),(247,'Honest Organic Still Lemonade',NULL,NULL,'published','[\"products\\/product-65.jpg\"]','NC-125-A0',0,14,0,1,0,6,1,0,301,NULL,NULL,NULL,12.00,19.00,17.00,580.00,NULL,0,'2023-11-09 09:20:53','2023-11-09 09:20:53','in_stock',0,'Botble\\ACL\\Models\\User',NULL,'digital',NULL,NULL,0),(248,'Honest Organic Still Lemonade',NULL,NULL,'published','[\"products\\/product-2.jpg\"]','NC-125-A0-A1',0,14,0,1,0,6,1,0,301,NULL,NULL,NULL,12.00,19.00,17.00,580.00,NULL,0,'2023-11-09 09:20:53','2023-11-09 09:20:53','in_stock',0,'Botble\\ACL\\Models\\User',NULL,'digital',NULL,NULL,0),(249,'Ice Beck’s Beer 350ml x 24 Pieces',NULL,NULL,'published','[\"products\\/product-41.jpg\"]','NC-136-A0',0,11,0,1,0,5,1,0,369,NULL,NULL,NULL,14.00,20.00,10.00,613.00,NULL,0,'2023-11-09 09:20:53','2023-11-09 09:20:53','in_stock',0,'Botble\\ACL\\Models\\User',NULL,'physical',NULL,NULL,0),(250,'Ice Beck’s Beer 350ml x 24 Pieces',NULL,NULL,'published','[\"products\\/product-46.jpg\"]','NC-136-A0-A1',0,11,0,1,0,5,1,0,369,NULL,NULL,NULL,14.00,20.00,10.00,613.00,NULL,0,'2023-11-09 09:20:53','2023-11-09 09:20:53','in_stock',0,'Botble\\ACL\\Models\\User',NULL,'physical',NULL,NULL,0),(251,'Ice Beck’s Beer 350ml x 24 Pieces',NULL,NULL,'published','[\"products\\/product-84.jpg\"]','NC-136-A0-A2',0,11,0,1,0,5,1,0,369,NULL,NULL,NULL,14.00,20.00,10.00,613.00,NULL,0,'2023-11-09 09:20:53','2023-11-09 09:20:53','in_stock',0,'Botble\\ACL\\Models\\User',NULL,'physical',NULL,NULL,0),(252,'Ice Beck’s Beer 350ml x 24 Pieces',NULL,NULL,'published','[\"products\\/product-57.jpg\"]','NC-136-A0-A3',0,11,0,1,0,5,1,0,369,NULL,NULL,NULL,14.00,20.00,10.00,613.00,NULL,0,'2023-11-09 09:20:53','2023-11-09 09:20:53','in_stock',0,'Botble\\ACL\\Models\\User',NULL,'physical',NULL,NULL,0),(253,'Iceland 6 Hot Cross Buns',NULL,NULL,'published','[\"products\\/product-17.jpg\"]','NC-142-A0',0,15,0,1,0,1,1,0,463,NULL,NULL,NULL,11.00,11.00,20.00,834.00,NULL,0,'2023-11-09 09:20:53','2023-11-09 09:20:53','in_stock',0,'Botble\\ACL\\Models\\User',NULL,'physical',NULL,NULL,0),(254,'Iceland 6 Hot Cross Buns',NULL,NULL,'published','[\"products\\/product-3.jpg\"]','NC-142-A0-A1',0,15,0,1,0,1,1,0,463,NULL,NULL,NULL,11.00,11.00,20.00,834.00,NULL,0,'2023-11-09 09:20:53','2023-11-09 09:20:53','in_stock',0,'Botble\\ACL\\Models\\User',NULL,'physical',NULL,NULL,0),(255,'Iceland Luxury 4 Panini Rolls',NULL,NULL,'published','[\"products\\/product-42.jpg\"]','NC-149-A0',0,18,0,1,0,5,1,0,463,412.07,NULL,NULL,13.00,18.00,18.00,896.00,NULL,0,'2023-11-09 09:20:53','2023-11-09 09:20:53','in_stock',0,'Botble\\ACL\\Models\\User',NULL,'physical',NULL,NULL,0),(256,'Iceland Luxury 4 Panini Rolls',NULL,NULL,'published','[\"products\\/product-34.jpg\"]','NC-149-A0-A1',0,18,0,1,0,5,1,0,463,384.29,NULL,NULL,13.00,18.00,18.00,896.00,NULL,0,'2023-11-09 09:20:53','2023-11-09 09:20:53','in_stock',0,'Botble\\ACL\\Models\\User',NULL,'physical',NULL,NULL,0),(257,'Iceland Luxury 4 Panini Rolls',NULL,NULL,'published','[\"products\\/product-67.jpg\"]','NC-149-A0-A2',0,18,0,1,0,5,1,0,463,393.55,NULL,NULL,13.00,18.00,18.00,896.00,NULL,0,'2023-11-09 09:20:53','2023-11-09 09:20:53','in_stock',0,'Botble\\ACL\\Models\\User',NULL,'physical',NULL,NULL,0),(258,'Iceland Luxury 4 Panini Rolls',NULL,NULL,'published','[\"products\\/product-50.jpg\"]','NC-149-A0-A3',0,18,0,1,0,5,1,0,463,370.4,NULL,NULL,13.00,18.00,18.00,896.00,NULL,0,'2023-11-09 09:20:53','2023-11-09 09:20:53','in_stock',0,'Botble\\ACL\\Models\\User',NULL,'physical',NULL,NULL,0),(259,'Iceland Luxury 4 Panini Rolls',NULL,NULL,'published','[\"products\\/product-81.jpg\"]','NC-149-A0-A4',0,18,0,1,0,5,1,0,463,333.36,NULL,NULL,13.00,18.00,18.00,896.00,NULL,0,'2023-11-09 09:20:53','2023-11-09 09:20:53','in_stock',0,'Botble\\ACL\\Models\\User',NULL,'physical',NULL,NULL,0),(260,'Iceland Soft Scoop Vanilla',NULL,NULL,'published','[\"products\\/product-88.jpg\"]','NC-150-A0',0,19,0,1,0,3,1,0,455,NULL,NULL,NULL,20.00,10.00,18.00,849.00,NULL,0,'2023-11-09 09:20:53','2023-11-09 09:20:53','in_stock',0,'Botble\\ACL\\Models\\User',NULL,'digital',NULL,NULL,0),(261,'Iceland Soft Scoop Vanilla',NULL,NULL,'published','[\"products\\/product-32.jpg\"]','NC-150-A0-A1',0,19,0,1,0,3,1,0,455,NULL,NULL,NULL,20.00,10.00,18.00,849.00,NULL,0,'2023-11-09 09:20:53','2023-11-09 09:20:53','in_stock',0,'Botble\\ACL\\Models\\User',NULL,'digital',NULL,NULL,0),(262,'Iceland Soft Scoop Vanilla',NULL,NULL,'published','[\"products\\/product-35.jpg\"]','NC-150-A0-A2',0,19,0,1,0,3,1,0,455,NULL,NULL,NULL,20.00,10.00,18.00,849.00,NULL,0,'2023-11-09 09:20:53','2023-11-09 09:20:53','in_stock',0,'Botble\\ACL\\Models\\User',NULL,'digital',NULL,NULL,0),(263,'Iceland Soft Scoop Vanilla',NULL,NULL,'published','[\"products\\/product-25.jpg\"]','NC-150-A0-A3',0,19,0,1,0,3,1,0,455,NULL,NULL,NULL,20.00,10.00,18.00,849.00,NULL,0,'2023-11-09 09:20:53','2023-11-09 09:20:53','in_stock',0,'Botble\\ACL\\Models\\User',NULL,'digital',NULL,NULL,0),(264,'Iceland Spaghetti Bolognese',NULL,NULL,'published','[\"products\\/product-36.jpg\"]','NC-108-A0',0,14,0,1,0,4,1,0,340,NULL,NULL,NULL,20.00,16.00,13.00,637.00,NULL,0,'2023-11-09 09:20:53','2023-11-09 09:20:53','in_stock',0,'Botble\\ACL\\Models\\User',NULL,'physical',NULL,NULL,0),(265,'Iceland Spaghetti Bolognese',NULL,NULL,'published','[\"products\\/product-61.jpg\"]','NC-108-A0-A1',0,14,0,1,0,4,1,0,340,NULL,NULL,NULL,20.00,16.00,13.00,637.00,NULL,0,'2023-11-09 09:20:53','2023-11-09 09:20:53','in_stock',0,'Botble\\ACL\\Models\\User',NULL,'physical',NULL,NULL,0),(266,'Iceland Spaghetti Bolognese',NULL,NULL,'published','[\"products\\/product-20.jpg\"]','NC-108-A0-A2',0,14,0,1,0,4,1,0,340,NULL,NULL,NULL,20.00,16.00,13.00,637.00,NULL,0,'2023-11-09 09:20:53','2023-11-09 09:20:53','in_stock',0,'Botble\\ACL\\Models\\User',NULL,'physical',NULL,NULL,0),(267,'Iceland Spaghetti Bolognese',NULL,NULL,'published','[\"products\\/product-43.jpg\"]','NC-108-A0-A3',0,14,0,1,0,4,1,0,340,NULL,NULL,NULL,20.00,16.00,13.00,637.00,NULL,0,'2023-11-09 09:20:53','2023-11-09 09:20:53','in_stock',0,'Botble\\ACL\\Models\\User',NULL,'physical',NULL,NULL,0),(268,'Kellogg’s Coco Pops Cereal',NULL,NULL,'published','[\"products\\/product-79.jpg\"]','NC-164-A0',0,14,0,1,0,2,1,0,417,NULL,NULL,NULL,15.00,10.00,15.00,706.00,NULL,0,'2023-11-09 09:20:53','2023-11-09 09:20:53','in_stock',0,'Botble\\ACL\\Models\\User',NULL,'physical',NULL,NULL,0),(269,'Kellogg’s Coco Pops Cereal',NULL,NULL,'published','[\"products\\/product-94.jpg\"]','NC-164-A0-A1',0,14,0,1,0,2,1,0,417,NULL,NULL,NULL,15.00,10.00,15.00,706.00,NULL,0,'2023-11-09 09:20:53','2023-11-09 09:20:53','in_stock',0,'Botble\\ACL\\Models\\User',NULL,'physical',NULL,NULL,0),(270,'Kellogg’s Coco Pops Cereal',NULL,NULL,'published','[\"products\\/product-33.jpg\"]','NC-164-A0-A2',0,14,0,1,0,2,1,0,417,NULL,NULL,NULL,15.00,10.00,15.00,706.00,NULL,0,'2023-11-09 09:20:53','2023-11-09 09:20:53','in_stock',0,'Botble\\ACL\\Models\\User',NULL,'physical',NULL,NULL,0),(271,'Kellogg’s Coco Pops Cereal',NULL,NULL,'published','[\"products\\/product-37.jpg\"]','NC-164-A0-A3',0,14,0,1,0,2,1,0,417,NULL,NULL,NULL,15.00,10.00,15.00,706.00,NULL,0,'2023-11-09 09:20:53','2023-11-09 09:20:53','in_stock',0,'Botble\\ACL\\Models\\User',NULL,'physical',NULL,NULL,0),(272,'Kit Kat Chunky Milk Chocolate',NULL,NULL,'published','[\"products\\/product-31.jpg\"]','NC-174-A0',0,20,0,1,0,6,1,0,351,277.29,NULL,NULL,14.00,12.00,18.00,661.00,NULL,0,'2023-11-09 09:20:53','2023-11-09 09:20:53','in_stock',0,'Botble\\ACL\\Models\\User',NULL,'physical',NULL,NULL,0),(273,'Kit Kat Chunky Milk Chocolate',NULL,NULL,'published','[\"products\\/product-67.jpg\"]','NC-174-A0-A1',0,20,0,1,0,6,1,0,351,259.74,NULL,NULL,14.00,12.00,18.00,661.00,NULL,0,'2023-11-09 09:20:53','2023-11-09 09:20:53','in_stock',0,'Botble\\ACL\\Models\\User',NULL,'physical',NULL,NULL,0),(274,'Large Green Bell Pepper',NULL,NULL,'published','[\"products\\/product-34.jpg\"]','NC-111-A0',0,11,0,1,0,6,1,0,350,NULL,NULL,NULL,13.00,18.00,14.00,825.00,NULL,0,'2023-11-09 09:20:53','2023-11-09 09:20:53','in_stock',0,'Botble\\ACL\\Models\\User',NULL,'digital',NULL,NULL,0),(275,'Large Green Bell Pepper',NULL,NULL,'published','[\"products\\/product-24.jpg\"]','NC-111-A0-A1',0,11,0,1,0,6,1,0,350,NULL,NULL,NULL,13.00,18.00,14.00,825.00,NULL,0,'2023-11-09 09:20:53','2023-11-09 09:20:53','in_stock',0,'Botble\\ACL\\Models\\User',NULL,'digital',NULL,NULL,0),(276,'Pice 94w Beasley Journal',NULL,NULL,'published','[\"products\\/product-62.jpg\"]','NC-121-A0',0,15,0,1,0,3,1,0,309,NULL,NULL,NULL,12.00,11.00,20.00,675.00,NULL,0,'2023-11-09 09:20:53','2023-11-09 09:20:53','in_stock',0,'Botble\\ACL\\Models\\User',NULL,'physical',NULL,NULL,0),(277,'Pice 94w Beasley Journal',NULL,NULL,'published','[\"products\\/product-21.jpg\"]','NC-121-A0-A1',0,15,0,1,0,3,1,0,309,NULL,NULL,NULL,12.00,11.00,20.00,675.00,NULL,0,'2023-11-09 09:20:53','2023-11-09 09:20:53','in_stock',0,'Botble\\ACL\\Models\\User',NULL,'physical',NULL,NULL,0),(278,'Pice 94w Beasley Journal',NULL,NULL,'published','[\"products\\/product-26.jpg\"]','NC-121-A0-A2',0,15,0,1,0,3,1,0,309,NULL,NULL,NULL,12.00,11.00,20.00,675.00,NULL,0,'2023-11-09 09:20:53','2023-11-09 09:20:53','in_stock',0,'Botble\\ACL\\Models\\User',NULL,'physical',NULL,NULL,0),(279,'Pice 94w Beasley Journal',NULL,NULL,'published','[\"products\\/product-32.jpg\"]','NC-121-A0-A3',0,15,0,1,0,3,1,0,309,NULL,NULL,NULL,12.00,11.00,20.00,675.00,NULL,0,'2023-11-09 09:20:53','2023-11-09 09:20:53','in_stock',0,'Botble\\ACL\\Models\\User',NULL,'physical',NULL,NULL,0),(280,'Province Piece Glass Drinking Glass',NULL,NULL,'published','[\"products\\/product-73.jpg\"]','NC-115-A0',0,19,0,1,0,1,1,0,457,NULL,NULL,NULL,16.00,14.00,17.00,887.00,NULL,0,'2023-11-09 09:20:54','2023-11-09 09:20:54','in_stock',0,'Botble\\ACL\\Models\\User',NULL,'physical',NULL,NULL,0),(281,'Province Piece Glass Drinking Glass',NULL,NULL,'published','[\"products\\/product-36.jpg\"]','NC-115-A0-A1',0,19,0,1,0,1,1,0,457,NULL,NULL,NULL,16.00,14.00,17.00,887.00,NULL,0,'2023-11-09 09:20:54','2023-11-09 09:20:54','in_stock',0,'Botble\\ACL\\Models\\User',NULL,'physical',NULL,NULL,0),(282,'Province Piece Glass Drinking Glass',NULL,NULL,'published','[\"products\\/product-16.jpg\"]','NC-115-A0-A2',0,19,0,1,0,1,1,0,457,NULL,NULL,NULL,16.00,14.00,17.00,887.00,NULL,0,'2023-11-09 09:20:54','2023-11-09 09:20:54','in_stock',0,'Botble\\ACL\\Models\\User',NULL,'physical',NULL,NULL,0);
/*!40000 ALTER TABLE `ec_products` ENABLE KEYS */;
UNLOCK TABLES;

--
-- Table structure for table `ec_products_translations`
--

DROP TABLE IF EXISTS `ec_products_translations`;
/*!40101 SET @saved_cs_client     = @@character_set_client */;
/*!50503 SET character_set_client = utf8mb4 */;
CREATE TABLE `ec_products_translations` (
  `lang_code` varchar(191) COLLATE utf8mb4_unicode_ci NOT NULL,
  `ec_products_id` bigint unsigned NOT NULL,
  `name` varchar(191) COLLATE utf8mb4_unicode_ci DEFAULT NULL,
  `description` text COLLATE utf8mb4_unicode_ci,
  `content` text COLLATE utf8mb4_unicode_ci,
  PRIMARY KEY (`lang_code`,`ec_products_id`)
) ENGINE=InnoDB DEFAULT CHARSET=utf8mb4 COLLATE=utf8mb4_unicode_ci;
/*!40101 SET character_set_client = @saved_cs_client */;

--
-- Dumping data for table `ec_products_translations`
--

LOCK TABLES `ec_products_translations` WRITE;
/*!40000 ALTER TABLE `ec_products_translations` DISABLE KEYS */;
/*!40000 ALTER TABLE `ec_products_translations` ENABLE KEYS */;
UNLOCK TABLES;

--
-- Table structure for table `ec_reviews`
--

DROP TABLE IF EXISTS `ec_reviews`;
/*!40101 SET @saved_cs_client     = @@character_set_client */;
/*!50503 SET character_set_client = utf8mb4 */;
CREATE TABLE `ec_reviews` (
  `id` bigint unsigned NOT NULL AUTO_INCREMENT,
  `customer_id` bigint unsigned NOT NULL,
  `product_id` bigint unsigned NOT NULL,
  `star` double(8,2) NOT NULL,
  `comment` text CHARACTER SET utf8mb4 COLLATE utf8mb4_unicode_ci NOT NULL,
  `status` varchar(60) COLLATE utf8mb4_unicode_ci NOT NULL DEFAULT 'published',
  `created_at` timestamp NULL DEFAULT NULL,
  `updated_at` timestamp NULL DEFAULT NULL,
  `images` text COLLATE utf8mb4_unicode_ci,
  PRIMARY KEY (`id`),
  UNIQUE KEY `ec_reviews_product_id_customer_id_unique` (`product_id`,`customer_id`),
  KEY `ec_reviews_product_id_customer_id_status_created_at_index` (`product_id`,`customer_id`,`status`,`created_at`),
  KEY `review_relation_index` (`product_id`,`customer_id`,`status`)
) ENGINE=InnoDB AUTO_INCREMENT=1001 DEFAULT CHARSET=utf8mb4 COLLATE=utf8mb4_unicode_ci;
/*!40101 SET character_set_client = @saved_cs_client */;

--
-- Dumping data for table `ec_reviews`
--

LOCK TABLES `ec_reviews` WRITE;
/*!40000 ALTER TABLE `ec_reviews` DISABLE KEYS */;
INSERT INTO `ec_reviews` VALUES (1,4,34,1.00,'The script is the best of its class, fast, easy to implement and work with , and the most important thing is the great support team , Recommend with no doubt.','published','2023-11-09 09:20:57','2023-11-09 09:20:57','[\"products\\/product-34.jpg\",\"products\\/product-80.jpg\"]'),(2,4,39,5.00,'Solution is too robust for our purpose so we didn\'t use it at the end. But I appreciate customer support during initial configuration.','published','2023-11-09 09:20:57','2023-11-09 09:20:57','[\"products\\/pla-product-04.jpg\",\"products\\/product-13.jpg\",\"products\\/product-42.jpg\"]'),(3,7,71,2.00,'Customer Support are grade (A*), however the code is a way too over engineered for it\'s purpose.','published','2023-11-09 09:20:57','2023-11-09 09:20:57','[\"products\\/product-45.jpg\",\"products\\/product-69.jpg\"]'),(4,8,61,1.00,'This web app is really good in design, code quality & features. Besides, the customer support provided by the Botble team was really fast & helpful. You guys are awesome!','published','2023-11-09 09:20:57','2023-11-09 09:20:57','[\"products\\/product-7.jpg\",\"products\\/product-48.jpg\",\"products\\/product-64.jpg\"]'),(5,5,15,5.00,'Amazing code, amazing support. Overall, im really confident in Botble and im happy I made the right choice! Thank you so much guys for coding this masterpiece','published','2023-11-09 09:20:57','2023-11-09 09:20:57','[\"products\\/product-23.jpg\",\"products\\/product-43.jpg\",\"products\\/product-84.jpg\",\"products\\/product-86.jpg\"]'),(6,1,26,3.00,'Those guys now what they are doing, the release such a good product that it\'s a pleasure to work with ! Even when I was stuck on the project, I created a ticket and the next day it was replied by the team. GOOD JOB guys. I love working with them :)','published','2023-11-09 09:20:57','2023-11-09 09:20:57','[\"products\\/product-18.jpg\",\"products\\/product-43.jpg\"]'),(7,8,69,2.00,'Customer Support are grade (A*), however the code is a way too over engineered for it\'s purpose.','published','2023-11-09 09:20:57','2023-11-09 09:20:57','[\"products\\/product-33.jpg\",\"products\\/product-63.jpg\"]'),(8,9,53,2.00,'As a developer I reviewed this script. This is really awesome ecommerce script. I have convinced when I noticed that it\'s built on fully WordPress concept.','published','2023-11-09 09:20:57','2023-11-09 09:20:57','[\"products\\/product-33.jpg\",\"products\\/product-62.jpg\"]'),(9,4,73,3.00,'Solution is too robust for our purpose so we didn\'t use it at the end. But I appreciate customer support during initial configuration.','published','2023-11-09 09:20:57','2023-11-09 09:20:57','[\"products\\/product-4.jpg\",\"products\\/product-5.jpg\",\"products\\/product-11.jpg\",\"products\\/product-62.jpg\"]'),(10,4,75,3.00,'Those guys now what they are doing, the release such a good product that it\'s a pleasure to work with ! Even when I was stuck on the project, I created a ticket and the next day it was replied by the team. GOOD JOB guys. I love working with them :)','published','2023-11-09 09:20:57','2023-11-09 09:20:57','[\"products\\/product-46.jpg\"]'),(11,8,11,3.00,'The code is good, in general, if you like it, can you give it 5 stars?','published','2023-11-09 09:20:57','2023-11-09 09:20:57','[\"products\\/product-24.jpg\",\"products\\/product-80.jpg\"]'),(12,9,58,2.00,'Solution is too robust for our purpose so we didn\'t use it at the end. But I appreciate customer support during initial configuration.','published','2023-11-09 09:20:57','2023-11-09 09:20:57','[\"products\\/product-14.jpg\",\"products\\/product-44.jpg\"]'),(13,7,54,3.00,'Amazing code, amazing support. Overall, im really confident in Botble and im happy I made the right choice! Thank you so much guys for coding this masterpiece','published','2023-11-09 09:20:57','2023-11-09 09:20:57','[\"products\\/product-4.jpg\"]'),(14,2,58,2.00,'The script is the best of its class, fast, easy to implement and work with , and the most important thing is the great support team , Recommend with no doubt.','published','2023-11-09 09:20:57','2023-11-09 09:20:57','[\"products\\/product-31.jpg\"]'),(17,1,68,2.00,'Amazing code, amazing support. Overall, im really confident in Botble and im happy I made the right choice! Thank you so much guys for coding this masterpiece','published','2023-11-09 09:20:57','2023-11-09 09:20:57','[\"products\\/product-56.jpg\"]'),(18,6,30,3.00,'Solution is too robust for our purpose so we didn\'t use it at the end. But I appreciate customer support during initial configuration.','published','2023-11-09 09:20:57','2023-11-09 09:20:57','[\"products\\/product-29.jpg\",\"products\\/product-43.jpg\",\"products\\/product-66.jpg\",\"products\\/product-79.jpg\"]'),(19,3,28,4.00,'Ok good product. I have some issues in customizations. But its not correct to blame the developer. The product is good. Good luck for your business.','published','2023-11-09 09:20:57','2023-11-09 09:20:57','[\"products\\/product-66.jpg\",\"products\\/product-81.jpg\",\"products\\/product-84.jpg\"]'),(20,3,11,1.00,'This script is well coded and is super fast. The support is pretty quick. Very patient and helpful team. I strongly recommend it and they deserve more than 5 stars.','published','2023-11-09 09:20:57','2023-11-09 09:20:57','[\"products\\/product-22.jpg\"]'),(21,5,3,3.00,'The code is good, in general, if you like it, can you give it 5 stars?','published','2023-11-09 09:20:57','2023-11-09 09:20:57','[\"products\\/pla-product-01.jpg\",\"products\\/product-30.jpg\",\"products\\/product-33.jpg\",\"products\\/product-69.jpg\"]'),(22,1,10,2.00,'It\'s not my first experience here on Codecanyon and I can honestly tell you all that Botble puts a LOT of effort into the support. They answer so fast, they helped me tons of times. REALLY by far THE BEST EXPERIENCE on Codecanyon. Those guys at Botble are so good that they deserve 5 stars. I recommend them, I trust them and I can\'t wait to see what they will sell in a near future. Thank you Botble :)','published','2023-11-09 09:20:57','2023-11-09 09:20:57','[\"products\\/pla-product-04.jpg\",\"products\\/product-30.jpg\"]'),(23,2,54,1.00,'Great system, great support, good job Botble. I\'m looking forward to more great functional plugins.','published','2023-11-09 09:20:57','2023-11-09 09:20:57','[\"products\\/product-25.jpg\",\"products\\/product-52.jpg\"]'),(24,4,32,2.00,'As a developer I reviewed this script. This is really awesome ecommerce script. I have convinced when I noticed that it\'s built on fully WordPress concept.','published','2023-11-09 09:20:57','2023-11-09 09:20:57','[\"products\\/product-55.jpg\"]'),(25,4,71,1.00,'Second or third time that I buy a Botble product, happy with the products and support. You guys do a good job :)','published','2023-11-09 09:20:57','2023-11-09 09:20:57','[\"products\\/product-20.jpg\"]'),(26,7,6,1.00,'This script is well coded and is super fast. The support is pretty quick. Very patient and helpful team. I strongly recommend it and they deserve more than 5 stars.','published','2023-11-09 09:20:57','2023-11-09 09:20:57','[\"products\\/product-31.jpg\",\"products\\/product-72.jpg\"]'),(27,1,62,2.00,'Good app, good backup service and support. Good documentation.','published','2023-11-09 09:20:57','2023-11-09 09:20:57','[\"products\\/product-59.jpg\",\"products\\/product-65.jpg\",\"products\\/product-67.jpg\"]'),(28,8,3,3.00,'Great system, great support, good job Botble. I\'m looking forward to more great functional plugins.','published','2023-11-09 09:20:57','2023-11-09 09:20:57','[\"products\\/product-34.jpg\",\"products\\/product-54.jpg\"]'),(29,3,70,5.00,'We have received brilliant service support and will be expanding the features with the developer. Nice product!','published','2023-11-09 09:20:57','2023-11-09 09:20:57','[\"products\\/product-71.jpg\",\"products\\/product-72.jpg\"]'),(30,7,37,2.00,'Ok good product. I have some issues in customizations. But its not correct to blame the developer. The product is good. Good luck for your business.','published','2023-11-09 09:20:57','2023-11-09 09:20:57','[\"products\\/product-63.jpg\",\"products\\/product-82.jpg\",\"products\\/product-90.jpg\"]'),(31,6,42,4.00,'Best ecommerce CMS online store!','published','2023-11-09 09:20:57','2023-11-09 09:20:57','[\"products\\/product-12.jpg\",\"products\\/product-24.jpg\",\"products\\/product-56.jpg\",\"products\\/product-91.jpg\"]'),(32,1,2,1.00,'Ok good product. I have some issues in customizations. But its not correct to blame the developer. The product is good. Good luck for your business.','published','2023-11-09 09:20:57','2023-11-09 09:20:57','[\"products\\/product-34.jpg\"]'),(33,4,60,1.00,'Customer Support are grade (A*), however the code is a way too over engineered for it\'s purpose.','published','2023-11-09 09:20:57','2023-11-09 09:20:57','[\"products\\/product-1.jpg\",\"products\\/product-14.jpg\",\"products\\/product-16.jpg\",\"products\\/product-26.jpg\"]'),(34,10,46,4.00,'Solution is too robust for our purpose so we didn\'t use it at the end. But I appreciate customer support during initial configuration.','published','2023-11-09 09:20:57','2023-11-09 09:20:57','[\"products\\/product-36.jpg\",\"products\\/product-69.jpg\"]'),(35,4,9,2.00,'Amazing code, amazing support. Overall, im really confident in Botble and im happy I made the right choice! Thank you so much guys for coding this masterpiece','published','2023-11-09 09:20:57','2023-11-09 09:20:57','[\"products\\/product-2.jpg\",\"products\\/product-7.jpg\"]'),(36,8,71,3.00,'This web app is really good in design, code quality & features. Besides, the customer support provided by the Botble team was really fast & helpful. You guys are awesome!','published','2023-11-09 09:20:57','2023-11-09 09:20:57','[\"products\\/product-10.jpg\",\"products\\/product-21.jpg\",\"products\\/product-59.jpg\"]'),(37,4,56,2.00,'For me the best eCommerce script on Envato at this moment: modern, clean code, a lot of great features. The customer support is great too: I always get an answer within hours!','published','2023-11-09 09:20:57','2023-11-09 09:20:57','[\"products\\/product-10.jpg\",\"products\\/product-13.jpg\"]'),(38,7,16,1.00,'This script is well coded and is super fast. The support is pretty quick. Very patient and helpful team. I strongly recommend it and they deserve more than 5 stars.','published','2023-11-09 09:20:57','2023-11-09 09:20:57','[\"products\\/product-63.jpg\"]'),(39,9,64,5.00,'As a developer I reviewed this script. This is really awesome ecommerce script. I have convinced when I noticed that it\'s built on fully WordPress concept.','published','2023-11-09 09:20:57','2023-11-09 09:20:57','[\"products\\/product-22.jpg\",\"products\\/product-55.jpg\",\"products\\/product-86.jpg\"]'),(40,4,36,1.00,'The script is the best of its class, fast, easy to implement and work with , and the most important thing is the great support team , Recommend with no doubt.','published','2023-11-09 09:20:57','2023-11-09 09:20:57','[\"products\\/product-12.jpg\",\"products\\/product-42.jpg\",\"products\\/product-78.jpg\",\"products\\/product-85.jpg\"]'),(41,7,21,5.00,'The script is the best of its class, fast, easy to implement and work with , and the most important thing is the great support team , Recommend with no doubt.','published','2023-11-09 09:20:57','2023-11-09 09:20:57','[\"products\\/product-20.jpg\",\"products\\/product-70.jpg\",\"products\\/product-77.jpg\",\"products\\/product-90.jpg\"]'),(42,7,55,4.00,'As a developer I reviewed this script. This is really awesome ecommerce script. I have convinced when I noticed that it\'s built on fully WordPress concept.','published','2023-11-09 09:20:57','2023-11-09 09:20:57','[\"products\\/product-77.jpg\"]'),(43,10,40,5.00,'Perfect +++++++++ i love it really also i get to fast ticket answers... Thanks Lot BOTBLE Teams','published','2023-11-09 09:20:57','2023-11-09 09:20:57','[\"products\\/pla-product-03.jpg\",\"products\\/product-38.jpg\",\"products\\/product-39.jpg\",\"products\\/product-59.jpg\"]'),(44,7,36,2.00,'This script is well coded and is super fast. The support is pretty quick. Very patient and helpful team. I strongly recommend it and they deserve more than 5 stars.','published','2023-11-09 09:20:57','2023-11-09 09:20:57','[\"products\\/product-29.jpg\"]'),(45,2,69,3.00,'This web app is really good in design, code quality & features. Besides, the customer support provided by the Botble team was really fast & helpful. You guys are awesome!','published','2023-11-09 09:20:57','2023-11-09 09:20:57','[\"products\\/product-2.jpg\",\"products\\/product-20.jpg\",\"products\\/product-35.jpg\",\"products\\/product-73.jpg\"]'),(46,8,9,4.00,'As a developer I reviewed this script. This is really awesome ecommerce script. I have convinced when I noticed that it\'s built on fully WordPress concept.','published','2023-11-09 09:20:57','2023-11-09 09:20:57','[\"products\\/product-27.jpg\"]'),(47,3,49,4.00,'Second or third time that I buy a Botble product, happy with the products and support. You guys do a good job :)','published','2023-11-09 09:20:57','2023-11-09 09:20:57','[\"products\\/product-76.jpg\"]'),(48,1,71,5.00,'Cool template. Excellent code quality. The support responds very quickly, which is very rare on themeforest and codecanyon.net, I buy a lot of templates, and everyone will have a response from technical support for two or three days. Thanks to tech support. I recommend to buy.','published','2023-11-09 09:20:57','2023-11-09 09:20:57','[\"products\\/product-36.jpg\",\"products\\/product-38.jpg\",\"products\\/product-53.jpg\",\"products\\/product-73.jpg\"]'),(49,7,9,3.00,'Great system, great support, good job Botble. I\'m looking forward to more great functional plugins.','published','2023-11-09 09:20:57','2023-11-09 09:20:57','[\"products\\/product-22.jpg\",\"products\\/product-41.jpg\",\"products\\/product-42.jpg\"]'),(50,4,61,3.00,'Great E-commerce system. And much more : Wonderful Customer Support.','published','2023-11-09 09:20:57','2023-11-09 09:20:57','[\"products\\/product-58.jpg\",\"products\\/product-66.jpg\",\"products\\/product-78.jpg\",\"products\\/product-95.jpg\"]'),(51,2,22,4.00,'Second or third time that I buy a Botble product, happy with the products and support. You guys do a good job :)','published','2023-11-09 09:20:57','2023-11-09 09:20:57','[\"products\\/product-45.jpg\"]'),(52,4,57,2.00,'Solution is too robust for our purpose so we didn\'t use it at the end. But I appreciate customer support during initial configuration.','published','2023-11-09 09:20:57','2023-11-09 09:20:57','[\"products\\/pla-product-01.jpg\",\"products\\/product-29.jpg\"]'),(53,6,69,2.00,'Solution is too robust for our purpose so we didn\'t use it at the end. But I appreciate customer support during initial configuration.','published','2023-11-09 09:20:57','2023-11-09 09:20:57','[\"products\\/product-92.jpg\"]'),(54,5,25,2.00,'Perfect +++++++++ i love it really also i get to fast ticket answers... Thanks Lot BOTBLE Teams','published','2023-11-09 09:20:57','2023-11-09 09:20:57','[\"products\\/product-11.jpg\",\"products\\/product-13.jpg\",\"products\\/product-63.jpg\",\"products\\/product-91.jpg\"]'),(55,10,12,4.00,'Perfect +++++++++ i love it really also i get to fast ticket answers... Thanks Lot BOTBLE Teams','published','2023-11-09 09:20:57','2023-11-09 09:20:57','[\"products\\/product-11.jpg\",\"products\\/product-61.jpg\",\"products\\/product-86.jpg\"]'),(56,8,29,2.00,'Amazing code, amazing support. Overall, im really confident in Botble and im happy I made the right choice! Thank you so much guys for coding this masterpiece','published','2023-11-09 09:20:57','2023-11-09 09:20:57','[\"products\\/product-33.jpg\",\"products\\/product-76.jpg\",\"products\\/product-77.jpg\"]'),(57,5,59,1.00,'Amazing code, amazing support. Overall, im really confident in Botble and im happy I made the right choice! Thank you so much guys for coding this masterpiece','published','2023-11-09 09:20:57','2023-11-09 09:20:57','[\"products\\/pla-product-02.jpg\",\"products\\/product-18.jpg\",\"products\\/product-62.jpg\"]'),(58,10,24,4.00,'Best ecommerce CMS online store!','published','2023-11-09 09:20:57','2023-11-09 09:20:57','[\"products\\/product-28.jpg\",\"products\\/product-57.jpg\"]'),(59,10,34,3.00,'Very enthusiastic support! Excellent code is written. It\'s a true pleasure working with.','published','2023-11-09 09:20:57','2023-11-09 09:20:57','[\"products\\/product-69.jpg\",\"products\\/product-71.jpg\",\"products\\/product-82.jpg\"]'),(60,6,53,2.00,'Customer Support are grade (A*), however the code is a way too over engineered for it\'s purpose.','published','2023-11-09 09:20:57','2023-11-09 09:20:57','[\"products\\/product-76.jpg\"]'),(61,6,71,3.00,'It\'s not my first experience here on Codecanyon and I can honestly tell you all that Botble puts a LOT of effort into the support. They answer so fast, they helped me tons of times. REALLY by far THE BEST EXPERIENCE on Codecanyon. Those guys at Botble are so good that they deserve 5 stars. I recommend them, I trust them and I can\'t wait to see what they will sell in a near future. Thank you Botble :)','published','2023-11-09 09:20:57','2023-11-09 09:20:57','[\"products\\/product-13.jpg\",\"products\\/product-41.jpg\",\"products\\/product-44.jpg\",\"products\\/product-95.jpg\"]'),(62,3,18,2.00,'It\'s not my first experience here on Codecanyon and I can honestly tell you all that Botble puts a LOT of effort into the support. They answer so fast, they helped me tons of times. REALLY by far THE BEST EXPERIENCE on Codecanyon. Those guys at Botble are so good that they deserve 5 stars. I recommend them, I trust them and I can\'t wait to see what they will sell in a near future. Thank you Botble :)','published','2023-11-09 09:20:57','2023-11-09 09:20:57','[\"products\\/pla-product-02.jpg\",\"products\\/product-30.jpg\",\"products\\/product-35.jpg\"]'),(63,1,46,4.00,'Second or third time that I buy a Botble product, happy with the products and support. You guys do a good job :)','published','2023-11-09 09:20:57','2023-11-09 09:20:57','[\"products\\/product-11.jpg\",\"products\\/product-40.jpg\"]'),(64,9,56,4.00,'The script is the best of its class, fast, easy to implement and work with , and the most important thing is the great support team , Recommend with no doubt.','published','2023-11-09 09:20:57','2023-11-09 09:20:57','[\"products\\/product-10.jpg\",\"products\\/product-50.jpg\",\"products\\/product-74.jpg\"]'),(65,4,14,5.00,'This script is well coded and is super fast. The support is pretty quick. Very patient and helpful team. I strongly recommend it and they deserve more than 5 stars.','published','2023-11-09 09:20:57','2023-11-09 09:20:57','[\"products\\/product-30.jpg\",\"products\\/product-37.jpg\",\"products\\/product-53.jpg\",\"products\\/product-85.jpg\"]'),(66,9,11,5.00,'I Love this Script. I also found how to add other fees. Now I just wait the BIG update for the Marketplace with the Bulk Import. Just do not forget to make it to be Multi-language for us the Botble Fans.','published','2023-11-09 09:20:57','2023-11-09 09:20:57','[\"products\\/product-71.jpg\"]'),(67,3,34,3.00,'For me the best eCommerce script on Envato at this moment: modern, clean code, a lot of great features. The customer support is great too: I always get an answer within hours!','published','2023-11-09 09:20:57','2023-11-09 09:20:57','[\"products\\/product-82.jpg\",\"products\\/product-86.jpg\"]'),(68,1,16,2.00,'The script is the best of its class, fast, easy to implement and work with , and the most important thing is the great support team , Recommend with no doubt.','published','2023-11-09 09:20:57','2023-11-09 09:20:57','[\"products\\/product-43.jpg\",\"products\\/product-55.jpg\",\"products\\/product-63.jpg\",\"products\\/product-81.jpg\"]'),(71,10,48,3.00,'Customer Support are grade (A*), however the code is a way too over engineered for it\'s purpose.','published','2023-11-09 09:20:57','2023-11-09 09:20:57','[\"products\\/product-48.jpg\",\"products\\/product-66.jpg\",\"products\\/product-75.jpg\",\"products\\/product-79.jpg\"]'),(72,5,33,1.00,'Very enthusiastic support! Excellent code is written. It\'s a true pleasure working with.','published','2023-11-09 09:20:57','2023-11-09 09:20:57','[\"products\\/pla-product-01.jpg\",\"products\\/product-52.jpg\",\"products\\/product-72.jpg\"]'),(73,5,47,5.00,'Those guys now what they are doing, the release such a good product that it\'s a pleasure to work with ! Even when I was stuck on the project, I created a ticket and the next day it was replied by the team. GOOD JOB guys. I love working with them :)','published','2023-11-09 09:20:57','2023-11-09 09:20:57','[\"products\\/product-11.jpg\",\"products\\/product-16.jpg\",\"products\\/product-86.jpg\",\"products\\/product-94.jpg\"]'),(75,1,36,1.00,'For me the best eCommerce script on Envato at this moment: modern, clean code, a lot of great features. The customer support is great too: I always get an answer within hours!','published','2023-11-09 09:20:57','2023-11-09 09:20:57','[\"products\\/product-27.jpg\"]'),(76,1,52,4.00,'Perfect +++++++++ i love it really also i get to fast ticket answers... Thanks Lot BOTBLE Teams','published','2023-11-09 09:20:57','2023-11-09 09:20:57','[\"products\\/product-29.jpg\",\"products\\/product-76.jpg\",\"products\\/product-88.jpg\",\"products\\/product-94.jpg\"]'),(77,4,69,1.00,'Solution is too robust for our purpose so we didn\'t use it at the end. But I appreciate customer support during initial configuration.','published','2023-11-09 09:20:57','2023-11-09 09:20:57','[\"products\\/product-79.jpg\",\"products\\/product-95.jpg\"]'),(78,6,15,5.00,'The best store template! Excellent coding! Very good support! Thank you so much for all the help, I really appreciated.','published','2023-11-09 09:20:57','2023-11-09 09:20:57','[\"products\\/product-20.jpg\"]'),(79,9,19,1.00,'The code is good, in general, if you like it, can you give it 5 stars?','published','2023-11-09 09:20:57','2023-11-09 09:20:57','[\"products\\/product-7.jpg\",\"products\\/product-25.jpg\",\"products\\/product-48.jpg\",\"products\\/product-49.jpg\"]'),(80,9,51,2.00,'We have received brilliant service support and will be expanding the features with the developer. Nice product!','published','2023-11-09 09:20:57','2023-11-09 09:20:57','[\"products\\/product-49.jpg\",\"products\\/product-57.jpg\",\"products\\/product-74.jpg\",\"products\\/product-89.jpg\"]'),(82,5,53,2.00,'We have received brilliant service support and will be expanding the features with the developer. Nice product!','published','2023-11-09 09:20:57','2023-11-09 09:20:57','[\"products\\/product-10.jpg\"]'),(83,9,52,5.00,'Those guys now what they are doing, the release such a good product that it\'s a pleasure to work with ! Even when I was stuck on the project, I created a ticket and the next day it was replied by the team. GOOD JOB guys. I love working with them :)','published','2023-11-09 09:20:57','2023-11-09 09:20:57','[\"products\\/product-19.jpg\"]'),(84,9,2,1.00,'I Love this Script. I also found how to add other fees. Now I just wait the BIG update for the Marketplace with the Bulk Import. Just do not forget to make it to be Multi-language for us the Botble Fans.','published','2023-11-09 09:20:57','2023-11-09 09:20:57','[\"products\\/product-39.jpg\",\"products\\/product-74.jpg\",\"products\\/product-82.jpg\",\"products\\/product-93.jpg\"]'),(85,2,9,2.00,'For me the best eCommerce script on Envato at this moment: modern, clean code, a lot of great features. The customer support is great too: I always get an answer within hours!','published','2023-11-09 09:20:57','2023-11-09 09:20:57','[\"products\\/product-73.jpg\"]'),(86,2,50,1.00,'Great E-commerce system. And much more : Wonderful Customer Support.','published','2023-11-09 09:20:57','2023-11-09 09:20:57','[\"products\\/product-38.jpg\",\"products\\/product-59.jpg\",\"products\\/product-83.jpg\"]'),(87,6,21,5.00,'These guys are amazing! Responses immediately, amazing support and help... I immediately feel at ease after Purchasing..','published','2023-11-09 09:20:57','2023-11-09 09:20:57','[\"products\\/product-67.jpg\"]'),(88,4,24,1.00,'Clean & perfect source code','published','2023-11-09 09:20:57','2023-11-09 09:20:57','[\"products\\/product-10.jpg\",\"products\\/product-56.jpg\"]'),(89,2,66,5.00,'Amazing code, amazing support. Overall, im really confident in Botble and im happy I made the right choice! Thank you so much guys for coding this masterpiece','published','2023-11-09 09:20:57','2023-11-09 09:20:57','[\"products\\/product-9.jpg\",\"products\\/product-30.jpg\",\"products\\/product-67.jpg\"]'),(90,6,58,5.00,'As a developer I reviewed this script. This is really awesome ecommerce script. I have convinced when I noticed that it\'s built on fully WordPress concept.','published','2023-11-09 09:20:57','2023-11-09 09:20:57','[\"products\\/product-25.jpg\",\"products\\/product-88.jpg\"]'),(91,9,74,5.00,'It\'s not my first experience here on Codecanyon and I can honestly tell you all that Botble puts a LOT of effort into the support. They answer so fast, they helped me tons of times. REALLY by far THE BEST EXPERIENCE on Codecanyon. Those guys at Botble are so good that they deserve 5 stars. I recommend them, I trust them and I can\'t wait to see what they will sell in a near future. Thank you Botble :)','published','2023-11-09 09:20:57','2023-11-09 09:20:57','[\"products\\/pla-product-01.jpg\",\"products\\/product-27.jpg\",\"products\\/product-84.jpg\"]'),(92,6,49,1.00,'Perfect +++++++++ i love it really also i get to fast ticket answers... Thanks Lot BOTBLE Teams','published','2023-11-09 09:20:57','2023-11-09 09:20:57','[\"products\\/product-43.jpg\",\"products\\/product-50.jpg\",\"products\\/product-91.jpg\"]'),(93,2,41,4.00,'The best store template! Excellent coding! Very good support! Thank you so much for all the help, I really appreciated.','published','2023-11-09 09:20:57','2023-11-09 09:20:57','[\"products\\/pla-product-04.jpg\",\"products\\/product-25.jpg\"]'),(94,10,72,5.00,'We have received brilliant service support and will be expanding the features with the developer. Nice product!','published','2023-11-09 09:20:57','2023-11-09 09:20:57','[\"products\\/product-5.jpg\",\"products\\/product-34.jpg\",\"products\\/product-35.jpg\",\"products\\/product-71.jpg\"]'),(95,5,52,3.00,'Great E-commerce system. And much more : Wonderful Customer Support.','published','2023-11-09 09:20:57','2023-11-09 09:20:57','[\"products\\/pla-product-01.jpg\",\"products\\/product-50.jpg\",\"products\\/product-70.jpg\"]'),(96,6,74,3.00,'For me the best eCommerce script on Envato at this moment: modern, clean code, a lot of great features. The customer support is great too: I always get an answer within hours!','published','2023-11-09 09:20:57','2023-11-09 09:20:57','[\"products\\/product-51.jpg\",\"products\\/product-59.jpg\"]'),(97,7,73,2.00,'Customer Support are grade (A*), however the code is a way too over engineered for it\'s purpose.','published','2023-11-09 09:20:57','2023-11-09 09:20:57','[\"products\\/product-10.jpg\",\"products\\/product-45.jpg\",\"products\\/product-84.jpg\"]'),(98,9,16,2.00,'For me the best eCommerce script on Envato at this moment: modern, clean code, a lot of great features. The customer support is great too: I always get an answer within hours!','published','2023-11-09 09:20:57','2023-11-09 09:20:57','[\"products\\/product-60.jpg\",\"products\\/product-61.jpg\"]'),(99,1,51,3.00,'Best ecommerce CMS online store!','published','2023-11-09 09:20:57','2023-11-09 09:20:57','[\"products\\/product-40.jpg\",\"products\\/product-49.jpg\"]'),(100,7,3,4.00,'Clean & perfect source code','published','2023-11-09 09:20:57','2023-11-09 09:20:57','[\"products\\/product-9.jpg\",\"products\\/product-10.jpg\",\"products\\/product-14.jpg\",\"products\\/product-88.jpg\"]'),(101,2,1,5.00,'As a developer I reviewed this script. This is really awesome ecommerce script. I have convinced when I noticed that it\'s built on fully WordPress concept.','published','2023-11-09 09:20:57','2023-11-09 09:20:57','[\"products\\/product-8.jpg\",\"products\\/product-30.jpg\",\"products\\/product-62.jpg\"]'),(102,8,22,4.00,'Customer Support are grade (A*), however the code is a way too over engineered for it\'s purpose.','published','2023-11-09 09:20:57','2023-11-09 09:20:57','[\"products\\/product-51.jpg\",\"products\\/product-62.jpg\",\"products\\/product-69.jpg\",\"products\\/product-89.jpg\"]'),(104,10,67,5.00,'Very enthusiastic support! Excellent code is written. It\'s a true pleasure working with.','published','2023-11-09 09:20:57','2023-11-09 09:20:57','[\"products\\/product-19.jpg\"]'),(106,3,21,2.00,'Amazing code, amazing support. Overall, im really confident in Botble and im happy I made the right choice! Thank you so much guys for coding this masterpiece','published','2023-11-09 09:20:57','2023-11-09 09:20:57','[\"products\\/product-52.jpg\",\"products\\/product-72.jpg\",\"products\\/product-95.jpg\"]'),(107,7,35,3.00,'Great E-commerce system. And much more : Wonderful Customer Support.','published','2023-11-09 09:20:57','2023-11-09 09:20:57','[\"products\\/pla-product-01.jpg\",\"products\\/product-28.jpg\",\"products\\/product-94.jpg\"]'),(108,9,75,2.00,'Those guys now what they are doing, the release such a good product that it\'s a pleasure to work with ! Even when I was stuck on the project, I created a ticket and the next day it was replied by the team. GOOD JOB guys. I love working with them :)','published','2023-11-09 09:20:57','2023-11-09 09:20:57','[\"products\\/product-20.jpg\",\"products\\/product-60.jpg\"]'),(109,6,27,2.00,'Customer Support are grade (A*), however the code is a way too over engineered for it\'s purpose.','published','2023-11-09 09:20:57','2023-11-09 09:20:57','[\"products\\/pla-product-02.jpg\",\"products\\/product-7.jpg\"]'),(110,4,70,2.00,'Great system, great support, good job Botble. I\'m looking forward to more great functional plugins.','published','2023-11-09 09:20:57','2023-11-09 09:20:57','[\"products\\/pla-product-01.jpg\",\"products\\/pla-product-03.jpg\",\"products\\/product-49.jpg\",\"products\\/product-57.jpg\"]'),(111,5,74,3.00,'I Love this Script. I also found how to add other fees. Now I just wait the BIG update for the Marketplace with the Bulk Import. Just do not forget to make it to be Multi-language for us the Botble Fans.','published','2023-11-09 09:20:57','2023-11-09 09:20:57','[\"products\\/product-13.jpg\",\"products\\/product-28.jpg\",\"products\\/product-59.jpg\",\"products\\/product-69.jpg\"]'),(112,9,71,2.00,'Very enthusiastic support! Excellent code is written. It\'s a true pleasure working with.','published','2023-11-09 09:20:57','2023-11-09 09:20:57','[\"products\\/product-38.jpg\",\"products\\/product-45.jpg\",\"products\\/product-70.jpg\",\"products\\/product-75.jpg\"]'),(113,9,8,3.00,'Amazing code, amazing support. Overall, im really confident in Botble and im happy I made the right choice! Thank you so much guys for coding this masterpiece','published','2023-11-09 09:20:57','2023-11-09 09:20:57','[\"products\\/product-58.jpg\",\"products\\/product-61.jpg\"]'),(114,6,24,5.00,'Amazing code, amazing support. Overall, im really confident in Botble and im happy I made the right choice! Thank you so much guys for coding this masterpiece','published','2023-11-09 09:20:57','2023-11-09 09:20:57','[\"products\\/product-10.jpg\",\"products\\/product-36.jpg\",\"products\\/product-69.jpg\"]'),(116,2,10,5.00,'Customer Support are grade (A*), however the code is a way too over engineered for it\'s purpose.','published','2023-11-09 09:20:57','2023-11-09 09:20:57','[\"products\\/product-14.jpg\",\"products\\/product-47.jpg\",\"products\\/product-69.jpg\"]'),(117,7,68,5.00,'Amazing code, amazing support. Overall, im really confident in Botble and im happy I made the right choice! Thank you so much guys for coding this masterpiece','published','2023-11-09 09:20:57','2023-11-09 09:20:57','[\"products\\/product-4.jpg\",\"products\\/product-69.jpg\",\"products\\/product-90.jpg\"]'),(119,4,41,5.00,'Clean & perfect source code','published','2023-11-09 09:20:57','2023-11-09 09:20:57','[\"products\\/product-10.jpg\",\"products\\/product-11.jpg\",\"products\\/product-18.jpg\",\"products\\/product-80.jpg\"]'),(120,1,34,4.00,'The script is the best of its class, fast, easy to implement and work with , and the most important thing is the great support team , Recommend with no doubt.','published','2023-11-09 09:20:57','2023-11-09 09:20:57','[\"products\\/product-73.jpg\"]'),(121,8,53,4.00,'Cool template. Excellent code quality. The support responds very quickly, which is very rare on themeforest and codecanyon.net, I buy a lot of templates, and everyone will have a response from technical support for two or three days. Thanks to tech support. I recommend to buy.','published','2023-11-09 09:20:57','2023-11-09 09:20:57','[\"products\\/product-23.jpg\",\"products\\/product-24.jpg\",\"products\\/product-52.jpg\",\"products\\/product-61.jpg\"]'),(122,1,22,4.00,'Perfect +++++++++ i love it really also i get to fast ticket answers... Thanks Lot BOTBLE Teams','published','2023-11-09 09:20:57','2023-11-09 09:20:57','[\"products\\/product-1.jpg\",\"products\\/product-36.jpg\",\"products\\/product-57.jpg\",\"products\\/product-89.jpg\"]'),(123,10,32,1.00,'Best ecommerce CMS online store!','published','2023-11-09 09:20:57','2023-11-09 09:20:57','[\"products\\/product-7.jpg\"]'),(124,2,28,5.00,'This web app is really good in design, code quality & features. Besides, the customer support provided by the Botble team was really fast & helpful. You guys are awesome!','published','2023-11-09 09:20:57','2023-11-09 09:20:57','[\"products\\/product-59.jpg\"]'),(125,3,62,5.00,'Clean & perfect source code','published','2023-11-09 09:20:57','2023-11-09 09:20:57','[\"products\\/product-36.jpg\",\"products\\/product-76.jpg\",\"products\\/product-87.jpg\"]'),(126,6,52,4.00,'Those guys now what they are doing, the release such a good product that it\'s a pleasure to work with ! Even when I was stuck on the project, I created a ticket and the next day it was replied by the team. GOOD JOB guys. I love working with them :)','published','2023-11-09 09:20:57','2023-11-09 09:20:57','[\"products\\/product-83.jpg\"]'),(127,8,62,5.00,'Very enthusiastic support! Excellent code is written. It\'s a true pleasure working with.','published','2023-11-09 09:20:57','2023-11-09 09:20:57','[\"products\\/pla-product-03.jpg\",\"products\\/product-5.jpg\",\"products\\/product-52.jpg\",\"products\\/product-91.jpg\"]'),(130,10,37,3.00,'Solution is too robust for our purpose so we didn\'t use it at the end. But I appreciate customer support during initial configuration.','published','2023-11-09 09:20:57','2023-11-09 09:20:57','[\"products\\/product-9.jpg\",\"products\\/product-25.jpg\",\"products\\/product-30.jpg\",\"products\\/product-42.jpg\"]'),(131,5,2,3.00,'For me the best eCommerce script on Envato at this moment: modern, clean code, a lot of great features. The customer support is great too: I always get an answer within hours!','published','2023-11-09 09:20:57','2023-11-09 09:20:57','[\"products\\/product-1.jpg\"]'),(132,2,64,1.00,'Great system, great support, good job Botble. I\'m looking forward to more great functional plugins.','published','2023-11-09 09:20:57','2023-11-09 09:20:57','[\"products\\/product-63.jpg\",\"products\\/product-70.jpg\",\"products\\/product-89.jpg\"]'),(134,10,5,3.00,'I Love this Script. I also found how to add other fees. Now I just wait the BIG update for the Marketplace with the Bulk Import. Just do not forget to make it to be Multi-language for us the Botble Fans.','published','2023-11-09 09:20:57','2023-11-09 09:20:57','[\"products\\/product-16.jpg\",\"products\\/product-60.jpg\",\"products\\/product-89.jpg\"]'),(135,4,19,1.00,'Ok good product. I have some issues in customizations. But its not correct to blame the developer. The product is good. Good luck for your business.','published','2023-11-09 09:20:57','2023-11-09 09:20:57','[\"products\\/product-55.jpg\",\"products\\/product-60.jpg\",\"products\\/product-79.jpg\"]'),(137,3,42,1.00,'Those guys now what they are doing, the release such a good product that it\'s a pleasure to work with ! Even when I was stuck on the project, I created a ticket and the next day it was replied by the team. GOOD JOB guys. I love working with them :)','published','2023-11-09 09:20:57','2023-11-09 09:20:57','[\"products\\/product-45.jpg\",\"products\\/product-89.jpg\"]'),(138,1,40,2.00,'It\'s not my first experience here on Codecanyon and I can honestly tell you all that Botble puts a LOT of effort into the support. They answer so fast, they helped me tons of times. REALLY by far THE BEST EXPERIENCE on Codecanyon. Those guys at Botble are so good that they deserve 5 stars. I recommend them, I trust them and I can\'t wait to see what they will sell in a near future. Thank you Botble :)','published','2023-11-09 09:20:57','2023-11-09 09:20:57','[\"products\\/product-45.jpg\"]'),(139,9,63,3.00,'The best store template! Excellent coding! Very good support! Thank you so much for all the help, I really appreciated.','published','2023-11-09 09:20:57','2023-11-09 09:20:57','[\"products\\/product-33.jpg\"]'),(140,2,74,3.00,'The best store template! Excellent coding! Very good support! Thank you so much for all the help, I really appreciated.','published','2023-11-09 09:20:57','2023-11-09 09:20:57','[\"products\\/product-24.jpg\",\"products\\/product-48.jpg\",\"products\\/product-75.jpg\"]'),(141,7,4,4.00,'The code is good, in general, if you like it, can you give it 5 stars?','published','2023-11-09 09:20:57','2023-11-09 09:20:57','[\"products\\/product-10.jpg\",\"products\\/product-27.jpg\",\"products\\/product-58.jpg\",\"products\\/product-64.jpg\"]'),(143,5,63,1.00,'Second or third time that I buy a Botble product, happy with the products and support. You guys do a good job :)','published','2023-11-09 09:20:57','2023-11-09 09:20:57','[\"products\\/product-38.jpg\"]'),(144,5,8,1.00,'Solution is too robust for our purpose so we didn\'t use it at the end. But I appreciate customer support during initial configuration.','published','2023-11-09 09:20:57','2023-11-09 09:20:57','[\"products\\/product-45.jpg\",\"products\\/product-49.jpg\",\"products\\/product-83.jpg\"]'),(145,3,26,1.00,'Those guys now what they are doing, the release such a good product that it\'s a pleasure to work with ! Even when I was stuck on the project, I created a ticket and the next day it was replied by the team. GOOD JOB guys. I love working with them :)','published','2023-11-09 09:20:57','2023-11-09 09:20:57','[\"products\\/product-10.jpg\",\"products\\/product-47.jpg\"]'),(146,4,13,2.00,'Perfect +++++++++ i love it really also i get to fast ticket answers... Thanks Lot BOTBLE Teams','published','2023-11-09 09:20:57','2023-11-09 09:20:57','[\"products\\/product-10.jpg\",\"products\\/product-14.jpg\",\"products\\/product-69.jpg\"]'),(148,10,30,4.00,'Amazing code, amazing support. Overall, im really confident in Botble and im happy I made the right choice! Thank you so much guys for coding this masterpiece','published','2023-11-09 09:20:57','2023-11-09 09:20:57','[\"products\\/product-13.jpg\",\"products\\/product-73.jpg\"]'),(149,4,62,2.00,'Very enthusiastic support! Excellent code is written. It\'s a true pleasure working with.','published','2023-11-09 09:20:57','2023-11-09 09:20:57','[\"products\\/product-25.jpg\",\"products\\/product-67.jpg\",\"products\\/product-76.jpg\",\"products\\/product-88.jpg\"]'),(150,8,38,5.00,'As a developer I reviewed this script. This is really awesome ecommerce script. I have convinced when I noticed that it\'s built on fully WordPress concept.','published','2023-11-09 09:20:57','2023-11-09 09:20:57','[\"products\\/product-36.jpg\"]'),(151,6,43,4.00,'The script is the best of its class, fast, easy to implement and work with , and the most important thing is the great support team , Recommend with no doubt.','published','2023-11-09 09:20:57','2023-11-09 09:20:57','[\"products\\/product-74.jpg\"]'),(152,5,24,4.00,'I Love this Script. I also found how to add other fees. Now I just wait the BIG update for the Marketplace with the Bulk Import. Just do not forget to make it to be Multi-language for us the Botble Fans.','published','2023-11-09 09:20:57','2023-11-09 09:20:57','[\"products\\/product-71.jpg\",\"products\\/product-86.jpg\"]'),(153,2,38,4.00,'These guys are amazing! Responses immediately, amazing support and help... I immediately feel at ease after Purchasing..','published','2023-11-09 09:20:57','2023-11-09 09:20:57','[\"products\\/product-88.jpg\"]'),(154,9,35,5.00,'Very enthusiastic support! Excellent code is written. It\'s a true pleasure working with.','published','2023-11-09 09:20:57','2023-11-09 09:20:57','[\"products\\/product-13.jpg\",\"products\\/product-58.jpg\",\"products\\/product-72.jpg\"]'),(155,8,15,5.00,'Good app, good backup service and support. Good documentation.','published','2023-11-09 09:20:57','2023-11-09 09:20:57','[\"products\\/product-28.jpg\",\"products\\/product-95.jpg\"]'),(156,9,70,2.00,'Amazing code, amazing support. Overall, im really confident in Botble and im happy I made the right choice! Thank you so much guys for coding this masterpiece','published','2023-11-09 09:20:57','2023-11-09 09:20:57','[\"products\\/product-25.jpg\",\"products\\/product-39.jpg\",\"products\\/product-73.jpg\",\"products\\/product-84.jpg\"]'),(157,4,31,4.00,'For me the best eCommerce script on Envato at this moment: modern, clean code, a lot of great features. The customer support is great too: I always get an answer within hours!','published','2023-11-09 09:20:57','2023-11-09 09:20:57','[\"products\\/product-60.jpg\",\"products\\/product-63.jpg\",\"products\\/product-74.jpg\"]'),(158,7,5,3.00,'This script is well coded and is super fast. The support is pretty quick. Very patient and helpful team. I strongly recommend it and they deserve more than 5 stars.','published','2023-11-09 09:20:57','2023-11-09 09:20:57','[\"products\\/product-40.jpg\",\"products\\/product-47.jpg\",\"products\\/product-73.jpg\"]'),(159,8,54,2.00,'Customer Support are grade (A*), however the code is a way too over engineered for it\'s purpose.','published','2023-11-09 09:20:57','2023-11-09 09:20:57','[\"products\\/product-2.jpg\",\"products\\/product-16.jpg\",\"products\\/product-19.jpg\"]'),(160,9,5,2.00,'Ok good product. I have some issues in customizations. But its not correct to blame the developer. The product is good. Good luck for your business.','published','2023-11-09 09:20:57','2023-11-09 09:20:57','[\"products\\/pla-product-04.jpg\",\"products\\/product-7.jpg\"]'),(161,10,55,4.00,'Those guys now what they are doing, the release such a good product that it\'s a pleasure to work with ! Even when I was stuck on the project, I created a ticket and the next day it was replied by the team. GOOD JOB guys. I love working with them :)','published','2023-11-09 09:20:57','2023-11-09 09:20:57','[\"products\\/product-12.jpg\",\"products\\/product-45.jpg\",\"products\\/product-87.jpg\"]'),(162,5,38,5.00,'The best store template! Excellent coding! Very good support! Thank you so much for all the help, I really appreciated.','published','2023-11-09 09:20:57','2023-11-09 09:20:57','[\"products\\/product-23.jpg\",\"products\\/product-53.jpg\",\"products\\/product-57.jpg\",\"products\\/product-74.jpg\"]'),(163,5,39,1.00,'The best store template! Excellent coding! Very good support! Thank you so much for all the help, I really appreciated.','published','2023-11-09 09:20:57','2023-11-09 09:20:57','[\"products\\/product-72.jpg\",\"products\\/product-81.jpg\"]'),(164,4,37,1.00,'The code is good, in general, if you like it, can you give it 5 stars?','published','2023-11-09 09:20:57','2023-11-09 09:20:57','[\"products\\/product-2.jpg\",\"products\\/product-17.jpg\",\"products\\/product-32.jpg\",\"products\\/product-91.jpg\"]'),(165,4,58,2.00,'Solution is too robust for our purpose so we didn\'t use it at the end. But I appreciate customer support during initial configuration.','published','2023-11-09 09:20:57','2023-11-09 09:20:57','[\"products\\/product-11.jpg\",\"products\\/product-67.jpg\",\"products\\/product-85.jpg\"]'),(166,8,19,1.00,'It\'s not my first experience here on Codecanyon and I can honestly tell you all that Botble puts a LOT of effort into the support. They answer so fast, they helped me tons of times. REALLY by far THE BEST EXPERIENCE on Codecanyon. Those guys at Botble are so good that they deserve 5 stars. I recommend them, I trust them and I can\'t wait to see what they will sell in a near future. Thank you Botble :)','published','2023-11-09 09:20:57','2023-11-09 09:20:57','[\"products\\/product-50.jpg\"]'),(167,2,21,3.00,'It\'s not my first experience here on Codecanyon and I can honestly tell you all that Botble puts a LOT of effort into the support. They answer so fast, they helped me tons of times. REALLY by far THE BEST EXPERIENCE on Codecanyon. Those guys at Botble are so good that they deserve 5 stars. I recommend them, I trust them and I can\'t wait to see what they will sell in a near future. Thank you Botble :)','published','2023-11-09 09:20:57','2023-11-09 09:20:57','[\"products\\/product-67.jpg\"]'),(168,3,40,4.00,'Ok good product. I have some issues in customizations. But its not correct to blame the developer. The product is good. Good luck for your business.','published','2023-11-09 09:20:57','2023-11-09 09:20:57','[\"products\\/product-36.jpg\",\"products\\/product-37.jpg\"]'),(169,4,1,4.00,'This web app is really good in design, code quality & features. Besides, the customer support provided by the Botble team was really fast & helpful. You guys are awesome!','published','2023-11-09 09:20:57','2023-11-09 09:20:57','[\"products\\/product-59.jpg\",\"products\\/product-81.jpg\"]'),(171,3,61,2.00,'Amazing code, amazing support. Overall, im really confident in Botble and im happy I made the right choice! Thank you so much guys for coding this masterpiece','published','2023-11-09 09:20:57','2023-11-09 09:20:57','[\"products\\/product-21.jpg\",\"products\\/product-58.jpg\",\"products\\/product-66.jpg\"]'),(172,9,17,3.00,'These guys are amazing! Responses immediately, amazing support and help... I immediately feel at ease after Purchasing..','published','2023-11-09 09:20:57','2023-11-09 09:20:57','[\"products\\/product-34.jpg\",\"products\\/product-61.jpg\",\"products\\/product-65.jpg\",\"products\\/product-68.jpg\"]'),(173,1,54,1.00,'Great system, great support, good job Botble. I\'m looking forward to more great functional plugins.','published','2023-11-09 09:20:57','2023-11-09 09:20:57','[\"products\\/product-61.jpg\",\"products\\/product-73.jpg\"]'),(174,7,56,2.00,'Clean & perfect source code','published','2023-11-09 09:20:57','2023-11-09 09:20:57','[\"products\\/product-60.jpg\",\"products\\/product-93.jpg\"]'),(175,7,30,5.00,'Perfect +++++++++ i love it really also i get to fast ticket answers... Thanks Lot BOTBLE Teams','published','2023-11-09 09:20:57','2023-11-09 09:20:57','[\"products\\/product-4.jpg\",\"products\\/product-17.jpg\"]'),(176,8,30,3.00,'Very enthusiastic support! Excellent code is written. It\'s a true pleasure working with.','published','2023-11-09 09:20:57','2023-11-09 09:20:57','[\"products\\/product-11.jpg\",\"products\\/product-55.jpg\",\"products\\/product-63.jpg\",\"products\\/product-80.jpg\"]'),(177,6,60,2.00,'Good app, good backup service and support. Good documentation.','published','2023-11-09 09:20:57','2023-11-09 09:20:57','[\"products\\/product-80.jpg\"]'),(179,10,52,3.00,'Good app, good backup service and support. Good documentation.','published','2023-11-09 09:20:57','2023-11-09 09:20:57','[\"products\\/product-8.jpg\",\"products\\/product-32.jpg\",\"products\\/product-35.jpg\"]'),(180,6,25,2.00,'I Love this Script. I also found how to add other fees. Now I just wait the BIG update for the Marketplace with the Bulk Import. Just do not forget to make it to be Multi-language for us the Botble Fans.','published','2023-11-09 09:20:57','2023-11-09 09:20:57','[\"products\\/product-1.jpg\",\"products\\/product-36.jpg\"]'),(181,8,2,5.00,'The code is good, in general, if you like it, can you give it 5 stars?','published','2023-11-09 09:20:57','2023-11-09 09:20:57','[\"products\\/product-93.jpg\"]'),(183,10,44,1.00,'This script is well coded and is super fast. The support is pretty quick. Very patient and helpful team. I strongly recommend it and they deserve more than 5 stars.','published','2023-11-09 09:20:57','2023-11-09 09:20:57','[\"products\\/product-7.jpg\",\"products\\/product-68.jpg\",\"products\\/product-82.jpg\",\"products\\/product-91.jpg\"]'),(184,9,33,1.00,'Solution is too robust for our purpose so we didn\'t use it at the end. But I appreciate customer support during initial configuration.','published','2023-11-09 09:20:57','2023-11-09 09:20:57','[\"products\\/pla-product-04.jpg\"]'),(185,8,47,4.00,'Very enthusiastic support! Excellent code is written. It\'s a true pleasure working with.','published','2023-11-09 09:20:57','2023-11-09 09:20:57','[\"products\\/product-24.jpg\",\"products\\/product-32.jpg\",\"products\\/product-48.jpg\",\"products\\/product-54.jpg\"]'),(186,7,43,4.00,'Ok good product. I have some issues in customizations. But its not correct to blame the developer. The product is good. Good luck for your business.','published','2023-11-09 09:20:57','2023-11-09 09:20:57','[\"products\\/product-21.jpg\"]'),(187,10,18,1.00,'The script is the best of its class, fast, easy to implement and work with , and the most important thing is the great support team , Recommend with no doubt.','published','2023-11-09 09:20:57','2023-11-09 09:20:57','[\"products\\/product-54.jpg\",\"products\\/product-59.jpg\",\"products\\/product-76.jpg\",\"products\\/product-77.jpg\"]'),(188,3,22,4.00,'This script is well coded and is super fast. The support is pretty quick. Very patient and helpful team. I strongly recommend it and they deserve more than 5 stars.','published','2023-11-09 09:20:57','2023-11-09 09:20:57','[\"products\\/product-30.jpg\",\"products\\/product-32.jpg\",\"products\\/product-52.jpg\",\"products\\/product-88.jpg\"]'),(189,3,2,3.00,'This web app is really good in design, code quality & features. Besides, the customer support provided by the Botble team was really fast & helpful. You guys are awesome!','published','2023-11-09 09:20:57','2023-11-09 09:20:57','[\"products\\/product-43.jpg\"]'),(190,7,25,1.00,'Clean & perfect source code','published','2023-11-09 09:20:57','2023-11-09 09:20:57','[\"products\\/product-88.jpg\"]'),(191,5,17,3.00,'Those guys now what they are doing, the release such a good product that it\'s a pleasure to work with ! Even when I was stuck on the project, I created a ticket and the next day it was replied by the team. GOOD JOB guys. I love working with them :)','published','2023-11-09 09:20:57','2023-11-09 09:20:57','[\"products\\/product-32.jpg\",\"products\\/product-40.jpg\",\"products\\/product-83.jpg\",\"products\\/product-87.jpg\"]'),(192,9,9,4.00,'Good app, good backup service and support. Good documentation.','published','2023-11-09 09:20:57','2023-11-09 09:20:57','[\"products\\/product-12.jpg\"]'),(193,6,40,4.00,'The best store template! Excellent coding! Very good support! Thank you so much for all the help, I really appreciated.','published','2023-11-09 09:20:57','2023-11-09 09:20:57','[\"products\\/product-88.jpg\"]'),(194,2,40,2.00,'We have received brilliant service support and will be expanding the features with the developer. Nice product!','published','2023-11-09 09:20:57','2023-11-09 09:20:57','[\"products\\/product-25.jpg\",\"products\\/product-70.jpg\",\"products\\/product-93.jpg\"]'),(195,6,55,2.00,'Great system, great support, good job Botble. I\'m looking forward to more great functional plugins.','published','2023-11-09 09:20:57','2023-11-09 09:20:57','[\"products\\/product-70.jpg\"]'),(197,8,6,3.00,'Cool template. Excellent code quality. The support responds very quickly, which is very rare on themeforest and codecanyon.net, I buy a lot of templates, and everyone will have a response from technical support for two or three days. Thanks to tech support. I recommend to buy.','published','2023-11-09 09:20:57','2023-11-09 09:20:57','[\"products\\/product-21.jpg\",\"products\\/product-43.jpg\"]'),(198,10,64,4.00,'Cool template. Excellent code quality. The support responds very quickly, which is very rare on themeforest and codecanyon.net, I buy a lot of templates, and everyone will have a response from technical support for two or three days. Thanks to tech support. I recommend to buy.','published','2023-11-09 09:20:57','2023-11-09 09:20:57','[\"products\\/product-95.jpg\"]'),(199,7,47,1.00,'Great E-commerce system. And much more : Wonderful Customer Support.','published','2023-11-09 09:20:57','2023-11-09 09:20:57','[\"products\\/product-39.jpg\",\"products\\/product-85.jpg\",\"products\\/product-95.jpg\"]'),(200,5,65,3.00,'It\'s not my first experience here on Codecanyon and I can honestly tell you all that Botble puts a LOT of effort into the support. They answer so fast, they helped me tons of times. REALLY by far THE BEST EXPERIENCE on Codecanyon. Those guys at Botble are so good that they deserve 5 stars. I recommend them, I trust them and I can\'t wait to see what they will sell in a near future. Thank you Botble :)','published','2023-11-09 09:20:57','2023-11-09 09:20:57','[\"products\\/product-46.jpg\"]'),(202,6,20,4.00,'This script is well coded and is super fast. The support is pretty quick. Very patient and helpful team. I strongly recommend it and they deserve more than 5 stars.','published','2023-11-09 09:20:57','2023-11-09 09:20:57','[\"products\\/product-8.jpg\",\"products\\/product-31.jpg\",\"products\\/product-85.jpg\"]'),(203,6,35,5.00,'The best store template! Excellent coding! Very good support! Thank you so much for all the help, I really appreciated.','published','2023-11-09 09:20:57','2023-11-09 09:20:57','[\"products\\/product-39.jpg\",\"products\\/product-82.jpg\"]'),(204,6,13,1.00,'Those guys now what they are doing, the release such a good product that it\'s a pleasure to work with ! Even when I was stuck on the project, I created a ticket and the next day it was replied by the team. GOOD JOB guys. I love working with them :)','published','2023-11-09 09:20:57','2023-11-09 09:20:57','[\"products\\/pla-product-02.jpg\",\"products\\/product-12.jpg\",\"products\\/product-36.jpg\",\"products\\/product-60.jpg\"]'),(205,4,65,5.00,'The script is the best of its class, fast, easy to implement and work with , and the most important thing is the great support team , Recommend with no doubt.','published','2023-11-09 09:20:57','2023-11-09 09:20:57','[\"products\\/product-36.jpg\",\"products\\/product-85.jpg\"]'),(206,2,46,5.00,'Customer Support are grade (A*), however the code is a way too over engineered for it\'s purpose.','published','2023-11-09 09:20:57','2023-11-09 09:20:57','[\"products\\/pla-product-03.jpg\",\"products\\/product-56.jpg\"]'),(207,2,53,1.00,'The best store template! Excellent coding! Very good support! Thank you so much for all the help, I really appreciated.','published','2023-11-09 09:20:57','2023-11-09 09:20:57','[\"products\\/product-62.jpg\"]'),(208,10,70,4.00,'I Love this Script. I also found how to add other fees. Now I just wait the BIG update for the Marketplace with the Bulk Import. Just do not forget to make it to be Multi-language for us the Botble Fans.','published','2023-11-09 09:20:57','2023-11-09 09:20:57','[\"products\\/product-58.jpg\"]'),(210,5,10,5.00,'Solution is too robust for our purpose so we didn\'t use it at the end. But I appreciate customer support during initial configuration.','published','2023-11-09 09:20:57','2023-11-09 09:20:57','[\"products\\/pla-product-03.jpg\"]'),(211,1,73,4.00,'I Love this Script. I also found how to add other fees. Now I just wait the BIG update for the Marketplace with the Bulk Import. Just do not forget to make it to be Multi-language for us the Botble Fans.','published','2023-11-09 09:20:57','2023-11-09 09:20:57','[\"products\\/product-48.jpg\",\"products\\/product-69.jpg\",\"products\\/product-94.jpg\"]'),(213,4,44,4.00,'This script is well coded and is super fast. The support is pretty quick. Very patient and helpful team. I strongly recommend it and they deserve more than 5 stars.','published','2023-11-09 09:20:57','2023-11-09 09:20:57','[\"products\\/product-27.jpg\",\"products\\/product-33.jpg\",\"products\\/product-73.jpg\",\"products\\/product-84.jpg\"]'),(214,9,48,5.00,'The code is good, in general, if you like it, can you give it 5 stars?','published','2023-11-09 09:20:57','2023-11-09 09:20:57','[\"products\\/pla-product-01.jpg\",\"products\\/product-74.jpg\"]'),(215,9,49,3.00,'These guys are amazing! Responses immediately, amazing support and help... I immediately feel at ease after Purchasing..','published','2023-11-09 09:20:57','2023-11-09 09:20:57','[\"products\\/product-54.jpg\"]'),(216,7,2,3.00,'Great E-commerce system. And much more : Wonderful Customer Support.','published','2023-11-09 09:20:57','2023-11-09 09:20:57','[\"products\\/product-29.jpg\",\"products\\/product-57.jpg\",\"products\\/product-59.jpg\",\"products\\/product-78.jpg\"]'),(217,7,67,4.00,'Solution is too robust for our purpose so we didn\'t use it at the end. But I appreciate customer support during initial configuration.','published','2023-11-09 09:20:57','2023-11-09 09:20:57','[\"products\\/product-84.jpg\"]'),(218,10,56,1.00,'The script is the best of its class, fast, easy to implement and work with , and the most important thing is the great support team , Recommend with no doubt.','published','2023-11-09 09:20:57','2023-11-09 09:20:57','[\"products\\/product-9.jpg\",\"products\\/product-69.jpg\",\"products\\/product-83.jpg\"]'),(219,6,66,5.00,'Cool template. Excellent code quality. The support responds very quickly, which is very rare on themeforest and codecanyon.net, I buy a lot of templates, and everyone will have a response from technical support for two or three days. Thanks to tech support. I recommend to buy.','published','2023-11-09 09:20:57','2023-11-09 09:20:57','[\"products\\/product-85.jpg\",\"products\\/product-91.jpg\"]'),(220,8,7,1.00,'Those guys now what they are doing, the release such a good product that it\'s a pleasure to work with ! Even when I was stuck on the project, I created a ticket and the next day it was replied by the team. GOOD JOB guys. I love working with them :)','published','2023-11-09 09:20:57','2023-11-09 09:20:57','[\"products\\/product-6.jpg\",\"products\\/product-29.jpg\",\"products\\/product-75.jpg\"]'),(221,4,47,5.00,'For me the best eCommerce script on Envato at this moment: modern, clean code, a lot of great features. The customer support is great too: I always get an answer within hours!','published','2023-11-09 09:20:57','2023-11-09 09:20:57','[\"products\\/product-23.jpg\",\"products\\/product-44.jpg\"]'),(222,2,35,3.00,'The code is good, in general, if you like it, can you give it 5 stars?','published','2023-11-09 09:20:57','2023-11-09 09:20:57','[\"products\\/product-23.jpg\",\"products\\/product-70.jpg\",\"products\\/product-84.jpg\"]'),(223,6,47,3.00,'Good app, good backup service and support. Good documentation.','published','2023-11-09 09:20:57','2023-11-09 09:20:57','[\"products\\/pla-product-01.jpg\",\"products\\/product-40.jpg\"]'),(224,2,25,1.00,'The code is good, in general, if you like it, can you give it 5 stars?','published','2023-11-09 09:20:57','2023-11-09 09:20:57','[\"products\\/product-12.jpg\",\"products\\/product-88.jpg\"]'),(225,9,43,4.00,'Cool template. Excellent code quality. The support responds very quickly, which is very rare on themeforest and codecanyon.net, I buy a lot of templates, and everyone will have a response from technical support for two or three days. Thanks to tech support. I recommend to buy.','published','2023-11-09 09:20:57','2023-11-09 09:20:57','[\"products\\/product-43.jpg\",\"products\\/product-51.jpg\"]'),(226,4,42,2.00,'I Love this Script. I also found how to add other fees. Now I just wait the BIG update for the Marketplace with the Bulk Import. Just do not forget to make it to be Multi-language for us the Botble Fans.','published','2023-11-09 09:20:57','2023-11-09 09:20:57','[\"products\\/product-43.jpg\",\"products\\/product-71.jpg\",\"products\\/product-76.jpg\"]'),(227,8,49,5.00,'Very enthusiastic support! Excellent code is written. It\'s a true pleasure working with.','published','2023-11-09 09:20:57','2023-11-09 09:20:57','[\"products\\/product-41.jpg\",\"products\\/product-53.jpg\",\"products\\/product-56.jpg\",\"products\\/product-66.jpg\"]'),(228,1,24,5.00,'These guys are amazing! Responses immediately, amazing support and help... I immediately feel at ease after Purchasing..','published','2023-11-09 09:20:57','2023-11-09 09:20:57','[\"products\\/product-95.jpg\"]'),(229,10,13,3.00,'As a developer I reviewed this script. This is really awesome ecommerce script. I have convinced when I noticed that it\'s built on fully WordPress concept.','published','2023-11-09 09:20:57','2023-11-09 09:20:57','[\"products\\/product-24.jpg\",\"products\\/product-33.jpg\",\"products\\/product-84.jpg\"]'),(231,9,27,3.00,'Great system, great support, good job Botble. I\'m looking forward to more great functional plugins.','published','2023-11-09 09:20:57','2023-11-09 09:20:57','[\"products\\/product-26.jpg\",\"products\\/product-63.jpg\"]'),(233,2,24,2.00,'This script is well coded and is super fast. The support is pretty quick. Very patient and helpful team. I strongly recommend it and they deserve more than 5 stars.','published','2023-11-09 09:20:57','2023-11-09 09:20:57','[\"products\\/product-27.jpg\",\"products\\/product-54.jpg\",\"products\\/product-55.jpg\",\"products\\/product-75.jpg\"]'),(234,6,34,5.00,'Solution is too robust for our purpose so we didn\'t use it at the end. But I appreciate customer support during initial configuration.','published','2023-11-09 09:20:57','2023-11-09 09:20:57','[\"products\\/product-9.jpg\",\"products\\/product-42.jpg\",\"products\\/product-55.jpg\",\"products\\/product-78.jpg\"]'),(235,4,59,2.00,'I Love this Script. I also found how to add other fees. Now I just wait the BIG update for the Marketplace with the Bulk Import. Just do not forget to make it to be Multi-language for us the Botble Fans.','published','2023-11-09 09:20:57','2023-11-09 09:20:57','[\"products\\/pla-product-04.jpg\",\"products\\/product-24.jpg\",\"products\\/product-29.jpg\",\"products\\/product-49.jpg\"]'),(236,7,70,4.00,'Amazing code, amazing support. Overall, im really confident in Botble and im happy I made the right choice! Thank you so much guys for coding this masterpiece','published','2023-11-09 09:20:57','2023-11-09 09:20:57','[\"products\\/product-2.jpg\",\"products\\/product-39.jpg\",\"products\\/product-84.jpg\"]'),(237,9,14,4.00,'This script is well coded and is super fast. The support is pretty quick. Very patient and helpful team. I strongly recommend it and they deserve more than 5 stars.','published','2023-11-09 09:20:57','2023-11-09 09:20:57','[\"products\\/product-46.jpg\",\"products\\/product-48.jpg\",\"products\\/product-56.jpg\",\"products\\/product-81.jpg\"]'),(239,7,27,2.00,'It\'s not my first experience here on Codecanyon and I can honestly tell you all that Botble puts a LOT of effort into the support. They answer so fast, they helped me tons of times. REALLY by far THE BEST EXPERIENCE on Codecanyon. Those guys at Botble are so good that they deserve 5 stars. I recommend them, I trust them and I can\'t wait to see what they will sell in a near future. Thank you Botble :)','published','2023-11-09 09:20:57','2023-11-09 09:20:57','[\"products\\/product-79.jpg\"]'),(240,7,11,4.00,'Amazing code, amazing support. Overall, im really confident in Botble and im happy I made the right choice! Thank you so much guys for coding this masterpiece','published','2023-11-09 09:20:57','2023-11-09 09:20:57','[\"products\\/product-27.jpg\",\"products\\/product-49.jpg\",\"products\\/product-67.jpg\",\"products\\/product-78.jpg\"]'),(241,6,68,4.00,'We have received brilliant service support and will be expanding the features with the developer. Nice product!','published','2023-11-09 09:20:57','2023-11-09 09:20:57','[\"products\\/product-40.jpg\"]'),(242,3,54,2.00,'Clean & perfect source code','published','2023-11-09 09:20:57','2023-11-09 09:20:57','[\"products\\/product-37.jpg\",\"products\\/product-58.jpg\",\"products\\/product-65.jpg\",\"products\\/product-69.jpg\"]'),(243,1,67,2.00,'Amazing code, amazing support. Overall, im really confident in Botble and im happy I made the right choice! Thank you so much guys for coding this masterpiece','published','2023-11-09 09:20:57','2023-11-09 09:20:57','[\"products\\/product-28.jpg\",\"products\\/product-80.jpg\"]'),(244,5,61,3.00,'Very enthusiastic support! Excellent code is written. It\'s a true pleasure working with.','published','2023-11-09 09:20:57','2023-11-09 09:20:57','[\"products\\/pla-product-04.jpg\",\"products\\/product-44.jpg\",\"products\\/product-83.jpg\",\"products\\/product-86.jpg\"]'),(245,3,19,1.00,'For me the best eCommerce script on Envato at this moment: modern, clean code, a lot of great features. The customer support is great too: I always get an answer within hours!','published','2023-11-09 09:20:57','2023-11-09 09:20:57','[\"products\\/product-30.jpg\",\"products\\/product-90.jpg\"]'),(246,2,71,3.00,'Customer Support are grade (A*), however the code is a way too over engineered for it\'s purpose.','published','2023-11-09 09:20:57','2023-11-09 09:20:57','[\"products\\/product-22.jpg\",\"products\\/product-35.jpg\",\"products\\/product-36.jpg\",\"products\\/product-62.jpg\"]'),(247,2,63,4.00,'Clean & perfect source code','published','2023-11-09 09:20:57','2023-11-09 09:20:57','[\"products\\/product-5.jpg\",\"products\\/product-19.jpg\"]'),(248,2,8,4.00,'Best ecommerce CMS online store!','published','2023-11-09 09:20:57','2023-11-09 09:20:57','[\"products\\/product-5.jpg\",\"products\\/product-25.jpg\",\"products\\/product-68.jpg\"]'),(249,6,56,2.00,'The best store template! Excellent coding! Very good support! Thank you so much for all the help, I really appreciated.','published','2023-11-09 09:20:57','2023-11-09 09:20:57','[\"products\\/pla-product-01.jpg\",\"products\\/product-13.jpg\",\"products\\/product-29.jpg\",\"products\\/product-59.jpg\"]'),(253,1,14,2.00,'Amazing code, amazing support. Overall, im really confident in Botble and im happy I made the right choice! Thank you so much guys for coding this masterpiece','published','2023-11-09 09:20:57','2023-11-09 09:20:57','[\"products\\/pla-product-03.jpg\",\"products\\/product-7.jpg\",\"products\\/product-33.jpg\",\"products\\/product-46.jpg\"]'),(254,7,69,1.00,'Very enthusiastic support! Excellent code is written. It\'s a true pleasure working with.','published','2023-11-09 09:20:57','2023-11-09 09:20:57','[\"products\\/product-4.jpg\",\"products\\/product-93.jpg\"]'),(255,1,57,4.00,'The best store template! Excellent coding! Very good support! Thank you so much for all the help, I really appreciated.','published','2023-11-09 09:20:57','2023-11-09 09:20:57','[\"products\\/product-29.jpg\",\"products\\/product-33.jpg\",\"products\\/product-60.jpg\"]'),(256,6,2,4.00,'Perfect +++++++++ i love it really also i get to fast ticket answers... Thanks Lot BOTBLE Teams','published','2023-11-09 09:20:57','2023-11-09 09:20:57','[\"products\\/product-68.jpg\",\"products\\/product-81.jpg\"]'),(257,9,46,3.00,'Solution is too robust for our purpose so we didn\'t use it at the end. But I appreciate customer support during initial configuration.','published','2023-11-09 09:20:57','2023-11-09 09:20:57','[\"products\\/pla-product-01.jpg\",\"products\\/product-38.jpg\",\"products\\/product-81.jpg\"]'),(258,9,67,4.00,'For me the best eCommerce script on Envato at this moment: modern, clean code, a lot of great features. The customer support is great too: I always get an answer within hours!','published','2023-11-09 09:20:57','2023-11-09 09:20:57','[\"products\\/product-22.jpg\",\"products\\/product-83.jpg\",\"products\\/product-94.jpg\"]'),(259,1,39,2.00,'I Love this Script. I also found how to add other fees. Now I just wait the BIG update for the Marketplace with the Bulk Import. Just do not forget to make it to be Multi-language for us the Botble Fans.','published','2023-11-09 09:20:57','2023-11-09 09:20:57','[\"products\\/product-40.jpg\",\"products\\/product-45.jpg\",\"products\\/product-57.jpg\"]'),(262,8,35,5.00,'I Love this Script. I also found how to add other fees. Now I just wait the BIG update for the Marketplace with the Bulk Import. Just do not forget to make it to be Multi-language for us the Botble Fans.','published','2023-11-09 09:20:57','2023-11-09 09:20:57','[\"products\\/product-6.jpg\",\"products\\/product-66.jpg\",\"products\\/product-80.jpg\"]'),(263,10,54,5.00,'The code is good, in general, if you like it, can you give it 5 stars?','published','2023-11-09 09:20:57','2023-11-09 09:20:57','[\"products\\/product-37.jpg\"]'),(264,1,37,1.00,'The best store template! Excellent coding! Very good support! Thank you so much for all the help, I really appreciated.','published','2023-11-09 09:20:57','2023-11-09 09:20:57','[\"products\\/product-7.jpg\",\"products\\/product-80.jpg\",\"products\\/product-86.jpg\"]'),(267,7,72,3.00,'These guys are amazing! Responses immediately, amazing support and help... I immediately feel at ease after Purchasing..','published','2023-11-09 09:20:57','2023-11-09 09:20:57','[\"products\\/product-71.jpg\"]'),(269,3,47,3.00,'Good app, good backup service and support. Good documentation.','published','2023-11-09 09:20:57','2023-11-09 09:20:57','[\"products\\/product-1.jpg\"]'),(270,9,55,4.00,'Great E-commerce system. And much more : Wonderful Customer Support.','published','2023-11-09 09:20:57','2023-11-09 09:20:57','[\"products\\/product-21.jpg\",\"products\\/product-37.jpg\"]'),(271,6,73,3.00,'Perfect +++++++++ i love it really also i get to fast ticket answers... Thanks Lot BOTBLE Teams','published','2023-11-09 09:20:57','2023-11-09 09:20:57','[\"products\\/product-11.jpg\",\"products\\/product-12.jpg\",\"products\\/product-26.jpg\",\"products\\/product-75.jpg\"]'),(272,2,62,5.00,'Second or third time that I buy a Botble product, happy with the products and support. You guys do a good job :)','published','2023-11-09 09:20:57','2023-11-09 09:20:57','[\"products\\/product-13.jpg\",\"products\\/product-39.jpg\",\"products\\/product-56.jpg\",\"products\\/product-79.jpg\"]'),(273,3,67,5.00,'Second or third time that I buy a Botble product, happy with the products and support. You guys do a good job :)','published','2023-11-09 09:20:57','2023-11-09 09:20:57','[\"products\\/product-55.jpg\",\"products\\/product-67.jpg\",\"products\\/product-89.jpg\"]'),(274,2,72,2.00,'Good app, good backup service and support. Good documentation.','published','2023-11-09 09:20:57','2023-11-09 09:20:57','[\"products\\/pla-product-04.jpg\",\"products\\/product-4.jpg\",\"products\\/product-17.jpg\"]'),(275,3,32,3.00,'For me the best eCommerce script on Envato at this moment: modern, clean code, a lot of great features. The customer support is great too: I always get an answer within hours!','published','2023-11-09 09:20:57','2023-11-09 09:20:57','[\"products\\/product-5.jpg\",\"products\\/product-43.jpg\",\"products\\/product-83.jpg\",\"products\\/product-87.jpg\"]'),(276,2,7,5.00,'These guys are amazing! Responses immediately, amazing support and help... I immediately feel at ease after Purchasing..','published','2023-11-09 09:20:57','2023-11-09 09:20:57','[\"products\\/product-22.jpg\",\"products\\/product-24.jpg\",\"products\\/product-39.jpg\",\"products\\/product-47.jpg\"]'),(277,10,7,2.00,'Perfect +++++++++ i love it really also i get to fast ticket answers... Thanks Lot BOTBLE Teams','published','2023-11-09 09:20:57','2023-11-09 09:20:57','[\"products\\/product-48.jpg\",\"products\\/product-51.jpg\",\"products\\/product-76.jpg\",\"products\\/product-77.jpg\"]'),(278,6,29,2.00,'The script is the best of its class, fast, easy to implement and work with , and the most important thing is the great support team , Recommend with no doubt.','published','2023-11-09 09:20:57','2023-11-09 09:20:57','[\"products\\/product-3.jpg\",\"products\\/product-65.jpg\",\"products\\/product-84.jpg\"]'),(279,4,4,3.00,'Best ecommerce CMS online store!','published','2023-11-09 09:20:57','2023-11-09 09:20:57','[\"products\\/product-39.jpg\",\"products\\/product-80.jpg\"]'),(280,6,11,2.00,'Clean & perfect source code','published','2023-11-09 09:20:57','2023-11-09 09:20:57','[\"products\\/product-17.jpg\",\"products\\/product-29.jpg\",\"products\\/product-48.jpg\"]'),(281,8,4,5.00,'As a developer I reviewed this script. This is really awesome ecommerce script. I have convinced when I noticed that it\'s built on fully WordPress concept.','published','2023-11-09 09:20:57','2023-11-09 09:20:57','[\"products\\/product-27.jpg\"]'),(282,4,3,2.00,'This web app is really good in design, code quality & features. Besides, the customer support provided by the Botble team was really fast & helpful. You guys are awesome!','published','2023-11-09 09:20:57','2023-11-09 09:20:57','[\"products\\/product-6.jpg\",\"products\\/product-43.jpg\"]'),(284,5,55,1.00,'The script is the best of its class, fast, easy to implement and work with , and the most important thing is the great support team , Recommend with no doubt.','published','2023-11-09 09:20:57','2023-11-09 09:20:57','[\"products\\/product-39.jpg\",\"products\\/product-85.jpg\"]'),(285,5,71,2.00,'Cool template. Excellent code quality. The support responds very quickly, which is very rare on themeforest and codecanyon.net, I buy a lot of templates, and everyone will have a response from technical support for two or three days. Thanks to tech support. I recommend to buy.','published','2023-11-09 09:20:57','2023-11-09 09:20:57','[\"products\\/product-8.jpg\",\"products\\/product-29.jpg\"]'),(287,10,16,2.00,'The best ecommerce CMS! Excellent coding! best support service! Thank you so much..... I really like your hard work.','published','2023-11-09 09:20:57','2023-11-09 09:20:57','[\"products\\/product-43.jpg\",\"products\\/product-53.jpg\"]'),(288,2,45,3.00,'The script is the best of its class, fast, easy to implement and work with , and the most important thing is the great support team , Recommend with no doubt.','published','2023-11-09 09:20:57','2023-11-09 09:20:57','[\"products\\/product-33.jpg\",\"products\\/product-40.jpg\",\"products\\/product-52.jpg\"]'),(289,6,31,5.00,'The code is good, in general, if you like it, can you give it 5 stars?','published','2023-11-09 09:20:57','2023-11-09 09:20:57','[\"products\\/product-58.jpg\",\"products\\/product-77.jpg\"]'),(290,4,48,2.00,'Great E-commerce system. And much more : Wonderful Customer Support.','published','2023-11-09 09:20:57','2023-11-09 09:20:57','[\"products\\/product-64.jpg\",\"products\\/product-84.jpg\"]'),(292,5,68,4.00,'Amazing code, amazing support. Overall, im really confident in Botble and im happy I made the right choice! Thank you so much guys for coding this masterpiece','published','2023-11-09 09:20:57','2023-11-09 09:20:57','[\"products\\/pla-product-01.jpg\",\"products\\/pla-product-02.jpg\",\"products\\/product-28.jpg\",\"products\\/product-67.jpg\"]'),(293,6,59,2.00,'Best ecommerce CMS online store!','published','2023-11-09 09:20:57','2023-11-09 09:20:57','[\"products\\/product-5.jpg\"]'),(295,5,12,1.00,'These guys are amazing! Responses immediately, amazing support and help... I immediately feel at ease after Purchasing..','published','2023-11-09 09:20:57','2023-11-09 09:20:57','[\"products\\/product-8.jpg\"]'),(296,10,51,5.00,'The best ecommerce CMS! Excellent coding! best support service! Thank you so much..... I really like your hard work.','published','2023-11-09 09:20:57','2023-11-09 09:20:57','[\"products\\/product-21.jpg\",\"products\\/product-62.jpg\",\"products\\/product-75.jpg\"]'),(299,7,15,5.00,'Amazing code, amazing support. Overall, im really confident in Botble and im happy I made the right choice! Thank you so much guys for coding this masterpiece','published','2023-11-09 09:20:57','2023-11-09 09:20:57','[\"products\\/product-32.jpg\"]'),(301,8,12,5.00,'The best store template! Excellent coding! Very good support! Thank you so much for all the help, I really appreciated.','published','2023-11-09 09:20:57','2023-11-09 09:20:57','[\"products\\/product-59.jpg\",\"products\\/product-69.jpg\"]'),(302,8,25,4.00,'Perfect +++++++++ i love it really also i get to fast ticket answers... Thanks Lot BOTBLE Teams','published','2023-11-09 09:20:57','2023-11-09 09:20:57','[\"products\\/product-29.jpg\"]'),(305,5,58,2.00,'The code is good, in general, if you like it, can you give it 5 stars?','published','2023-11-09 09:20:57','2023-11-09 09:20:57','[\"products\\/product-2.jpg\",\"products\\/product-37.jpg\",\"products\\/product-43.jpg\"]'),(308,2,3,4.00,'Those guys now what they are doing, the release such a good product that it\'s a pleasure to work with ! Even when I was stuck on the project, I created a ticket and the next day it was replied by the team. GOOD JOB guys. I love working with them :)','published','2023-11-09 09:20:57','2023-11-09 09:20:57','[\"products\\/product-33.jpg\",\"products\\/product-62.jpg\"]'),(310,9,36,1.00,'These guys are amazing! Responses immediately, amazing support and help... I immediately feel at ease after Purchasing..','published','2023-11-09 09:20:57','2023-11-09 09:20:57','[\"products\\/product-16.jpg\",\"products\\/product-48.jpg\",\"products\\/product-59.jpg\",\"products\\/product-69.jpg\"]'),(313,7,12,1.00,'Great E-commerce system. And much more : Wonderful Customer Support.','published','2023-11-09 09:20:57','2023-11-09 09:20:57','[\"products\\/product-12.jpg\"]'),(314,5,73,1.00,'Customer Support are grade (A*), however the code is a way too over engineered for it\'s purpose.','published','2023-11-09 09:20:57','2023-11-09 09:20:57','[\"products\\/product-3.jpg\",\"products\\/product-36.jpg\",\"products\\/product-59.jpg\",\"products\\/product-62.jpg\"]'),(316,3,10,5.00,'It\'s not my first experience here on Codecanyon and I can honestly tell you all that Botble puts a LOT of effort into the support. They answer so fast, they helped me tons of times. REALLY by far THE BEST EXPERIENCE on Codecanyon. Those guys at Botble are so good that they deserve 5 stars. I recommend them, I trust them and I can\'t wait to see what they will sell in a near future. Thank you Botble :)','published','2023-11-09 09:20:57','2023-11-09 09:20:57','[\"products\\/product-17.jpg\",\"products\\/product-47.jpg\",\"products\\/product-63.jpg\"]'),(317,2,61,2.00,'Great system, great support, good job Botble. I\'m looking forward to more great functional plugins.','published','2023-11-09 09:20:57','2023-11-09 09:20:57','[\"products\\/product-38.jpg\"]'),(319,10,20,4.00,'Great E-commerce system. And much more : Wonderful Customer Support.','published','2023-11-09 09:20:57','2023-11-09 09:20:57','[\"products\\/product-37.jpg\",\"products\\/product-53.jpg\"]'),(320,5,40,1.00,'As a developer I reviewed this script. This is really awesome ecommerce script. I have convinced when I noticed that it\'s built on fully WordPress concept.','published','2023-11-09 09:20:57','2023-11-09 09:20:57','[\"products\\/product-2.jpg\",\"products\\/product-10.jpg\",\"products\\/product-30.jpg\",\"products\\/product-50.jpg\"]'),(322,7,65,1.00,'As a developer I reviewed this script. This is really awesome ecommerce script. I have convinced when I noticed that it\'s built on fully WordPress concept.','published','2023-11-09 09:20:57','2023-11-09 09:20:57','[\"products\\/product-25.jpg\",\"products\\/product-55.jpg\",\"products\\/product-85.jpg\"]'),(327,4,12,1.00,'The best store template! Excellent coding! Very good support! Thank you so much for all the help, I really appreciated.','published','2023-11-09 09:20:57','2023-11-09 09:20:57','[\"products\\/product-18.jpg\",\"products\\/product-21.jpg\",\"products\\/product-56.jpg\",\"products\\/product-65.jpg\"]'),(328,7,34,2.00,'This script is well coded and is super fast. The support is pretty quick. Very patient and helpful team. I strongly recommend it and they deserve more than 5 stars.','published','2023-11-09 09:20:57','2023-11-09 09:20:57','[\"products\\/product-44.jpg\"]'),(329,1,21,1.00,'I Love this Script. I also found how to add other fees. Now I just wait the BIG update for the Marketplace with the Bulk Import. Just do not forget to make it to be Multi-language for us the Botble Fans.','published','2023-11-09 09:20:57','2023-11-09 09:20:57','[\"products\\/product-95.jpg\"]'),(330,2,55,1.00,'Cool template. Excellent code quality. The support responds very quickly, which is very rare on themeforest and codecanyon.net, I buy a lot of templates, and everyone will have a response from technical support for two or three days. Thanks to tech support. I recommend to buy.','published','2023-11-09 09:20:57','2023-11-09 09:20:57','[\"products\\/product-39.jpg\"]'),(331,7,28,1.00,'The script is the best of its class, fast, easy to implement and work with , and the most important thing is the great support team , Recommend with no doubt.','published','2023-11-09 09:20:57','2023-11-09 09:20:57','[\"products\\/product-9.jpg\",\"products\\/product-18.jpg\"]'),(333,10,31,3.00,'Perfect +++++++++ i love it really also i get to fast ticket answers... Thanks Lot BOTBLE Teams','published','2023-11-09 09:20:57','2023-11-09 09:20:57','[\"products\\/product-6.jpg\"]'),(334,10,6,3.00,'I Love this Script. I also found how to add other fees. Now I just wait the BIG update for the Marketplace with the Bulk Import. Just do not forget to make it to be Multi-language for us the Botble Fans.','published','2023-11-09 09:20:57','2023-11-09 09:20:57','[\"products\\/product-3.jpg\",\"products\\/product-38.jpg\",\"products\\/product-55.jpg\"]'),(335,3,48,4.00,'As a developer I reviewed this script. This is really awesome ecommerce script. I have convinced when I noticed that it\'s built on fully WordPress concept.','published','2023-11-09 09:20:57','2023-11-09 09:20:57','[\"products\\/product-13.jpg\",\"products\\/product-61.jpg\",\"products\\/product-80.jpg\"]'),(336,5,22,2.00,'Great E-commerce system. And much more : Wonderful Customer Support.','published','2023-11-09 09:20:57','2023-11-09 09:20:57','[\"products\\/product-38.jpg\"]'),(337,3,13,5.00,'Those guys now what they are doing, the release such a good product that it\'s a pleasure to work with ! Even when I was stuck on the project, I created a ticket and the next day it was replied by the team. GOOD JOB guys. I love working with them :)','published','2023-11-09 09:20:57','2023-11-09 09:20:57','[\"products\\/product-46.jpg\",\"products\\/product-82.jpg\"]'),(338,5,32,5.00,'Very enthusiastic support! Excellent code is written. It\'s a true pleasure working with.','published','2023-11-09 09:20:57','2023-11-09 09:20:57','[\"products\\/product-25.jpg\",\"products\\/product-52.jpg\",\"products\\/product-91.jpg\"]'),(339,6,22,3.00,'As a developer I reviewed this script. This is really awesome ecommerce script. I have convinced when I noticed that it\'s built on fully WordPress concept.','published','2023-11-09 09:20:57','2023-11-09 09:20:57','[\"products\\/product-5.jpg\",\"products\\/product-30.jpg\",\"products\\/product-63.jpg\"]'),(340,10,4,4.00,'Those guys now what they are doing, the release such a good product that it\'s a pleasure to work with ! Even when I was stuck on the project, I created a ticket and the next day it was replied by the team. GOOD JOB guys. I love working with them :)','published','2023-11-09 09:20:57','2023-11-09 09:20:57','[\"products\\/product-32.jpg\"]'),(341,10,47,2.00,'The best ecommerce CMS! Excellent coding! best support service! Thank you so much..... I really like your hard work.','published','2023-11-09 09:20:57','2023-11-09 09:20:57','[\"products\\/product-25.jpg\",\"products\\/product-27.jpg\",\"products\\/product-43.jpg\",\"products\\/product-83.jpg\"]'),(342,7,17,4.00,'Second or third time that I buy a Botble product, happy with the products and support. You guys do a good job :)','published','2023-11-09 09:20:57','2023-11-09 09:20:57','[\"products\\/product-34.jpg\",\"products\\/product-47.jpg\",\"products\\/product-79.jpg\"]'),(343,3,4,2.00,'Good app, good backup service and support. Good documentation.','published','2023-11-09 09:20:57','2023-11-09 09:20:57','[\"products\\/product-14.jpg\",\"products\\/product-23.jpg\"]'),(345,9,30,1.00,'Perfect +++++++++ i love it really also i get to fast ticket answers... Thanks Lot BOTBLE Teams','published','2023-11-09 09:20:57','2023-11-09 09:20:57','[\"products\\/product-11.jpg\",\"products\\/product-56.jpg\"]'),(346,2,73,3.00,'These guys are amazing! Responses immediately, amazing support and help... I immediately feel at ease after Purchasing..','published','2023-11-09 09:20:57','2023-11-09 09:20:57','[\"products\\/pla-product-04.jpg\",\"products\\/product-88.jpg\",\"products\\/product-92.jpg\"]'),(350,8,5,1.00,'The script is the best of its class, fast, easy to implement and work with , and the most important thing is the great support team , Recommend with no doubt.','published','2023-11-09 09:20:57','2023-11-09 09:20:57','[\"products\\/product-11.jpg\",\"products\\/product-50.jpg\",\"products\\/product-65.jpg\",\"products\\/product-78.jpg\"]'),(351,10,19,4.00,'Ok good product. I have some issues in customizations. But its not correct to blame the developer. The product is good. Good luck for your business.','published','2023-11-09 09:20:57','2023-11-09 09:20:57','[\"products\\/pla-product-02.jpg\",\"products\\/product-9.jpg\",\"products\\/product-18.jpg\",\"products\\/product-30.jpg\"]'),(353,2,44,5.00,'I Love this Script. I also found how to add other fees. Now I just wait the BIG update for the Marketplace with the Bulk Import. Just do not forget to make it to be Multi-language for us the Botble Fans.','published','2023-11-09 09:20:57','2023-11-09 09:20:57','[\"products\\/product-37.jpg\"]'),(354,1,35,2.00,'Very enthusiastic support! Excellent code is written. It\'s a true pleasure working with.','published','2023-11-09 09:20:57','2023-11-09 09:20:57','[\"products\\/pla-product-03.jpg\",\"products\\/product-88.jpg\"]'),(355,8,65,2.00,'Great E-commerce system. And much more : Wonderful Customer Support.','published','2023-11-09 09:20:57','2023-11-09 09:20:57','[\"products\\/product-82.jpg\"]'),(356,5,35,5.00,'Second or third time that I buy a Botble product, happy with the products and support. You guys do a good job :)','published','2023-11-09 09:20:57','2023-11-09 09:20:57','[\"products\\/product-9.jpg\",\"products\\/product-10.jpg\",\"products\\/product-65.jpg\",\"products\\/product-67.jpg\"]'),(357,8,18,5.00,'Cool template. Excellent code quality. The support responds very quickly, which is very rare on themeforest and codecanyon.net, I buy a lot of templates, and everyone will have a response from technical support for two or three days. Thanks to tech support. I recommend to buy.','published','2023-11-09 09:20:57','2023-11-09 09:20:57','[\"products\\/product-93.jpg\"]'),(359,10,68,5.00,'As a developer I reviewed this script. This is really awesome ecommerce script. I have convinced when I noticed that it\'s built on fully WordPress concept.','published','2023-11-09 09:20:57','2023-11-09 09:20:57','[\"products\\/product-29.jpg\",\"products\\/product-82.jpg\",\"products\\/product-88.jpg\"]'),(360,6,12,2.00,'Great system, great support, good job Botble. I\'m looking forward to more great functional plugins.','published','2023-11-09 09:20:57','2023-11-09 09:20:57','[\"products\\/product-19.jpg\",\"products\\/product-69.jpg\",\"products\\/product-83.jpg\"]'),(363,1,58,2.00,'Great system, great support, good job Botble. I\'m looking forward to more great functional plugins.','published','2023-11-09 09:20:57','2023-11-09 09:20:57','[\"products\\/product-20.jpg\",\"products\\/product-21.jpg\"]'),(364,3,46,5.00,'This script is well coded and is super fast. The support is pretty quick. Very patient and helpful team. I strongly recommend it and they deserve more than 5 stars.','published','2023-11-09 09:20:57','2023-11-09 09:20:57','[\"products\\/product-53.jpg\"]'),(365,10,2,4.00,'These guys are amazing! Responses immediately, amazing support and help... I immediately feel at ease after Purchasing..','published','2023-11-09 09:20:57','2023-11-09 09:20:57','[\"products\\/product-28.jpg\"]'),(366,1,25,2.00,'The code is good, in general, if you like it, can you give it 5 stars?','published','2023-11-09 09:20:57','2023-11-09 09:20:57','[\"products\\/product-14.jpg\",\"products\\/product-18.jpg\"]'),(367,4,28,3.00,'Amazing code, amazing support. Overall, im really confident in Botble and im happy I made the right choice! Thank you so much guys for coding this masterpiece','published','2023-11-09 09:20:57','2023-11-09 09:20:57','[\"products\\/product-20.jpg\",\"products\\/product-65.jpg\",\"products\\/product-79.jpg\"]'),(369,9,66,2.00,'I Love this Script. I also found how to add other fees. Now I just wait the BIG update for the Marketplace with the Bulk Import. Just do not forget to make it to be Multi-language for us the Botble Fans.','published','2023-11-09 09:20:57','2023-11-09 09:20:57','[\"products\\/product-1.jpg\",\"products\\/product-30.jpg\",\"products\\/product-49.jpg\",\"products\\/product-90.jpg\"]'),(370,5,1,1.00,'As a developer I reviewed this script. This is really awesome ecommerce script. I have convinced when I noticed that it\'s built on fully WordPress concept.','published','2023-11-09 09:20:57','2023-11-09 09:20:57','[\"products\\/product-29.jpg\",\"products\\/product-35.jpg\",\"products\\/product-67.jpg\"]'),(371,3,3,3.00,'As a developer I reviewed this script. This is really awesome ecommerce script. I have convinced when I noticed that it\'s built on fully WordPress concept.','published','2023-11-09 09:20:57','2023-11-09 09:20:57','[\"products\\/product-4.jpg\",\"products\\/product-78.jpg\"]'),(372,3,37,3.00,'The script is the best of its class, fast, easy to implement and work with , and the most important thing is the great support team , Recommend with no doubt.','published','2023-11-09 09:20:57','2023-11-09 09:20:57','[\"products\\/product-35.jpg\"]'),(373,1,17,4.00,'We have received brilliant service support and will be expanding the features with the developer. Nice product!','published','2023-11-09 09:20:57','2023-11-09 09:20:57','[\"products\\/product-45.jpg\"]'),(377,8,10,3.00,'Amazing code, amazing support. Overall, im really confident in Botble and im happy I made the right choice! Thank you so much guys for coding this masterpiece','published','2023-11-09 09:20:57','2023-11-09 09:20:57','[\"products\\/product-7.jpg\",\"products\\/product-15.jpg\",\"products\\/product-21.jpg\"]'),(381,7,8,1.00,'These guys are amazing! Responses immediately, amazing support and help... I immediately feel at ease after Purchasing..','published','2023-11-09 09:20:57','2023-11-09 09:20:57','[\"products\\/product-5.jpg\",\"products\\/product-45.jpg\",\"products\\/product-66.jpg\"]'),(382,9,60,5.00,'It\'s not my first experience here on Codecanyon and I can honestly tell you all that Botble puts a LOT of effort into the support. They answer so fast, they helped me tons of times. REALLY by far THE BEST EXPERIENCE on Codecanyon. Those guys at Botble are so good that they deserve 5 stars. I recommend them, I trust them and I can\'t wait to see what they will sell in a near future. Thank you Botble :)','published','2023-11-09 09:20:57','2023-11-09 09:20:57','[\"products\\/product-16.jpg\",\"products\\/product-17.jpg\"]'),(385,9,37,5.00,'We have received brilliant service support and will be expanding the features with the developer. Nice product!','published','2023-11-09 09:20:57','2023-11-09 09:20:57','[\"products\\/pla-product-01.jpg\",\"products\\/product-10.jpg\",\"products\\/product-26.jpg\",\"products\\/product-72.jpg\"]'),(386,3,31,2.00,'The script is the best of its class, fast, easy to implement and work with , and the most important thing is the great support team , Recommend with no doubt.','published','2023-11-09 09:20:57','2023-11-09 09:20:57','[\"products\\/product-25.jpg\"]'),(388,4,20,4.00,'These guys are amazing! Responses immediately, amazing support and help... I immediately feel at ease after Purchasing..','published','2023-11-09 09:20:57','2023-11-09 09:20:57','[\"products\\/product-33.jpg\",\"products\\/product-44.jpg\"]'),(390,1,9,2.00,'Cool template. Excellent code quality. The support responds very quickly, which is very rare on themeforest and codecanyon.net, I buy a lot of templates, and everyone will have a response from technical support for two or three days. Thanks to tech support. I recommend to buy.','published','2023-11-09 09:20:57','2023-11-09 09:20:57','[\"products\\/product-25.jpg\",\"products\\/product-43.jpg\",\"products\\/product-81.jpg\"]'),(391,4,6,1.00,'Great system, great support, good job Botble. I\'m looking forward to more great functional plugins.','published','2023-11-09 09:20:57','2023-11-09 09:20:57','[\"products\\/product-34.jpg\",\"products\\/product-35.jpg\",\"products\\/product-47.jpg\",\"products\\/product-79.jpg\"]'),(393,6,14,2.00,'The best store template! Excellent coding! Very good support! Thank you so much for all the help, I really appreciated.','published','2023-11-09 09:20:57','2023-11-09 09:20:57','[\"products\\/product-78.jpg\",\"products\\/product-91.jpg\"]'),(398,2,30,1.00,'Clean & perfect source code','published','2023-11-09 09:20:57','2023-11-09 09:20:57','[\"products\\/product-50.jpg\"]'),(405,1,13,1.00,'Ok good product. I have some issues in customizations. But its not correct to blame the developer. The product is good. Good luck for your business.','published','2023-11-09 09:20:57','2023-11-09 09:20:57','[\"products\\/product-66.jpg\"]'),(407,10,42,2.00,'Customer Support are grade (A*), however the code is a way too over engineered for it\'s purpose.','published','2023-11-09 09:20:57','2023-11-09 09:20:57','[\"products\\/product-90.jpg\"]'),(408,6,51,3.00,'The best store template! Excellent coding! Very good support! Thank you so much for all the help, I really appreciated.','published','2023-11-09 09:20:57','2023-11-09 09:20:57','[\"products\\/product-54.jpg\",\"products\\/product-56.jpg\"]'),(409,4,29,2.00,'It\'s not my first experience here on Codecanyon and I can honestly tell you all that Botble puts a LOT of effort into the support. They answer so fast, they helped me tons of times. REALLY by far THE BEST EXPERIENCE on Codecanyon. Those guys at Botble are so good that they deserve 5 stars. I recommend them, I trust them and I can\'t wait to see what they will sell in a near future. Thank you Botble :)','published','2023-11-09 09:20:57','2023-11-09 09:20:57','[\"products\\/product-48.jpg\"]'),(412,7,46,1.00,'Clean & perfect source code','published','2023-11-09 09:20:57','2023-11-09 09:20:57','[\"products\\/pla-product-02.jpg\",\"products\\/product-44.jpg\",\"products\\/product-63.jpg\",\"products\\/product-81.jpg\"]'),(413,6,46,1.00,'Solution is too robust for our purpose so we didn\'t use it at the end. But I appreciate customer support during initial configuration.','published','2023-11-09 09:20:57','2023-11-09 09:20:57','[\"products\\/product-40.jpg\"]'),(415,4,52,5.00,'Good app, good backup service and support. Good documentation.','published','2023-11-09 09:20:57','2023-11-09 09:20:57','[\"products\\/product-12.jpg\",\"products\\/product-68.jpg\",\"products\\/product-76.jpg\"]'),(417,10,41,3.00,'Cool template. Excellent code quality. The support responds very quickly, which is very rare on themeforest and codecanyon.net, I buy a lot of templates, and everyone will have a response from technical support for two or three days. Thanks to tech support. I recommend to buy.','published','2023-11-09 09:20:57','2023-11-09 09:20:57','[\"products\\/product-15.jpg\",\"products\\/product-18.jpg\",\"products\\/product-47.jpg\",\"products\\/product-78.jpg\"]'),(422,10,28,5.00,'The best ecommerce CMS! Excellent coding! best support service! Thank you so much..... I really like your hard work.','published','2023-11-09 09:20:57','2023-11-09 09:20:57','[\"products\\/pla-product-02.jpg\"]'),(425,3,65,1.00,'Second or third time that I buy a Botble product, happy with the products and support. You guys do a good job :)','published','2023-11-09 09:20:57','2023-11-09 09:20:57','[\"products\\/product-49.jpg\",\"products\\/product-51.jpg\",\"products\\/product-65.jpg\"]'),(428,9,22,2.00,'Second or third time that I buy a Botble product, happy with the products and support. You guys do a good job :)','published','2023-11-09 09:20:57','2023-11-09 09:20:57','[\"products\\/product-15.jpg\",\"products\\/product-18.jpg\",\"products\\/product-22.jpg\",\"products\\/product-48.jpg\"]'),(430,8,58,4.00,'This web app is really good in design, code quality & features. Besides, the customer support provided by the Botble team was really fast & helpful. You guys are awesome!','published','2023-11-09 09:20:57','2023-11-09 09:20:57','[\"products\\/product-23.jpg\",\"products\\/product-50.jpg\",\"products\\/product-60.jpg\",\"products\\/product-91.jpg\"]'),(433,2,34,4.00,'Ok good product. I have some issues in customizations. But its not correct to blame the developer. The product is good. Good luck for your business.','published','2023-11-09 09:20:57','2023-11-09 09:20:57','[\"products\\/product-29.jpg\",\"products\\/product-46.jpg\",\"products\\/product-49.jpg\",\"products\\/product-60.jpg\"]'),(436,1,64,5.00,'This web app is really good in design, code quality & features. Besides, the customer support provided by the Botble team was really fast & helpful. You guys are awesome!','published','2023-11-09 09:20:57','2023-11-09 09:20:57','[\"products\\/product-43.jpg\",\"products\\/product-47.jpg\",\"products\\/product-65.jpg\",\"products\\/product-70.jpg\"]'),(439,3,55,3.00,'Customer Support are grade (A*), however the code is a way too over engineered for it\'s purpose.','published','2023-11-09 09:20:57','2023-11-09 09:20:57','[\"products\\/product-26.jpg\",\"products\\/product-44.jpg\",\"products\\/product-45.jpg\",\"products\\/product-82.jpg\"]'),(440,5,30,2.00,'The best ecommerce CMS! Excellent coding! best support service! Thank you so much..... I really like your hard work.','published','2023-11-09 09:20:57','2023-11-09 09:20:57','[\"products\\/product-14.jpg\",\"products\\/product-66.jpg\"]'),(441,3,24,5.00,'This script is well coded and is super fast. The support is pretty quick. Very patient and helpful team. I strongly recommend it and they deserve more than 5 stars.','published','2023-11-09 09:20:57','2023-11-09 09:20:57','[\"products\\/product-6.jpg\",\"products\\/product-68.jpg\"]'),(443,6,63,4.00,'These guys are amazing! Responses immediately, amazing support and help... I immediately feel at ease after Purchasing..','published','2023-11-09 09:20:57','2023-11-09 09:20:57','[\"products\\/product-7.jpg\",\"products\\/product-10.jpg\"]'),(447,6,23,5.00,'Best ecommerce CMS online store!','published','2023-11-09 09:20:57','2023-11-09 09:20:57','[\"products\\/product-71.jpg\"]'),(450,7,52,2.00,'I Love this Script. I also found how to add other fees. Now I just wait the BIG update for the Marketplace with the Bulk Import. Just do not forget to make it to be Multi-language for us the Botble Fans.','published','2023-11-09 09:20:57','2023-11-09 09:20:57','[\"products\\/product-27.jpg\",\"products\\/product-81.jpg\"]'),(457,9,24,4.00,'The best ecommerce CMS! Excellent coding! best support service! Thank you so much..... I really like your hard work.','published','2023-11-09 09:20:57','2023-11-09 09:20:57','[\"products\\/product-28.jpg\",\"products\\/product-60.jpg\",\"products\\/product-79.jpg\",\"products\\/product-90.jpg\"]'),(458,5,34,3.00,'I Love this Script. I also found how to add other fees. Now I just wait the BIG update for the Marketplace with the Bulk Import. Just do not forget to make it to be Multi-language for us the Botble Fans.','published','2023-11-09 09:20:57','2023-11-09 09:20:57','[\"products\\/product-28.jpg\",\"products\\/product-34.jpg\",\"products\\/product-72.jpg\"]'),(459,7,33,3.00,'Solution is too robust for our purpose so we didn\'t use it at the end. But I appreciate customer support during initial configuration.','published','2023-11-09 09:20:57','2023-11-09 09:20:57','[\"products\\/product-84.jpg\"]'),(460,3,56,2.00,'I Love this Script. I also found how to add other fees. Now I just wait the BIG update for the Marketplace with the Bulk Import. Just do not forget to make it to be Multi-language for us the Botble Fans.','published','2023-11-09 09:20:57','2023-11-09 09:20:57','[\"products\\/product-61.jpg\",\"products\\/product-74.jpg\",\"products\\/product-95.jpg\"]'),(461,4,50,3.00,'Solution is too robust for our purpose so we didn\'t use it at the end. But I appreciate customer support during initial configuration.','published','2023-11-09 09:20:57','2023-11-09 09:20:57','[\"products\\/pla-product-03.jpg\",\"products\\/product-5.jpg\"]'),(467,5,56,1.00,'Good app, good backup service and support. Good documentation.','published','2023-11-09 09:20:57','2023-11-09 09:20:57','[\"products\\/product-9.jpg\",\"products\\/product-28.jpg\"]'),(468,3,7,2.00,'Very enthusiastic support! Excellent code is written. It\'s a true pleasure working with.','published','2023-11-09 09:20:57','2023-11-09 09:20:57','[\"products\\/product-58.jpg\"]'),(469,7,60,4.00,'For me the best eCommerce script on Envato at this moment: modern, clean code, a lot of great features. The customer support is great too: I always get an answer within hours!','published','2023-11-09 09:20:57','2023-11-09 09:20:57','[\"products\\/product-15.jpg\",\"products\\/product-39.jpg\",\"products\\/product-48.jpg\",\"products\\/product-76.jpg\"]'),(472,1,6,2.00,'Perfect +++++++++ i love it really also i get to fast ticket answers... Thanks Lot BOTBLE Teams','published','2023-11-09 09:20:57','2023-11-09 09:20:57','[\"products\\/pla-product-03.jpg\",\"products\\/product-4.jpg\",\"products\\/product-11.jpg\",\"products\\/product-86.jpg\"]'),(476,7,53,4.00,'Solution is too robust for our purpose so we didn\'t use it at the end. But I appreciate customer support during initial configuration.','published','2023-11-09 09:20:57','2023-11-09 09:20:57','[\"products\\/product-33.jpg\"]'),(478,1,15,4.00,'Great E-commerce system. And much more : Wonderful Customer Support.','published','2023-11-09 09:20:57','2023-11-09 09:20:57','[\"products\\/product-12.jpg\",\"products\\/product-40.jpg\"]'),(479,10,66,3.00,'Best ecommerce CMS online store!','published','2023-11-09 09:20:57','2023-11-09 09:20:57','[\"products\\/product-53.jpg\",\"products\\/product-73.jpg\",\"products\\/product-80.jpg\",\"products\\/product-88.jpg\"]'),(482,7,75,5.00,'Those guys now what they are doing, the release such a good product that it\'s a pleasure to work with ! Even when I was stuck on the project, I created a ticket and the next day it was replied by the team. GOOD JOB guys. I love working with them :)','published','2023-11-09 09:20:57','2023-11-09 09:20:57','[\"products\\/product-20.jpg\"]'),(483,6,62,4.00,'This web app is really good in design, code quality & features. Besides, the customer support provided by the Botble team was really fast & helpful. You guys are awesome!','published','2023-11-09 09:20:57','2023-11-09 09:20:57','[\"products\\/pla-product-01.jpg\",\"products\\/product-29.jpg\",\"products\\/product-37.jpg\",\"products\\/product-48.jpg\"]'),(484,1,60,1.00,'The script is the best of its class, fast, easy to implement and work with , and the most important thing is the great support team , Recommend with no doubt.','published','2023-11-09 09:20:57','2023-11-09 09:20:57','[\"products\\/product-72.jpg\"]'),(487,3,38,4.00,'This script is well coded and is super fast. The support is pretty quick. Very patient and helpful team. I strongly recommend it and they deserve more than 5 stars.','published','2023-11-09 09:20:57','2023-11-09 09:20:57','[\"products\\/product-42.jpg\",\"products\\/product-57.jpg\",\"products\\/product-92.jpg\"]'),(488,1,31,5.00,'These guys are amazing! Responses immediately, amazing support and help... I immediately feel at ease after Purchasing..','published','2023-11-09 09:20:57','2023-11-09 09:20:57','[\"products\\/product-1.jpg\",\"products\\/product-44.jpg\"]'),(492,2,65,2.00,'The script is the best of its class, fast, easy to implement and work with , and the most important thing is the great support team , Recommend with no doubt.','published','2023-11-09 09:20:57','2023-11-09 09:20:57','[\"products\\/product-59.jpg\",\"products\\/product-62.jpg\",\"products\\/product-87.jpg\"]'),(493,9,57,4.00,'I Love this Script. I also found how to add other fees. Now I just wait the BIG update for the Marketplace with the Bulk Import. Just do not forget to make it to be Multi-language for us the Botble Fans.','published','2023-11-09 09:20:57','2023-11-09 09:20:57','[\"products\\/product-51.jpg\",\"products\\/product-76.jpg\"]'),(496,1,72,4.00,'We have received brilliant service support and will be expanding the features with the developer. Nice product!','published','2023-11-09 09:20:57','2023-11-09 09:20:57','[\"products\\/product-3.jpg\",\"products\\/product-49.jpg\",\"products\\/product-95.jpg\"]'),(501,9,41,4.00,'The code is good, in general, if you like it, can you give it 5 stars?','published','2023-11-09 09:20:57','2023-11-09 09:20:57','[\"products\\/product-70.jpg\",\"products\\/product-74.jpg\"]'),(502,1,43,4.00,'The script is the best of its class, fast, easy to implement and work with , and the most important thing is the great support team , Recommend with no doubt.','published','2023-11-09 09:20:57','2023-11-09 09:20:57','[\"products\\/product-87.jpg\",\"products\\/product-88.jpg\"]'),(506,10,17,1.00,'Ok good product. I have some issues in customizations. But its not correct to blame the developer. The product is good. Good luck for your business.','published','2023-11-09 09:20:57','2023-11-09 09:20:57','[\"products\\/product-19.jpg\",\"products\\/product-47.jpg\",\"products\\/product-51.jpg\"]'),(507,8,73,3.00,'Best ecommerce CMS online store!','published','2023-11-09 09:20:57','2023-11-09 09:20:57','[\"products\\/product-27.jpg\",\"products\\/product-59.jpg\",\"products\\/product-65.jpg\"]'),(508,3,5,4.00,'Perfect +++++++++ i love it really also i get to fast ticket answers... Thanks Lot BOTBLE Teams','published','2023-11-09 09:20:57','2023-11-09 09:20:57','[\"products\\/pla-product-02.jpg\",\"products\\/product-3.jpg\",\"products\\/product-42.jpg\",\"products\\/product-89.jpg\"]'),(509,8,28,2.00,'I Love this Script. I also found how to add other fees. Now I just wait the BIG update for the Marketplace with the Bulk Import. Just do not forget to make it to be Multi-language for us the Botble Fans.','published','2023-11-09 09:20:57','2023-11-09 09:20:57','[\"products\\/product-50.jpg\"]'),(510,2,26,3.00,'Ok good product. I have some issues in customizations. But its not correct to blame the developer. The product is good. Good luck for your business.','published','2023-11-09 09:20:57','2023-11-09 09:20:57','[\"products\\/product-40.jpg\",\"products\\/product-56.jpg\",\"products\\/product-63.jpg\",\"products\\/product-71.jpg\"]'),(514,4,16,5.00,'Cool template. Excellent code quality. The support responds very quickly, which is very rare on themeforest and codecanyon.net, I buy a lot of templates, and everyone will have a response from technical support for two or three days. Thanks to tech support. I recommend to buy.','published','2023-11-09 09:20:57','2023-11-09 09:20:57','[\"products\\/product-73.jpg\",\"products\\/product-84.jpg\"]'),(522,10,74,2.00,'These guys are amazing! Responses immediately, amazing support and help... I immediately feel at ease after Purchasing..','published','2023-11-09 09:20:57','2023-11-09 09:20:57','[\"products\\/product-53.jpg\",\"products\\/product-91.jpg\"]'),(523,3,23,1.00,'Second or third time that I buy a Botble product, happy with the products and support. You guys do a good job :)','published','2023-11-09 09:20:57','2023-11-09 09:20:57','[\"products\\/product-45.jpg\",\"products\\/product-48.jpg\"]'),(527,8,39,1.00,'I Love this Script. I also found how to add other fees. Now I just wait the BIG update for the Marketplace with the Bulk Import. Just do not forget to make it to be Multi-language for us the Botble Fans.','published','2023-11-09 09:20:57','2023-11-09 09:20:57','[\"products\\/product-26.jpg\"]'),(529,7,44,2.00,'Second or third time that I buy a Botble product, happy with the products and support. You guys do a good job :)','published','2023-11-09 09:20:57','2023-11-09 09:20:57','[\"products\\/product-3.jpg\",\"products\\/product-52.jpg\",\"products\\/product-84.jpg\",\"products\\/product-94.jpg\"]'),(530,1,5,5.00,'Good app, good backup service and support. Good documentation.','published','2023-11-09 09:20:57','2023-11-09 09:20:57','[\"products\\/product-31.jpg\",\"products\\/product-37.jpg\",\"products\\/product-93.jpg\"]'),(532,8,50,1.00,'Best ecommerce CMS online store!','published','2023-11-09 09:20:57','2023-11-09 09:20:57','[\"products\\/product-58.jpg\"]'),(533,4,33,5.00,'This script is well coded and is super fast. The support is pretty quick. Very patient and helpful team. I strongly recommend it and they deserve more than 5 stars.','published','2023-11-09 09:20:57','2023-11-09 09:20:57','[\"products\\/product-66.jpg\"]'),(534,3,75,1.00,'The code is good, in general, if you like it, can you give it 5 stars?','published','2023-11-09 09:20:57','2023-11-09 09:20:57','[\"products\\/product-14.jpg\",\"products\\/product-68.jpg\",\"products\\/product-85.jpg\"]'),(541,3,17,5.00,'The code is good, in general, if you like it, can you give it 5 stars?','published','2023-11-09 09:20:57','2023-11-09 09:20:57','[\"products\\/product-45.jpg\",\"products\\/product-92.jpg\"]'),(542,10,36,3.00,'Customer Support are grade (A*), however the code is a way too over engineered for it\'s purpose.','published','2023-11-09 09:20:57','2023-11-09 09:20:57','[\"products\\/product-74.jpg\"]'),(543,5,48,1.00,'The script is the best of its class, fast, easy to implement and work with , and the most important thing is the great support team , Recommend with no doubt.','published','2023-11-09 09:20:57','2023-11-09 09:20:57','[\"products\\/product-26.jpg\",\"products\\/product-36.jpg\"]'),(544,8,14,3.00,'Good app, good backup service and support. Good documentation.','published','2023-11-09 09:20:57','2023-11-09 09:20:57','[\"products\\/product-9.jpg\",\"products\\/product-59.jpg\"]'),(548,5,37,2.00,'Customer Support are grade (A*), however the code is a way too over engineered for it\'s purpose.','published','2023-11-09 09:20:57','2023-11-09 09:20:57','[\"products\\/product-93.jpg\"]'),(550,2,17,5.00,'This script is well coded and is super fast. The support is pretty quick. Very patient and helpful team. I strongly recommend it and they deserve more than 5 stars.','published','2023-11-09 09:20:57','2023-11-09 09:20:57','[\"products\\/product-3.jpg\",\"products\\/product-31.jpg\"]'),(551,10,62,2.00,'Solution is too robust for our purpose so we didn\'t use it at the end. But I appreciate customer support during initial configuration.','published','2023-11-09 09:20:57','2023-11-09 09:20:57','[\"products\\/product-41.jpg\",\"products\\/product-50.jpg\",\"products\\/product-57.jpg\",\"products\\/product-63.jpg\"]'),(552,8,1,1.00,'I Love this Script. I also found how to add other fees. Now I just wait the BIG update for the Marketplace with the Bulk Import. Just do not forget to make it to be Multi-language for us the Botble Fans.','published','2023-11-09 09:20:57','2023-11-09 09:20:57','[\"products\\/product-77.jpg\"]'),(556,1,74,3.00,'As a developer I reviewed this script. This is really awesome ecommerce script. I have convinced when I noticed that it\'s built on fully WordPress concept.','published','2023-11-09 09:20:57','2023-11-09 09:20:57','[\"products\\/product-33.jpg\",\"products\\/product-47.jpg\",\"products\\/product-73.jpg\",\"products\\/product-81.jpg\"]'),(557,5,19,1.00,'Great system, great support, good job Botble. I\'m looking forward to more great functional plugins.','published','2023-11-09 09:20:57','2023-11-09 09:20:57','[\"products\\/product-15.jpg\",\"products\\/product-17.jpg\",\"products\\/product-85.jpg\"]'),(558,1,63,4.00,'Clean & perfect source code','published','2023-11-09 09:20:57','2023-11-09 09:20:57','[\"products\\/product-59.jpg\",\"products\\/product-61.jpg\",\"products\\/product-66.jpg\"]'),(559,5,44,5.00,'For me the best eCommerce script on Envato at this moment: modern, clean code, a lot of great features. The customer support is great too: I always get an answer within hours!','published','2023-11-09 09:20:57','2023-11-09 09:20:57','[\"products\\/product-9.jpg\",\"products\\/product-31.jpg\",\"products\\/product-73.jpg\",\"products\\/product-82.jpg\"]'),(563,8,68,3.00,'Perfect +++++++++ i love it really also i get to fast ticket answers... Thanks Lot BOTBLE Teams','published','2023-11-09 09:20:57','2023-11-09 09:20:57','[\"products\\/product-73.jpg\"]'),(564,6,33,4.00,'Perfect +++++++++ i love it really also i get to fast ticket answers... Thanks Lot BOTBLE Teams','published','2023-11-09 09:20:57','2023-11-09 09:20:57','[\"products\\/product-57.jpg\"]'),(567,10,39,3.00,'This web app is really good in design, code quality & features. Besides, the customer support provided by the Botble team was really fast & helpful. You guys are awesome!','published','2023-11-09 09:20:57','2023-11-09 09:20:57','[\"products\\/product-5.jpg\",\"products\\/product-22.jpg\",\"products\\/product-34.jpg\",\"products\\/product-76.jpg\"]'),(568,1,3,4.00,'These guys are amazing! Responses immediately, amazing support and help... I immediately feel at ease after Purchasing..','published','2023-11-09 09:20:57','2023-11-09 09:20:57','[\"products\\/product-20.jpg\",\"products\\/product-50.jpg\"]'),(571,2,2,4.00,'Cool template. Excellent code quality. The support responds very quickly, which is very rare on themeforest and codecanyon.net, I buy a lot of templates, and everyone will have a response from technical support for two or three days. Thanks to tech support. I recommend to buy.','published','2023-11-09 09:20:57','2023-11-09 09:20:57','[\"products\\/product-4.jpg\",\"products\\/product-72.jpg\",\"products\\/product-81.jpg\",\"products\\/product-93.jpg\"]'),(572,6,38,3.00,'Very enthusiastic support! Excellent code is written. It\'s a true pleasure working with.','published','2023-11-09 09:20:57','2023-11-09 09:20:57','[\"products\\/product-1.jpg\",\"products\\/product-39.jpg\",\"products\\/product-40.jpg\",\"products\\/product-42.jpg\"]'),(573,5,67,5.00,'As a developer I reviewed this script. This is really awesome ecommerce script. I have convinced when I noticed that it\'s built on fully WordPress concept.','published','2023-11-09 09:20:57','2023-11-09 09:20:57','[\"products\\/product-37.jpg\",\"products\\/product-59.jpg\"]'),(574,3,29,4.00,'As a developer I reviewed this script. This is really awesome ecommerce script. I have convinced when I noticed that it\'s built on fully WordPress concept.','published','2023-11-09 09:20:57','2023-11-09 09:20:57','[\"products\\/product-34.jpg\",\"products\\/product-42.jpg\",\"products\\/product-91.jpg\"]'),(578,3,66,5.00,'For me the best eCommerce script on Envato at this moment: modern, clean code, a lot of great features. The customer support is great too: I always get an answer within hours!','published','2023-11-09 09:20:57','2023-11-09 09:20:57','[\"products\\/product-23.jpg\",\"products\\/product-28.jpg\",\"products\\/product-42.jpg\",\"products\\/product-90.jpg\"]'),(580,9,42,4.00,'Great E-commerce system. And much more : Wonderful Customer Support.','published','2023-11-09 09:20:57','2023-11-09 09:20:57','[\"products\\/product-12.jpg\",\"products\\/product-53.jpg\",\"products\\/product-54.jpg\",\"products\\/product-55.jpg\"]'),(581,3,52,4.00,'The script is the best of its class, fast, easy to implement and work with , and the most important thing is the great support team , Recommend with no doubt.','published','2023-11-09 09:20:57','2023-11-09 09:20:57','[\"products\\/product-25.jpg\"]'),(582,8,55,5.00,'Ok good product. I have some issues in customizations. But its not correct to blame the developer. The product is good. Good luck for your business.','published','2023-11-09 09:20:57','2023-11-09 09:20:57','[\"products\\/product-5.jpg\",\"products\\/product-29.jpg\",\"products\\/product-65.jpg\"]'),(584,5,29,5.00,'It\'s not my first experience here on Codecanyon and I can honestly tell you all that Botble puts a LOT of effort into the support. They answer so fast, they helped me tons of times. REALLY by far THE BEST EXPERIENCE on Codecanyon. Those guys at Botble are so good that they deserve 5 stars. I recommend them, I trust them and I can\'t wait to see what they will sell in a near future. Thank you Botble :)','published','2023-11-09 09:20:57','2023-11-09 09:20:57','[\"products\\/pla-product-02.jpg\"]'),(585,7,19,2.00,'Amazing code, amazing support. Overall, im really confident in Botble and im happy I made the right choice! Thank you so much guys for coding this masterpiece','published','2023-11-09 09:20:57','2023-11-09 09:20:57','[\"products\\/product-45.jpg\",\"products\\/product-59.jpg\"]'),(588,10,65,2.00,'Good app, good backup service and support. Good documentation.','published','2023-11-09 09:20:57','2023-11-09 09:20:57','[\"products\\/product-39.jpg\"]'),(591,7,7,2.00,'Cool template. Excellent code quality. The support responds very quickly, which is very rare on themeforest and codecanyon.net, I buy a lot of templates, and everyone will have a response from technical support for two or three days. Thanks to tech support. I recommend to buy.','published','2023-11-09 09:20:57','2023-11-09 09:20:57','[\"products\\/product-20.jpg\",\"products\\/product-25.jpg\",\"products\\/product-81.jpg\"]'),(592,9,31,5.00,'Perfect +++++++++ i love it really also i get to fast ticket answers... Thanks Lot BOTBLE Teams','published','2023-11-09 09:20:57','2023-11-09 09:20:57','[\"products\\/pla-product-02.jpg\",\"products\\/product-38.jpg\",\"products\\/product-94.jpg\"]'),(595,6,32,1.00,'Customer Support are grade (A*), however the code is a way too over engineered for it\'s purpose.','published','2023-11-09 09:20:57','2023-11-09 09:20:57','[\"products\\/product-25.jpg\",\"products\\/product-41.jpg\",\"products\\/product-48.jpg\"]'),(597,8,42,5.00,'The script is the best of its class, fast, easy to implement and work with , and the most important thing is the great support team , Recommend with no doubt.','published','2023-11-09 09:20:57','2023-11-09 09:20:57','[\"products\\/product-7.jpg\",\"products\\/product-29.jpg\",\"products\\/product-79.jpg\"]'),(599,5,60,2.00,'Second or third time that I buy a Botble product, happy with the products and support. You guys do a good job :)','published','2023-11-09 09:20:57','2023-11-09 09:20:57','[\"products\\/product-12.jpg\"]'),(600,4,67,5.00,'This script is well coded and is super fast. The support is pretty quick. Very patient and helpful team. I strongly recommend it and they deserve more than 5 stars.','published','2023-11-09 09:20:57','2023-11-09 09:20:57','[\"products\\/product-18.jpg\",\"products\\/product-62.jpg\",\"products\\/product-65.jpg\",\"products\\/product-77.jpg\"]'),(602,10,59,4.00,'It\'s not my first experience here on Codecanyon and I can honestly tell you all that Botble puts a LOT of effort into the support. They answer so fast, they helped me tons of times. REALLY by far THE BEST EXPERIENCE on Codecanyon. Those guys at Botble are so good that they deserve 5 stars. I recommend them, I trust them and I can\'t wait to see what they will sell in a near future. Thank you Botble :)','published','2023-11-09 09:20:57','2023-11-09 09:20:57','[\"products\\/product-39.jpg\",\"products\\/product-89.jpg\"]'),(604,5,11,5.00,'Great system, great support, good job Botble. I\'m looking forward to more great functional plugins.','published','2023-11-09 09:20:57','2023-11-09 09:20:57','[\"products\\/product-70.jpg\",\"products\\/product-74.jpg\"]'),(607,3,57,5.00,'This web app is really good in design, code quality & features. Besides, the customer support provided by the Botble team was really fast & helpful. You guys are awesome!','published','2023-11-09 09:20:57','2023-11-09 09:20:57','[\"products\\/product-29.jpg\",\"products\\/product-55.jpg\"]'),(610,4,5,5.00,'This script is well coded and is super fast. The support is pretty quick. Very patient and helpful team. I strongly recommend it and they deserve more than 5 stars.','published','2023-11-09 09:20:57','2023-11-09 09:20:57','[\"products\\/product-34.jpg\",\"products\\/product-66.jpg\"]'),(612,9,29,2.00,'Second or third time that I buy a Botble product, happy with the products and support. You guys do a good job :)','published','2023-11-09 09:20:57','2023-11-09 09:20:57','[\"products\\/product-80.jpg\"]'),(614,3,1,2.00,'Best ecommerce CMS online store!','published','2023-11-09 09:20:57','2023-11-09 09:20:57','[\"products\\/product-4.jpg\",\"products\\/product-7.jpg\",\"products\\/product-87.jpg\"]'),(615,6,26,2.00,'Great E-commerce system. And much more : Wonderful Customer Support.','published','2023-11-09 09:20:57','2023-11-09 09:20:57','[\"products\\/pla-product-03.jpg\"]'),(618,9,59,1.00,'Those guys now what they are doing, the release such a good product that it\'s a pleasure to work with ! Even when I was stuck on the project, I created a ticket and the next day it was replied by the team. GOOD JOB guys. I love working with them :)','published','2023-11-09 09:20:57','2023-11-09 09:20:57','[\"products\\/product-8.jpg\",\"products\\/product-51.jpg\"]'),(619,8,72,5.00,'This script is well coded and is super fast. The support is pretty quick. Very patient and helpful team. I strongly recommend it and they deserve more than 5 stars.','published','2023-11-09 09:20:57','2023-11-09 09:20:57','[\"products\\/product-50.jpg\"]'),(626,10,71,5.00,'Great E-commerce system. And much more : Wonderful Customer Support.','published','2023-11-09 09:20:57','2023-11-09 09:20:57','[\"products\\/product-56.jpg\",\"products\\/product-79.jpg\",\"products\\/product-85.jpg\",\"products\\/product-92.jpg\"]'),(628,9,28,3.00,'Customer Support are grade (A*), however the code is a way too over engineered for it\'s purpose.','published','2023-11-09 09:20:57','2023-11-09 09:20:57','[\"products\\/pla-product-01.jpg\",\"products\\/product-1.jpg\",\"products\\/product-80.jpg\"]'),(630,2,43,5.00,'Clean & perfect source code','published','2023-11-09 09:20:57','2023-11-09 09:20:57','[\"products\\/product-43.jpg\",\"products\\/product-60.jpg\",\"products\\/product-88.jpg\"]'),(632,10,3,4.00,'Cool template. Excellent code quality. The support responds very quickly, which is very rare on themeforest and codecanyon.net, I buy a lot of templates, and everyone will have a response from technical support for two or three days. Thanks to tech support. I recommend to buy.','published','2023-11-09 09:20:57','2023-11-09 09:20:57','[\"products\\/product-21.jpg\"]'),(635,3,9,4.00,'We have received brilliant service support and will be expanding the features with the developer. Nice product!','published','2023-11-09 09:20:57','2023-11-09 09:20:57','[\"products\\/product-1.jpg\",\"products\\/product-20.jpg\",\"products\\/product-21.jpg\"]'),(636,8,57,3.00,'Good app, good backup service and support. Good documentation.','published','2023-11-09 09:20:57','2023-11-09 09:20:57','[\"products\\/product-59.jpg\"]'),(637,8,52,3.00,'Second or third time that I buy a Botble product, happy with the products and support. You guys do a good job :)','published','2023-11-09 09:20:57','2023-11-09 09:20:57','[\"products\\/product-64.jpg\"]'),(640,3,69,1.00,'The best ecommerce CMS! Excellent coding! best support service! Thank you so much..... I really like your hard work.','published','2023-11-09 09:20:57','2023-11-09 09:20:57','[\"products\\/product-11.jpg\",\"products\\/product-68.jpg\"]'),(641,9,50,2.00,'Great E-commerce system. And much more : Wonderful Customer Support.','published','2023-11-09 09:20:57','2023-11-09 09:20:57','[\"products\\/product-56.jpg\"]'),(647,6,45,5.00,'Good app, good backup service and support. Good documentation.','published','2023-11-09 09:20:57','2023-11-09 09:20:57','[\"products\\/pla-product-04.jpg\"]'),(650,5,46,3.00,'Clean & perfect source code','published','2023-11-09 09:20:57','2023-11-09 09:20:57','[\"products\\/product-41.jpg\"]'),(651,9,61,3.00,'This web app is really good in design, code quality & features. Besides, the customer support provided by the Botble team was really fast & helpful. You guys are awesome!','published','2023-11-09 09:20:57','2023-11-09 09:20:57','[\"products\\/product-48.jpg\"]'),(653,3,8,1.00,'Ok good product. I have some issues in customizations. But its not correct to blame the developer. The product is good. Good luck for your business.','published','2023-11-09 09:20:57','2023-11-09 09:20:57','[\"products\\/product-81.jpg\"]'),(654,3,41,1.00,'Very enthusiastic support! Excellent code is written. It\'s a true pleasure working with.','published','2023-11-09 09:20:57','2023-11-09 09:20:57','[\"products\\/product-93.jpg\"]'),(658,7,50,1.00,'This web app is really good in design, code quality & features. Besides, the customer support provided by the Botble team was really fast & helpful. You guys are awesome!','published','2023-11-09 09:20:57','2023-11-09 09:20:57','[\"products\\/product-74.jpg\",\"products\\/product-94.jpg\"]'),(660,2,48,3.00,'Those guys now what they are doing, the release such a good product that it\'s a pleasure to work with ! Even when I was stuck on the project, I created a ticket and the next day it was replied by the team. GOOD JOB guys. I love working with them :)','published','2023-11-09 09:20:57','2023-11-09 09:20:57','[\"products\\/product-14.jpg\",\"products\\/product-22.jpg\",\"products\\/product-70.jpg\",\"products\\/product-95.jpg\"]'),(664,7,63,4.00,'Clean & perfect source code','published','2023-11-09 09:20:57','2023-11-09 09:20:57','[\"products\\/product-58.jpg\"]'),(665,6,64,5.00,'I Love this Script. I also found how to add other fees. Now I just wait the BIG update for the Marketplace with the Bulk Import. Just do not forget to make it to be Multi-language for us the Botble Fans.','published','2023-11-09 09:20:57','2023-11-09 09:20:57','[\"products\\/pla-product-03.jpg\",\"products\\/product-25.jpg\"]'),(668,8,21,4.00,'The code is good, in general, if you like it, can you give it 5 stars?','published','2023-11-09 09:20:57','2023-11-09 09:20:57','[\"products\\/product-58.jpg\",\"products\\/product-61.jpg\",\"products\\/product-77.jpg\",\"products\\/product-94.jpg\"]'),(672,5,7,5.00,'Cool template. Excellent code quality. The support responds very quickly, which is very rare on themeforest and codecanyon.net, I buy a lot of templates, and everyone will have a response from technical support for two or three days. Thanks to tech support. I recommend to buy.','published','2023-11-09 09:20:57','2023-11-09 09:20:57','[\"products\\/product-1.jpg\",\"products\\/product-62.jpg\"]'),(673,6,19,1.00,'Best ecommerce CMS online store!','published','2023-11-09 09:20:57','2023-11-09 09:20:57','[\"products\\/product-8.jpg\",\"products\\/product-28.jpg\",\"products\\/product-50.jpg\",\"products\\/product-55.jpg\"]'),(674,9,21,1.00,'This web app is really good in design, code quality & features. Besides, the customer support provided by the Botble team was really fast & helpful. You guys are awesome!','published','2023-11-09 09:20:57','2023-11-09 09:20:57','[\"products\\/product-30.jpg\",\"products\\/product-39.jpg\",\"products\\/product-56.jpg\",\"products\\/product-57.jpg\"]'),(677,7,40,3.00,'Very enthusiastic support! Excellent code is written. It\'s a true pleasure working with.','published','2023-11-09 09:20:57','2023-11-09 09:20:57','[\"products\\/product-18.jpg\",\"products\\/product-23.jpg\",\"products\\/product-68.jpg\",\"products\\/product-75.jpg\"]'),(678,3,73,4.00,'Those guys now what they are doing, the release such a good product that it\'s a pleasure to work with ! Even when I was stuck on the project, I created a ticket and the next day it was replied by the team. GOOD JOB guys. I love working with them :)','published','2023-11-09 09:20:57','2023-11-09 09:20:57','[\"products\\/product-26.jpg\",\"products\\/product-46.jpg\",\"products\\/product-75.jpg\"]'),(682,9,13,1.00,'These guys are amazing! Responses immediately, amazing support and help... I immediately feel at ease after Purchasing..','published','2023-11-09 09:20:57','2023-11-09 09:20:57','[\"products\\/product-16.jpg\",\"products\\/product-18.jpg\",\"products\\/product-39.jpg\",\"products\\/product-63.jpg\"]'),(683,6,36,4.00,'We have received brilliant service support and will be expanding the features with the developer. Nice product!','published','2023-11-09 09:20:57','2023-11-09 09:20:57','[\"products\\/product-13.jpg\",\"products\\/product-88.jpg\"]'),(686,5,14,2.00,'As a developer I reviewed this script. This is really awesome ecommerce script. I have convinced when I noticed that it\'s built on fully WordPress concept.','published','2023-11-09 09:20:57','2023-11-09 09:20:57','[\"products\\/product-40.jpg\"]'),(687,10,60,1.00,'This script is well coded and is super fast. The support is pretty quick. Very patient and helpful team. I strongly recommend it and they deserve more than 5 stars.','published','2023-11-09 09:20:57','2023-11-09 09:20:57','[\"products\\/product-64.jpg\"]'),(692,7,51,2.00,'The script is the best of its class, fast, easy to implement and work with , and the most important thing is the great support team , Recommend with no doubt.','published','2023-11-09 09:20:57','2023-11-09 09:20:57','[\"products\\/product-36.jpg\",\"products\\/product-46.jpg\",\"products\\/product-63.jpg\",\"products\\/product-76.jpg\"]'),(694,4,21,5.00,'Great E-commerce system. And much more : Wonderful Customer Support.','published','2023-11-09 09:20:57','2023-11-09 09:20:57','[\"products\\/product-17.jpg\"]'),(695,1,29,5.00,'I Love this Script. I also found how to add other fees. Now I just wait the BIG update for the Marketplace with the Bulk Import. Just do not forget to make it to be Multi-language for us the Botble Fans.','published','2023-11-09 09:20:57','2023-11-09 09:20:57','[\"products\\/product-80.jpg\"]'),(696,8,37,5.00,'This web app is really good in design, code quality & features. Besides, the customer support provided by the Botble team was really fast & helpful. You guys are awesome!','published','2023-11-09 09:20:57','2023-11-09 09:20:57','[\"products\\/product-3.jpg\",\"products\\/product-28.jpg\"]'),(697,7,23,4.00,'Ok good product. I have some issues in customizations. But its not correct to blame the developer. The product is good. Good luck for your business.','published','2023-11-09 09:20:57','2023-11-09 09:20:57','[\"products\\/product-7.jpg\",\"products\\/product-44.jpg\",\"products\\/product-52.jpg\",\"products\\/product-54.jpg\"]'),(699,2,15,4.00,'Those guys now what they are doing, the release such a good product that it\'s a pleasure to work with ! Even when I was stuck on the project, I created a ticket and the next day it was replied by the team. GOOD JOB guys. I love working with them :)','published','2023-11-09 09:20:57','2023-11-09 09:20:57','[\"products\\/product-19.jpg\",\"products\\/product-29.jpg\"]'),(700,4,74,1.00,'Solution is too robust for our purpose so we didn\'t use it at the end. But I appreciate customer support during initial configuration.','published','2023-11-09 09:20:57','2023-11-09 09:20:57','[\"products\\/product-44.jpg\",\"products\\/product-51.jpg\",\"products\\/product-79.jpg\",\"products\\/product-90.jpg\"]'),(701,2,70,1.00,'These guys are amazing! Responses immediately, amazing support and help... I immediately feel at ease after Purchasing..','published','2023-11-09 09:20:57','2023-11-09 09:20:57','[\"products\\/product-24.jpg\",\"products\\/product-38.jpg\"]'),(703,8,63,3.00,'Cool template. Excellent code quality. The support responds very quickly, which is very rare on themeforest and codecanyon.net, I buy a lot of templates, and everyone will have a response from technical support for two or three days. Thanks to tech support. I recommend to buy.','published','2023-11-09 09:20:57','2023-11-09 09:20:57','[\"products\\/product-10.jpg\",\"products\\/product-39.jpg\",\"products\\/product-53.jpg\",\"products\\/product-87.jpg\"]'),(705,5,51,3.00,'Ok good product. I have some issues in customizations. But its not correct to blame the developer. The product is good. Good luck for your business.','published','2023-11-09 09:20:57','2023-11-09 09:20:57','[\"products\\/product-45.jpg\"]'),(706,4,7,2.00,'Best ecommerce CMS online store!','published','2023-11-09 09:20:57','2023-11-09 09:20:57','[\"products\\/product-44.jpg\",\"products\\/product-71.jpg\",\"products\\/product-81.jpg\",\"products\\/product-85.jpg\"]'),(707,7,62,4.00,'Ok good product. I have some issues in customizations. But its not correct to blame the developer. The product is good. Good luck for your business.','published','2023-11-09 09:20:57','2023-11-09 09:20:57','[\"products\\/product-26.jpg\",\"products\\/product-37.jpg\",\"products\\/product-85.jpg\",\"products\\/product-94.jpg\"]'),(708,6,6,3.00,'Very enthusiastic support! Excellent code is written. It\'s a true pleasure working with.','published','2023-11-09 09:20:57','2023-11-09 09:20:57','[\"products\\/product-37.jpg\",\"products\\/product-78.jpg\",\"products\\/product-86.jpg\"]'),(709,2,33,3.00,'As a developer I reviewed this script. This is really awesome ecommerce script. I have convinced when I noticed that it\'s built on fully WordPress concept.','published','2023-11-09 09:20:57','2023-11-09 09:20:57','[\"products\\/product-2.jpg\",\"products\\/product-42.jpg\",\"products\\/product-60.jpg\",\"products\\/product-72.jpg\"]'),(710,6,18,4.00,'This web app is really good in design, code quality & features. Besides, the customer support provided by the Botble team was really fast & helpful. You guys are awesome!','published','2023-11-09 09:20:57','2023-11-09 09:20:57','[\"products\\/product-4.jpg\",\"products\\/product-19.jpg\",\"products\\/product-30.jpg\",\"products\\/product-61.jpg\"]'),(711,7,22,2.00,'Clean & perfect source code','published','2023-11-09 09:20:57','2023-11-09 09:20:57','[\"products\\/product-28.jpg\",\"products\\/product-30.jpg\",\"products\\/product-45.jpg\",\"products\\/product-64.jpg\"]'),(714,1,4,4.00,'Second or third time that I buy a Botble product, happy with the products and support. You guys do a good job :)','published','2023-11-09 09:20:57','2023-11-09 09:20:57','[\"products\\/product-53.jpg\",\"products\\/product-55.jpg\",\"products\\/product-63.jpg\",\"products\\/product-76.jpg\"]'),(716,3,63,2.00,'Solution is too robust for our purpose so we didn\'t use it at the end. But I appreciate customer support during initial configuration.','published','2023-11-09 09:20:57','2023-11-09 09:20:57','[\"products\\/product-22.jpg\",\"products\\/product-80.jpg\",\"products\\/product-87.jpg\"]'),(719,2,68,3.00,'Customer Support are grade (A*), however the code is a way too over engineered for it\'s purpose.','published','2023-11-09 09:20:57','2023-11-09 09:20:57','[\"products\\/pla-product-02.jpg\",\"products\\/product-3.jpg\",\"products\\/product-4.jpg\",\"products\\/product-18.jpg\"]'),(720,4,8,2.00,'As a developer I reviewed this script. This is really awesome ecommerce script. I have convinced when I noticed that it\'s built on fully WordPress concept.','published','2023-11-09 09:20:57','2023-11-09 09:20:57','[\"products\\/product-44.jpg\",\"products\\/product-58.jpg\",\"products\\/product-81.jpg\"]'),(721,8,60,4.00,'The script is the best of its class, fast, easy to implement and work with , and the most important thing is the great support team , Recommend with no doubt.','published','2023-11-09 09:20:57','2023-11-09 09:20:57','[\"products\\/product-19.jpg\",\"products\\/product-94.jpg\"]'),(723,10,33,4.00,'These guys are amazing! Responses immediately, amazing support and help... I immediately feel at ease after Purchasing..','published','2023-11-09 09:20:57','2023-11-09 09:20:57','[\"products\\/product-71.jpg\"]'),(725,10,73,3.00,'I Love this Script. I also found how to add other fees. Now I just wait the BIG update for the Marketplace with the Bulk Import. Just do not forget to make it to be Multi-language for us the Botble Fans.','published','2023-11-09 09:20:57','2023-11-09 09:20:57','[\"products\\/product-80.jpg\"]'),(729,5,20,3.00,'The code is good, in general, if you like it, can you give it 5 stars?','published','2023-11-09 09:20:57','2023-11-09 09:20:57','[\"products\\/product-3.jpg\",\"products\\/product-27.jpg\",\"products\\/product-45.jpg\",\"products\\/product-95.jpg\"]'),(730,3,44,5.00,'Clean & perfect source code','published','2023-11-09 09:20:57','2023-11-09 09:20:57','[\"products\\/pla-product-02.jpg\",\"products\\/product-14.jpg\",\"products\\/product-45.jpg\"]'),(734,10,10,3.00,'Customer Support are grade (A*), however the code is a way too over engineered for it\'s purpose.','published','2023-11-09 09:20:57','2023-11-09 09:20:57','[\"products\\/product-25.jpg\",\"products\\/product-73.jpg\",\"products\\/product-82.jpg\"]'),(737,6,16,2.00,'Clean & perfect source code','published','2023-11-09 09:20:57','2023-11-09 09:20:57','[\"products\\/product-27.jpg\",\"products\\/product-62.jpg\",\"products\\/product-90.jpg\"]'),(743,8,40,3.00,'Those guys now what they are doing, the release such a good product that it\'s a pleasure to work with ! Even when I was stuck on the project, I created a ticket and the next day it was replied by the team. GOOD JOB guys. I love working with them :)','published','2023-11-09 09:20:57','2023-11-09 09:20:57','[\"products\\/product-46.jpg\",\"products\\/product-50.jpg\",\"products\\/product-78.jpg\"]'),(745,9,65,1.00,'Clean & perfect source code','published','2023-11-09 09:20:57','2023-11-09 09:20:57','[\"products\\/product-39.jpg\",\"products\\/product-41.jpg\",\"products\\/product-77.jpg\",\"products\\/product-82.jpg\"]'),(747,2,51,2.00,'Great system, great support, good job Botble. I\'m looking forward to more great functional plugins.','published','2023-11-09 09:20:57','2023-11-09 09:20:57','[\"products\\/product-36.jpg\",\"products\\/product-61.jpg\",\"products\\/product-62.jpg\",\"products\\/product-83.jpg\"]'),(748,2,6,2.00,'Cool template. Excellent code quality. The support responds very quickly, which is very rare on themeforest and codecanyon.net, I buy a lot of templates, and everyone will have a response from technical support for two or three days. Thanks to tech support. I recommend to buy.','published','2023-11-09 09:20:57','2023-11-09 09:20:57','[\"products\\/product-55.jpg\",\"products\\/product-84.jpg\"]'),(750,10,11,1.00,'Customer Support are grade (A*), however the code is a way too over engineered for it\'s purpose.','published','2023-11-09 09:20:57','2023-11-09 09:20:57','[\"products\\/product-76.jpg\"]'),(751,5,18,4.00,'We have received brilliant service support and will be expanding the features with the developer. Nice product!','published','2023-11-09 09:20:57','2023-11-09 09:20:57','[\"products\\/product-22.jpg\",\"products\\/product-33.jpg\",\"products\\/product-68.jpg\"]'),(758,6,57,1.00,'Ok good product. I have some issues in customizations. But its not correct to blame the developer. The product is good. Good luck for your business.','published','2023-11-09 09:20:57','2023-11-09 09:20:57','[\"products\\/product-62.jpg\"]'),(760,1,18,1.00,'Clean & perfect source code','published','2023-11-09 09:20:57','2023-11-09 09:20:57','[\"products\\/product-10.jpg\"]'),(761,3,12,1.00,'It\'s not my first experience here on Codecanyon and I can honestly tell you all that Botble puts a LOT of effort into the support. They answer so fast, they helped me tons of times. REALLY by far THE BEST EXPERIENCE on Codecanyon. Those guys at Botble are so good that they deserve 5 stars. I recommend them, I trust them and I can\'t wait to see what they will sell in a near future. Thank you Botble :)','published','2023-11-09 09:20:57','2023-11-09 09:20:57','[\"products\\/product-42.jpg\",\"products\\/product-73.jpg\"]'),(763,1,12,3.00,'I Love this Script. I also found how to add other fees. Now I just wait the BIG update for the Marketplace with the Bulk Import. Just do not forget to make it to be Multi-language for us the Botble Fans.','published','2023-11-09 09:20:57','2023-11-09 09:20:57','[\"products\\/product-54.jpg\"]'),(765,2,23,3.00,'It\'s not my first experience here on Codecanyon and I can honestly tell you all that Botble puts a LOT of effort into the support. They answer so fast, they helped me tons of times. REALLY by far THE BEST EXPERIENCE on Codecanyon. Those guys at Botble are so good that they deserve 5 stars. I recommend them, I trust them and I can\'t wait to see what they will sell in a near future. Thank you Botble :)','published','2023-11-09 09:20:57','2023-11-09 09:20:57','[\"products\\/product-66.jpg\"]'),(766,10,27,2.00,'Solution is too robust for our purpose so we didn\'t use it at the end. But I appreciate customer support during initial configuration.','published','2023-11-09 09:20:57','2023-11-09 09:20:57','[\"products\\/product-6.jpg\",\"products\\/product-17.jpg\",\"products\\/product-51.jpg\"]'),(768,1,8,1.00,'Great E-commerce system. And much more : Wonderful Customer Support.','published','2023-11-09 09:20:57','2023-11-09 09:20:57','[\"products\\/product-8.jpg\",\"products\\/product-29.jpg\",\"products\\/product-85.jpg\",\"products\\/product-90.jpg\"]'),(771,2,12,2.00,'It\'s not my first experience here on Codecanyon and I can honestly tell you all that Botble puts a LOT of effort into the support. They answer so fast, they helped me tons of times. REALLY by far THE BEST EXPERIENCE on Codecanyon. Those guys at Botble are so good that they deserve 5 stars. I recommend them, I trust them and I can\'t wait to see what they will sell in a near future. Thank you Botble :)','published','2023-11-09 09:20:57','2023-11-09 09:20:57','[\"products\\/product-21.jpg\",\"products\\/product-31.jpg\",\"products\\/product-49.jpg\",\"products\\/product-91.jpg\"]'),(774,5,26,3.00,'Good app, good backup service and support. Good documentation.','published','2023-11-09 09:20:57','2023-11-09 09:20:57','[\"products\\/pla-product-02.jpg\",\"products\\/product-18.jpg\",\"products\\/product-38.jpg\",\"products\\/product-43.jpg\"]'),(777,3,53,4.00,'The best store template! Excellent coding! Very good support! Thank you so much for all the help, I really appreciated.','published','2023-11-09 09:20:57','2023-11-09 09:20:57','[\"products\\/product-7.jpg\",\"products\\/product-18.jpg\"]'),(783,8,48,5.00,'This script is well coded and is super fast. The support is pretty quick. Very patient and helpful team. I strongly recommend it and they deserve more than 5 stars.','published','2023-11-09 09:20:57','2023-11-09 09:20:57','[\"products\\/product-10.jpg\",\"products\\/product-41.jpg\"]'),(786,9,39,1.00,'Perfect +++++++++ i love it really also i get to fast ticket answers... Thanks Lot BOTBLE Teams','published','2023-11-09 09:20:57','2023-11-09 09:20:57','[\"products\\/product-34.jpg\"]'),(787,9,40,5.00,'As a developer I reviewed this script. This is really awesome ecommerce script. I have convinced when I noticed that it\'s built on fully WordPress concept.','published','2023-11-09 09:20:57','2023-11-09 09:20:57','[\"products\\/product-26.jpg\",\"products\\/product-29.jpg\",\"products\\/product-39.jpg\",\"products\\/product-66.jpg\"]'),(789,8,20,1.00,'This script is well coded and is super fast. The support is pretty quick. Very patient and helpful team. I strongly recommend it and they deserve more than 5 stars.','published','2023-11-09 09:20:57','2023-11-09 09:20:57','[\"products\\/product-95.jpg\"]'),(790,5,43,3.00,'For me the best eCommerce script on Envato at this moment: modern, clean code, a lot of great features. The customer support is great too: I always get an answer within hours!','published','2023-11-09 09:20:57','2023-11-09 09:20:57','[\"products\\/product-39.jpg\",\"products\\/product-54.jpg\",\"products\\/product-68.jpg\",\"products\\/product-88.jpg\"]'),(791,2,29,2.00,'Ok good product. I have some issues in customizations. But its not correct to blame the developer. The product is good. Good luck for your business.','published','2023-11-09 09:20:57','2023-11-09 09:20:57','[\"products\\/product-42.jpg\",\"products\\/product-67.jpg\"]'),(793,6,5,4.00,'I Love this Script. I also found how to add other fees. Now I just wait the BIG update for the Marketplace with the Bulk Import. Just do not forget to make it to be Multi-language for us the Botble Fans.','published','2023-11-09 09:20:57','2023-11-09 09:20:57','[\"products\\/product-42.jpg\",\"products\\/product-50.jpg\",\"products\\/product-59.jpg\"]'),(795,10,50,1.00,'We have received brilliant service support and will be expanding the features with the developer. Nice product!','published','2023-11-09 09:20:57','2023-11-09 09:20:57','[\"products\\/product-53.jpg\",\"products\\/product-87.jpg\"]'),(797,1,1,2.00,'This script is well coded and is super fast. The support is pretty quick. Very patient and helpful team. I strongly recommend it and they deserve more than 5 stars.','published','2023-11-09 09:20:57','2023-11-09 09:20:57','[\"products\\/product-16.jpg\"]'),(802,6,65,1.00,'It\'s not my first experience here on Codecanyon and I can honestly tell you all that Botble puts a LOT of effort into the support. They answer so fast, they helped me tons of times. REALLY by far THE BEST EXPERIENCE on Codecanyon. Those guys at Botble are so good that they deserve 5 stars. I recommend them, I trust them and I can\'t wait to see what they will sell in a near future. Thank you Botble :)','published','2023-11-09 09:20:57','2023-11-09 09:20:57','[\"products\\/product-14.jpg\",\"products\\/product-19.jpg\",\"products\\/product-63.jpg\",\"products\\/product-89.jpg\"]'),(806,4,11,5.00,'The best store template! Excellent coding! Very good support! Thank you so much for all the help, I really appreciated.','published','2023-11-09 09:20:57','2023-11-09 09:20:57','[\"products\\/product-70.jpg\",\"products\\/product-79.jpg\"]'),(807,3,27,3.00,'Best ecommerce CMS online store!','published','2023-11-09 09:20:57','2023-11-09 09:20:57','[\"products\\/product-49.jpg\",\"products\\/product-76.jpg\"]'),(809,9,62,1.00,'Those guys now what they are doing, the release such a good product that it\'s a pleasure to work with ! Even when I was stuck on the project, I created a ticket and the next day it was replied by the team. GOOD JOB guys. I love working with them :)','published','2023-11-09 09:20:57','2023-11-09 09:20:57','[\"products\\/product-81.jpg\"]'),(814,4,22,2.00,'The best ecommerce CMS! Excellent coding! best support service! Thank you so much..... I really like your hard work.','published','2023-11-09 09:20:57','2023-11-09 09:20:57','[\"products\\/product-3.jpg\",\"products\\/product-31.jpg\"]'),(815,3,14,4.00,'The script is the best of its class, fast, easy to implement and work with , and the most important thing is the great support team , Recommend with no doubt.','published','2023-11-09 09:20:57','2023-11-09 09:20:57','[\"products\\/product-12.jpg\",\"products\\/product-70.jpg\"]'),(816,3,33,1.00,'Solution is too robust for our purpose so we didn\'t use it at the end. But I appreciate customer support during initial configuration.','published','2023-11-09 09:20:57','2023-11-09 09:20:57','[\"products\\/product-1.jpg\",\"products\\/product-8.jpg\",\"products\\/product-18.jpg\"]'),(817,4,35,5.00,'The best store template! Excellent coding! Very good support! Thank you so much for all the help, I really appreciated.','published','2023-11-09 09:20:57','2023-11-09 09:20:57','[\"products\\/product-86.jpg\"]'),(819,3,58,3.00,'The best store template! Excellent coding! Very good support! Thank you so much for all the help, I really appreciated.','published','2023-11-09 09:20:57','2023-11-09 09:20:57','[\"products\\/pla-product-04.jpg\",\"products\\/product-34.jpg\",\"products\\/product-40.jpg\",\"products\\/product-46.jpg\"]'),(823,2,14,4.00,'Great system, great support, good job Botble. I\'m looking forward to more great functional plugins.','published','2023-11-09 09:20:57','2023-11-09 09:20:57','[\"products\\/product-74.jpg\"]'),(824,5,54,1.00,'Solution is too robust for our purpose so we didn\'t use it at the end. But I appreciate customer support during initial configuration.','published','2023-11-09 09:20:57','2023-11-09 09:20:57','[\"products\\/pla-product-01.jpg\",\"products\\/product-47.jpg\",\"products\\/product-67.jpg\",\"products\\/product-87.jpg\"]'),(825,8,36,4.00,'Great system, great support, good job Botble. I\'m looking forward to more great functional plugins.','published','2023-11-09 09:20:57','2023-11-09 09:20:57','[\"products\\/product-54.jpg\"]'),(826,5,9,1.00,'Great system, great support, good job Botble. I\'m looking forward to more great functional plugins.','published','2023-11-09 09:20:57','2023-11-09 09:20:57','[\"products\\/product-53.jpg\",\"products\\/product-79.jpg\"]'),(830,3,51,2.00,'For me the best eCommerce script on Envato at this moment: modern, clean code, a lot of great features. The customer support is great too: I always get an answer within hours!','published','2023-11-09 09:20:57','2023-11-09 09:20:57','[\"products\\/pla-product-03.jpg\"]'),(831,3,43,1.00,'Best ecommerce CMS online store!','published','2023-11-09 09:20:57','2023-11-09 09:20:57','[\"products\\/product-51.jpg\",\"products\\/product-54.jpg\"]'),(832,8,33,2.00,'The script is the best of its class, fast, easy to implement and work with , and the most important thing is the great support team , Recommend with no doubt.','published','2023-11-09 09:20:57','2023-11-09 09:20:57','[\"products\\/product-38.jpg\",\"products\\/product-52.jpg\",\"products\\/product-87.jpg\"]'),(840,4,68,1.00,'This web app is really good in design, code quality & features. Besides, the customer support provided by the Botble team was really fast & helpful. You guys are awesome!','published','2023-11-09 09:20:57','2023-11-09 09:20:57','[\"products\\/product-10.jpg\",\"products\\/product-19.jpg\",\"products\\/product-20.jpg\",\"products\\/product-53.jpg\"]'),(841,1,47,4.00,'The script is the best of its class, fast, easy to implement and work with , and the most important thing is the great support team , Recommend with no doubt.','published','2023-11-09 09:20:57','2023-11-09 09:20:57','[\"products\\/product-58.jpg\"]'),(844,3,71,1.00,'Cool template. Excellent code quality. The support responds very quickly, which is very rare on themeforest and codecanyon.net, I buy a lot of templates, and everyone will have a response from technical support for two or three days. Thanks to tech support. I recommend to buy.','published','2023-11-09 09:20:57','2023-11-09 09:20:57','[\"products\\/product-11.jpg\",\"products\\/product-19.jpg\",\"products\\/product-29.jpg\"]'),(848,2,11,3.00,'These guys are amazing! Responses immediately, amazing support and help... I immediately feel at ease after Purchasing..','published','2023-11-09 09:20:57','2023-11-09 09:20:57','[\"products\\/product-35.jpg\"]'),(860,3,68,2.00,'Second or third time that I buy a Botble product, happy with the products and support. You guys do a good job :)','published','2023-11-09 09:20:57','2023-11-09 09:20:57','[\"products\\/product-43.jpg\",\"products\\/product-60.jpg\",\"products\\/product-63.jpg\",\"products\\/product-95.jpg\"]'),(862,10,21,1.00,'These guys are amazing! Responses immediately, amazing support and help... I immediately feel at ease after Purchasing..','published','2023-11-09 09:20:57','2023-11-09 09:20:57','[\"products\\/product-14.jpg\"]'),(864,5,49,3.00,'Very enthusiastic support! Excellent code is written. It\'s a true pleasure working with.','published','2023-11-09 09:20:57','2023-11-09 09:20:57','[\"products\\/product-42.jpg\"]'),(865,1,44,2.00,'For me the best eCommerce script on Envato at this moment: modern, clean code, a lot of great features. The customer support is great too: I always get an answer within hours!','published','2023-11-09 09:20:57','2023-11-09 09:20:57','[\"products\\/product-39.jpg\",\"products\\/product-94.jpg\"]'),(872,6,54,4.00,'Good app, good backup service and support. Good documentation.','published','2023-11-09 09:20:57','2023-11-09 09:20:57','[\"products\\/product-14.jpg\",\"products\\/product-19.jpg\",\"products\\/product-51.jpg\",\"products\\/product-77.jpg\"]'),(874,9,25,2.00,'The code is good, in general, if you like it, can you give it 5 stars?','published','2023-11-09 09:20:57','2023-11-09 09:20:57','[\"products\\/product-30.jpg\"]'),(878,2,18,2.00,'The best ecommerce CMS! Excellent coding! best support service! Thank you so much..... I really like your hard work.','published','2023-11-09 09:20:57','2023-11-09 09:20:57','[\"products\\/product-4.jpg\",\"products\\/product-56.jpg\"]'),(881,9,23,3.00,'The code is good, in general, if you like it, can you give it 5 stars?','published','2023-11-09 09:20:57','2023-11-09 09:20:57','[\"products\\/product-17.jpg\",\"products\\/product-59.jpg\"]'),(884,8,24,4.00,'Clean & perfect source code','published','2023-11-09 09:20:57','2023-11-09 09:20:57','[\"products\\/product-7.jpg\",\"products\\/product-33.jpg\",\"products\\/product-92.jpg\"]'),(885,8,64,5.00,'Ok good product. I have some issues in customizations. But its not correct to blame the developer. The product is good. Good luck for your business.','published','2023-11-09 09:20:57','2023-11-09 09:20:57','[\"products\\/product-70.jpg\"]'),(888,4,23,3.00,'Good app, good backup service and support. Good documentation.','published','2023-11-09 09:20:57','2023-11-09 09:20:57','[\"products\\/product-2.jpg\",\"products\\/product-5.jpg\",\"products\\/product-90.jpg\"]'),(892,9,68,1.00,'Good app, good backup service and support. Good documentation.','published','2023-11-09 09:20:57','2023-11-09 09:20:57','[\"products\\/product-2.jpg\",\"products\\/product-18.jpg\",\"products\\/product-67.jpg\",\"products\\/product-69.jpg\"]'),(899,6,48,5.00,'Great system, great support, good job Botble. I\'m looking forward to more great functional plugins.','published','2023-11-09 09:20:57','2023-11-09 09:20:57','[\"products\\/product-59.jpg\"]'),(902,6,8,4.00,'The best store template! Excellent coding! Very good support! Thank you so much for all the help, I really appreciated.','published','2023-11-09 09:20:57','2023-11-09 09:20:57','[\"products\\/product-12.jpg\",\"products\\/product-33.jpg\"]'),(908,6,17,1.00,'For me the best eCommerce script on Envato at this moment: modern, clean code, a lot of great features. The customer support is great too: I always get an answer within hours!','published','2023-11-09 09:20:57','2023-11-09 09:20:57','[\"products\\/product-66.jpg\",\"products\\/product-74.jpg\"]'),(909,7,13,3.00,'These guys are amazing! Responses immediately, amazing support and help... I immediately feel at ease after Purchasing..','published','2023-11-09 09:20:57','2023-11-09 09:20:57','[\"products\\/product-63.jpg\",\"products\\/product-68.jpg\",\"products\\/product-80.jpg\"]'),(910,10,38,4.00,'For me the best eCommerce script on Envato at this moment: modern, clean code, a lot of great features. The customer support is great too: I always get an answer within hours!','published','2023-11-09 09:20:57','2023-11-09 09:20:57','[\"products\\/product-42.jpg\",\"products\\/product-70.jpg\",\"products\\/product-72.jpg\"]'),(911,1,55,5.00,'Good app, good backup service and support. Good documentation.','published','2023-11-09 09:20:57','2023-11-09 09:20:57','[\"products\\/product-30.jpg\"]'),(915,6,7,1.00,'For me the best eCommerce script on Envato at this moment: modern, clean code, a lot of great features. The customer support is great too: I always get an answer within hours!','published','2023-11-09 09:20:57','2023-11-09 09:20:57','[\"products\\/product-14.jpg\",\"products\\/product-18.jpg\",\"products\\/product-33.jpg\",\"products\\/product-72.jpg\"]'),(924,6,39,2.00,'Solution is too robust for our purpose so we didn\'t use it at the end. But I appreciate customer support during initial configuration.','published','2023-11-09 09:20:57','2023-11-09 09:20:57','[\"products\\/product-95.jpg\"]'),(930,10,43,4.00,'Good app, good backup service and support. Good documentation.','published','2023-11-09 09:20:57','2023-11-09 09:20:57','[\"products\\/product-82.jpg\"]'),(936,1,11,1.00,'This web app is really good in design, code quality & features. Besides, the customer support provided by the Botble team was really fast & helpful. You guys are awesome!','published','2023-11-09 09:20:57','2023-11-09 09:20:57','[\"products\\/product-15.jpg\",\"products\\/product-78.jpg\"]'),(938,10,63,5.00,'This web app is really good in design, code quality & features. Besides, the customer support provided by the Botble team was really fast & helpful. You guys are awesome!','published','2023-11-09 09:20:57','2023-11-09 09:20:57','[\"products\\/product-24.jpg\",\"products\\/product-69.jpg\"]'),(939,5,72,4.00,'Customer Support are grade (A*), however the code is a way too over engineered for it\'s purpose.','published','2023-11-09 09:20:57','2023-11-09 09:20:57','[\"products\\/product-11.jpg\",\"products\\/product-63.jpg\"]'),(941,2,42,2.00,'The best ecommerce CMS! Excellent coding! best support service! Thank you so much..... I really like your hard work.','published','2023-11-09 09:20:57','2023-11-09 09:20:57','[\"products\\/product-17.jpg\",\"products\\/product-22.jpg\",\"products\\/product-35.jpg\",\"products\\/product-64.jpg\"]'),(942,9,15,5.00,'The script is the best of its class, fast, easy to implement and work with , and the most important thing is the great support team , Recommend with no doubt.','published','2023-11-09 09:20:57','2023-11-09 09:20:57','[\"products\\/product-34.jpg\"]'),(948,5,42,3.00,'Second or third time that I buy a Botble product, happy with the products and support. You guys do a good job :)','published','2023-11-09 09:20:57','2023-11-09 09:20:57','[\"products\\/product-94.jpg\"]'),(951,8,41,3.00,'Great E-commerce system. And much more : Wonderful Customer Support.','published','2023-11-09 09:20:57','2023-11-09 09:20:57','[\"products\\/product-3.jpg\",\"products\\/product-24.jpg\",\"products\\/product-27.jpg\"]'),(953,8,46,4.00,'Great E-commerce system. And much more : Wonderful Customer Support.','published','2023-11-09 09:20:57','2023-11-09 09:20:57','[\"products\\/product-35.jpg\"]'),(954,2,37,4.00,'Those guys now what they are doing, the release such a good product that it\'s a pleasure to work with ! Even when I was stuck on the project, I created a ticket and the next day it was replied by the team. GOOD JOB guys. I love working with them :)','published','2023-11-09 09:20:57','2023-11-09 09:20:57','[\"products\\/product-87.jpg\"]'),(960,8,16,1.00,'Good app, good backup service and support. Good documentation.','published','2023-11-09 09:20:57','2023-11-09 09:20:57','[\"products\\/product-25.jpg\",\"products\\/product-28.jpg\"]'),(964,4,17,1.00,'The best store template! Excellent coding! Very good support! Thank you so much for all the help, I really appreciated.','published','2023-11-09 09:20:57','2023-11-09 09:20:57','[\"products\\/product-87.jpg\"]'),(972,1,48,5.00,'Very enthusiastic support! Excellent code is written. It\'s a true pleasure working with.','published','2023-11-09 09:20:57','2023-11-09 09:20:57','[\"products\\/product-58.jpg\",\"products\\/product-92.jpg\"]'),(974,1,42,2.00,'I Love this Script. I also found how to add other fees. Now I just wait the BIG update for the Marketplace with the Bulk Import. Just do not forget to make it to be Multi-language for us the Botble Fans.','published','2023-11-09 09:20:57','2023-11-09 09:20:57','[\"products\\/product-11.jpg\",\"products\\/product-24.jpg\",\"products\\/product-86.jpg\"]'),(975,1,28,1.00,'The best ecommerce CMS! Excellent coding! best support service! Thank you so much..... I really like your hard work.','published','2023-11-09 09:20:57','2023-11-09 09:20:57','[\"products\\/product-18.jpg\",\"products\\/product-39.jpg\",\"products\\/product-49.jpg\",\"products\\/product-51.jpg\"]'),(976,10,25,2.00,'Good app, good backup service and support. Good documentation.','published','2023-11-09 09:20:57','2023-11-09 09:20:57','[\"products\\/product-44.jpg\"]'),(984,4,66,3.00,'Customer Support are grade (A*), however the code is a way too over engineered for it\'s purpose.','published','2023-11-09 09:20:57','2023-11-09 09:20:57','[\"products\\/product-46.jpg\",\"products\\/product-62.jpg\"]'),(987,3,30,3.00,'Solution is too robust for our purpose so we didn\'t use it at the end. But I appreciate customer support during initial configuration.','published','2023-11-09 09:20:57','2023-11-09 09:20:57','[\"products\\/product-15.jpg\",\"products\\/product-54.jpg\"]'),(988,9,1,1.00,'We have received brilliant service support and will be expanding the features with the developer. Nice product!','published','2023-11-09 09:20:57','2023-11-09 09:20:57','[\"products\\/product-31.jpg\",\"products\\/product-32.jpg\",\"products\\/product-58.jpg\"]'),(1000,5,64,4.00,'This script is well coded and is super fast. The support is pretty quick. Very patient and helpful team. I strongly recommend it and they deserve more than 5 stars.','published','2023-11-09 09:20:57','2023-11-09 09:20:57','[\"products\\/product-95.jpg\"]');
/*!40000 ALTER TABLE `ec_reviews` ENABLE KEYS */;
UNLOCK TABLES;

--
-- Table structure for table `ec_shipment_histories`
--

DROP TABLE IF EXISTS `ec_shipment_histories`;
/*!40101 SET @saved_cs_client     = @@character_set_client */;
/*!50503 SET character_set_client = utf8mb4 */;
CREATE TABLE `ec_shipment_histories` (
  `id` bigint unsigned NOT NULL AUTO_INCREMENT,
  `action` varchar(120) COLLATE utf8mb4_unicode_ci NOT NULL,
  `description` varchar(255) COLLATE utf8mb4_unicode_ci NOT NULL,
  `user_id` bigint unsigned DEFAULT NULL,
  `shipment_id` bigint unsigned NOT NULL,
  `order_id` bigint unsigned NOT NULL,
  `created_at` timestamp NULL DEFAULT NULL,
  `updated_at` timestamp NULL DEFAULT NULL,
  `user_type` varchar(255) COLLATE utf8mb4_unicode_ci NOT NULL DEFAULT 'Botble\\ACL\\Models\\User',
  PRIMARY KEY (`id`)
) ENGINE=InnoDB AUTO_INCREMENT=56 DEFAULT CHARSET=utf8mb4 COLLATE=utf8mb4_unicode_ci;
/*!40101 SET character_set_client = @saved_cs_client */;

--
-- Dumping data for table `ec_shipment_histories`
--

LOCK TABLES `ec_shipment_histories` WRITE;
/*!40000 ALTER TABLE `ec_shipment_histories` DISABLE KEYS */;
INSERT INTO `ec_shipment_histories` VALUES (1,'create_from_order','Shipping was created from order %order_id%',0,1,1,'2023-11-02 17:20:57','2023-11-02 17:20:57','Botble\\ACL\\Models\\User'),(2,'update_status','Changed status of shipping to: Approved. Updated by: %user_name%',0,1,1,'2023-11-07 17:20:57','2023-11-09 09:20:57','Botble\\ACL\\Models\\User'),(3,'update_status','Changed status of shipping to: Delivered. Updated by: %user_name%',0,1,1,'2023-11-09 09:20:57','2023-11-09 09:20:57','Botble\\ACL\\Models\\User'),(4,'create_from_order','Shipping was created from order %order_id%',0,2,2,'2023-10-24 13:20:57','2023-10-24 13:20:57','Botble\\ACL\\Models\\User'),(5,'update_status','Changed status of shipping to: Approved. Updated by: %user_name%',0,2,2,'2023-11-07 19:20:57','2023-11-09 09:20:57','Botble\\ACL\\Models\\User'),(6,'update_status','Changed status of shipping to: Delivered. Updated by: %user_name%',0,2,2,'2023-11-09 09:20:57','2023-11-09 09:20:57','Botble\\ACL\\Models\\User'),(7,'create_from_order','Shipping was created from order %order_id%',0,3,3,'2023-10-25 09:20:57','2023-10-25 09:20:57','Botble\\ACL\\Models\\User'),(8,'update_status','Changed status of shipping to: Approved. Updated by: %user_name%',0,3,3,'2023-11-07 21:20:57','2023-11-09 09:20:57','Botble\\ACL\\Models\\User'),(9,'update_cod_status','Updated COD status to Completed . Updated by: %user_name%',0,3,3,'2023-11-09 09:20:57','2023-11-09 09:20:57','Botble\\ACL\\Models\\User'),(10,'update_status','Changed status of shipping to: Delivered. Updated by: %user_name%',0,3,3,'2023-11-09 09:20:57','2023-11-09 09:20:57','Botble\\ACL\\Models\\User'),(11,'create_from_order','Shipping was created from order %order_id%',0,4,4,'2023-10-30 11:20:57','2023-10-30 11:20:57','Botble\\ACL\\Models\\User'),(12,'update_status','Changed status of shipping to: Approved. Updated by: %user_name%',0,4,4,'2023-11-07 23:20:57','2023-11-09 09:20:57','Botble\\ACL\\Models\\User'),(13,'create_from_order','Shipping was created from order %order_id%',0,5,5,'2023-11-08 01:20:57','2023-11-08 01:20:57','Botble\\ACL\\Models\\User'),(14,'update_status','Changed status of shipping to: Approved. Updated by: %user_name%',0,5,5,'2023-11-08 01:20:57','2023-11-09 09:20:57','Botble\\ACL\\Models\\User'),(15,'update_status','Changed status of shipping to: Delivered. Updated by: %user_name%',0,5,5,'2023-11-09 09:20:57','2023-11-09 09:20:57','Botble\\ACL\\Models\\User'),(16,'create_from_order','Shipping was created from order %order_id%',0,6,6,'2023-11-03 03:20:57','2023-11-03 03:20:57','Botble\\ACL\\Models\\User'),(17,'update_status','Changed status of shipping to: Approved. Updated by: %user_name%',0,6,6,'2023-11-08 03:20:57','2023-11-09 09:20:57','Botble\\ACL\\Models\\User'),(18,'create_from_order','Shipping was created from order %order_id%',0,7,7,'2023-10-29 21:20:57','2023-10-29 21:20:57','Botble\\ACL\\Models\\User'),(19,'update_status','Changed status of shipping to: Approved. Updated by: %user_name%',0,7,7,'2023-11-08 05:20:57','2023-11-09 09:20:57','Botble\\ACL\\Models\\User'),(20,'update_status','Changed status of shipping to: Delivered. Updated by: %user_name%',0,7,7,'2023-11-09 09:20:57','2023-11-09 09:20:57','Botble\\ACL\\Models\\User'),(21,'create_from_order','Shipping was created from order %order_id%',0,8,8,'2023-10-31 17:20:57','2023-10-31 17:20:57','Botble\\ACL\\Models\\User'),(22,'update_status','Changed status of shipping to: Approved. Updated by: %user_name%',0,8,8,'2023-11-08 07:20:57','2023-11-09 09:20:57','Botble\\ACL\\Models\\User'),(23,'create_from_order','Shipping was created from order %order_id%',0,9,9,'2023-11-03 09:20:57','2023-11-03 09:20:57','Botble\\ACL\\Models\\User'),(24,'update_status','Changed status of shipping to: Approved. Updated by: %user_name%',0,9,9,'2023-11-08 09:20:57','2023-11-09 09:20:57','Botble\\ACL\\Models\\User'),(25,'update_cod_status','Updated COD status to Completed . Updated by: %user_name%',0,9,9,'2023-11-09 09:20:57','2023-11-09 09:20:57','Botble\\ACL\\Models\\User'),(26,'update_status','Changed status of shipping to: Delivered. Updated by: %user_name%',0,9,9,'2023-11-09 09:20:57','2023-11-09 09:20:57','Botble\\ACL\\Models\\User'),(27,'create_from_order','Shipping was created from order %order_id%',0,10,10,'2023-11-02 01:20:57','2023-11-02 01:20:57','Botble\\ACL\\Models\\User'),(28,'update_status','Changed status of shipping to: Approved. Updated by: %user_name%',0,10,10,'2023-11-08 11:20:58','2023-11-09 09:20:58','Botble\\ACL\\Models\\User'),(29,'create_from_order','Shipping was created from order %order_id%',0,11,11,'2023-11-01 21:20:58','2023-11-01 21:20:58','Botble\\ACL\\Models\\User'),(30,'update_status','Changed status of shipping to: Approved. Updated by: %user_name%',0,11,11,'2023-11-08 13:20:58','2023-11-09 09:20:58','Botble\\ACL\\Models\\User'),(31,'update_status','Changed status of shipping to: Delivered. Updated by: %user_name%',0,11,11,'2023-11-09 09:20:58','2023-11-09 09:20:58','Botble\\ACL\\Models\\User'),(32,'create_from_order','Shipping was created from order %order_id%',0,12,12,'2023-11-08 15:20:58','2023-11-08 15:20:58','Botble\\ACL\\Models\\User'),(33,'update_status','Changed status of shipping to: Approved. Updated by: %user_name%',0,12,12,'2023-11-08 15:20:58','2023-11-09 09:20:58','Botble\\ACL\\Models\\User'),(34,'update_cod_status','Updated COD status to Completed . Updated by: %user_name%',0,12,12,'2023-11-09 09:20:58','2023-11-09 09:20:58','Botble\\ACL\\Models\\User'),(35,'update_status','Changed status of shipping to: Delivered. Updated by: %user_name%',0,12,12,'2023-11-09 09:20:58','2023-11-09 09:20:58','Botble\\ACL\\Models\\User'),(36,'create_from_order','Shipping was created from order %order_id%',0,13,13,'2023-11-05 09:20:58','2023-11-05 09:20:58','Botble\\ACL\\Models\\User'),(37,'update_status','Changed status of shipping to: Approved. Updated by: %user_name%',0,13,13,'2023-11-08 17:20:58','2023-11-09 09:20:58','Botble\\ACL\\Models\\User'),(38,'create_from_order','Shipping was created from order %order_id%',0,14,14,'2023-11-06 11:20:58','2023-11-06 11:20:58','Botble\\ACL\\Models\\User'),(39,'update_status','Changed status of shipping to: Approved. Updated by: %user_name%',0,14,14,'2023-11-08 19:20:58','2023-11-09 09:20:58','Botble\\ACL\\Models\\User'),(40,'update_status','Changed status of shipping to: Delivered. Updated by: %user_name%',0,14,14,'2023-11-09 09:20:58','2023-11-09 09:20:58','Botble\\ACL\\Models\\User'),(41,'create_from_order','Shipping was created from order %order_id%',0,15,15,'2023-11-07 21:20:58','2023-11-07 21:20:58','Botble\\ACL\\Models\\User'),(42,'update_status','Changed status of shipping to: Approved. Updated by: %user_name%',0,15,15,'2023-11-08 21:20:58','2023-11-09 09:20:58','Botble\\ACL\\Models\\User'),(43,'update_status','Changed status of shipping to: Delivered. Updated by: %user_name%',0,15,15,'2023-11-09 09:20:58','2023-11-09 09:20:58','Botble\\ACL\\Models\\User'),(44,'create_from_order','Shipping was created from order %order_id%',0,16,16,'2023-11-05 15:20:58','2023-11-05 15:20:58','Botble\\ACL\\Models\\User'),(45,'update_status','Changed status of shipping to: Approved. Updated by: %user_name%',0,16,16,'2023-11-08 23:20:58','2023-11-09 09:20:58','Botble\\ACL\\Models\\User'),(46,'create_from_order','Shipping was created from order %order_id%',0,17,17,'2023-11-07 09:20:58','2023-11-07 09:20:58','Botble\\ACL\\Models\\User'),(47,'update_status','Changed status of shipping to: Approved. Updated by: %user_name%',0,17,17,'2023-11-09 01:20:58','2023-11-09 09:20:58','Botble\\ACL\\Models\\User'),(48,'update_status','Changed status of shipping to: Delivered. Updated by: %user_name%',0,17,17,'2023-11-09 09:20:58','2023-11-09 09:20:58','Botble\\ACL\\Models\\User'),(49,'create_from_order','Shipping was created from order %order_id%',0,18,18,'2023-11-08 09:20:58','2023-11-08 09:20:58','Botble\\ACL\\Models\\User'),(50,'update_status','Changed status of shipping to: Approved. Updated by: %user_name%',0,18,18,'2023-11-09 03:20:58','2023-11-09 09:20:58','Botble\\ACL\\Models\\User'),(51,'create_from_order','Shipping was created from order %order_id%',0,19,19,'2023-11-08 05:20:58','2023-11-08 05:20:58','Botble\\ACL\\Models\\User'),(52,'update_status','Changed status of shipping to: Approved. Updated by: %user_name%',0,19,19,'2023-11-09 05:20:58','2023-11-09 09:20:58','Botble\\ACL\\Models\\User'),(53,'create_from_order','Shipping was created from order %order_id%',0,20,20,'2023-11-08 13:20:58','2023-11-08 13:20:58','Botble\\ACL\\Models\\User'),(54,'update_status','Changed status of shipping to: Approved. Updated by: %user_name%',0,20,20,'2023-11-09 07:20:58','2023-11-09 09:20:58','Botble\\ACL\\Models\\User'),(55,'update_status','Changed status of shipping to: Delivered. Updated by: %user_name%',0,20,20,'2023-11-09 09:20:58','2023-11-09 09:20:58','Botble\\ACL\\Models\\User');
/*!40000 ALTER TABLE `ec_shipment_histories` ENABLE KEYS */;
UNLOCK TABLES;

--
-- Table structure for table `ec_shipments`
--

DROP TABLE IF EXISTS `ec_shipments`;
/*!40101 SET @saved_cs_client     = @@character_set_client */;
/*!50503 SET character_set_client = utf8mb4 */;
CREATE TABLE `ec_shipments` (
  `id` bigint unsigned NOT NULL AUTO_INCREMENT,
  `order_id` bigint unsigned NOT NULL,
  `user_id` bigint unsigned DEFAULT NULL,
  `weight` double(8,2) DEFAULT '0.00',
  `shipment_id` varchar(120) COLLATE utf8mb4_unicode_ci DEFAULT NULL,
  `rate_id` varchar(120) COLLATE utf8mb4_unicode_ci DEFAULT NULL,
  `note` varchar(120) COLLATE utf8mb4_unicode_ci DEFAULT NULL,
  `status` varchar(120) COLLATE utf8mb4_unicode_ci NOT NULL DEFAULT 'pending',
  `cod_amount` decimal(15,2) DEFAULT '0.00',
  `cod_status` varchar(60) COLLATE utf8mb4_unicode_ci NOT NULL DEFAULT 'pending',
  `cross_checking_status` varchar(60) COLLATE utf8mb4_unicode_ci NOT NULL DEFAULT 'pending',
  `price` decimal(15,2) DEFAULT '0.00',
  `store_id` bigint unsigned DEFAULT NULL,
  `created_at` timestamp NULL DEFAULT NULL,
  `updated_at` timestamp NULL DEFAULT NULL,
  `tracking_id` varchar(191) COLLATE utf8mb4_unicode_ci DEFAULT NULL,
  `shipping_company_name` varchar(191) COLLATE utf8mb4_unicode_ci DEFAULT NULL,
  `tracking_link` varchar(191) COLLATE utf8mb4_unicode_ci DEFAULT NULL,
  `estimate_date_shipped` datetime DEFAULT NULL,
  `date_shipped` datetime DEFAULT NULL,
  `label_url` text COLLATE utf8mb4_unicode_ci,
  `metadata` mediumtext COLLATE utf8mb4_unicode_ci,
  PRIMARY KEY (`id`)
) ENGINE=InnoDB AUTO_INCREMENT=21 DEFAULT CHARSET=utf8mb4 COLLATE=utf8mb4_unicode_ci;
/*!40101 SET character_set_client = @saved_cs_client */;

--
-- Dumping data for table `ec_shipments`
--

LOCK TABLES `ec_shipments` WRITE;
/*!40000 ALTER TABLE `ec_shipments` DISABLE KEYS */;
INSERT INTO `ec_shipments` VALUES (1,1,NULL,5815.00,NULL,NULL,'','delivered',0.00,'completed','pending',0.00,0,'2023-11-09 09:20:57','2023-11-09 09:20:57','JJD0013363857','DHL','https://mydhl.express.dhl/us/en/tracking.html#/track-by-reference','2023-11-12 16:20:57','2023-11-09 16:20:57',NULL,NULL),(2,2,NULL,4199.00,NULL,NULL,'','delivered',0.00,'completed','pending',0.00,0,'2023-11-09 09:20:57','2023-11-09 09:20:57','JJD0065256425','GHN','https://mydhl.express.dhl/us/en/tracking.html#/track-by-reference','2023-11-17 16:20:57','2023-11-09 16:20:57',NULL,NULL),(3,3,NULL,2952.00,NULL,NULL,'','delivered',1772.00,'completed','pending',0.00,0,'2023-11-09 09:20:57','2023-11-09 09:20:57','JJD0090488443','GHN','https://mydhl.express.dhl/us/en/tracking.html#/track-by-reference','2023-11-14 16:20:57','2023-11-09 16:20:57',NULL,NULL),(4,4,NULL,2805.00,NULL,NULL,'','approved',0.00,'completed','pending',0.00,0,'2023-11-09 09:20:57','2023-11-09 09:20:57','JJD0082355752','AliExpress','https://mydhl.express.dhl/us/en/tracking.html#/track-by-reference','2023-11-18 16:20:57',NULL,NULL,NULL),(5,5,NULL,3138.00,NULL,NULL,'','delivered',0.00,'completed','pending',0.00,0,'2023-11-09 09:20:57','2023-11-09 09:20:57','JJD0090095789','AliExpress','https://mydhl.express.dhl/us/en/tracking.html#/track-by-reference','2023-11-12 16:20:57','2023-11-09 16:20:57',NULL,NULL),(6,6,NULL,4927.00,NULL,NULL,'','approved',0.00,'completed','pending',0.00,0,'2023-11-09 09:20:57','2023-11-09 09:20:57','JJD0050819040','AliExpress','https://mydhl.express.dhl/us/en/tracking.html#/track-by-reference','2023-11-18 16:20:57',NULL,NULL,NULL),(7,7,NULL,2668.00,NULL,NULL,'','delivered',0.00,'completed','pending',0.00,0,'2023-11-09 09:20:57','2023-11-09 09:20:57','JJD0072880796','FastShipping','https://mydhl.express.dhl/us/en/tracking.html#/track-by-reference','2023-11-14 16:20:57','2023-11-09 16:20:57',NULL,NULL),(8,8,NULL,3968.00,NULL,NULL,'','approved',0.00,'completed','pending',0.00,0,'2023-11-09 09:20:57','2023-11-09 09:20:57','JJD0081686300','AliExpress','https://mydhl.express.dhl/us/en/tracking.html#/track-by-reference','2023-11-11 16:20:57',NULL,NULL,NULL),(9,9,NULL,5606.00,NULL,NULL,'','delivered',2546.00,'completed','pending',0.00,0,'2023-11-09 09:20:57','2023-11-09 09:20:57','JJD0010568784','FastShipping','https://mydhl.express.dhl/us/en/tracking.html#/track-by-reference','2023-11-12 16:20:57','2023-11-09 16:20:57',NULL,NULL),(10,10,NULL,2742.00,NULL,NULL,'','approved',0.00,'completed','pending',0.00,0,'2023-11-09 09:20:58','2023-11-09 09:20:58','JJD004702991','GHN','https://mydhl.express.dhl/us/en/tracking.html#/track-by-reference','2023-11-12 16:20:58',NULL,NULL,NULL),(11,11,NULL,4613.00,NULL,NULL,'','delivered',0.00,'completed','pending',0.00,0,'2023-11-09 09:20:58','2023-11-09 09:20:58','JJD0025621032','AliExpress','https://mydhl.express.dhl/us/en/tracking.html#/track-by-reference','2023-11-10 16:20:58','2023-11-09 16:20:58',NULL,NULL),(12,12,NULL,5272.00,NULL,NULL,'','delivered',2194.00,'completed','pending',0.00,0,'2023-11-09 09:20:58','2023-11-09 09:20:58','JJD0099259570','AliExpress','https://mydhl.express.dhl/us/en/tracking.html#/track-by-reference','2023-11-10 16:20:58','2023-11-09 16:20:58',NULL,NULL),(13,13,NULL,4181.00,NULL,NULL,'','approved',2124.00,'pending','pending',0.00,0,'2023-11-09 09:20:58','2023-11-09 09:20:58','JJD0081089697','DHL','https://mydhl.express.dhl/us/en/tracking.html#/track-by-reference','2023-11-14 16:20:58',NULL,NULL,NULL),(14,14,NULL,3801.00,NULL,NULL,'','delivered',0.00,'completed','pending',0.00,0,'2023-11-09 09:20:58','2023-11-09 09:20:58','JJD0019007758','AliExpress','https://mydhl.express.dhl/us/en/tracking.html#/track-by-reference','2023-11-10 16:20:58','2023-11-09 16:20:58',NULL,NULL),(15,15,NULL,4714.00,NULL,NULL,'','delivered',0.00,'completed','pending',0.00,0,'2023-11-09 09:20:58','2023-11-09 09:20:58','JJD0048312761','AliExpress','https://mydhl.express.dhl/us/en/tracking.html#/track-by-reference','2023-11-19 16:20:58','2023-11-09 16:20:58',NULL,NULL),(16,16,NULL,4326.00,NULL,NULL,'','approved',0.00,'completed','pending',0.00,0,'2023-11-09 09:20:58','2023-11-09 09:20:58','JJD0018956906','FastShipping','https://mydhl.express.dhl/us/en/tracking.html#/track-by-reference','2023-11-18 16:20:58',NULL,NULL,NULL),(17,17,NULL,3493.00,NULL,NULL,'','delivered',0.00,'completed','pending',0.00,0,'2023-11-09 09:20:58','2023-11-09 09:20:58','JJD0053591991','DHL','https://mydhl.express.dhl/us/en/tracking.html#/track-by-reference','2023-11-14 16:20:58','2023-11-09 16:20:58',NULL,NULL),(18,18,NULL,4910.00,NULL,NULL,'','approved',2782.00,'pending','pending',0.00,0,'2023-11-09 09:20:58','2023-11-09 09:20:58','JJD0020329711','DHL','https://mydhl.express.dhl/us/en/tracking.html#/track-by-reference','2023-11-13 16:20:58',NULL,NULL,NULL),(19,19,NULL,4596.00,NULL,NULL,'','approved',0.00,'completed','pending',0.00,0,'2023-11-09 09:20:58','2023-11-09 09:20:58','JJD005749013','AliExpress','https://mydhl.express.dhl/us/en/tracking.html#/track-by-reference','2023-11-18 16:20:58',NULL,NULL,NULL),(20,20,NULL,1722.00,NULL,NULL,'','delivered',0.00,'completed','pending',0.00,0,'2023-11-09 09:20:58','2023-11-09 09:20:58','JJD0043501244','FastShipping','https://mydhl.express.dhl/us/en/tracking.html#/track-by-reference','2023-11-14 16:20:58','2023-11-09 16:20:58',NULL,NULL);
/*!40000 ALTER TABLE `ec_shipments` ENABLE KEYS */;
UNLOCK TABLES;

--
-- Table structure for table `ec_shipping`
--

DROP TABLE IF EXISTS `ec_shipping`;
/*!40101 SET @saved_cs_client     = @@character_set_client */;
/*!50503 SET character_set_client = utf8mb4 */;
CREATE TABLE `ec_shipping` (
  `id` bigint unsigned NOT NULL AUTO_INCREMENT,
  `title` varchar(191) COLLATE utf8mb4_unicode_ci DEFAULT NULL,
  `country` varchar(120) COLLATE utf8mb4_unicode_ci DEFAULT NULL,
  `created_at` timestamp NULL DEFAULT NULL,
  `updated_at` timestamp NULL DEFAULT NULL,
  PRIMARY KEY (`id`)
) ENGINE=InnoDB AUTO_INCREMENT=2 DEFAULT CHARSET=utf8mb4 COLLATE=utf8mb4_unicode_ci;
/*!40101 SET character_set_client = @saved_cs_client */;

--
-- Dumping data for table `ec_shipping`
--

LOCK TABLES `ec_shipping` WRITE;
/*!40000 ALTER TABLE `ec_shipping` DISABLE KEYS */;
INSERT INTO `ec_shipping` VALUES (1,'All',NULL,'2023-11-09 09:20:38','2023-11-09 09:20:38');
/*!40000 ALTER TABLE `ec_shipping` ENABLE KEYS */;
UNLOCK TABLES;

--
-- Table structure for table `ec_shipping_rule_items`
--

DROP TABLE IF EXISTS `ec_shipping_rule_items`;
/*!40101 SET @saved_cs_client     = @@character_set_client */;
/*!50503 SET character_set_client = utf8mb4 */;
CREATE TABLE `ec_shipping_rule_items` (
  `id` bigint unsigned NOT NULL AUTO_INCREMENT,
  `shipping_rule_id` bigint unsigned NOT NULL,
  `country` varchar(120) COLLATE utf8mb4_unicode_ci DEFAULT NULL,
  `state` varchar(120) COLLATE utf8mb4_unicode_ci DEFAULT NULL,
  `city` varchar(120) COLLATE utf8mb4_unicode_ci DEFAULT NULL,
  `zip_code` varchar(20) COLLATE utf8mb4_unicode_ci DEFAULT NULL,
  `adjustment_price` decimal(15,2) DEFAULT '0.00',
  `is_enabled` tinyint(1) NOT NULL DEFAULT '1',
  `created_at` timestamp NULL DEFAULT NULL,
  `updated_at` timestamp NULL DEFAULT NULL,
  PRIMARY KEY (`id`)
) ENGINE=InnoDB DEFAULT CHARSET=utf8mb4 COLLATE=utf8mb4_unicode_ci;
/*!40101 SET character_set_client = @saved_cs_client */;

--
-- Dumping data for table `ec_shipping_rule_items`
--

LOCK TABLES `ec_shipping_rule_items` WRITE;
/*!40000 ALTER TABLE `ec_shipping_rule_items` DISABLE KEYS */;
/*!40000 ALTER TABLE `ec_shipping_rule_items` ENABLE KEYS */;
UNLOCK TABLES;

--
-- Table structure for table `ec_shipping_rules`
--

DROP TABLE IF EXISTS `ec_shipping_rules`;
/*!40101 SET @saved_cs_client     = @@character_set_client */;
/*!50503 SET character_set_client = utf8mb4 */;
CREATE TABLE `ec_shipping_rules` (
  `id` bigint unsigned NOT NULL AUTO_INCREMENT,
  `name` varchar(120) COLLATE utf8mb4_unicode_ci NOT NULL,
  `shipping_id` bigint unsigned NOT NULL,
  `type` varchar(24) CHARACTER SET utf8mb4 COLLATE utf8mb4_unicode_ci DEFAULT 'based_on_price',
  `from` decimal(15,2) DEFAULT '0.00',
  `to` decimal(15,2) DEFAULT '0.00',
  `price` decimal(15,2) DEFAULT '0.00',
  `created_at` timestamp NULL DEFAULT NULL,
  `updated_at` timestamp NULL DEFAULT NULL,
  PRIMARY KEY (`id`)
) ENGINE=InnoDB AUTO_INCREMENT=2 DEFAULT CHARSET=utf8mb4 COLLATE=utf8mb4_unicode_ci;
/*!40101 SET character_set_client = @saved_cs_client */;

--
-- Dumping data for table `ec_shipping_rules`
--

LOCK TABLES `ec_shipping_rules` WRITE;
/*!40000 ALTER TABLE `ec_shipping_rules` DISABLE KEYS */;
INSERT INTO `ec_shipping_rules` VALUES (1,'Free delivery',1,'based_on_price',0.00,NULL,0.00,'2023-11-09 09:20:38','2023-11-09 09:20:38');
/*!40000 ALTER TABLE `ec_shipping_rules` ENABLE KEYS */;
UNLOCK TABLES;

--
-- Table structure for table `ec_store_locators`
--

DROP TABLE IF EXISTS `ec_store_locators`;
/*!40101 SET @saved_cs_client     = @@character_set_client */;
/*!50503 SET character_set_client = utf8mb4 */;
CREATE TABLE `ec_store_locators` (
  `id` bigint unsigned NOT NULL AUTO_INCREMENT,
  `name` varchar(60) COLLATE utf8mb4_unicode_ci NOT NULL,
  `email` varchar(60) COLLATE utf8mb4_unicode_ci DEFAULT NULL,
  `phone` varchar(20) COLLATE utf8mb4_unicode_ci NOT NULL,
  `address` varchar(255) COLLATE utf8mb4_unicode_ci NOT NULL,
  `country` varchar(120) COLLATE utf8mb4_unicode_ci DEFAULT NULL,
  `state` varchar(120) COLLATE utf8mb4_unicode_ci DEFAULT NULL,
  `city` varchar(120) COLLATE utf8mb4_unicode_ci DEFAULT NULL,
  `is_primary` tinyint(1) DEFAULT '0',
  `is_shipping_location` tinyint(1) DEFAULT '1',
  `created_at` timestamp NULL DEFAULT NULL,
  `updated_at` timestamp NULL DEFAULT NULL,
  PRIMARY KEY (`id`)
) ENGINE=InnoDB DEFAULT CHARSET=utf8mb4 COLLATE=utf8mb4_unicode_ci;
/*!40101 SET character_set_client = @saved_cs_client */;

--
-- Dumping data for table `ec_store_locators`
--

LOCK TABLES `ec_store_locators` WRITE;
/*!40000 ALTER TABLE `ec_store_locators` DISABLE KEYS */;
/*!40000 ALTER TABLE `ec_store_locators` ENABLE KEYS */;
UNLOCK TABLES;

--
-- Table structure for table `ec_tax_products`
--

DROP TABLE IF EXISTS `ec_tax_products`;
/*!40101 SET @saved_cs_client     = @@character_set_client */;
/*!50503 SET character_set_client = utf8mb4 */;
CREATE TABLE `ec_tax_products` (
  `tax_id` bigint unsigned NOT NULL,
  `product_id` bigint unsigned NOT NULL,
  PRIMARY KEY (`product_id`,`tax_id`),
  KEY `ec_tax_products_tax_id_index` (`tax_id`),
  KEY `ec_tax_products_product_id_index` (`product_id`)
) ENGINE=InnoDB DEFAULT CHARSET=utf8mb4 COLLATE=utf8mb4_unicode_ci;
/*!40101 SET character_set_client = @saved_cs_client */;

--
-- Dumping data for table `ec_tax_products`
--

LOCK TABLES `ec_tax_products` WRITE;
/*!40000 ALTER TABLE `ec_tax_products` DISABLE KEYS */;
INSERT INTO `ec_tax_products` VALUES (1,1),(1,2),(1,3),(1,4),(1,5),(1,6),(1,7),(1,8),(1,9),(1,10),(1,11),(1,12),(1,13),(1,14),(1,15),(1,16),(1,17),(1,18),(1,19),(1,20),(1,21),(1,22),(1,23),(1,24),(1,25),(1,26),(1,27),(1,28),(1,29),(1,30),(1,31),(1,32),(1,33),(1,34),(1,35),(1,36),(1,37),(1,38),(1,39),(1,40),(1,41),(1,42),(1,43),(1,44),(1,45),(1,46),(1,47),(1,48),(1,49),(1,50),(1,51),(1,52),(1,53),(1,54),(1,55),(1,56),(1,57),(1,58),(1,59),(1,60),(1,61),(1,62),(1,63),(1,64),(1,65),(1,66),(1,67),(1,68),(1,69),(1,70),(1,71),(1,72),(1,73),(1,74),(1,75);
/*!40000 ALTER TABLE `ec_tax_products` ENABLE KEYS */;
UNLOCK TABLES;

--
-- Table structure for table `ec_tax_rules`
--

DROP TABLE IF EXISTS `ec_tax_rules`;
/*!40101 SET @saved_cs_client     = @@character_set_client */;
/*!50503 SET character_set_client = utf8mb4 */;
CREATE TABLE `ec_tax_rules` (
  `id` bigint unsigned NOT NULL AUTO_INCREMENT,
  `tax_id` bigint unsigned NOT NULL,
  `country` varchar(120) COLLATE utf8mb4_unicode_ci DEFAULT NULL,
  `state` varchar(120) COLLATE utf8mb4_unicode_ci DEFAULT NULL,
  `city` varchar(120) COLLATE utf8mb4_unicode_ci DEFAULT NULL,
  `zip_code` varchar(20) COLLATE utf8mb4_unicode_ci DEFAULT NULL,
  `priority` int DEFAULT NULL,
  `is_enabled` tinyint(1) NOT NULL DEFAULT '1',
  `created_at` timestamp NULL DEFAULT NULL,
  `updated_at` timestamp NULL DEFAULT NULL,
  PRIMARY KEY (`id`)
) ENGINE=InnoDB DEFAULT CHARSET=utf8mb4 COLLATE=utf8mb4_unicode_ci;
/*!40101 SET character_set_client = @saved_cs_client */;

--
-- Dumping data for table `ec_tax_rules`
--

LOCK TABLES `ec_tax_rules` WRITE;
/*!40000 ALTER TABLE `ec_tax_rules` DISABLE KEYS */;
/*!40000 ALTER TABLE `ec_tax_rules` ENABLE KEYS */;
UNLOCK TABLES;

--
-- Table structure for table `ec_taxes`
--

DROP TABLE IF EXISTS `ec_taxes`;
/*!40101 SET @saved_cs_client     = @@character_set_client */;
/*!50503 SET character_set_client = utf8mb4 */;
CREATE TABLE `ec_taxes` (
  `id` bigint unsigned NOT NULL AUTO_INCREMENT,
  `title` varchar(191) COLLATE utf8mb4_unicode_ci DEFAULT NULL,
  `percentage` double(8,6) DEFAULT NULL,
  `priority` int DEFAULT NULL,
  `status` varchar(60) COLLATE utf8mb4_unicode_ci NOT NULL DEFAULT 'published',
  `created_at` timestamp NULL DEFAULT NULL,
  `updated_at` timestamp NULL DEFAULT NULL,
  PRIMARY KEY (`id`)
) ENGINE=InnoDB AUTO_INCREMENT=4 DEFAULT CHARSET=utf8mb4 COLLATE=utf8mb4_unicode_ci;
/*!40101 SET character_set_client = @saved_cs_client */;

--
-- Dumping data for table `ec_taxes`
--

LOCK TABLES `ec_taxes` WRITE;
/*!40000 ALTER TABLE `ec_taxes` DISABLE KEYS */;
INSERT INTO `ec_taxes` VALUES (1,'VAT',10.000000,1,'published','2023-11-09 09:20:40','2023-11-09 09:20:40'),(2,'None',0.000000,2,'published','2023-11-09 09:20:40','2023-11-09 09:20:40'),(3,'Import Tax',15.000000,3,'published','2023-11-09 09:20:40','2023-11-09 09:20:40');
/*!40000 ALTER TABLE `ec_taxes` ENABLE KEYS */;
UNLOCK TABLES;

--
-- Table structure for table `ec_wish_lists`
--

DROP TABLE IF EXISTS `ec_wish_lists`;
/*!40101 SET @saved_cs_client     = @@character_set_client */;
/*!50503 SET character_set_client = utf8mb4 */;
CREATE TABLE `ec_wish_lists` (
  `id` bigint unsigned NOT NULL AUTO_INCREMENT,
  `customer_id` bigint unsigned NOT NULL,
  `product_id` bigint unsigned NOT NULL,
  `created_at` timestamp NULL DEFAULT NULL,
  `updated_at` timestamp NULL DEFAULT NULL,
  PRIMARY KEY (`id`),
  KEY `wishlist_relation_index` (`product_id`,`customer_id`)
) ENGINE=InnoDB DEFAULT CHARSET=utf8mb4 COLLATE=utf8mb4_unicode_ci;
/*!40101 SET character_set_client = @saved_cs_client */;

--
-- Dumping data for table `ec_wish_lists`
--

LOCK TABLES `ec_wish_lists` WRITE;
/*!40000 ALTER TABLE `ec_wish_lists` DISABLE KEYS */;
/*!40000 ALTER TABLE `ec_wish_lists` ENABLE KEYS */;
UNLOCK TABLES;

--
-- Table structure for table `failed_jobs`
--

DROP TABLE IF EXISTS `failed_jobs`;
/*!40101 SET @saved_cs_client     = @@character_set_client */;
/*!50503 SET character_set_client = utf8mb4 */;
CREATE TABLE `failed_jobs` (
  `id` bigint unsigned NOT NULL AUTO_INCREMENT,
  `uuid` varchar(191) COLLATE utf8mb4_unicode_ci NOT NULL,
  `connection` text COLLATE utf8mb4_unicode_ci NOT NULL,
  `queue` text COLLATE utf8mb4_unicode_ci NOT NULL,
  `payload` longtext COLLATE utf8mb4_unicode_ci NOT NULL,
  `exception` longtext COLLATE utf8mb4_unicode_ci NOT NULL,
  `failed_at` timestamp NOT NULL DEFAULT CURRENT_TIMESTAMP,
  PRIMARY KEY (`id`),
  UNIQUE KEY `failed_jobs_uuid_unique` (`uuid`)
) ENGINE=InnoDB DEFAULT CHARSET=utf8mb4 COLLATE=utf8mb4_unicode_ci;
/*!40101 SET character_set_client = @saved_cs_client */;

--
-- Dumping data for table `failed_jobs`
--

LOCK TABLES `failed_jobs` WRITE;
/*!40000 ALTER TABLE `failed_jobs` DISABLE KEYS */;
/*!40000 ALTER TABLE `failed_jobs` ENABLE KEYS */;
UNLOCK TABLES;

--
-- Table structure for table `faq_categories`
--

DROP TABLE IF EXISTS `faq_categories`;
/*!40101 SET @saved_cs_client     = @@character_set_client */;
/*!50503 SET character_set_client = utf8mb4 */;
CREATE TABLE `faq_categories` (
  `id` bigint unsigned NOT NULL AUTO_INCREMENT,
  `name` varchar(120) COLLATE utf8mb4_unicode_ci NOT NULL,
  `order` tinyint NOT NULL DEFAULT '0',
  `status` varchar(60) COLLATE utf8mb4_unicode_ci NOT NULL DEFAULT 'published',
  `created_at` timestamp NULL DEFAULT NULL,
  `updated_at` timestamp NULL DEFAULT NULL,
  PRIMARY KEY (`id`)
) ENGINE=InnoDB AUTO_INCREMENT=4 DEFAULT CHARSET=utf8mb4 COLLATE=utf8mb4_unicode_ci;
/*!40101 SET character_set_client = @saved_cs_client */;

--
-- Dumping data for table `faq_categories`
--

LOCK TABLES `faq_categories` WRITE;
/*!40000 ALTER TABLE `faq_categories` DISABLE KEYS */;
INSERT INTO `faq_categories` VALUES (1,'SHIPPING',0,'published','2023-11-09 09:20:40','2023-11-09 09:20:40'),(2,'PAYMENT',1,'published','2023-11-09 09:20:40','2023-11-09 09:20:40'),(3,'ORDER &amp; RETURNS',2,'published','2023-11-09 09:20:40','2023-11-09 09:20:40');
/*!40000 ALTER TABLE `faq_categories` ENABLE KEYS */;
UNLOCK TABLES;

--
-- Table structure for table `faq_categories_translations`
--

DROP TABLE IF EXISTS `faq_categories_translations`;
/*!40101 SET @saved_cs_client     = @@character_set_client */;
/*!50503 SET character_set_client = utf8mb4 */;
CREATE TABLE `faq_categories_translations` (
  `lang_code` varchar(191) COLLATE utf8mb4_unicode_ci NOT NULL,
  `faq_categories_id` bigint unsigned NOT NULL,
  `name` varchar(120) COLLATE utf8mb4_unicode_ci DEFAULT NULL,
  PRIMARY KEY (`lang_code`,`faq_categories_id`)
) ENGINE=InnoDB DEFAULT CHARSET=utf8mb4 COLLATE=utf8mb4_unicode_ci;
/*!40101 SET character_set_client = @saved_cs_client */;

--
-- Dumping data for table `faq_categories_translations`
--

LOCK TABLES `faq_categories_translations` WRITE;
/*!40000 ALTER TABLE `faq_categories_translations` DISABLE KEYS */;
/*!40000 ALTER TABLE `faq_categories_translations` ENABLE KEYS */;
UNLOCK TABLES;

--
-- Table structure for table `faqs`
--

DROP TABLE IF EXISTS `faqs`;
/*!40101 SET @saved_cs_client     = @@character_set_client */;
/*!50503 SET character_set_client = utf8mb4 */;
CREATE TABLE `faqs` (
  `id` bigint unsigned NOT NULL AUTO_INCREMENT,
  `question` text COLLATE utf8mb4_unicode_ci NOT NULL,
  `answer` text COLLATE utf8mb4_unicode_ci NOT NULL,
  `category_id` bigint unsigned NOT NULL,
  `status` varchar(60) COLLATE utf8mb4_unicode_ci NOT NULL DEFAULT 'published',
  `created_at` timestamp NULL DEFAULT NULL,
  `updated_at` timestamp NULL DEFAULT NULL,
  PRIMARY KEY (`id`)
) ENGINE=InnoDB AUTO_INCREMENT=11 DEFAULT CHARSET=utf8mb4 COLLATE=utf8mb4_unicode_ci;
/*!40101 SET character_set_client = @saved_cs_client */;

--
-- Dumping data for table `faqs`
--

LOCK TABLES `faqs` WRITE;
/*!40000 ALTER TABLE `faqs` DISABLE KEYS */;
INSERT INTO `faqs` VALUES (1,'What Shipping Methods Are Available?','Ex Portland Pitchfork irure mustache. Eutra fap before they sold out literally. Aliquip ugh bicycle rights actually mlkshk, seitan squid craft beer tempor.',1,'published','2023-11-09 09:20:40','2023-11-09 09:20:40'),(2,'Do You Ship Internationally?','Hoodie tote bag mixtape tofu. Typewriter jean shorts wolf quinoa, messenger bag organic freegan cray.',1,'published','2023-11-09 09:20:40','2023-11-09 09:20:40'),(3,'How Long Will It Take To Get My Package?','Swag slow-carb quinoa VHS typewriter pork belly brunch, paleo single-origin coffee Wes Anderson. Flexitarian Pitchfork forage, literally paleo fap pour-over. Wes Anderson Pinterest YOLO fanny pack meggings, deep v XOXO chambray sustainable slow-carb raw denim church-key fap chillwave Etsy. +1 typewriter kitsch, American Apparel tofu Banksy Vice.',1,'published','2023-11-09 09:20:40','2023-11-09 09:20:40'),(4,'What Payment Methods Are Accepted?','Fashion axe DIY jean shorts, swag kale chips meh polaroid kogi butcher Wes Anderson chambray next level semiotics gentrify yr. Voluptate photo booth fugiat Vice. Austin sed Williamsburg, ea labore raw denim voluptate cred proident mixtape excepteur mustache. Twee chia photo booth readymade food truck, hoodie roof party swag keytar PBR DIY.',2,'published','2023-11-09 09:20:40','2023-11-09 09:20:40'),(5,'Is Buying On-Line Safe?','Art party authentic freegan semiotics jean shorts chia cred. Neutra Austin roof party Brooklyn, synth Thundercats swag 8-bit photo booth. Plaid letterpress leggings craft beer meh ethical Pinterest.',2,'published','2023-11-09 09:20:40','2023-11-09 09:20:40'),(6,'How do I place an Order?','Keytar cray slow-carb, Godard banh mi salvia pour-over. Slow-carb Odd Future seitan normcore. Master cleanse American Apparel gentrify flexitarian beard slow-carb next level. Raw denim polaroid paleo farm-to-table, put a bird on it lo-fi tattooed Wes Anderson Pinterest letterpress. Fingerstache McSweeney’s pour-over, letterpress Schlitz photo booth master cleanse bespoke hashtag chillwave gentrify.',3,'published','2023-11-09 09:20:40','2023-11-09 09:20:40'),(7,'How Can I Cancel Or Change My Order?','Plaid letterpress leggings craft beer meh ethical Pinterest. Art party authentic freegan semiotics jean shorts chia cred. Neutra Austin roof party Brooklyn, synth Thundercats swag 8-bit photo booth.',3,'published','2023-11-09 09:20:40','2023-11-09 09:20:40'),(8,'Do I need an account to place an order?','Thundercats swag 8-bit photo booth. Plaid letterpress leggings craft beer meh ethical Pinterest. Twee chia photo booth readymade food truck, hoodie roof party swag keytar PBR DIY. Cray ugh 3 wolf moon fap, fashion axe irony butcher cornhole typewriter chambray VHS banjo street art.',3,'published','2023-11-09 09:20:40','2023-11-09 09:20:40'),(9,'How Do I Track My Order?','Keytar cray slow-carb, Godard banh mi salvia pour-over. Slow-carb @Odd Future seitan normcore. Master cleanse American Apparel gentrify flexitarian beard slow-carb next level.',3,'published','2023-11-09 09:20:40','2023-11-09 09:20:40'),(10,'How Can I Return a Product?','Kale chips Truffaut Williamsburg, hashtag fixie Pinterest raw denim c hambray drinking vinegar Carles street art Bushwick gastropub. Wolf Tumblr paleo church-key. Plaid food truck Echo Park YOLO bitters hella, direct trade Thundercats leggings quinoa before they sold out. You probably haven’t heard of them wayfarers authentic umami drinking vinegar Pinterest Cosby sweater, fingerstache fap High Life.',3,'published','2023-11-09 09:20:40','2023-11-09 09:20:40');
/*!40000 ALTER TABLE `faqs` ENABLE KEYS */;
UNLOCK TABLES;

--
-- Table structure for table `faqs_translations`
--

DROP TABLE IF EXISTS `faqs_translations`;
/*!40101 SET @saved_cs_client     = @@character_set_client */;
/*!50503 SET character_set_client = utf8mb4 */;
CREATE TABLE `faqs_translations` (
  `lang_code` varchar(191) COLLATE utf8mb4_unicode_ci NOT NULL,
  `faqs_id` bigint unsigned NOT NULL,
  `question` text COLLATE utf8mb4_unicode_ci,
  `answer` text COLLATE utf8mb4_unicode_ci,
  PRIMARY KEY (`lang_code`,`faqs_id`)
) ENGINE=InnoDB DEFAULT CHARSET=utf8mb4 COLLATE=utf8mb4_unicode_ci;
/*!40101 SET character_set_client = @saved_cs_client */;

--
-- Dumping data for table `faqs_translations`
--

LOCK TABLES `faqs_translations` WRITE;
/*!40000 ALTER TABLE `faqs_translations` DISABLE KEYS */;
/*!40000 ALTER TABLE `faqs_translations` ENABLE KEYS */;
UNLOCK TABLES;

--
-- Table structure for table `galleries`
--

DROP TABLE IF EXISTS `galleries`;
/*!40101 SET @saved_cs_client     = @@character_set_client */;
/*!50503 SET character_set_client = utf8mb4 */;
CREATE TABLE `galleries` (
  `id` bigint unsigned NOT NULL AUTO_INCREMENT,
  `name` varchar(120) COLLATE utf8mb4_unicode_ci NOT NULL,
  `description` longtext COLLATE utf8mb4_unicode_ci NOT NULL,
  `is_featured` tinyint unsigned NOT NULL DEFAULT '0',
  `order` tinyint unsigned NOT NULL DEFAULT '0',
  `image` varchar(255) COLLATE utf8mb4_unicode_ci DEFAULT NULL,
  `user_id` bigint unsigned DEFAULT NULL,
  `status` varchar(60) COLLATE utf8mb4_unicode_ci NOT NULL DEFAULT 'published',
  `created_at` timestamp NULL DEFAULT NULL,
  `updated_at` timestamp NULL DEFAULT NULL,
  PRIMARY KEY (`id`),
  KEY `galleries_user_id_index` (`user_id`)
) ENGINE=InnoDB AUTO_INCREMENT=7 DEFAULT CHARSET=utf8mb4 COLLATE=utf8mb4_unicode_ci;
/*!40101 SET character_set_client = @saved_cs_client */;

--
-- Dumping data for table `galleries`
--

LOCK TABLES `galleries` WRITE;
/*!40000 ALTER TABLE `galleries` DISABLE KEYS */;
INSERT INTO `galleries` VALUES (1,'Perfect','Aut ab ipsum quis illum dolorum maxime. Amet qui sed aut sed unde ea architecto.',1,0,'galleries/1.jpg',2,'published','2023-11-09 09:20:59','2023-11-09 09:20:59'),(2,'New Day','Labore sit harum modi culpa ipsa. Sit voluptate minus ipsam voluptatem sint. Aspernatur impedit magni incidunt magni facilis ipsam similique.',1,0,'galleries/2.jpg',2,'published','2023-11-09 09:20:59','2023-11-09 09:20:59'),(3,'Happy Day','Saepe provident animi quia sed. Et reiciendis delectus nostrum. In laudantium voluptas fugiat in debitis exercitationem nihil consequuntur.',1,0,'galleries/3.jpg',2,'published','2023-11-09 09:20:59','2023-11-09 09:20:59'),(4,'Nature','Magnam qui sit velit doloremque soluta id. Hic totam aut voluptatem itaque nam. Sint ipsum rerum voluptatem laboriosam est veniam rerum.',1,0,'galleries/4.jpg',2,'published','2023-11-09 09:20:59','2023-11-09 09:20:59'),(5,'Morning','Quae voluptatem dolorum aut odio. Adipisci reprehenderit ea inventore corporis laudantium quis quis sit. Minus officia qui voluptas id vero aperiam.',1,0,'galleries/5.jpg',2,'published','2023-11-09 09:20:59','2023-11-09 09:20:59'),(6,'Photography','Dolor amet nihil earum quo rem vel nam. Tempore minus qui tenetur rerum. Hic repellendus vel odit dolorum.',1,0,'galleries/6.jpg',2,'published','2023-11-09 09:20:59','2023-11-09 09:20:59');
/*!40000 ALTER TABLE `galleries` ENABLE KEYS */;
UNLOCK TABLES;

--
-- Table structure for table `galleries_translations`
--

DROP TABLE IF EXISTS `galleries_translations`;
/*!40101 SET @saved_cs_client     = @@character_set_client */;
/*!50503 SET character_set_client = utf8mb4 */;
CREATE TABLE `galleries_translations` (
  `lang_code` varchar(191) COLLATE utf8mb4_unicode_ci NOT NULL,
  `galleries_id` bigint unsigned NOT NULL,
  `name` varchar(255) COLLATE utf8mb4_unicode_ci DEFAULT NULL,
  `description` longtext COLLATE utf8mb4_unicode_ci,
  PRIMARY KEY (`lang_code`,`galleries_id`)
) ENGINE=InnoDB DEFAULT CHARSET=utf8mb4 COLLATE=utf8mb4_unicode_ci;
/*!40101 SET character_set_client = @saved_cs_client */;

--
-- Dumping data for table `galleries_translations`
--

LOCK TABLES `galleries_translations` WRITE;
/*!40000 ALTER TABLE `galleries_translations` DISABLE KEYS */;
/*!40000 ALTER TABLE `galleries_translations` ENABLE KEYS */;
UNLOCK TABLES;

--
-- Table structure for table `gallery_meta`
--

DROP TABLE IF EXISTS `gallery_meta`;
/*!40101 SET @saved_cs_client     = @@character_set_client */;
/*!50503 SET character_set_client = utf8mb4 */;
CREATE TABLE `gallery_meta` (
  `id` bigint unsigned NOT NULL AUTO_INCREMENT,
  `images` text COLLATE utf8mb4_unicode_ci,
  `reference_id` bigint unsigned NOT NULL,
  `reference_type` varchar(120) COLLATE utf8mb4_unicode_ci NOT NULL,
  `created_at` timestamp NULL DEFAULT NULL,
  `updated_at` timestamp NULL DEFAULT NULL,
  PRIMARY KEY (`id`),
  KEY `gallery_meta_reference_id_index` (`reference_id`)
) ENGINE=InnoDB AUTO_INCREMENT=7 DEFAULT CHARSET=utf8mb4 COLLATE=utf8mb4_unicode_ci;
/*!40101 SET character_set_client = @saved_cs_client */;

--
-- Dumping data for table `gallery_meta`
--

LOCK TABLES `gallery_meta` WRITE;
/*!40000 ALTER TABLE `gallery_meta` DISABLE KEYS */;
INSERT INTO `gallery_meta` VALUES (1,'[{\"img\":\"galleries\\/1.jpg\",\"description\":\"Rerum qui aliquid sed unde doloribus vitae facilis fugit. Quam porro explicabo nisi sint non sed. Sapiente rerum sed in quaerat libero sed saepe.\"},{\"img\":\"galleries\\/2.jpg\",\"description\":\"Ab fugiat non ad qui qui enim. Et possimus labore possimus est.\"},{\"img\":\"galleries\\/3.jpg\",\"description\":\"Et totam deserunt voluptas dolores velit. Magnam fugiat in delectus esse enim atque ex. Pariatur deleniti iusto qui qui voluptatem ut.\"},{\"img\":\"galleries\\/4.jpg\",\"description\":\"Alias placeat voluptatum non. Saepe quia ad nisi odit unde deleniti asperiores. Deserunt impedit et non. Et consequatur ex ut et cum unde architecto.\"},{\"img\":\"galleries\\/5.jpg\",\"description\":\"Et dolorem autem voluptatem. Cum veritatis provident laboriosam praesentium. Dolorum enim assumenda est sapiente.\"},{\"img\":\"galleries\\/6.jpg\",\"description\":\"Labore facilis animi incidunt est quae. Et in perferendis iusto deserunt molestiae velit. Ipsa natus quidem nemo quisquam animi.\"}]',1,'Botble\\Gallery\\Models\\Gallery','2023-11-09 09:20:59','2023-11-09 09:20:59'),(2,'[{\"img\":\"galleries\\/1.jpg\",\"description\":\"Rerum qui aliquid sed unde doloribus vitae facilis fugit. Quam porro explicabo nisi sint non sed. Sapiente rerum sed in quaerat libero sed saepe.\"},{\"img\":\"galleries\\/2.jpg\",\"description\":\"Ab fugiat non ad qui qui enim. Et possimus labore possimus est.\"},{\"img\":\"galleries\\/3.jpg\",\"description\":\"Et totam deserunt voluptas dolores velit. Magnam fugiat in delectus esse enim atque ex. Pariatur deleniti iusto qui qui voluptatem ut.\"},{\"img\":\"galleries\\/4.jpg\",\"description\":\"Alias placeat voluptatum non. Saepe quia ad nisi odit unde deleniti asperiores. Deserunt impedit et non. Et consequatur ex ut et cum unde architecto.\"},{\"img\":\"galleries\\/5.jpg\",\"description\":\"Et dolorem autem voluptatem. Cum veritatis provident laboriosam praesentium. Dolorum enim assumenda est sapiente.\"},{\"img\":\"galleries\\/6.jpg\",\"description\":\"Labore facilis animi incidunt est quae. Et in perferendis iusto deserunt molestiae velit. Ipsa natus quidem nemo quisquam animi.\"}]',2,'Botble\\Gallery\\Models\\Gallery','2023-11-09 09:20:59','2023-11-09 09:20:59'),(3,'[{\"img\":\"galleries\\/1.jpg\",\"description\":\"Rerum qui aliquid sed unde doloribus vitae facilis fugit. Quam porro explicabo nisi sint non sed. Sapiente rerum sed in quaerat libero sed saepe.\"},{\"img\":\"galleries\\/2.jpg\",\"description\":\"Ab fugiat non ad qui qui enim. Et possimus labore possimus est.\"},{\"img\":\"galleries\\/3.jpg\",\"description\":\"Et totam deserunt voluptas dolores velit. Magnam fugiat in delectus esse enim atque ex. Pariatur deleniti iusto qui qui voluptatem ut.\"},{\"img\":\"galleries\\/4.jpg\",\"description\":\"Alias placeat voluptatum non. Saepe quia ad nisi odit unde deleniti asperiores. Deserunt impedit et non. Et consequatur ex ut et cum unde architecto.\"},{\"img\":\"galleries\\/5.jpg\",\"description\":\"Et dolorem autem voluptatem. Cum veritatis provident laboriosam praesentium. Dolorum enim assumenda est sapiente.\"},{\"img\":\"galleries\\/6.jpg\",\"description\":\"Labore facilis animi incidunt est quae. Et in perferendis iusto deserunt molestiae velit. Ipsa natus quidem nemo quisquam animi.\"}]',3,'Botble\\Gallery\\Models\\Gallery','2023-11-09 09:20:59','2023-11-09 09:20:59'),(4,'[{\"img\":\"galleries\\/1.jpg\",\"description\":\"Rerum qui aliquid sed unde doloribus vitae facilis fugit. Quam porro explicabo nisi sint non sed. Sapiente rerum sed in quaerat libero sed saepe.\"},{\"img\":\"galleries\\/2.jpg\",\"description\":\"Ab fugiat non ad qui qui enim. Et possimus labore possimus est.\"},{\"img\":\"galleries\\/3.jpg\",\"description\":\"Et totam deserunt voluptas dolores velit. Magnam fugiat in delectus esse enim atque ex. Pariatur deleniti iusto qui qui voluptatem ut.\"},{\"img\":\"galleries\\/4.jpg\",\"description\":\"Alias placeat voluptatum non. Saepe quia ad nisi odit unde deleniti asperiores. Deserunt impedit et non. Et consequatur ex ut et cum unde architecto.\"},{\"img\":\"galleries\\/5.jpg\",\"description\":\"Et dolorem autem voluptatem. Cum veritatis provident laboriosam praesentium. Dolorum enim assumenda est sapiente.\"},{\"img\":\"galleries\\/6.jpg\",\"description\":\"Labore facilis animi incidunt est quae. Et in perferendis iusto deserunt molestiae velit. Ipsa natus quidem nemo quisquam animi.\"}]',4,'Botble\\Gallery\\Models\\Gallery','2023-11-09 09:20:59','2023-11-09 09:20:59'),(5,'[{\"img\":\"galleries\\/1.jpg\",\"description\":\"Rerum qui aliquid sed unde doloribus vitae facilis fugit. Quam porro explicabo nisi sint non sed. Sapiente rerum sed in quaerat libero sed saepe.\"},{\"img\":\"galleries\\/2.jpg\",\"description\":\"Ab fugiat non ad qui qui enim. Et possimus labore possimus est.\"},{\"img\":\"galleries\\/3.jpg\",\"description\":\"Et totam deserunt voluptas dolores velit. Magnam fugiat in delectus esse enim atque ex. Pariatur deleniti iusto qui qui voluptatem ut.\"},{\"img\":\"galleries\\/4.jpg\",\"description\":\"Alias placeat voluptatum non. Saepe quia ad nisi odit unde deleniti asperiores. Deserunt impedit et non. Et consequatur ex ut et cum unde architecto.\"},{\"img\":\"galleries\\/5.jpg\",\"description\":\"Et dolorem autem voluptatem. Cum veritatis provident laboriosam praesentium. Dolorum enim assumenda est sapiente.\"},{\"img\":\"galleries\\/6.jpg\",\"description\":\"Labore facilis animi incidunt est quae. Et in perferendis iusto deserunt molestiae velit. Ipsa natus quidem nemo quisquam animi.\"}]',5,'Botble\\Gallery\\Models\\Gallery','2023-11-09 09:20:59','2023-11-09 09:20:59'),(6,'[{\"img\":\"galleries\\/1.jpg\",\"description\":\"Rerum qui aliquid sed unde doloribus vitae facilis fugit. Quam porro explicabo nisi sint non sed. Sapiente rerum sed in quaerat libero sed saepe.\"},{\"img\":\"galleries\\/2.jpg\",\"description\":\"Ab fugiat non ad qui qui enim. Et possimus labore possimus est.\"},{\"img\":\"galleries\\/3.jpg\",\"description\":\"Et totam deserunt voluptas dolores velit. Magnam fugiat in delectus esse enim atque ex. Pariatur deleniti iusto qui qui voluptatem ut.\"},{\"img\":\"galleries\\/4.jpg\",\"description\":\"Alias placeat voluptatum non. Saepe quia ad nisi odit unde deleniti asperiores. Deserunt impedit et non. Et consequatur ex ut et cum unde architecto.\"},{\"img\":\"galleries\\/5.jpg\",\"description\":\"Et dolorem autem voluptatem. Cum veritatis provident laboriosam praesentium. Dolorum enim assumenda est sapiente.\"},{\"img\":\"galleries\\/6.jpg\",\"description\":\"Labore facilis animi incidunt est quae. Et in perferendis iusto deserunt molestiae velit. Ipsa natus quidem nemo quisquam animi.\"}]',6,'Botble\\Gallery\\Models\\Gallery','2023-11-09 09:20:59','2023-11-09 09:20:59');
/*!40000 ALTER TABLE `gallery_meta` ENABLE KEYS */;
UNLOCK TABLES;

--
-- Table structure for table `gallery_meta_translations`
--

DROP TABLE IF EXISTS `gallery_meta_translations`;
/*!40101 SET @saved_cs_client     = @@character_set_client */;
/*!50503 SET character_set_client = utf8mb4 */;
CREATE TABLE `gallery_meta_translations` (
  `lang_code` varchar(191) COLLATE utf8mb4_unicode_ci NOT NULL,
  `gallery_meta_id` bigint unsigned NOT NULL,
  `images` text COLLATE utf8mb4_unicode_ci,
  PRIMARY KEY (`lang_code`,`gallery_meta_id`)
) ENGINE=InnoDB DEFAULT CHARSET=utf8mb4 COLLATE=utf8mb4_unicode_ci;
/*!40101 SET character_set_client = @saved_cs_client */;

--
-- Dumping data for table `gallery_meta_translations`
--

LOCK TABLES `gallery_meta_translations` WRITE;
/*!40000 ALTER TABLE `gallery_meta_translations` DISABLE KEYS */;
/*!40000 ALTER TABLE `gallery_meta_translations` ENABLE KEYS */;
UNLOCK TABLES;

--
-- Table structure for table `jobs`
--

DROP TABLE IF EXISTS `jobs`;
/*!40101 SET @saved_cs_client     = @@character_set_client */;
/*!50503 SET character_set_client = utf8mb4 */;
CREATE TABLE `jobs` (
  `id` bigint unsigned NOT NULL AUTO_INCREMENT,
  `queue` varchar(191) COLLATE utf8mb4_unicode_ci NOT NULL,
  `payload` longtext COLLATE utf8mb4_unicode_ci NOT NULL,
  `attempts` tinyint unsigned NOT NULL,
  `reserved_at` int unsigned DEFAULT NULL,
  `available_at` int unsigned NOT NULL,
  `created_at` int unsigned NOT NULL,
  PRIMARY KEY (`id`),
  KEY `jobs_queue_index` (`queue`)
) ENGINE=InnoDB DEFAULT CHARSET=utf8mb4 COLLATE=utf8mb4_unicode_ci;
/*!40101 SET character_set_client = @saved_cs_client */;

--
-- Dumping data for table `jobs`
--

LOCK TABLES `jobs` WRITE;
/*!40000 ALTER TABLE `jobs` DISABLE KEYS */;
/*!40000 ALTER TABLE `jobs` ENABLE KEYS */;
UNLOCK TABLES;

--
-- Table structure for table `language_meta`
--

DROP TABLE IF EXISTS `language_meta`;
/*!40101 SET @saved_cs_client     = @@character_set_client */;
/*!50503 SET character_set_client = utf8mb4 */;
CREATE TABLE `language_meta` (
  `lang_meta_id` bigint unsigned NOT NULL AUTO_INCREMENT,
  `lang_meta_code` varchar(20) CHARACTER SET utf8mb4 COLLATE utf8mb4_unicode_ci DEFAULT NULL,
  `lang_meta_origin` varchar(32) CHARACTER SET utf8mb4 COLLATE utf8mb4_unicode_ci NOT NULL,
  `reference_id` bigint unsigned NOT NULL,
  `reference_type` varchar(120) COLLATE utf8mb4_unicode_ci NOT NULL,
  PRIMARY KEY (`lang_meta_id`),
  KEY `language_meta_reference_id_index` (`reference_id`),
  KEY `meta_code_index` (`lang_meta_code`),
  KEY `meta_origin_index` (`lang_meta_origin`),
  KEY `meta_reference_type_index` (`reference_type`)
) ENGINE=InnoDB AUTO_INCREMENT=14 DEFAULT CHARSET=utf8mb4 COLLATE=utf8mb4_unicode_ci;
/*!40101 SET character_set_client = @saved_cs_client */;

--
-- Dumping data for table `language_meta`
--

LOCK TABLES `language_meta` WRITE;
/*!40000 ALTER TABLE `language_meta` DISABLE KEYS */;
INSERT INTO `language_meta` VALUES (1,'en_US','3cbfd359e07bb9b7e842de219c0b477b',1,'Botble\\SimpleSlider\\Models\\SimpleSlider'),(2,'en_US','bbf34ee78cf956c28f47b85b45618570',2,'Botble\\SimpleSlider\\Models\\SimpleSlider'),(3,'en_US','8475ea57577c145e50f826ab7ba16b57',3,'Botble\\SimpleSlider\\Models\\SimpleSlider'),(4,'en_US','90ed41f4b1f337f0ab46f7a1bb9511e0',4,'Botble\\SimpleSlider\\Models\\SimpleSlider'),(5,'en_US','f0659768d5a405e9a91f06bff0c9a5a0',5,'Botble\\SimpleSlider\\Models\\SimpleSlider'),(6,'en_US','13df5e721991df20e04d95ddaa5b6b65',1,'Botble\\Menu\\Models\\MenuLocation'),(7,'en_US','b2d3db02dffe4a4e3fa5040a871d835e',1,'Botble\\Menu\\Models\\Menu'),(8,'en_US','9a98afd3e8ca9c74e947598fa8e7416e',2,'Botble\\Menu\\Models\\MenuLocation'),(9,'en_US','32d2f957580c20150491a5acd93ffc2f',2,'Botble\\Menu\\Models\\Menu'),(10,'en_US','7ffdaf264f55525dd654fa20086343d1',3,'Botble\\Menu\\Models\\MenuLocation'),(11,'en_US','a347b2fa48e4b027e6e616cb96dc5631',3,'Botble\\Menu\\Models\\Menu'),(12,'en_US','60557c83e2838a13d499a91f8f0cb165',4,'Botble\\Menu\\Models\\MenuLocation'),(13,'en_US','53f9807550207b5ed3e2ca4d1f4f40d6',4,'Botble\\Menu\\Models\\Menu');
/*!40000 ALTER TABLE `language_meta` ENABLE KEYS */;
UNLOCK TABLES;

--
-- Table structure for table `languages`
--

DROP TABLE IF EXISTS `languages`;
/*!40101 SET @saved_cs_client     = @@character_set_client */;
/*!50503 SET character_set_client = utf8mb4 */;
CREATE TABLE `languages` (
  `lang_id` bigint unsigned NOT NULL AUTO_INCREMENT,
  `lang_name` varchar(120) COLLATE utf8mb4_unicode_ci NOT NULL,
  `lang_locale` varchar(20) COLLATE utf8mb4_unicode_ci NOT NULL,
  `lang_code` varchar(20) COLLATE utf8mb4_unicode_ci NOT NULL,
  `lang_flag` varchar(20) COLLATE utf8mb4_unicode_ci DEFAULT NULL,
  `lang_is_default` tinyint unsigned NOT NULL DEFAULT '0',
  `lang_order` int NOT NULL DEFAULT '0',
  `lang_is_rtl` tinyint unsigned NOT NULL DEFAULT '0',
  PRIMARY KEY (`lang_id`),
  KEY `lang_locale_index` (`lang_locale`),
  KEY `lang_code_index` (`lang_code`),
  KEY `lang_is_default_index` (`lang_is_default`)
) ENGINE=InnoDB AUTO_INCREMENT=2 DEFAULT CHARSET=utf8mb4 COLLATE=utf8mb4_unicode_ci;
/*!40101 SET character_set_client = @saved_cs_client */;

--
-- Dumping data for table `languages`
--

LOCK TABLES `languages` WRITE;
/*!40000 ALTER TABLE `languages` DISABLE KEYS */;
INSERT INTO `languages` VALUES (1,'English','en','en_US','us',1,0,0);
/*!40000 ALTER TABLE `languages` ENABLE KEYS */;
UNLOCK TABLES;

--
-- Table structure for table `media_files`
--

DROP TABLE IF EXISTS `media_files`;
/*!40101 SET @saved_cs_client     = @@character_set_client */;
/*!50503 SET character_set_client = utf8mb4 */;
CREATE TABLE `media_files` (
  `id` bigint unsigned NOT NULL AUTO_INCREMENT,
  `user_id` bigint unsigned NOT NULL,
  `name` varchar(255) COLLATE utf8mb4_unicode_ci NOT NULL,
  `alt` varchar(191) COLLATE utf8mb4_unicode_ci DEFAULT NULL,
  `folder_id` bigint unsigned NOT NULL DEFAULT '0',
  `mime_type` varchar(120) COLLATE utf8mb4_unicode_ci NOT NULL,
  `size` int NOT NULL,
  `url` varchar(255) COLLATE utf8mb4_unicode_ci NOT NULL,
  `options` text COLLATE utf8mb4_unicode_ci,
  `created_at` timestamp NULL DEFAULT NULL,
  `updated_at` timestamp NULL DEFAULT NULL,
  `deleted_at` timestamp NULL DEFAULT NULL,
  PRIMARY KEY (`id`),
  KEY `media_files_user_id_index` (`user_id`),
  KEY `media_files_index` (`folder_id`,`user_id`,`created_at`)
) ENGINE=InnoDB AUTO_INCREMENT=277 DEFAULT CHARSET=utf8mb4 COLLATE=utf8mb4_unicode_ci;
/*!40101 SET character_set_client = @saved_cs_client */;

--
-- Dumping data for table `media_files`
--

LOCK TABLES `media_files` WRITE;
/*!40000 ALTER TABLE `media_files` DISABLE KEYS */;
INSERT INTO `media_files` VALUES (3,0,'1','1',2,'image/jpeg',3298,'blog/1.jpg','[]','2023-11-09 09:20:32','2023-11-09 09:20:32',NULL),(4,0,'10','10',2,'image/jpeg',3298,'blog/10.jpg','[]','2023-11-09 09:20:32','2023-11-09 09:20:32',NULL),(5,0,'11','11',2,'image/jpeg',3298,'blog/11.jpg','[]','2023-11-09 09:20:32','2023-11-09 09:20:32',NULL),(6,0,'2','2',2,'image/jpeg',3298,'blog/2.jpg','[]','2023-11-09 09:20:32','2023-11-09 09:20:32',NULL),(7,0,'3','3',2,'image/jpeg',3298,'blog/3.jpg','[]','2023-11-09 09:20:32','2023-11-09 09:20:32',NULL),(8,0,'4','4',2,'image/jpeg',3298,'blog/4.jpg','[]','2023-11-09 09:20:32','2023-11-09 09:20:32',NULL),(9,0,'5','5',2,'image/jpeg',3298,'blog/5.jpg','[]','2023-11-09 09:20:32','2023-11-09 09:20:32',NULL),(10,0,'6','6',2,'image/jpeg',3298,'blog/6.jpg','[]','2023-11-09 09:20:32','2023-11-09 09:20:32',NULL),(11,0,'7','7',2,'image/jpeg',3298,'blog/7.jpg','[]','2023-11-09 09:20:32','2023-11-09 09:20:32',NULL),(12,0,'8','8',2,'image/jpeg',3298,'blog/8.jpg','[]','2023-11-09 09:20:32','2023-11-09 09:20:32',NULL),(13,0,'9','9',2,'image/jpeg',3298,'blog/9.jpg','[]','2023-11-09 09:20:32','2023-11-09 09:20:32',NULL),(14,0,'blog-in-01','blog-in-01',2,'image/jpeg',9590,'blog/blog-in-01.jpg','[]','2023-11-09 09:20:32','2023-11-09 09:20:32',NULL),(15,0,'blog-in-02','blog-in-02',2,'image/jpeg',9590,'blog/blog-in-02.jpg','[]','2023-11-09 09:20:32','2023-11-09 09:20:32',NULL),(16,0,'blog-in-03','blog-in-03',2,'image/jpeg',9590,'blog/blog-in-03.jpg','[]','2023-11-09 09:20:32','2023-11-09 09:20:32',NULL),(17,0,'blog-in-04','blog-in-04',2,'image/jpeg',9590,'blog/blog-in-04.jpg','[]','2023-11-09 09:20:33','2023-11-09 09:20:33',NULL),(18,0,'blog-in-05','blog-in-05',2,'image/jpeg',9590,'blog/blog-in-05.jpg','[]','2023-11-09 09:20:33','2023-11-09 09:20:33',NULL),(19,0,'blog-in-06','blog-in-06',2,'image/jpeg',9590,'blog/blog-in-06.jpg','[]','2023-11-09 09:20:33','2023-11-09 09:20:33',NULL),(20,0,'blog-sm-1','blog-sm-1',2,'image/jpeg',9590,'blog/blog-sm-1.jpg','[]','2023-11-09 09:20:33','2023-11-09 09:20:33',NULL),(21,0,'blog-sm-2','blog-sm-2',2,'image/jpeg',9590,'blog/blog-sm-2.jpg','[]','2023-11-09 09:20:33','2023-11-09 09:20:33',NULL),(22,0,'blog-sm-3','blog-sm-3',2,'image/jpeg',9590,'blog/blog-sm-3.jpg','[]','2023-11-09 09:20:33','2023-11-09 09:20:33',NULL),(23,0,'blog-sm-4','blog-sm-4',2,'image/jpeg',9590,'blog/blog-sm-4.jpg','[]','2023-11-09 09:20:33','2023-11-09 09:20:33',NULL),(24,0,'comment-1','comment-1',2,'image/jpeg',9730,'blog/comment-1.jpg','[]','2023-11-09 09:20:33','2023-11-09 09:20:33',NULL),(25,0,'comment-2','comment-2',2,'image/jpeg',9730,'blog/comment-2.jpg','[]','2023-11-09 09:20:33','2023-11-09 09:20:33',NULL),(26,0,'location-1','location-1',3,'image/png',5264,'shop/location-1.png','[]','2023-11-09 09:20:33','2023-11-09 09:20:33',NULL),(27,0,'location-2','location-2',3,'image/png',5264,'shop/location-2.png','[]','2023-11-09 09:20:33','2023-11-09 09:20:33',NULL),(28,0,'location-3','location-3',3,'image/png',5264,'shop/location-3.png','[]','2023-11-09 09:20:33','2023-11-09 09:20:33',NULL),(29,0,'location-4','location-4',3,'image/png',5264,'shop/location-4.png','[]','2023-11-09 09:20:33','2023-11-09 09:20:33',NULL),(30,0,'login_bg','login_bg',3,'image/jpeg',5412,'shop/login-bg.jpg','[]','2023-11-09 09:20:33','2023-11-09 09:20:33',NULL),(31,0,'reviewer-01','reviewer-01',3,'image/png',1033,'shop/reviewer-01.png','[]','2023-11-09 09:20:33','2023-11-09 09:20:33',NULL),(32,0,'reviewer-02','reviewer-02',3,'image/png',1033,'shop/reviewer-02.png','[]','2023-11-09 09:20:34','2023-11-09 09:20:34',NULL),(33,0,'reviewer-03','reviewer-03',3,'image/png',1033,'shop/reviewer-03.png','[]','2023-11-09 09:20:34','2023-11-09 09:20:34',NULL),(34,0,'s-thumb-01','s-thumb-01',3,'image/jpeg',2791,'shop/s-thumb-01.jpg','[]','2023-11-09 09:20:34','2023-11-09 09:20:34',NULL),(35,0,'s-thumb-02','s-thumb-02',3,'image/jpeg',2791,'shop/s-thumb-02.jpg','[]','2023-11-09 09:20:34','2023-11-09 09:20:34',NULL),(36,0,'s-thumb-03','s-thumb-03',3,'image/jpeg',2791,'shop/s-thumb-03.jpg','[]','2023-11-09 09:20:34','2023-11-09 09:20:34',NULL),(37,0,'s-thumb-04','s-thumb-04',3,'image/jpeg',2791,'shop/s-thumb-04.jpg','[]','2023-11-09 09:20:34','2023-11-09 09:20:34',NULL),(38,0,'s-thumb-05','s-thumb-05',3,'image/jpeg',2791,'shop/s-thumb-05.jpg','[]','2023-11-09 09:20:34','2023-11-09 09:20:34',NULL),(39,0,'s-thumb-06','s-thumb-06',3,'image/jpeg',2791,'shop/s-thumb-06.jpg','[]','2023-11-09 09:20:34','2023-11-09 09:20:34',NULL),(40,0,'sign_bg','sign_bg',3,'image/jpeg',5412,'shop/sign-bg.jpg','[]','2023-11-09 09:20:34','2023-11-09 09:20:34',NULL),(41,0,'track_bg','track_bg',3,'image/jpeg',6187,'shop/track-bg.jpg','[]','2023-11-09 09:20:34','2023-11-09 09:20:34',NULL),(42,0,'w-product-01','w-product-01',3,'image/jpeg',5507,'shop/w-product-01.jpg','[]','2023-11-09 09:20:34','2023-11-09 09:20:34',NULL),(43,0,'w-product-02','w-product-02',3,'image/jpeg',5507,'shop/w-product-02.jpg','[]','2023-11-09 09:20:34','2023-11-09 09:20:34',NULL),(44,0,'w-product-03','w-product-03',3,'image/jpeg',5507,'shop/w-product-03.jpg','[]','2023-11-09 09:20:34','2023-11-09 09:20:34',NULL),(45,0,'w-product-04','w-product-04',3,'image/jpeg',5507,'shop/w-product-04.jpg','[]','2023-11-09 09:20:34','2023-11-09 09:20:34',NULL),(46,0,'w-product-05','w-product-05',3,'image/jpeg',5507,'shop/w-product-05.jpg','[]','2023-11-09 09:20:34','2023-11-09 09:20:34',NULL),(47,0,'f-app','f-app',4,'image/jpeg',596,'general/f-app.jpg','[]','2023-11-09 09:20:34','2023-11-09 09:20:34',NULL),(48,0,'f-brand-icon-01','f-brand-icon-01',4,'image/png',427,'general/f-brand-icon-01.png','[]','2023-11-09 09:20:34','2023-11-09 09:20:34',NULL),(49,0,'f-google','f-google',4,'image/jpeg',596,'general/f-google.jpg','[]','2023-11-09 09:20:34','2023-11-09 09:20:34',NULL),(50,0,'favicon','favicon',4,'image/png',14896,'general/favicon.png','[]','2023-11-09 09:20:35','2023-11-09 09:20:35',NULL),(51,0,'logo-white','logo-white',4,'image/png',865,'general/logo-white.png','[]','2023-11-09 09:20:35','2023-11-09 09:20:35',NULL),(52,0,'logo','logo',4,'image/png',905,'general/logo.png','[]','2023-11-09 09:20:35','2023-11-09 09:20:35',NULL),(53,0,'box','box',5,'image/png',835,'icons/box.png','[]','2023-11-09 09:20:35','2023-11-09 09:20:35',NULL),(54,0,'car','car',5,'image/png',770,'icons/car.png','[]','2023-11-09 09:20:35','2023-11-09 09:20:35',NULL),(55,0,'cat-icon-01','cat-icon-01',5,'image/png',104,'icons/cat-icon-01.png','[]','2023-11-09 09:20:35','2023-11-09 09:20:35',NULL),(56,0,'cat-icon-02','cat-icon-02',5,'image/png',107,'icons/cat-icon-02.png','[]','2023-11-09 09:20:35','2023-11-09 09:20:35',NULL),(57,0,'cat-icon-03','cat-icon-03',5,'image/png',108,'icons/cat-icon-03.png','[]','2023-11-09 09:20:35','2023-11-09 09:20:35',NULL),(58,0,'cat-icon-04','cat-icon-04',5,'image/png',107,'icons/cat-icon-04.png','[]','2023-11-09 09:20:35','2023-11-09 09:20:35',NULL),(59,0,'cat-icon-05','cat-icon-05',5,'image/png',105,'icons/cat-icon-05.png','[]','2023-11-09 09:20:35','2023-11-09 09:20:35',NULL),(60,0,'cat-icon-06','cat-icon-06',5,'image/png',1619,'icons/cat-icon-06.png','[]','2023-11-09 09:20:35','2023-11-09 09:20:35',NULL),(61,0,'error','error',5,'image/png',4210,'icons/error.png','[]','2023-11-09 09:20:35','2023-11-09 09:20:35',NULL),(62,0,'hours','hours',5,'image/png',916,'icons/hours.png','[]','2023-11-09 09:20:35','2023-11-09 09:20:35',NULL),(63,0,'lang-flag','lang-flag',5,'image/png',1546,'icons/lang-flag.png','[]','2023-11-09 09:20:35','2023-11-09 09:20:35',NULL),(64,0,'payment','payment',5,'image/png',727,'icons/payment.png','[]','2023-11-09 09:20:35','2023-11-09 09:20:35',NULL),(65,0,'product-det-1','product-det-1',5,'image/png',923,'icons/product-det-1.png','[]','2023-11-09 09:20:35','2023-11-09 09:20:35',NULL),(66,0,'product-det-2','product-det-2',5,'image/png',1036,'icons/product-det-2.png','[]','2023-11-09 09:20:35','2023-11-09 09:20:35',NULL),(67,0,'product-det-3','product-det-3',5,'image/png',660,'icons/product-det-3.png','[]','2023-11-09 09:20:35','2023-11-09 09:20:35',NULL),(68,0,'product-det-4','product-det-4',5,'image/png',1157,'icons/product-det-4.png','[]','2023-11-09 09:20:35','2023-11-09 09:20:35',NULL),(69,0,'title-shape-02','title-shape-02',5,'image/jpeg',725,'icons/title-shape-02.jpg','[]','2023-11-09 09:20:35','2023-11-09 09:20:35',NULL),(70,0,'track-1','track-1',5,'image/png',294,'icons/track-1.png','[]','2023-11-09 09:20:35','2023-11-09 09:20:35',NULL),(74,0,'banner-1','banner-1',7,'image/jpeg',9733,'sliders/banner-1.jpg','[]','2023-11-09 09:20:35','2023-11-09 09:20:35',NULL),(75,0,'banner-2','banner-2',7,'image/jpeg',9733,'sliders/banner-2.jpg','[]','2023-11-09 09:20:36','2023-11-09 09:20:36',NULL),(76,0,'banner-3','banner-3',7,'image/jpeg',9733,'sliders/banner-3.jpg','[]','2023-11-09 09:20:36','2023-11-09 09:20:36',NULL),(77,0,'banner-slider-01','banner-slider-01',7,'image/jpeg',4061,'sliders/banner-slider-01.jpg','[]','2023-11-09 09:20:36','2023-11-09 09:20:36',NULL),(78,0,'banner-slider-02','banner-slider-02',7,'image/jpeg',4061,'sliders/banner-slider-02.jpg','[]','2023-11-09 09:20:36','2023-11-09 09:20:36',NULL),(79,0,'fasion-tag-01','fasion-tag-01',7,'image/png',2626,'sliders/fasion-tag-01.png','[]','2023-11-09 09:20:36','2023-11-09 09:20:36',NULL),(80,0,'fasion-tag-02','fasion-tag-02',7,'image/png',2654,'sliders/fasion-tag-02.png','[]','2023-11-09 09:20:36','2023-11-09 09:20:36',NULL),(81,0,'fasion-tag-03','fasion-tag-03',7,'image/png',2654,'sliders/fasion-tag-03.png','[]','2023-11-09 09:20:36','2023-11-09 09:20:36',NULL),(82,0,'slider-01','slider-01',7,'image/png',13474,'sliders/slider-01.png','[]','2023-11-09 09:20:36','2023-11-09 09:20:36',NULL),(83,0,'slider-02','slider-02',7,'image/png',13474,'sliders/slider-02.png','[]','2023-11-09 09:20:36','2023-11-09 09:20:36',NULL),(84,0,'slider-03','slider-03',7,'image/png',13474,'sliders/slider-03.png','[]','2023-11-09 09:20:36','2023-11-09 09:20:36',NULL),(85,0,'slider-04','slider-04',7,'image/png',11747,'sliders/slider-04.png','[]','2023-11-09 09:20:36','2023-11-09 09:20:36',NULL),(86,0,'slider-05-banner-1','slider-05-banner-1',7,'image/jpeg',3703,'sliders/slider-05-banner-1.jpg','[]','2023-11-09 09:20:36','2023-11-09 09:20:36',NULL),(87,0,'slider-05-banner-2','slider-05-banner-2',7,'image/jpeg',3703,'sliders/slider-05-banner-2.jpg','[]','2023-11-09 09:20:36','2023-11-09 09:20:36',NULL),(88,0,'slider-05-bg-1','slider-05-bg-1',7,'image/jpeg',11068,'sliders/slider-05-bg-1.jpg','[]','2023-11-09 09:20:36','2023-11-09 09:20:36',NULL),(89,0,'slider-05-bg-2','slider-05-bg-2',7,'image/jpeg',11068,'sliders/slider-05-bg-2.jpg','[]','2023-11-09 09:20:36','2023-11-09 09:20:36',NULL),(90,0,'slider-05-bg-3','slider-05-bg-3',7,'image/jpeg',11068,'sliders/slider-05-bg-3.jpg','[]','2023-11-09 09:20:36','2023-11-09 09:20:36',NULL),(91,0,'slider-05-bg-4','slider-05-bg-4',7,'image/jpeg',11068,'sliders/slider-05-bg-4.jpg','[]','2023-11-09 09:20:36','2023-11-09 09:20:36',NULL),(92,0,'slider-05','slider-05',7,'image/png',11747,'sliders/slider-05.png','[]','2023-11-09 09:20:36','2023-11-09 09:20:36',NULL),(93,0,'slider-06','slider-06',7,'image/png',11747,'sliders/slider-06.png','[]','2023-11-09 09:20:36','2023-11-09 09:20:36',NULL),(94,0,'slider-bg-04','slider-bg-04',7,'image/png',7920,'sliders/slider-bg-04.png','[]','2023-11-09 09:20:37','2023-11-09 09:20:37',NULL),(95,0,'slider-bg-05','slider-bg-05',7,'image/png',7920,'sliders/slider-bg-05.png','[]','2023-11-09 09:20:37','2023-11-09 09:20:37',NULL),(96,0,'slider-bg-06','slider-bg-06',7,'image/png',7920,'sliders/slider-bg-06.png','[]','2023-11-09 09:20:37','2023-11-09 09:20:37',NULL),(97,0,'video-bg-01','video-bg-01',7,'image/jpeg',14170,'sliders/video-bg-01.jpg','[]','2023-11-09 09:20:37','2023-11-09 09:20:37',NULL),(98,0,'about-banner-1','about-banner-1',8,'image/jpeg',8302,'banners/about-banner-1.jpg','[]','2023-11-09 09:20:37','2023-11-09 09:20:37',NULL),(99,0,'about-banner-2','about-banner-2',8,'image/jpeg',8302,'banners/about-banner-2.jpg','[]','2023-11-09 09:20:37','2023-11-09 09:20:37',NULL),(100,0,'about-img-1','about-img-1',8,'image/jpeg',8881,'banners/about-img-1.jpg','[]','2023-11-09 09:20:37','2023-11-09 09:20:37',NULL),(101,0,'about-img-2','about-img-2',8,'image/jpeg',8881,'banners/about-img-2.jpg','[]','2023-11-09 09:20:37','2023-11-09 09:20:37',NULL),(102,0,'about-img-3','about-img-3',8,'image/png',3156,'banners/about-img-3.png','[]','2023-11-09 09:20:37','2023-11-09 09:20:37',NULL),(103,0,'banner-03-01','banner-03-01',8,'image/jpeg',6581,'banners/banner-03-01.jpg','[]','2023-11-09 09:20:37','2023-11-09 09:20:37',NULL),(104,0,'banner-03-02','banner-03-02',8,'image/jpeg',5262,'banners/banner-03-02.jpg','[]','2023-11-09 09:20:37','2023-11-09 09:20:37',NULL),(105,0,'banner-03-03','banner-03-03',8,'image/jpeg',5044,'banners/banner-03-03.jpg','[]','2023-11-09 09:20:37','2023-11-09 09:20:37',NULL),(106,0,'banner-2-01','banner-2-01',8,'image/jpeg',5428,'banners/banner-2-01.jpg','[]','2023-11-09 09:20:37','2023-11-09 09:20:37',NULL),(107,0,'banner-2-02','banner-2-02',8,'image/jpeg',5428,'banners/banner-2-02.jpg','[]','2023-11-09 09:20:37','2023-11-09 09:20:37',NULL),(108,0,'banner-2-03','banner-2-03',8,'image/jpeg',12263,'banners/banner-2-03.jpg','[]','2023-11-09 09:20:37','2023-11-09 09:20:37',NULL),(109,0,'banner-2-04','banner-2-04',8,'image/jpeg',7297,'banners/banner-2-04.jpg','[]','2023-11-09 09:20:38','2023-11-09 09:20:38',NULL),(110,0,'banner-bg-05','banner-bg-05',8,'image/jpeg',23628,'banners/banner-bg-05.jpg','[]','2023-11-09 09:20:38','2023-11-09 09:20:38',NULL),(111,0,'banner-offer-01','banner-offer-01',8,'image/jpeg',10297,'banners/banner-offer-01.jpg','[]','2023-11-09 09:20:38','2023-11-09 09:20:38',NULL),(112,0,'banner-offer-02','banner-offer-02',8,'image/jpeg',9053,'banners/banner-offer-02.jpg','[]','2023-11-09 09:20:38','2023-11-09 09:20:38',NULL),(113,0,'breadcrumb-01','breadcrumb-01',8,'image/jpeg',5255,'banners/breadcrumb-01.jpg','[]','2023-11-09 09:20:38','2023-11-09 09:20:38',NULL),(114,0,'coming-soon','coming-soon',8,'image/jpeg',27377,'banners/coming-soon.jpg','[]','2023-11-09 09:20:38','2023-11-09 09:20:38',NULL),(115,0,'login-bg','login-bg',8,'image/jpeg',5412,'banners/login-bg.jpg','[]','2023-11-09 09:20:38','2023-11-09 09:20:38',NULL),(116,0,'product-shape-01','product-shape-01',8,'image/png',1601,'banners/product-shape-01.png','[]','2023-11-09 09:20:38','2023-11-09 09:20:38',NULL),(117,0,'product-shape-02','product-shape-02',8,'image/png',1030,'banners/product-shape-02.png','[]','2023-11-09 09:20:38','2023-11-09 09:20:38',NULL),(118,0,'sign-bg','sign-bg',8,'image/jpeg',5412,'banners/sign-bg.jpg','[]','2023-11-09 09:20:38','2023-11-09 09:20:38',NULL),(119,0,'thumb-01','thumb-01',8,'image/jpeg',16197,'banners/thumb-01.jpg','[]','2023-11-09 09:20:38','2023-11-09 09:20:38',NULL),(120,0,'thumb-02','thumb-02',8,'image/jpeg',7633,'banners/thumb-02.jpg','[]','2023-11-09 09:20:38','2023-11-09 09:20:38',NULL),(121,0,'thumb-03','thumb-03',8,'image/jpeg',7633,'banners/thumb-03.jpg','[]','2023-11-09 09:20:38','2023-11-09 09:20:38',NULL),(122,0,'thumb-04','thumb-04',8,'image/jpeg',16197,'banners/thumb-04.jpg','[]','2023-11-09 09:20:38','2023-11-09 09:20:38',NULL),(123,0,'track-bg','track-bg',8,'image/jpeg',6187,'banners/track-bg.jpg','[]','2023-11-09 09:20:38','2023-11-09 09:20:38',NULL),(124,0,'brand-01','brand-01',9,'image/png',609,'brands/brand-01.png','[]','2023-11-09 09:20:39','2023-11-09 09:20:39',NULL),(125,0,'brand-02','brand-02',9,'image/png',609,'brands/brand-02.png','[]','2023-11-09 09:20:39','2023-11-09 09:20:39',NULL),(126,0,'brand-03','brand-03',9,'image/png',609,'brands/brand-03.png','[]','2023-11-09 09:20:39','2023-11-09 09:20:39',NULL),(127,0,'brand-04','brand-04',9,'image/png',609,'brands/brand-04.png','[]','2023-11-09 09:20:39','2023-11-09 09:20:39',NULL),(128,0,'brand-05','brand-05',9,'image/png',609,'brands/brand-05.png','[]','2023-11-09 09:20:39','2023-11-09 09:20:39',NULL),(129,0,'brand-06','brand-06',9,'image/png',609,'brands/brand-06.png','[]','2023-11-09 09:20:39','2023-11-09 09:20:39',NULL),(130,0,'brand-w-01','brand-w-01',9,'image/png',609,'brands/brand-w-01.png','[]','2023-11-09 09:20:39','2023-11-09 09:20:39',NULL),(131,0,'brand-w-02','brand-w-02',9,'image/png',609,'brands/brand-w-02.png','[]','2023-11-09 09:20:39','2023-11-09 09:20:39',NULL),(132,0,'brand-w-03','brand-w-03',9,'image/png',609,'brands/brand-w-03.png','[]','2023-11-09 09:20:39','2023-11-09 09:20:39',NULL),(133,0,'brand-w-04','brand-w-04',9,'image/png',609,'brands/brand-w-04.png','[]','2023-11-09 09:20:39','2023-11-09 09:20:39',NULL),(134,0,'brand-w-05','brand-w-05',9,'image/png',609,'brands/brand-w-05.png','[]','2023-11-09 09:20:39','2023-11-09 09:20:39',NULL),(135,0,'brand-w-06','brand-w-06',9,'image/png',609,'brands/brand-w-06.png','[]','2023-11-09 09:20:39','2023-11-09 09:20:39',NULL),(136,0,'pla-brand-01','pla-brand-01',9,'image/png',609,'brands/pla-brand-01.png','[]','2023-11-09 09:20:39','2023-11-09 09:20:39',NULL),(137,0,'pla-brand-02','pla-brand-02',9,'image/png',609,'brands/pla-brand-02.png','[]','2023-11-09 09:20:39','2023-11-09 09:20:39',NULL),(138,0,'pla-brand-03','pla-brand-03',9,'image/png',609,'brands/pla-brand-03.png','[]','2023-11-09 09:20:39','2023-11-09 09:20:39',NULL),(139,0,'pla-brand-04','pla-brand-04',9,'image/png',609,'brands/pla-brand-04.png','[]','2023-11-09 09:20:39','2023-11-09 09:20:39',NULL),(140,0,'pla-brand-05','pla-brand-05',9,'image/png',609,'brands/pla-brand-05.png','[]','2023-11-09 09:20:39','2023-11-09 09:20:39',NULL),(141,0,'pla-brand-06','pla-brand-06',9,'image/png',609,'brands/pla-brand-06.png','[]','2023-11-09 09:20:39','2023-11-09 09:20:39',NULL),(142,0,'feature-icon-01','feature-icon-01',10,'image/png',2029,'features/feature-icon-01.png','[]','2023-11-09 09:20:39','2023-11-09 09:20:39',NULL),(143,0,'feature-icon-02','feature-icon-02',10,'image/png',1812,'features/feature-icon-02.png','[]','2023-11-09 09:20:39','2023-11-09 09:20:39',NULL),(144,0,'feature-icon-03','feature-icon-03',10,'image/png',2232,'features/feature-icon-03.png','[]','2023-11-09 09:20:39','2023-11-09 09:20:39',NULL),(145,0,'feature-icon-04','feature-icon-04',10,'image/png',1107,'features/feature-icon-04.png','[]','2023-11-09 09:20:39','2023-11-09 09:20:39',NULL),(146,0,'feature-icon-05','feature-icon-05',10,'image/png',1696,'features/feature-icon-05.png','[]','2023-11-09 09:20:39','2023-11-09 09:20:39',NULL),(147,0,'feature-icon-06','feature-icon-06',10,'image/png',1524,'features/feature-icon-06.png','[]','2023-11-09 09:20:39','2023-11-09 09:20:39',NULL),(148,0,'pla-product-01','pla-product-01',11,'image/jpeg',9730,'products/pla-product-01.jpg','[]','2023-11-09 09:20:40','2023-11-09 09:20:40',NULL),(149,0,'pla-product-02','pla-product-02',11,'image/jpeg',9730,'products/pla-product-02.jpg','[]','2023-11-09 09:20:40','2023-11-09 09:20:40',NULL),(150,0,'pla-product-03','pla-product-03',11,'image/jpeg',9730,'products/pla-product-03.jpg','[]','2023-11-09 09:20:40','2023-11-09 09:20:40',NULL),(151,0,'pla-product-04','pla-product-04',11,'image/jpeg',9730,'products/pla-product-04.jpg','[]','2023-11-09 09:20:40','2023-11-09 09:20:40',NULL),(152,0,'product-1','product-1',11,'image/jpeg',9730,'products/product-1.jpg','[]','2023-11-09 09:20:40','2023-11-09 09:20:40',NULL),(153,0,'product-10','product-10',11,'image/jpeg',9730,'products/product-10.jpg','[]','2023-11-09 09:20:40','2023-11-09 09:20:40',NULL),(154,0,'product-11','product-11',11,'image/jpeg',9730,'products/product-11.jpg','[]','2023-11-09 09:20:40','2023-11-09 09:20:40',NULL),(155,0,'product-12','product-12',11,'image/jpeg',9730,'products/product-12.jpg','[]','2023-11-09 09:20:40','2023-11-09 09:20:40',NULL),(156,0,'product-13','product-13',11,'image/jpeg',9730,'products/product-13.jpg','[]','2023-11-09 09:20:40','2023-11-09 09:20:40',NULL),(157,0,'product-14','product-14',11,'image/jpeg',9730,'products/product-14.jpg','[]','2023-11-09 09:20:40','2023-11-09 09:20:40',NULL),(158,0,'product-15','product-15',11,'image/jpeg',9730,'products/product-15.jpg','[]','2023-11-09 09:20:40','2023-11-09 09:20:40',NULL),(159,0,'product-16','product-16',11,'image/jpeg',9730,'products/product-16.jpg','[]','2023-11-09 09:20:40','2023-11-09 09:20:40',NULL),(160,0,'product-17','product-17',11,'image/jpeg',9730,'products/product-17.jpg','[]','2023-11-09 09:20:40','2023-11-09 09:20:40',NULL),(161,0,'product-18','product-18',11,'image/jpeg',9730,'products/product-18.jpg','[]','2023-11-09 09:20:41','2023-11-09 09:20:41',NULL),(162,0,'product-19','product-19',11,'image/jpeg',9730,'products/product-19.jpg','[]','2023-11-09 09:20:41','2023-11-09 09:20:41',NULL),(163,0,'product-2','product-2',11,'image/jpeg',9730,'products/product-2.jpg','[]','2023-11-09 09:20:41','2023-11-09 09:20:41',NULL),(164,0,'product-20','product-20',11,'image/jpeg',9730,'products/product-20.jpg','[]','2023-11-09 09:20:41','2023-11-09 09:20:41',NULL),(165,0,'product-21','product-21',11,'image/jpeg',9730,'products/product-21.jpg','[]','2023-11-09 09:20:41','2023-11-09 09:20:41',NULL),(166,0,'product-22','product-22',11,'image/jpeg',9730,'products/product-22.jpg','[]','2023-11-09 09:20:41','2023-11-09 09:20:41',NULL),(167,0,'product-23','product-23',11,'image/jpeg',9730,'products/product-23.jpg','[]','2023-11-09 09:20:41','2023-11-09 09:20:41',NULL),(168,0,'product-24','product-24',11,'image/jpeg',9730,'products/product-24.jpg','[]','2023-11-09 09:20:41','2023-11-09 09:20:41',NULL),(169,0,'product-25','product-25',11,'image/jpeg',9730,'products/product-25.jpg','[]','2023-11-09 09:20:41','2023-11-09 09:20:41',NULL),(170,0,'product-26','product-26',11,'image/jpeg',9730,'products/product-26.jpg','[]','2023-11-09 09:20:41','2023-11-09 09:20:41',NULL),(171,0,'product-27','product-27',11,'image/jpeg',9730,'products/product-27.jpg','[]','2023-11-09 09:20:41','2023-11-09 09:20:41',NULL),(172,0,'product-28','product-28',11,'image/jpeg',9730,'products/product-28.jpg','[]','2023-11-09 09:20:41','2023-11-09 09:20:41',NULL),(173,0,'product-29','product-29',11,'image/jpeg',9730,'products/product-29.jpg','[]','2023-11-09 09:20:41','2023-11-09 09:20:41',NULL),(174,0,'product-3','product-3',11,'image/jpeg',9730,'products/product-3.jpg','[]','2023-11-09 09:20:41','2023-11-09 09:20:41',NULL),(175,0,'product-30','product-30',11,'image/jpeg',9730,'products/product-30.jpg','[]','2023-11-09 09:20:41','2023-11-09 09:20:41',NULL),(176,0,'product-31','product-31',11,'image/jpeg',9730,'products/product-31.jpg','[]','2023-11-09 09:20:41','2023-11-09 09:20:41',NULL),(177,0,'product-32','product-32',11,'image/jpeg',9730,'products/product-32.jpg','[]','2023-11-09 09:20:42','2023-11-09 09:20:42',NULL),(178,0,'product-33','product-33',11,'image/jpeg',9730,'products/product-33.jpg','[]','2023-11-09 09:20:42','2023-11-09 09:20:42',NULL),(179,0,'product-34','product-34',11,'image/jpeg',9730,'products/product-34.jpg','[]','2023-11-09 09:20:42','2023-11-09 09:20:42',NULL),(180,0,'product-35','product-35',11,'image/jpeg',9730,'products/product-35.jpg','[]','2023-11-09 09:20:42','2023-11-09 09:20:42',NULL),(181,0,'product-36','product-36',11,'image/jpeg',9730,'products/product-36.jpg','[]','2023-11-09 09:20:42','2023-11-09 09:20:42',NULL),(182,0,'product-37','product-37',11,'image/jpeg',9730,'products/product-37.jpg','[]','2023-11-09 09:20:42','2023-11-09 09:20:42',NULL),(183,0,'product-38','product-38',11,'image/jpeg',9730,'products/product-38.jpg','[]','2023-11-09 09:20:42','2023-11-09 09:20:42',NULL),(184,0,'product-39','product-39',11,'image/jpeg',9730,'products/product-39.jpg','[]','2023-11-09 09:20:42','2023-11-09 09:20:42',NULL),(185,0,'product-4','product-4',11,'image/jpeg',9730,'products/product-4.jpg','[]','2023-11-09 09:20:42','2023-11-09 09:20:42',NULL),(186,0,'product-40','product-40',11,'image/jpeg',9730,'products/product-40.jpg','[]','2023-11-09 09:20:42','2023-11-09 09:20:42',NULL),(187,0,'product-41','product-41',11,'image/jpeg',9730,'products/product-41.jpg','[]','2023-11-09 09:20:42','2023-11-09 09:20:42',NULL),(188,0,'product-42','product-42',11,'image/jpeg',9730,'products/product-42.jpg','[]','2023-11-09 09:20:42','2023-11-09 09:20:42',NULL),(189,0,'product-43','product-43',11,'image/jpeg',9730,'products/product-43.jpg','[]','2023-11-09 09:20:42','2023-11-09 09:20:42',NULL),(190,0,'product-44','product-44',11,'image/jpeg',9730,'products/product-44.jpg','[]','2023-11-09 09:20:42','2023-11-09 09:20:42',NULL),(191,0,'product-45','product-45',11,'image/jpeg',9730,'products/product-45.jpg','[]','2023-11-09 09:20:42','2023-11-09 09:20:42',NULL),(192,0,'product-46','product-46',11,'image/jpeg',9730,'products/product-46.jpg','[]','2023-11-09 09:20:42','2023-11-09 09:20:42',NULL),(193,0,'product-47','product-47',11,'image/jpeg',9730,'products/product-47.jpg','[]','2023-11-09 09:20:42','2023-11-09 09:20:42',NULL),(194,0,'product-48','product-48',11,'image/jpeg',9730,'products/product-48.jpg','[]','2023-11-09 09:20:43','2023-11-09 09:20:43',NULL),(195,0,'product-49','product-49',11,'image/jpeg',9730,'products/product-49.jpg','[]','2023-11-09 09:20:43','2023-11-09 09:20:43',NULL),(196,0,'product-5','product-5',11,'image/jpeg',9730,'products/product-5.jpg','[]','2023-11-09 09:20:43','2023-11-09 09:20:43',NULL),(197,0,'product-50','product-50',11,'image/jpeg',9730,'products/product-50.jpg','[]','2023-11-09 09:20:43','2023-11-09 09:20:43',NULL),(198,0,'product-51','product-51',11,'image/jpeg',9730,'products/product-51.jpg','[]','2023-11-09 09:20:43','2023-11-09 09:20:43',NULL),(199,0,'product-52','product-52',11,'image/jpeg',9730,'products/product-52.jpg','[]','2023-11-09 09:20:43','2023-11-09 09:20:43',NULL),(200,0,'product-53','product-53',11,'image/jpeg',9730,'products/product-53.jpg','[]','2023-11-09 09:20:43','2023-11-09 09:20:43',NULL),(201,0,'product-54','product-54',11,'image/jpeg',9730,'products/product-54.jpg','[]','2023-11-09 09:20:43','2023-11-09 09:20:43',NULL),(202,0,'product-55','product-55',11,'image/jpeg',9730,'products/product-55.jpg','[]','2023-11-09 09:20:43','2023-11-09 09:20:43',NULL),(203,0,'product-56','product-56',11,'image/jpeg',9730,'products/product-56.jpg','[]','2023-11-09 09:20:43','2023-11-09 09:20:43',NULL),(204,0,'product-57','product-57',11,'image/jpeg',9730,'products/product-57.jpg','[]','2023-11-09 09:20:43','2023-11-09 09:20:43',NULL),(205,0,'product-58','product-58',11,'image/jpeg',9730,'products/product-58.jpg','[]','2023-11-09 09:20:43','2023-11-09 09:20:43',NULL),(206,0,'product-59','product-59',11,'image/jpeg',9730,'products/product-59.jpg','[]','2023-11-09 09:20:43','2023-11-09 09:20:43',NULL),(207,0,'product-6','product-6',11,'image/jpeg',9730,'products/product-6.jpg','[]','2023-11-09 09:20:43','2023-11-09 09:20:43',NULL),(208,0,'product-60','product-60',11,'image/jpeg',9730,'products/product-60.jpg','[]','2023-11-09 09:20:43','2023-11-09 09:20:43',NULL),(209,0,'product-61','product-61',11,'image/jpeg',9730,'products/product-61.jpg','[]','2023-11-09 09:20:43','2023-11-09 09:20:43',NULL),(210,0,'product-62','product-62',11,'image/jpeg',9730,'products/product-62.jpg','[]','2023-11-09 09:20:43','2023-11-09 09:20:43',NULL),(211,0,'product-63','product-63',11,'image/jpeg',9730,'products/product-63.jpg','[]','2023-11-09 09:20:44','2023-11-09 09:20:44',NULL),(212,0,'product-64','product-64',11,'image/jpeg',9730,'products/product-64.jpg','[]','2023-11-09 09:20:44','2023-11-09 09:20:44',NULL),(213,0,'product-65','product-65',11,'image/jpeg',9730,'products/product-65.jpg','[]','2023-11-09 09:20:44','2023-11-09 09:20:44',NULL),(214,0,'product-66','product-66',11,'image/jpeg',9730,'products/product-66.jpg','[]','2023-11-09 09:20:44','2023-11-09 09:20:44',NULL),(215,0,'product-67','product-67',11,'image/jpeg',9730,'products/product-67.jpg','[]','2023-11-09 09:20:44','2023-11-09 09:20:44',NULL),(216,0,'product-68','product-68',11,'image/jpeg',9730,'products/product-68.jpg','[]','2023-11-09 09:20:44','2023-11-09 09:20:44',NULL),(217,0,'product-69','product-69',11,'image/jpeg',9730,'products/product-69.jpg','[]','2023-11-09 09:20:44','2023-11-09 09:20:44',NULL),(218,0,'product-7','product-7',11,'image/jpeg',9730,'products/product-7.jpg','[]','2023-11-09 09:20:44','2023-11-09 09:20:44',NULL),(219,0,'product-70','product-70',11,'image/jpeg',9730,'products/product-70.jpg','[]','2023-11-09 09:20:44','2023-11-09 09:20:44',NULL),(220,0,'product-71','product-71',11,'image/jpeg',9730,'products/product-71.jpg','[]','2023-11-09 09:20:44','2023-11-09 09:20:44',NULL),(221,0,'product-72','product-72',11,'image/jpeg',9730,'products/product-72.jpg','[]','2023-11-09 09:20:44','2023-11-09 09:20:44',NULL),(222,0,'product-73','product-73',11,'image/jpeg',9730,'products/product-73.jpg','[]','2023-11-09 09:20:44','2023-11-09 09:20:44',NULL),(223,0,'product-74','product-74',11,'image/jpeg',9730,'products/product-74.jpg','[]','2023-11-09 09:20:44','2023-11-09 09:20:44',NULL),(224,0,'product-75','product-75',11,'image/jpeg',9730,'products/product-75.jpg','[]','2023-11-09 09:20:44','2023-11-09 09:20:44',NULL),(225,0,'product-76','product-76',11,'image/jpeg',9730,'products/product-76.jpg','[]','2023-11-09 09:20:44','2023-11-09 09:20:44',NULL),(226,0,'product-77','product-77',11,'image/jpeg',9730,'products/product-77.jpg','[]','2023-11-09 09:20:44','2023-11-09 09:20:44',NULL),(227,0,'product-78','product-78',11,'image/jpeg',9730,'products/product-78.jpg','[]','2023-11-09 09:20:45','2023-11-09 09:20:45',NULL),(228,0,'product-79','product-79',11,'image/jpeg',9730,'products/product-79.jpg','[]','2023-11-09 09:20:45','2023-11-09 09:20:45',NULL),(229,0,'product-8','product-8',11,'image/jpeg',9730,'products/product-8.jpg','[]','2023-11-09 09:20:45','2023-11-09 09:20:45',NULL),(230,0,'product-80','product-80',11,'image/jpeg',9730,'products/product-80.jpg','[]','2023-11-09 09:20:45','2023-11-09 09:20:45',NULL),(231,0,'product-81','product-81',11,'image/jpeg',9730,'products/product-81.jpg','[]','2023-11-09 09:20:45','2023-11-09 09:20:45',NULL),(232,0,'product-82','product-82',11,'image/jpeg',9730,'products/product-82.jpg','[]','2023-11-09 09:20:45','2023-11-09 09:20:45',NULL),(233,0,'product-83','product-83',11,'image/jpeg',9730,'products/product-83.jpg','[]','2023-11-09 09:20:45','2023-11-09 09:20:45',NULL),(234,0,'product-84','product-84',11,'image/jpeg',9730,'products/product-84.jpg','[]','2023-11-09 09:20:45','2023-11-09 09:20:45',NULL),(235,0,'product-85','product-85',11,'image/jpeg',9730,'products/product-85.jpg','[]','2023-11-09 09:20:45','2023-11-09 09:20:45',NULL),(236,0,'product-86','product-86',11,'image/jpeg',9730,'products/product-86.jpg','[]','2023-11-09 09:20:45','2023-11-09 09:20:45',NULL),(237,0,'product-87','product-87',11,'image/jpeg',9730,'products/product-87.jpg','[]','2023-11-09 09:20:45','2023-11-09 09:20:45',NULL),(238,0,'product-88','product-88',11,'image/jpeg',9730,'products/product-88.jpg','[]','2023-11-09 09:20:45','2023-11-09 09:20:45',NULL),(239,0,'product-89','product-89',11,'image/jpeg',9730,'products/product-89.jpg','[]','2023-11-09 09:20:45','2023-11-09 09:20:45',NULL),(240,0,'product-9','product-9',11,'image/jpeg',9730,'products/product-9.jpg','[]','2023-11-09 09:20:45','2023-11-09 09:20:45',NULL),(241,0,'product-90','product-90',11,'image/jpeg',9730,'products/product-90.jpg','[]','2023-11-09 09:20:45','2023-11-09 09:20:45',NULL),(242,0,'product-91','product-91',11,'image/jpeg',9730,'products/product-91.jpg','[]','2023-11-09 09:20:45','2023-11-09 09:20:45',NULL),(243,0,'product-92','product-92',11,'image/jpeg',9730,'products/product-92.jpg','[]','2023-11-09 09:20:45','2023-11-09 09:20:45',NULL),(244,0,'product-93','product-93',11,'image/jpeg',9730,'products/product-93.jpg','[]','2023-11-09 09:20:46','2023-11-09 09:20:46',NULL),(245,0,'product-94','product-94',11,'image/jpeg',9730,'products/product-94.jpg','[]','2023-11-09 09:20:46','2023-11-09 09:20:46',NULL),(246,0,'product-95','product-95',11,'image/jpeg',9730,'products/product-95.jpg','[]','2023-11-09 09:20:46','2023-11-09 09:20:46',NULL),(247,0,'1','1',12,'image/jpeg',9730,'customers/1.jpg','[]','2023-11-09 09:20:54','2023-11-09 09:20:54',NULL),(248,0,'10','10',12,'image/jpeg',9730,'customers/10.jpg','[]','2023-11-09 09:20:54','2023-11-09 09:20:54',NULL),(249,0,'2','2',12,'image/jpeg',9730,'customers/2.jpg','[]','2023-11-09 09:20:54','2023-11-09 09:20:54',NULL),(250,0,'3','3',12,'image/jpeg',9730,'customers/3.jpg','[]','2023-11-09 09:20:54','2023-11-09 09:20:54',NULL),(251,0,'4','4',12,'image/jpeg',9730,'customers/4.jpg','[]','2023-11-09 09:20:54','2023-11-09 09:20:54',NULL),(252,0,'5','5',12,'image/jpeg',9730,'customers/5.jpg','[]','2023-11-09 09:20:54','2023-11-09 09:20:54',NULL),(253,0,'6','6',12,'image/jpeg',9730,'customers/6.jpg','[]','2023-11-09 09:20:54','2023-11-09 09:20:54',NULL),(254,0,'7','7',12,'image/jpeg',9730,'customers/7.jpg','[]','2023-11-09 09:20:54','2023-11-09 09:20:54',NULL),(255,0,'8','8',12,'image/jpeg',9730,'customers/8.jpg','[]','2023-11-09 09:20:54','2023-11-09 09:20:54',NULL),(256,0,'9','9',12,'image/jpeg',9730,'customers/9.jpg','[]','2023-11-09 09:20:54','2023-11-09 09:20:54',NULL),(257,0,'1','1',13,'image/jpeg',9730,'galleries/1.jpg','[]','2023-11-09 09:20:59','2023-11-09 09:20:59',NULL),(258,0,'2','2',13,'image/jpeg',9730,'galleries/2.jpg','[]','2023-11-09 09:20:59','2023-11-09 09:20:59',NULL),(259,0,'3','3',13,'image/jpeg',9730,'galleries/3.jpg','[]','2023-11-09 09:20:59','2023-11-09 09:20:59',NULL),(260,0,'4','4',13,'image/jpeg',9730,'galleries/4.jpg','[]','2023-11-09 09:20:59','2023-11-09 09:20:59',NULL),(261,0,'5','5',13,'image/jpeg',9730,'galleries/5.jpg','[]','2023-11-09 09:20:59','2023-11-09 09:20:59',NULL),(262,0,'6','6',13,'image/jpeg',9730,'galleries/6.jpg','[]','2023-11-09 09:20:59','2023-11-09 09:20:59',NULL),(270,0,'avatar-1','avatar-1',15,'image/png',653,'testimonials/avatar-1.png','[]','2023-11-09 09:20:59','2023-11-09 09:20:59',NULL),(271,0,'avatar-2','avatar-2',15,'image/png',653,'testimonials/avatar-2.png','[]','2023-11-09 09:20:59','2023-11-09 09:20:59',NULL),(272,0,'avatar-3','avatar-3',15,'image/png',653,'testimonials/avatar-3.png','[]','2023-11-09 09:21:00','2023-11-09 09:21:00',NULL),(273,0,'team-1','team-1',15,'image/jpeg',6181,'testimonials/team-1.jpg','[]','2023-11-09 09:21:00','2023-11-09 09:21:00',NULL),(274,0,'team-2','team-2',15,'image/jpeg',6181,'testimonials/team-2.jpg','[]','2023-11-09 09:21:00','2023-11-09 09:21:00',NULL),(275,0,'team-3','team-3',15,'image/jpeg',6181,'testimonials/team-3.jpg','[]','2023-11-09 09:21:00','2023-11-09 09:21:00',NULL),(276,0,'team-4','team-4',15,'image/jpeg',6181,'testimonials/team-4.jpg','[]','2023-11-09 09:21:00','2023-11-09 09:21:00',NULL);
/*!40000 ALTER TABLE `media_files` ENABLE KEYS */;
UNLOCK TABLES;

--
-- Table structure for table `media_folders`
--

DROP TABLE IF EXISTS `media_folders`;
/*!40101 SET @saved_cs_client     = @@character_set_client */;
/*!50503 SET character_set_client = utf8mb4 */;
CREATE TABLE `media_folders` (
  `id` bigint unsigned NOT NULL AUTO_INCREMENT,
  `user_id` bigint unsigned NOT NULL,
  `name` varchar(191) COLLATE utf8mb4_unicode_ci DEFAULT NULL,
  `slug` varchar(191) COLLATE utf8mb4_unicode_ci DEFAULT NULL,
  `parent_id` bigint unsigned NOT NULL DEFAULT '0',
  `created_at` timestamp NULL DEFAULT NULL,
  `updated_at` timestamp NULL DEFAULT NULL,
  `deleted_at` timestamp NULL DEFAULT NULL,
  PRIMARY KEY (`id`),
  KEY `media_folders_user_id_index` (`user_id`),
  KEY `media_folders_index` (`parent_id`,`user_id`,`created_at`)
) ENGINE=InnoDB AUTO_INCREMENT=16 DEFAULT CHARSET=utf8mb4 COLLATE=utf8mb4_unicode_ci;
/*!40101 SET character_set_client = @saved_cs_client */;

--
-- Dumping data for table `media_folders`
--

LOCK TABLES `media_folders` WRITE;
/*!40000 ALTER TABLE `media_folders` DISABLE KEYS */;
INSERT INTO `media_folders` VALUES (2,0,'blog','blog',0,'2023-11-09 09:20:32','2023-11-09 09:20:32',NULL),(3,0,'shop','shop',0,'2023-11-09 09:20:33','2023-11-09 09:20:33',NULL),(4,0,'general','general',0,'2023-11-09 09:20:34','2023-11-09 09:20:34',NULL),(5,0,'icons','icons',0,'2023-11-09 09:20:35','2023-11-09 09:20:35',NULL),(7,0,'sliders','sliders',0,'2023-11-09 09:20:35','2023-11-09 09:20:35',NULL),(8,0,'banners','banners',0,'2023-11-09 09:20:37','2023-11-09 09:20:37',NULL),(9,0,'brands','brands',0,'2023-11-09 09:20:39','2023-11-09 09:20:39',NULL),(10,0,'features','features',0,'2023-11-09 09:20:39','2023-11-09 09:20:39',NULL),(11,0,'products','products',0,'2023-11-09 09:20:40','2023-11-09 09:20:40',NULL),(12,0,'customers','customers',0,'2023-11-09 09:20:54','2023-11-09 09:20:54',NULL),(13,0,'galleries','galleries',0,'2023-11-09 09:20:59','2023-11-09 09:20:59',NULL),(15,0,'testimonials','testimonials',0,'2023-11-09 09:20:59','2023-11-09 09:20:59',NULL);
/*!40000 ALTER TABLE `media_folders` ENABLE KEYS */;
UNLOCK TABLES;

--
-- Table structure for table `media_settings`
--

DROP TABLE IF EXISTS `media_settings`;
/*!40101 SET @saved_cs_client     = @@character_set_client */;
/*!50503 SET character_set_client = utf8mb4 */;
CREATE TABLE `media_settings` (
  `id` bigint unsigned NOT NULL AUTO_INCREMENT,
  `key` varchar(120) COLLATE utf8mb4_unicode_ci NOT NULL,
  `value` text COLLATE utf8mb4_unicode_ci,
  `media_id` bigint unsigned DEFAULT NULL,
  `user_id` bigint unsigned DEFAULT NULL,
  `created_at` timestamp NULL DEFAULT NULL,
  `updated_at` timestamp NULL DEFAULT NULL,
  PRIMARY KEY (`id`)
) ENGINE=InnoDB DEFAULT CHARSET=utf8mb4 COLLATE=utf8mb4_unicode_ci;
/*!40101 SET character_set_client = @saved_cs_client */;

--
-- Dumping data for table `media_settings`
--

LOCK TABLES `media_settings` WRITE;
/*!40000 ALTER TABLE `media_settings` DISABLE KEYS */;
/*!40000 ALTER TABLE `media_settings` ENABLE KEYS */;
UNLOCK TABLES;

--
-- Table structure for table `menu_locations`
--

DROP TABLE IF EXISTS `menu_locations`;
/*!40101 SET @saved_cs_client     = @@character_set_client */;
/*!50503 SET character_set_client = utf8mb4 */;
CREATE TABLE `menu_locations` (
  `id` bigint unsigned NOT NULL AUTO_INCREMENT,
  `menu_id` bigint unsigned NOT NULL,
  `location` varchar(120) COLLATE utf8mb4_unicode_ci NOT NULL,
  `created_at` timestamp NULL DEFAULT NULL,
  `updated_at` timestamp NULL DEFAULT NULL,
  PRIMARY KEY (`id`),
  KEY `menu_locations_menu_id_created_at_index` (`menu_id`,`created_at`)
) ENGINE=InnoDB AUTO_INCREMENT=5 DEFAULT CHARSET=utf8mb4 COLLATE=utf8mb4_unicode_ci;
/*!40101 SET character_set_client = @saved_cs_client */;

--
-- Dumping data for table `menu_locations`
--

LOCK TABLES `menu_locations` WRITE;
/*!40000 ALTER TABLE `menu_locations` DISABLE KEYS */;
INSERT INTO `menu_locations` VALUES (1,1,'main-menu','2023-11-09 09:20:58','2023-11-09 09:20:58'),(2,2,'information','2023-11-09 09:20:58','2023-11-09 09:20:58'),(3,3,'my-account','2023-11-09 09:20:59','2023-11-09 09:20:59'),(4,4,'social-network','2023-11-09 09:20:59','2023-11-09 09:20:59');
/*!40000 ALTER TABLE `menu_locations` ENABLE KEYS */;
UNLOCK TABLES;

--
-- Table structure for table `menu_nodes`
--

DROP TABLE IF EXISTS `menu_nodes`;
/*!40101 SET @saved_cs_client     = @@character_set_client */;
/*!50503 SET character_set_client = utf8mb4 */;
CREATE TABLE `menu_nodes` (
  `id` bigint unsigned NOT NULL AUTO_INCREMENT,
  `menu_id` bigint unsigned NOT NULL,
  `parent_id` bigint unsigned NOT NULL DEFAULT '0',
  `reference_id` bigint unsigned DEFAULT NULL,
  `reference_type` varchar(255) COLLATE utf8mb4_unicode_ci DEFAULT NULL,
  `url` varchar(120) COLLATE utf8mb4_unicode_ci DEFAULT NULL,
  `icon_font` varchar(50) COLLATE utf8mb4_unicode_ci DEFAULT NULL,
  `position` tinyint unsigned NOT NULL DEFAULT '0',
  `title` varchar(120) COLLATE utf8mb4_unicode_ci DEFAULT NULL,
  `css_class` varchar(120) COLLATE utf8mb4_unicode_ci DEFAULT NULL,
  `target` varchar(20) COLLATE utf8mb4_unicode_ci NOT NULL DEFAULT '_self',
  `has_child` tinyint unsigned NOT NULL DEFAULT '0',
  `created_at` timestamp NULL DEFAULT NULL,
  `updated_at` timestamp NULL DEFAULT NULL,
  PRIMARY KEY (`id`),
  KEY `menu_nodes_menu_id_index` (`menu_id`),
  KEY `menu_nodes_parent_id_index` (`parent_id`),
  KEY `reference_id` (`reference_id`),
  KEY `reference_type` (`reference_type`)
) ENGINE=InnoDB AUTO_INCREMENT=39 DEFAULT CHARSET=utf8mb4 COLLATE=utf8mb4_unicode_ci;
/*!40101 SET character_set_client = @saved_cs_client */;

--
-- Dumping data for table `menu_nodes`
--

LOCK TABLES `menu_nodes` WRITE;
/*!40000 ALTER TABLE `menu_nodes` DISABLE KEYS */;
INSERT INTO `menu_nodes` VALUES (1,1,0,NULL,NULL,'/',NULL,0,'Home',NULL,'_self',1,'2023-11-09 09:20:58','2023-11-09 09:20:58'),(2,1,1,1,'Botble\\Page\\Models\\Page','/',NULL,0,'Wooden Home',NULL,'_self',0,'2023-11-09 09:20:58','2023-11-09 09:20:59'),(3,1,1,2,'Botble\\Page\\Models\\Page','/fashion-home',NULL,0,'Fashion Home',NULL,'_self',0,'2023-11-09 09:20:58','2023-11-09 09:20:59'),(4,1,1,3,'Botble\\Page\\Models\\Page','/furniture-home',NULL,0,'Furniture Home',NULL,'_self',0,'2023-11-09 09:20:58','2023-11-09 09:20:59'),(5,1,1,4,'Botble\\Page\\Models\\Page','/cosmetics-home',NULL,0,'Cosmetics Home',NULL,'_self',0,'2023-11-09 09:20:58','2023-11-09 09:20:59'),(6,1,1,5,'Botble\\Page\\Models\\Page','/food-grocery',NULL,0,'Food Grocery',NULL,'_self',0,'2023-11-09 09:20:58','2023-11-09 09:20:59'),(7,1,0,NULL,NULL,'/',NULL,0,'Shop',NULL,'_self',1,'2023-11-09 09:20:58','2023-11-09 09:20:58'),(8,1,7,NULL,NULL,'/products',NULL,0,'Shop Grid',NULL,'_self',0,'2023-11-09 09:20:58','2023-11-09 09:20:58'),(9,1,7,NULL,NULL,'/products?layout=list',NULL,0,'Shop List',NULL,'_self',0,'2023-11-09 09:20:58','2023-11-09 09:20:58'),(10,1,7,NULL,NULL,'/products/beat-headphone',NULL,0,'Shop Detail',NULL,'_self',0,'2023-11-09 09:20:58','2023-11-09 09:20:58'),(11,1,7,10,'Botble\\Page\\Models\\Page','/store-locator',NULL,0,'Shop Location',NULL,'_self',0,'2023-11-09 09:20:58','2023-11-09 09:20:59'),(12,1,7,NULL,NULL,'/cart',NULL,0,'Cart',NULL,'_self',0,'2023-11-09 09:20:58','2023-11-09 09:20:58'),(13,1,7,NULL,NULL,'/wishlist',NULL,0,'Wishlist',NULL,'_self',0,'2023-11-09 09:20:58','2023-11-09 09:20:58'),(14,1,0,NULL,NULL,'/',NULL,0,'Pages',NULL,'_self',1,'2023-11-09 09:20:58','2023-11-09 09:20:58'),(15,1,14,7,'Botble\\Page\\Models\\Page','/about',NULL,0,'About',NULL,'_self',0,'2023-11-09 09:20:58','2023-11-09 09:20:59'),(16,1,14,NULL,NULL,'/register',NULL,0,'Sign up',NULL,'_self',0,'2023-11-09 09:20:58','2023-11-09 09:20:58'),(17,1,14,NULL,NULL,'/login',NULL,0,'Login',NULL,'_self',0,'2023-11-09 09:20:58','2023-11-09 09:20:58'),(18,1,14,NULL,NULL,'/404',NULL,0,'404 / Error',NULL,'_self',0,'2023-11-09 09:20:58','2023-11-09 09:20:58'),(19,1,14,9,'Botble\\Page\\Models\\Page','/coming-soon',NULL,0,'Coming soon',NULL,'_self',0,'2023-11-09 09:20:58','2023-11-09 09:20:59'),(20,1,0,NULL,NULL,'/',NULL,0,'Blog',NULL,'_self',1,'2023-11-09 09:20:58','2023-11-09 09:20:58'),(21,1,20,6,'Botble\\Page\\Models\\Page','/blog',NULL,0,'Blog',NULL,'_self',0,'2023-11-09 09:20:58','2023-11-09 09:20:59'),(22,1,20,NULL,NULL,'/blog/4-expert-tips-on-how-to-choose-the-right-mens-wallet',NULL,0,'Blog Detail',NULL,'_self',0,'2023-11-09 09:20:58','2023-11-09 09:20:58'),(23,1,0,8,'Botble\\Page\\Models\\Page','/contact',NULL,0,'Contact',NULL,'_self',0,'2023-11-09 09:20:58','2023-11-09 09:20:59'),(24,2,0,1,'Botble\\Page\\Models\\Page','/',NULL,0,'Custom Service',NULL,'_self',0,'2023-11-09 09:20:58','2023-11-09 09:20:59'),(25,2,0,1,'Botble\\Page\\Models\\Page','/',NULL,0,'FAQs',NULL,'_self',0,'2023-11-09 09:20:58','2023-11-09 09:20:59'),(26,2,0,1,'Botble\\Page\\Models\\Page','/',NULL,0,'Ordering Tracking',NULL,'_self',0,'2023-11-09 09:20:58','2023-11-09 09:20:59'),(27,2,0,1,'Botble\\Page\\Models\\Page','/',NULL,0,'Contacts',NULL,'_self',0,'2023-11-09 09:20:58','2023-11-09 09:20:59'),(28,2,0,1,'Botble\\Page\\Models\\Page','/',NULL,0,'Events',NULL,'_self',0,'2023-11-09 09:20:58','2023-11-09 09:20:59'),(29,3,0,1,'Botble\\Page\\Models\\Page','/',NULL,0,'Delivery Information',NULL,'_self',0,'2023-11-09 09:20:59','2023-11-09 09:20:59'),(30,3,0,1,'Botble\\Page\\Models\\Page','/',NULL,0,'Privacy Policy',NULL,'_self',0,'2023-11-09 09:20:59','2023-11-09 09:20:59'),(31,3,0,1,'Botble\\Page\\Models\\Page','/',NULL,0,'Discount',NULL,'_self',0,'2023-11-09 09:20:59','2023-11-09 09:20:59'),(32,3,0,1,'Botble\\Page\\Models\\Page','/',NULL,0,'Custom Service',NULL,'_self',0,'2023-11-09 09:20:59','2023-11-09 09:20:59'),(33,3,0,1,'Botble\\Page\\Models\\Page','/',NULL,0,'Terms & Condition',NULL,'_self',0,'2023-11-09 09:20:59','2023-11-09 09:20:59'),(34,4,0,NULL,NULL,'#','fab fa-facebook',0,'Facebook',NULL,'_self',0,'2023-11-09 09:20:59','2023-11-09 09:20:59'),(35,4,0,NULL,NULL,'#','fab fa-dribbble',0,'Dribble',NULL,'_self',0,'2023-11-09 09:20:59','2023-11-09 09:20:59'),(36,4,0,NULL,NULL,'#','fab fa-twitter',0,'Twitter',NULL,'_self',0,'2023-11-09 09:20:59','2023-11-09 09:20:59'),(37,4,0,NULL,NULL,'#','fab fa-behance',0,'Behance',NULL,'_self',0,'2023-11-09 09:20:59','2023-11-09 09:20:59'),(38,4,0,NULL,NULL,'#','fab fa-youtube',0,'Youtube',NULL,'_self',0,'2023-11-09 09:20:59','2023-11-09 09:20:59');
/*!40000 ALTER TABLE `menu_nodes` ENABLE KEYS */;
UNLOCK TABLES;

--
-- Table structure for table `menus`
--

DROP TABLE IF EXISTS `menus`;
/*!40101 SET @saved_cs_client     = @@character_set_client */;
/*!50503 SET character_set_client = utf8mb4 */;
CREATE TABLE `menus` (
  `id` bigint unsigned NOT NULL AUTO_INCREMENT,
  `name` varchar(120) COLLATE utf8mb4_unicode_ci NOT NULL,
  `slug` varchar(120) COLLATE utf8mb4_unicode_ci DEFAULT NULL,
  `status` varchar(60) COLLATE utf8mb4_unicode_ci NOT NULL DEFAULT 'published',
  `created_at` timestamp NULL DEFAULT NULL,
  `updated_at` timestamp NULL DEFAULT NULL,
  PRIMARY KEY (`id`),
  UNIQUE KEY `menus_slug_unique` (`slug`)
) ENGINE=InnoDB AUTO_INCREMENT=5 DEFAULT CHARSET=utf8mb4 COLLATE=utf8mb4_unicode_ci;
/*!40101 SET character_set_client = @saved_cs_client */;

--
-- Dumping data for table `menus`
--

LOCK TABLES `menus` WRITE;
/*!40000 ALTER TABLE `menus` DISABLE KEYS */;
INSERT INTO `menus` VALUES (1,'Main menu','main-menu','published','2023-11-09 09:20:58','2023-11-09 09:20:58'),(2,'Information','information','published','2023-11-09 09:20:58','2023-11-09 09:20:58'),(3,'My Account','my-account','published','2023-11-09 09:20:59','2023-11-09 09:20:59'),(4,'Social Network','social-network','published','2023-11-09 09:20:59','2023-11-09 09:20:59');
/*!40000 ALTER TABLE `menus` ENABLE KEYS */;
UNLOCK TABLES;

--
-- Table structure for table `meta_boxes`
--

DROP TABLE IF EXISTS `meta_boxes`;
/*!40101 SET @saved_cs_client     = @@character_set_client */;
/*!50503 SET character_set_client = utf8mb4 */;
CREATE TABLE `meta_boxes` (
  `id` bigint unsigned NOT NULL AUTO_INCREMENT,
  `meta_key` varchar(255) COLLATE utf8mb4_unicode_ci NOT NULL,
  `meta_value` text COLLATE utf8mb4_unicode_ci,
  `reference_id` bigint unsigned NOT NULL,
  `reference_type` varchar(120) COLLATE utf8mb4_unicode_ci NOT NULL,
  `created_at` timestamp NULL DEFAULT NULL,
  `updated_at` timestamp NULL DEFAULT NULL,
  PRIMARY KEY (`id`),
  KEY `meta_boxes_reference_id_index` (`reference_id`)
) ENGINE=InnoDB AUTO_INCREMENT=173 DEFAULT CHARSET=utf8mb4 COLLATE=utf8mb4_unicode_ci;
/*!40101 SET character_set_client = @saved_cs_client */;

--
-- Dumping data for table `meta_boxes`
--

LOCK TABLES `meta_boxes` WRITE;
/*!40000 ALTER TABLE `meta_boxes` DISABLE KEYS */;
INSERT INTO `meta_boxes` VALUES (1,'header_style','[\"collapsed\"]',1,'Botble\\Page\\Models\\Page','2023-11-09 09:20:34','2023-11-09 09:20:34'),(2,'customize_footer','[\"custom\"]',2,'Botble\\Page\\Models\\Page','2023-11-09 09:20:34','2023-11-09 09:20:34'),(3,'footer_background_color','[\"#040404\"]',2,'Botble\\Page\\Models\\Page','2023-11-09 09:20:34','2023-11-09 09:20:34'),(4,'footer_text_color','[\"#fff\"]',2,'Botble\\Page\\Models\\Page','2023-11-09 09:20:34','2023-11-09 09:20:34'),(5,'footer_text_muted_color','[\"#a0a0a0\"]',2,'Botble\\Page\\Models\\Page','2023-11-09 09:20:34','2023-11-09 09:20:34'),(6,'footer_logo','[\"general\\/logo-white.png\"]',2,'Botble\\Page\\Models\\Page','2023-11-09 09:20:34','2023-11-09 09:20:34'),(7,'footer_border_color','[\"#282828\"]',2,'Botble\\Page\\Models\\Page','2023-11-09 09:20:34','2023-11-09 09:20:34'),(8,'footer_bottom_background_color','[\"#040404\"]',2,'Botble\\Page\\Models\\Page','2023-11-09 09:20:34','2023-11-09 09:20:34'),(9,'customize_footer','[\"custom\"]',3,'Botble\\Page\\Models\\Page','2023-11-09 09:20:34','2023-11-09 09:20:34'),(10,'footer_bottom_background_color','[\"#f8f8f8\"]',3,'Botble\\Page\\Models\\Page','2023-11-09 09:20:34','2023-11-09 09:20:34'),(11,'header_style','[\"centered-logo\"]',4,'Botble\\Page\\Models\\Page','2023-11-09 09:20:34','2023-11-09 09:20:34'),(12,'customize_footer','[\"custom\"]',4,'Botble\\Page\\Models\\Page','2023-11-09 09:20:34','2023-11-09 09:20:34'),(13,'footer_background_color','[\"#F7EFEC\"]',4,'Botble\\Page\\Models\\Page','2023-11-09 09:20:34','2023-11-09 09:20:34'),(14,'footer_bottom_background_color','[\"#F7EFEC\"]',4,'Botble\\Page\\Models\\Page','2023-11-09 09:20:34','2023-11-09 09:20:34'),(15,'customize_footer','[\"custom\"]',5,'Botble\\Page\\Models\\Page','2023-11-09 09:20:34','2023-11-09 09:20:34'),(16,'footer_background_color','[\"#F7EFEC\"]',5,'Botble\\Page\\Models\\Page','2023-11-09 09:20:34','2023-11-09 09:20:34'),(17,'footer_bottom_background_color','[\"#F7EFEC\"]',5,'Botble\\Page\\Models\\Page','2023-11-09 09:20:34','2023-11-09 09:20:34'),(18,'customize_footer','[\"custom\"]',6,'Botble\\Page\\Models\\Page','2023-11-09 09:20:34','2023-11-09 09:20:34'),(19,'footer_background_color','[\"#040404\"]',6,'Botble\\Page\\Models\\Page','2023-11-09 09:20:34','2023-11-09 09:20:34'),(20,'footer_text_color','[\"#fff\"]',6,'Botble\\Page\\Models\\Page','2023-11-09 09:20:34','2023-11-09 09:20:34'),(21,'footer_text_muted_color','[\"#a0a0a0\"]',6,'Botble\\Page\\Models\\Page','2023-11-09 09:20:34','2023-11-09 09:20:34'),(22,'footer_logo','[\"general\\/logo-white.png\"]',6,'Botble\\Page\\Models\\Page','2023-11-09 09:20:34','2023-11-09 09:20:34'),(23,'footer_border_color','[\"#282828\"]',6,'Botble\\Page\\Models\\Page','2023-11-09 09:20:34','2023-11-09 09:20:34'),(24,'footer_bottom_background_color','[\"#040404\"]',6,'Botble\\Page\\Models\\Page','2023-11-09 09:20:34','2023-11-09 09:20:34'),(25,'customize_footer','[\"custom\"]',7,'Botble\\Page\\Models\\Page','2023-11-09 09:20:34','2023-11-09 09:20:34'),(26,'footer_background_color','[\"#040404\"]',7,'Botble\\Page\\Models\\Page','2023-11-09 09:20:34','2023-11-09 09:20:34'),(27,'footer_text_color','[\"#fff\"]',7,'Botble\\Page\\Models\\Page','2023-11-09 09:20:34','2023-11-09 09:20:34'),(28,'footer_text_muted_color','[\"#a0a0a0\"]',7,'Botble\\Page\\Models\\Page','2023-11-09 09:20:34','2023-11-09 09:20:34'),(29,'footer_logo','[\"general\\/logo-white.png\"]',7,'Botble\\Page\\Models\\Page','2023-11-09 09:20:34','2023-11-09 09:20:34'),(30,'footer_border_color','[\"#282828\"]',7,'Botble\\Page\\Models\\Page','2023-11-09 09:20:34','2023-11-09 09:20:34'),(31,'footer_bottom_background_color','[\"#040404\"]',7,'Botble\\Page\\Models\\Page','2023-11-09 09:20:34','2023-11-09 09:20:34'),(32,'customize_footer','[\"custom\"]',8,'Botble\\Page\\Models\\Page','2023-11-09 09:20:34','2023-11-09 09:20:34'),(33,'footer_background_color','[\"#040404\"]',8,'Botble\\Page\\Models\\Page','2023-11-09 09:20:34','2023-11-09 09:20:34'),(34,'footer_text_color','[\"#fff\"]',8,'Botble\\Page\\Models\\Page','2023-11-09 09:20:34','2023-11-09 09:20:34'),(35,'footer_text_muted_color','[\"#a0a0a0\"]',8,'Botble\\Page\\Models\\Page','2023-11-09 09:20:34','2023-11-09 09:20:34'),(36,'footer_logo','[\"general\\/logo-white.png\"]',8,'Botble\\Page\\Models\\Page','2023-11-09 09:20:34','2023-11-09 09:20:34'),(37,'footer_border_color','[\"#282828\"]',8,'Botble\\Page\\Models\\Page','2023-11-09 09:20:34','2023-11-09 09:20:34'),(38,'footer_bottom_background_color','[\"#040404\"]',8,'Botble\\Page\\Models\\Page','2023-11-09 09:20:34','2023-11-09 09:20:34'),(39,'customize_footer','[\"custom\"]',9,'Botble\\Page\\Models\\Page','2023-11-09 09:20:34','2023-11-09 09:20:34'),(40,'footer_background_color','[\"#040404\"]',9,'Botble\\Page\\Models\\Page','2023-11-09 09:20:34','2023-11-09 09:20:34'),(41,'footer_text_color','[\"#fff\"]',9,'Botble\\Page\\Models\\Page','2023-11-09 09:20:34','2023-11-09 09:20:34'),(42,'footer_text_muted_color','[\"#a0a0a0\"]',9,'Botble\\Page\\Models\\Page','2023-11-09 09:20:34','2023-11-09 09:20:34'),(43,'footer_logo','[\"general\\/logo-white.png\"]',9,'Botble\\Page\\Models\\Page','2023-11-09 09:20:34','2023-11-09 09:20:34'),(44,'footer_border_color','[\"#282828\"]',9,'Botble\\Page\\Models\\Page','2023-11-09 09:20:34','2023-11-09 09:20:34'),(45,'footer_bottom_background_color','[\"#040404\"]',9,'Botble\\Page\\Models\\Page','2023-11-09 09:20:34','2023-11-09 09:20:34'),(46,'customize_footer','[\"custom\"]',10,'Botble\\Page\\Models\\Page','2023-11-09 09:20:34','2023-11-09 09:20:34'),(47,'footer_background_color','[\"#040404\"]',10,'Botble\\Page\\Models\\Page','2023-11-09 09:20:34','2023-11-09 09:20:34'),(48,'footer_text_color','[\"#fff\"]',10,'Botble\\Page\\Models\\Page','2023-11-09 09:20:34','2023-11-09 09:20:34'),(49,'footer_text_muted_color','[\"#a0a0a0\"]',10,'Botble\\Page\\Models\\Page','2023-11-09 09:20:34','2023-11-09 09:20:34'),(50,'footer_logo','[\"general\\/logo-white.png\"]',10,'Botble\\Page\\Models\\Page','2023-11-09 09:20:34','2023-11-09 09:20:34'),(51,'footer_border_color','[\"#282828\"]',10,'Botble\\Page\\Models\\Page','2023-11-09 09:20:34','2023-11-09 09:20:34'),(52,'footer_bottom_background_color','[\"#040404\"]',10,'Botble\\Page\\Models\\Page','2023-11-09 09:20:34','2023-11-09 09:20:34'),(53,'subtitle','[\"Accessories\"]',1,'Botble\\SimpleSlider\\Models\\SimpleSliderItem','2023-11-09 09:20:37','2023-11-09 09:20:37'),(54,'action_label','[\"Shop Now\"]',1,'Botble\\SimpleSlider\\Models\\SimpleSliderItem','2023-11-09 09:20:37','2023-11-09 09:20:37'),(55,'subtitle','[\"Accessories\"]',2,'Botble\\SimpleSlider\\Models\\SimpleSliderItem','2023-11-09 09:20:37','2023-11-09 09:20:37'),(56,'action_label','[\"Shop Now\"]',2,'Botble\\SimpleSlider\\Models\\SimpleSliderItem','2023-11-09 09:20:37','2023-11-09 09:20:37'),(57,'subtitle','[\"Accessories\"]',3,'Botble\\SimpleSlider\\Models\\SimpleSliderItem','2023-11-09 09:20:37','2023-11-09 09:20:37'),(58,'action_label','[\"Shop Now\"]',3,'Botble\\SimpleSlider\\Models\\SimpleSliderItem','2023-11-09 09:20:37','2023-11-09 09:20:37'),(59,'subtitle','[\"Winter\"]',4,'Botble\\SimpleSlider\\Models\\SimpleSliderItem','2023-11-09 09:20:37','2023-11-09 09:20:37'),(60,'action_label','[\"Shop Now\"]',4,'Botble\\SimpleSlider\\Models\\SimpleSliderItem','2023-11-09 09:20:37','2023-11-09 09:20:37'),(61,'subtitle','[\"Winter\"]',5,'Botble\\SimpleSlider\\Models\\SimpleSliderItem','2023-11-09 09:20:37','2023-11-09 09:20:37'),(62,'action_label','[\"Shop Now\"]',5,'Botble\\SimpleSlider\\Models\\SimpleSliderItem','2023-11-09 09:20:37','2023-11-09 09:20:37'),(63,'subtitle','[\"Winter\"]',6,'Botble\\SimpleSlider\\Models\\SimpleSliderItem','2023-11-09 09:20:37','2023-11-09 09:20:37'),(64,'action_label','[\"Shop Now\"]',6,'Botble\\SimpleSlider\\Models\\SimpleSliderItem','2023-11-09 09:20:37','2023-11-09 09:20:37'),(65,'subtitle','[null]',7,'Botble\\SimpleSlider\\Models\\SimpleSliderItem','2023-11-09 09:20:37','2023-11-09 09:20:37'),(66,'action_label','[\"Shop Now\"]',7,'Botble\\SimpleSlider\\Models\\SimpleSliderItem','2023-11-09 09:20:37','2023-11-09 09:20:37'),(67,'subtitle','[\"New Modern Stylist Fashionable Women\'s Wear holder\"]',8,'Botble\\SimpleSlider\\Models\\SimpleSliderItem','2023-11-09 09:20:37','2023-11-09 09:20:37'),(68,'action_label','[\"Shop Now\"]',8,'Botble\\SimpleSlider\\Models\\SimpleSliderItem','2023-11-09 09:20:37','2023-11-09 09:20:37'),(69,'subtitle','[\"New Modern Stylist Fashionable Women\'s Wear holder\"]',9,'Botble\\SimpleSlider\\Models\\SimpleSliderItem','2023-11-09 09:20:37','2023-11-09 09:20:37'),(70,'action_label','[\"Shop Now\"]',9,'Botble\\SimpleSlider\\Models\\SimpleSliderItem','2023-11-09 09:20:37','2023-11-09 09:20:37'),(71,'subtitle','[null]',10,'Botble\\SimpleSlider\\Models\\SimpleSliderItem','2023-11-09 09:20:37','2023-11-09 09:20:37'),(72,'action_label','[\"Shop Now\"]',10,'Botble\\SimpleSlider\\Models\\SimpleSliderItem','2023-11-09 09:20:37','2023-11-09 09:20:37'),(73,'subtitle','[null]',11,'Botble\\SimpleSlider\\Models\\SimpleSliderItem','2023-11-09 09:20:37','2023-11-09 09:20:37'),(74,'action_label','[\"Shop Now\"]',11,'Botble\\SimpleSlider\\Models\\SimpleSliderItem','2023-11-09 09:20:37','2023-11-09 09:20:37'),(75,'subtitle','[null]',12,'Botble\\SimpleSlider\\Models\\SimpleSliderItem','2023-11-09 09:20:37','2023-11-09 09:20:37'),(76,'action_label','[\"Shop Now\"]',12,'Botble\\SimpleSlider\\Models\\SimpleSliderItem','2023-11-09 09:20:37','2023-11-09 09:20:37'),(77,'subtitle','[null]',13,'Botble\\SimpleSlider\\Models\\SimpleSliderItem','2023-11-09 09:20:37','2023-11-09 09:20:37'),(78,'action_label','[\"Shop Now\"]',13,'Botble\\SimpleSlider\\Models\\SimpleSliderItem','2023-11-09 09:20:37','2023-11-09 09:20:37'),(79,'subtitle','[null]',14,'Botble\\SimpleSlider\\Models\\SimpleSliderItem','2023-11-09 09:20:37','2023-11-09 09:20:37'),(80,'action_label','[\"Shop Now\"]',14,'Botble\\SimpleSlider\\Models\\SimpleSliderItem','2023-11-09 09:20:37','2023-11-09 09:20:37'),(81,'subtitle','[null]',15,'Botble\\SimpleSlider\\Models\\SimpleSliderItem','2023-11-09 09:20:37','2023-11-09 09:20:37'),(82,'action_label','[\"Shop Now\"]',15,'Botble\\SimpleSlider\\Models\\SimpleSliderItem','2023-11-09 09:20:37','2023-11-09 09:20:37'),(83,'subtitle','[\"Collection\"]',3,'Botble\\Ads\\Models\\Ads','2023-11-09 09:20:38','2023-11-09 09:20:38'),(84,'subtitle','[\"New Modern Stylist Fashionable <br> Women\'s Wear holder\"]',4,'Botble\\Ads\\Models\\Ads','2023-11-09 09:20:38','2023-11-09 09:20:38'),(85,'subtitle','[\"Furniture\"]',5,'Botble\\Ads\\Models\\Ads','2023-11-09 09:20:38','2023-11-09 09:20:38'),(86,'subtitle','[\"100 Added\"]',6,'Botble\\Ads\\Models\\Ads','2023-11-09 09:20:38','2023-11-09 09:20:38'),(87,'subtitle','[\"-60% Offer\"]',7,'Botble\\Ads\\Models\\Ads','2023-11-09 09:20:38','2023-11-09 09:20:38'),(88,'subtitle','[\"Best Bakery Products\"]',8,'Botble\\Ads\\Models\\Ads','2023-11-09 09:20:38','2023-11-09 09:20:38'),(89,'subtitle','[\"Best Bakery Products\"]',9,'Botble\\Ads\\Models\\Ads','2023-11-09 09:20:38','2023-11-09 09:20:38'),(90,'faq_schema_config','[[[{\"key\":\"question\",\"value\":\"What Shipping Methods Are Available?\"},{\"key\":\"answer\",\"value\":\"Ex Portland Pitchfork irure mustache. Eutra fap before they sold out literally. Aliquip ugh bicycle rights actually mlkshk, seitan squid craft beer tempor.\"}],[{\"key\":\"question\",\"value\":\"Do You Ship Internationally?\"},{\"key\":\"answer\",\"value\":\"Hoodie tote bag mixtape tofu. Typewriter jean shorts wolf quinoa, messenger bag organic freegan cray.\"}],[{\"key\":\"question\",\"value\":\"How Long Will It Take To Get My Package?\"},{\"key\":\"answer\",\"value\":\"Swag slow-carb quinoa VHS typewriter pork belly brunch, paleo single-origin coffee Wes Anderson. Flexitarian Pitchfork forage, literally paleo fap pour-over. Wes Anderson Pinterest YOLO fanny pack meggings, deep v XOXO chambray sustainable slow-carb raw denim church-key fap chillwave Etsy. +1 typewriter kitsch, American Apparel tofu Banksy Vice.\"}],[{\"key\":\"question\",\"value\":\"What Payment Methods Are Accepted?\"},{\"key\":\"answer\",\"value\":\"Fashion axe DIY jean shorts, swag kale chips meh polaroid kogi butcher Wes Anderson chambray next level semiotics gentrify yr. Voluptate photo booth fugiat Vice. Austin sed Williamsburg, ea labore raw denim voluptate cred proident mixtape excepteur mustache. Twee chia photo booth readymade food truck, hoodie roof party swag keytar PBR DIY.\"}],[{\"key\":\"question\",\"value\":\"Is Buying On-Line Safe?\"},{\"key\":\"answer\",\"value\":\"Art party authentic freegan semiotics jean shorts chia cred. Neutra Austin roof party Brooklyn, synth Thundercats swag 8-bit photo booth. Plaid letterpress leggings craft beer meh ethical Pinterest.\"}]]]',1,'Botble\\Ecommerce\\Models\\Product','2023-11-09 09:20:46','2023-11-09 09:20:46'),(91,'faq_schema_config','[[[{\"key\":\"question\",\"value\":\"What Shipping Methods Are Available?\"},{\"key\":\"answer\",\"value\":\"Ex Portland Pitchfork irure mustache. Eutra fap before they sold out literally. Aliquip ugh bicycle rights actually mlkshk, seitan squid craft beer tempor.\"}],[{\"key\":\"question\",\"value\":\"Do You Ship Internationally?\"},{\"key\":\"answer\",\"value\":\"Hoodie tote bag mixtape tofu. Typewriter jean shorts wolf quinoa, messenger bag organic freegan cray.\"}],[{\"key\":\"question\",\"value\":\"How Long Will It Take To Get My Package?\"},{\"key\":\"answer\",\"value\":\"Swag slow-carb quinoa VHS typewriter pork belly brunch, paleo single-origin coffee Wes Anderson. Flexitarian Pitchfork forage, literally paleo fap pour-over. Wes Anderson Pinterest YOLO fanny pack meggings, deep v XOXO chambray sustainable slow-carb raw denim church-key fap chillwave Etsy. +1 typewriter kitsch, American Apparel tofu Banksy Vice.\"}],[{\"key\":\"question\",\"value\":\"What Payment Methods Are Accepted?\"},{\"key\":\"answer\",\"value\":\"Fashion axe DIY jean shorts, swag kale chips meh polaroid kogi butcher Wes Anderson chambray next level semiotics gentrify yr. Voluptate photo booth fugiat Vice. Austin sed Williamsburg, ea labore raw denim voluptate cred proident mixtape excepteur mustache. Twee chia photo booth readymade food truck, hoodie roof party swag keytar PBR DIY.\"}],[{\"key\":\"question\",\"value\":\"Is Buying On-Line Safe?\"},{\"key\":\"answer\",\"value\":\"Art party authentic freegan semiotics jean shorts chia cred. Neutra Austin roof party Brooklyn, synth Thundercats swag 8-bit photo booth. Plaid letterpress leggings craft beer meh ethical Pinterest.\"}]]]',2,'Botble\\Ecommerce\\Models\\Product','2023-11-09 09:20:46','2023-11-09 09:20:46'),(92,'faq_schema_config','[[[{\"key\":\"question\",\"value\":\"What Shipping Methods Are Available?\"},{\"key\":\"answer\",\"value\":\"Ex Portland Pitchfork irure mustache. Eutra fap before they sold out literally. Aliquip ugh bicycle rights actually mlkshk, seitan squid craft beer tempor.\"}],[{\"key\":\"question\",\"value\":\"Do You Ship Internationally?\"},{\"key\":\"answer\",\"value\":\"Hoodie tote bag mixtape tofu. Typewriter jean shorts wolf quinoa, messenger bag organic freegan cray.\"}],[{\"key\":\"question\",\"value\":\"How Long Will It Take To Get My Package?\"},{\"key\":\"answer\",\"value\":\"Swag slow-carb quinoa VHS typewriter pork belly brunch, paleo single-origin coffee Wes Anderson. Flexitarian Pitchfork forage, literally paleo fap pour-over. Wes Anderson Pinterest YOLO fanny pack meggings, deep v XOXO chambray sustainable slow-carb raw denim church-key fap chillwave Etsy. +1 typewriter kitsch, American Apparel tofu Banksy Vice.\"}],[{\"key\":\"question\",\"value\":\"What Payment Methods Are Accepted?\"},{\"key\":\"answer\",\"value\":\"Fashion axe DIY jean shorts, swag kale chips meh polaroid kogi butcher Wes Anderson chambray next level semiotics gentrify yr. Voluptate photo booth fugiat Vice. Austin sed Williamsburg, ea labore raw denim voluptate cred proident mixtape excepteur mustache. Twee chia photo booth readymade food truck, hoodie roof party swag keytar PBR DIY.\"}],[{\"key\":\"question\",\"value\":\"Is Buying On-Line Safe?\"},{\"key\":\"answer\",\"value\":\"Art party authentic freegan semiotics jean shorts chia cred. Neutra Austin roof party Brooklyn, synth Thundercats swag 8-bit photo booth. Plaid letterpress leggings craft beer meh ethical Pinterest.\"}]]]',3,'Botble\\Ecommerce\\Models\\Product','2023-11-09 09:20:46','2023-11-09 09:20:46'),(93,'faq_schema_config','[[[{\"key\":\"question\",\"value\":\"What Shipping Methods Are Available?\"},{\"key\":\"answer\",\"value\":\"Ex Portland Pitchfork irure mustache. Eutra fap before they sold out literally. Aliquip ugh bicycle rights actually mlkshk, seitan squid craft beer tempor.\"}],[{\"key\":\"question\",\"value\":\"Do You Ship Internationally?\"},{\"key\":\"answer\",\"value\":\"Hoodie tote bag mixtape tofu. Typewriter jean shorts wolf quinoa, messenger bag organic freegan cray.\"}],[{\"key\":\"question\",\"value\":\"How Long Will It Take To Get My Package?\"},{\"key\":\"answer\",\"value\":\"Swag slow-carb quinoa VHS typewriter pork belly brunch, paleo single-origin coffee Wes Anderson. Flexitarian Pitchfork forage, literally paleo fap pour-over. Wes Anderson Pinterest YOLO fanny pack meggings, deep v XOXO chambray sustainable slow-carb raw denim church-key fap chillwave Etsy. +1 typewriter kitsch, American Apparel tofu Banksy Vice.\"}],[{\"key\":\"question\",\"value\":\"What Payment Methods Are Accepted?\"},{\"key\":\"answer\",\"value\":\"Fashion axe DIY jean shorts, swag kale chips meh polaroid kogi butcher Wes Anderson chambray next level semiotics gentrify yr. Voluptate photo booth fugiat Vice. Austin sed Williamsburg, ea labore raw denim voluptate cred proident mixtape excepteur mustache. Twee chia photo booth readymade food truck, hoodie roof party swag keytar PBR DIY.\"}],[{\"key\":\"question\",\"value\":\"Is Buying On-Line Safe?\"},{\"key\":\"answer\",\"value\":\"Art party authentic freegan semiotics jean shorts chia cred. Neutra Austin roof party Brooklyn, synth Thundercats swag 8-bit photo booth. Plaid letterpress leggings craft beer meh ethical Pinterest.\"}]]]',4,'Botble\\Ecommerce\\Models\\Product','2023-11-09 09:20:46','2023-11-09 09:20:46'),(94,'faq_schema_config','[[[{\"key\":\"question\",\"value\":\"What Shipping Methods Are Available?\"},{\"key\":\"answer\",\"value\":\"Ex Portland Pitchfork irure mustache. Eutra fap before they sold out literally. Aliquip ugh bicycle rights actually mlkshk, seitan squid craft beer tempor.\"}],[{\"key\":\"question\",\"value\":\"Do You Ship Internationally?\"},{\"key\":\"answer\",\"value\":\"Hoodie tote bag mixtape tofu. Typewriter jean shorts wolf quinoa, messenger bag organic freegan cray.\"}],[{\"key\":\"question\",\"value\":\"How Long Will It Take To Get My Package?\"},{\"key\":\"answer\",\"value\":\"Swag slow-carb quinoa VHS typewriter pork belly brunch, paleo single-origin coffee Wes Anderson. Flexitarian Pitchfork forage, literally paleo fap pour-over. Wes Anderson Pinterest YOLO fanny pack meggings, deep v XOXO chambray sustainable slow-carb raw denim church-key fap chillwave Etsy. +1 typewriter kitsch, American Apparel tofu Banksy Vice.\"}],[{\"key\":\"question\",\"value\":\"What Payment Methods Are Accepted?\"},{\"key\":\"answer\",\"value\":\"Fashion axe DIY jean shorts, swag kale chips meh polaroid kogi butcher Wes Anderson chambray next level semiotics gentrify yr. Voluptate photo booth fugiat Vice. Austin sed Williamsburg, ea labore raw denim voluptate cred proident mixtape excepteur mustache. Twee chia photo booth readymade food truck, hoodie roof party swag keytar PBR DIY.\"}],[{\"key\":\"question\",\"value\":\"Is Buying On-Line Safe?\"},{\"key\":\"answer\",\"value\":\"Art party authentic freegan semiotics jean shorts chia cred. Neutra Austin roof party Brooklyn, synth Thundercats swag 8-bit photo booth. Plaid letterpress leggings craft beer meh ethical Pinterest.\"}]]]',5,'Botble\\Ecommerce\\Models\\Product','2023-11-09 09:20:46','2023-11-09 09:20:46'),(95,'faq_schema_config','[[[{\"key\":\"question\",\"value\":\"What Shipping Methods Are Available?\"},{\"key\":\"answer\",\"value\":\"Ex Portland Pitchfork irure mustache. Eutra fap before they sold out literally. Aliquip ugh bicycle rights actually mlkshk, seitan squid craft beer tempor.\"}],[{\"key\":\"question\",\"value\":\"Do You Ship Internationally?\"},{\"key\":\"answer\",\"value\":\"Hoodie tote bag mixtape tofu. Typewriter jean shorts wolf quinoa, messenger bag organic freegan cray.\"}],[{\"key\":\"question\",\"value\":\"How Long Will It Take To Get My Package?\"},{\"key\":\"answer\",\"value\":\"Swag slow-carb quinoa VHS typewriter pork belly brunch, paleo single-origin coffee Wes Anderson. Flexitarian Pitchfork forage, literally paleo fap pour-over. Wes Anderson Pinterest YOLO fanny pack meggings, deep v XOXO chambray sustainable slow-carb raw denim church-key fap chillwave Etsy. +1 typewriter kitsch, American Apparel tofu Banksy Vice.\"}],[{\"key\":\"question\",\"value\":\"What Payment Methods Are Accepted?\"},{\"key\":\"answer\",\"value\":\"Fashion axe DIY jean shorts, swag kale chips meh polaroid kogi butcher Wes Anderson chambray next level semiotics gentrify yr. Voluptate photo booth fugiat Vice. Austin sed Williamsburg, ea labore raw denim voluptate cred proident mixtape excepteur mustache. Twee chia photo booth readymade food truck, hoodie roof party swag keytar PBR DIY.\"}],[{\"key\":\"question\",\"value\":\"Is Buying On-Line Safe?\"},{\"key\":\"answer\",\"value\":\"Art party authentic freegan semiotics jean shorts chia cred. Neutra Austin roof party Brooklyn, synth Thundercats swag 8-bit photo booth. Plaid letterpress leggings craft beer meh ethical Pinterest.\"}]]]',6,'Botble\\Ecommerce\\Models\\Product','2023-11-09 09:20:46','2023-11-09 09:20:46'),(96,'faq_schema_config','[[[{\"key\":\"question\",\"value\":\"What Shipping Methods Are Available?\"},{\"key\":\"answer\",\"value\":\"Ex Portland Pitchfork irure mustache. Eutra fap before they sold out literally. Aliquip ugh bicycle rights actually mlkshk, seitan squid craft beer tempor.\"}],[{\"key\":\"question\",\"value\":\"Do You Ship Internationally?\"},{\"key\":\"answer\",\"value\":\"Hoodie tote bag mixtape tofu. Typewriter jean shorts wolf quinoa, messenger bag organic freegan cray.\"}],[{\"key\":\"question\",\"value\":\"How Long Will It Take To Get My Package?\"},{\"key\":\"answer\",\"value\":\"Swag slow-carb quinoa VHS typewriter pork belly brunch, paleo single-origin coffee Wes Anderson. Flexitarian Pitchfork forage, literally paleo fap pour-over. Wes Anderson Pinterest YOLO fanny pack meggings, deep v XOXO chambray sustainable slow-carb raw denim church-key fap chillwave Etsy. +1 typewriter kitsch, American Apparel tofu Banksy Vice.\"}],[{\"key\":\"question\",\"value\":\"What Payment Methods Are Accepted?\"},{\"key\":\"answer\",\"value\":\"Fashion axe DIY jean shorts, swag kale chips meh polaroid kogi butcher Wes Anderson chambray next level semiotics gentrify yr. Voluptate photo booth fugiat Vice. Austin sed Williamsburg, ea labore raw denim voluptate cred proident mixtape excepteur mustache. Twee chia photo booth readymade food truck, hoodie roof party swag keytar PBR DIY.\"}],[{\"key\":\"question\",\"value\":\"Is Buying On-Line Safe?\"},{\"key\":\"answer\",\"value\":\"Art party authentic freegan semiotics jean shorts chia cred. Neutra Austin roof party Brooklyn, synth Thundercats swag 8-bit photo booth. Plaid letterpress leggings craft beer meh ethical Pinterest.\"}]]]',7,'Botble\\Ecommerce\\Models\\Product','2023-11-09 09:20:46','2023-11-09 09:20:46'),(97,'faq_schema_config','[[[{\"key\":\"question\",\"value\":\"What Shipping Methods Are Available?\"},{\"key\":\"answer\",\"value\":\"Ex Portland Pitchfork irure mustache. Eutra fap before they sold out literally. Aliquip ugh bicycle rights actually mlkshk, seitan squid craft beer tempor.\"}],[{\"key\":\"question\",\"value\":\"Do You Ship Internationally?\"},{\"key\":\"answer\",\"value\":\"Hoodie tote bag mixtape tofu. Typewriter jean shorts wolf quinoa, messenger bag organic freegan cray.\"}],[{\"key\":\"question\",\"value\":\"How Long Will It Take To Get My Package?\"},{\"key\":\"answer\",\"value\":\"Swag slow-carb quinoa VHS typewriter pork belly brunch, paleo single-origin coffee Wes Anderson. Flexitarian Pitchfork forage, literally paleo fap pour-over. Wes Anderson Pinterest YOLO fanny pack meggings, deep v XOXO chambray sustainable slow-carb raw denim church-key fap chillwave Etsy. +1 typewriter kitsch, American Apparel tofu Banksy Vice.\"}],[{\"key\":\"question\",\"value\":\"What Payment Methods Are Accepted?\"},{\"key\":\"answer\",\"value\":\"Fashion axe DIY jean shorts, swag kale chips meh polaroid kogi butcher Wes Anderson chambray next level semiotics gentrify yr. Voluptate photo booth fugiat Vice. Austin sed Williamsburg, ea labore raw denim voluptate cred proident mixtape excepteur mustache. Twee chia photo booth readymade food truck, hoodie roof party swag keytar PBR DIY.\"}],[{\"key\":\"question\",\"value\":\"Is Buying On-Line Safe?\"},{\"key\":\"answer\",\"value\":\"Art party authentic freegan semiotics jean shorts chia cred. Neutra Austin roof party Brooklyn, synth Thundercats swag 8-bit photo booth. Plaid letterpress leggings craft beer meh ethical Pinterest.\"}]]]',8,'Botble\\Ecommerce\\Models\\Product','2023-11-09 09:20:46','2023-11-09 09:20:46'),(98,'faq_schema_config','[[[{\"key\":\"question\",\"value\":\"What Shipping Methods Are Available?\"},{\"key\":\"answer\",\"value\":\"Ex Portland Pitchfork irure mustache. Eutra fap before they sold out literally. Aliquip ugh bicycle rights actually mlkshk, seitan squid craft beer tempor.\"}],[{\"key\":\"question\",\"value\":\"Do You Ship Internationally?\"},{\"key\":\"answer\",\"value\":\"Hoodie tote bag mixtape tofu. Typewriter jean shorts wolf quinoa, messenger bag organic freegan cray.\"}],[{\"key\":\"question\",\"value\":\"How Long Will It Take To Get My Package?\"},{\"key\":\"answer\",\"value\":\"Swag slow-carb quinoa VHS typewriter pork belly brunch, paleo single-origin coffee Wes Anderson. Flexitarian Pitchfork forage, literally paleo fap pour-over. Wes Anderson Pinterest YOLO fanny pack meggings, deep v XOXO chambray sustainable slow-carb raw denim church-key fap chillwave Etsy. +1 typewriter kitsch, American Apparel tofu Banksy Vice.\"}],[{\"key\":\"question\",\"value\":\"What Payment Methods Are Accepted?\"},{\"key\":\"answer\",\"value\":\"Fashion axe DIY jean shorts, swag kale chips meh polaroid kogi butcher Wes Anderson chambray next level semiotics gentrify yr. Voluptate photo booth fugiat Vice. Austin sed Williamsburg, ea labore raw denim voluptate cred proident mixtape excepteur mustache. Twee chia photo booth readymade food truck, hoodie roof party swag keytar PBR DIY.\"}],[{\"key\":\"question\",\"value\":\"Is Buying On-Line Safe?\"},{\"key\":\"answer\",\"value\":\"Art party authentic freegan semiotics jean shorts chia cred. Neutra Austin roof party Brooklyn, synth Thundercats swag 8-bit photo booth. Plaid letterpress leggings craft beer meh ethical Pinterest.\"}]]]',9,'Botble\\Ecommerce\\Models\\Product','2023-11-09 09:20:46','2023-11-09 09:20:46'),(99,'faq_schema_config','[[[{\"key\":\"question\",\"value\":\"What Shipping Methods Are Available?\"},{\"key\":\"answer\",\"value\":\"Ex Portland Pitchfork irure mustache. Eutra fap before they sold out literally. Aliquip ugh bicycle rights actually mlkshk, seitan squid craft beer tempor.\"}],[{\"key\":\"question\",\"value\":\"Do You Ship Internationally?\"},{\"key\":\"answer\",\"value\":\"Hoodie tote bag mixtape tofu. Typewriter jean shorts wolf quinoa, messenger bag organic freegan cray.\"}],[{\"key\":\"question\",\"value\":\"How Long Will It Take To Get My Package?\"},{\"key\":\"answer\",\"value\":\"Swag slow-carb quinoa VHS typewriter pork belly brunch, paleo single-origin coffee Wes Anderson. Flexitarian Pitchfork forage, literally paleo fap pour-over. Wes Anderson Pinterest YOLO fanny pack meggings, deep v XOXO chambray sustainable slow-carb raw denim church-key fap chillwave Etsy. +1 typewriter kitsch, American Apparel tofu Banksy Vice.\"}],[{\"key\":\"question\",\"value\":\"What Payment Methods Are Accepted?\"},{\"key\":\"answer\",\"value\":\"Fashion axe DIY jean shorts, swag kale chips meh polaroid kogi butcher Wes Anderson chambray next level semiotics gentrify yr. Voluptate photo booth fugiat Vice. Austin sed Williamsburg, ea labore raw denim voluptate cred proident mixtape excepteur mustache. Twee chia photo booth readymade food truck, hoodie roof party swag keytar PBR DIY.\"}],[{\"key\":\"question\",\"value\":\"Is Buying On-Line Safe?\"},{\"key\":\"answer\",\"value\":\"Art party authentic freegan semiotics jean shorts chia cred. Neutra Austin roof party Brooklyn, synth Thundercats swag 8-bit photo booth. Plaid letterpress leggings craft beer meh ethical Pinterest.\"}]]]',10,'Botble\\Ecommerce\\Models\\Product','2023-11-09 09:20:46','2023-11-09 09:20:46'),(100,'faq_schema_config','[[[{\"key\":\"question\",\"value\":\"What Shipping Methods Are Available?\"},{\"key\":\"answer\",\"value\":\"Ex Portland Pitchfork irure mustache. Eutra fap before they sold out literally. Aliquip ugh bicycle rights actually mlkshk, seitan squid craft beer tempor.\"}],[{\"key\":\"question\",\"value\":\"Do You Ship Internationally?\"},{\"key\":\"answer\",\"value\":\"Hoodie tote bag mixtape tofu. Typewriter jean shorts wolf quinoa, messenger bag organic freegan cray.\"}],[{\"key\":\"question\",\"value\":\"How Long Will It Take To Get My Package?\"},{\"key\":\"answer\",\"value\":\"Swag slow-carb quinoa VHS typewriter pork belly brunch, paleo single-origin coffee Wes Anderson. Flexitarian Pitchfork forage, literally paleo fap pour-over. Wes Anderson Pinterest YOLO fanny pack meggings, deep v XOXO chambray sustainable slow-carb raw denim church-key fap chillwave Etsy. +1 typewriter kitsch, American Apparel tofu Banksy Vice.\"}],[{\"key\":\"question\",\"value\":\"What Payment Methods Are Accepted?\"},{\"key\":\"answer\",\"value\":\"Fashion axe DIY jean shorts, swag kale chips meh polaroid kogi butcher Wes Anderson chambray next level semiotics gentrify yr. Voluptate photo booth fugiat Vice. Austin sed Williamsburg, ea labore raw denim voluptate cred proident mixtape excepteur mustache. Twee chia photo booth readymade food truck, hoodie roof party swag keytar PBR DIY.\"}],[{\"key\":\"question\",\"value\":\"Is Buying On-Line Safe?\"},{\"key\":\"answer\",\"value\":\"Art party authentic freegan semiotics jean shorts chia cred. Neutra Austin roof party Brooklyn, synth Thundercats swag 8-bit photo booth. Plaid letterpress leggings craft beer meh ethical Pinterest.\"}]]]',11,'Botble\\Ecommerce\\Models\\Product','2023-11-09 09:20:46','2023-11-09 09:20:46'),(101,'faq_schema_config','[[[{\"key\":\"question\",\"value\":\"What Shipping Methods Are Available?\"},{\"key\":\"answer\",\"value\":\"Ex Portland Pitchfork irure mustache. Eutra fap before they sold out literally. Aliquip ugh bicycle rights actually mlkshk, seitan squid craft beer tempor.\"}],[{\"key\":\"question\",\"value\":\"Do You Ship Internationally?\"},{\"key\":\"answer\",\"value\":\"Hoodie tote bag mixtape tofu. Typewriter jean shorts wolf quinoa, messenger bag organic freegan cray.\"}],[{\"key\":\"question\",\"value\":\"How Long Will It Take To Get My Package?\"},{\"key\":\"answer\",\"value\":\"Swag slow-carb quinoa VHS typewriter pork belly brunch, paleo single-origin coffee Wes Anderson. Flexitarian Pitchfork forage, literally paleo fap pour-over. Wes Anderson Pinterest YOLO fanny pack meggings, deep v XOXO chambray sustainable slow-carb raw denim church-key fap chillwave Etsy. +1 typewriter kitsch, American Apparel tofu Banksy Vice.\"}],[{\"key\":\"question\",\"value\":\"What Payment Methods Are Accepted?\"},{\"key\":\"answer\",\"value\":\"Fashion axe DIY jean shorts, swag kale chips meh polaroid kogi butcher Wes Anderson chambray next level semiotics gentrify yr. Voluptate photo booth fugiat Vice. Austin sed Williamsburg, ea labore raw denim voluptate cred proident mixtape excepteur mustache. Twee chia photo booth readymade food truck, hoodie roof party swag keytar PBR DIY.\"}],[{\"key\":\"question\",\"value\":\"Is Buying On-Line Safe?\"},{\"key\":\"answer\",\"value\":\"Art party authentic freegan semiotics jean shorts chia cred. Neutra Austin roof party Brooklyn, synth Thundercats swag 8-bit photo booth. Plaid letterpress leggings craft beer meh ethical Pinterest.\"}]]]',12,'Botble\\Ecommerce\\Models\\Product','2023-11-09 09:20:46','2023-11-09 09:20:46'),(102,'faq_schema_config','[[[{\"key\":\"question\",\"value\":\"What Shipping Methods Are Available?\"},{\"key\":\"answer\",\"value\":\"Ex Portland Pitchfork irure mustache. Eutra fap before they sold out literally. Aliquip ugh bicycle rights actually mlkshk, seitan squid craft beer tempor.\"}],[{\"key\":\"question\",\"value\":\"Do You Ship Internationally?\"},{\"key\":\"answer\",\"value\":\"Hoodie tote bag mixtape tofu. Typewriter jean shorts wolf quinoa, messenger bag organic freegan cray.\"}],[{\"key\":\"question\",\"value\":\"How Long Will It Take To Get My Package?\"},{\"key\":\"answer\",\"value\":\"Swag slow-carb quinoa VHS typewriter pork belly brunch, paleo single-origin coffee Wes Anderson. Flexitarian Pitchfork forage, literally paleo fap pour-over. Wes Anderson Pinterest YOLO fanny pack meggings, deep v XOXO chambray sustainable slow-carb raw denim church-key fap chillwave Etsy. +1 typewriter kitsch, American Apparel tofu Banksy Vice.\"}],[{\"key\":\"question\",\"value\":\"What Payment Methods Are Accepted?\"},{\"key\":\"answer\",\"value\":\"Fashion axe DIY jean shorts, swag kale chips meh polaroid kogi butcher Wes Anderson chambray next level semiotics gentrify yr. Voluptate photo booth fugiat Vice. Austin sed Williamsburg, ea labore raw denim voluptate cred proident mixtape excepteur mustache. Twee chia photo booth readymade food truck, hoodie roof party swag keytar PBR DIY.\"}],[{\"key\":\"question\",\"value\":\"Is Buying On-Line Safe?\"},{\"key\":\"answer\",\"value\":\"Art party authentic freegan semiotics jean shorts chia cred. Neutra Austin roof party Brooklyn, synth Thundercats swag 8-bit photo booth. Plaid letterpress leggings craft beer meh ethical Pinterest.\"}]]]',13,'Botble\\Ecommerce\\Models\\Product','2023-11-09 09:20:46','2023-11-09 09:20:46'),(103,'faq_schema_config','[[[{\"key\":\"question\",\"value\":\"What Shipping Methods Are Available?\"},{\"key\":\"answer\",\"value\":\"Ex Portland Pitchfork irure mustache. Eutra fap before they sold out literally. Aliquip ugh bicycle rights actually mlkshk, seitan squid craft beer tempor.\"}],[{\"key\":\"question\",\"value\":\"Do You Ship Internationally?\"},{\"key\":\"answer\",\"value\":\"Hoodie tote bag mixtape tofu. Typewriter jean shorts wolf quinoa, messenger bag organic freegan cray.\"}],[{\"key\":\"question\",\"value\":\"How Long Will It Take To Get My Package?\"},{\"key\":\"answer\",\"value\":\"Swag slow-carb quinoa VHS typewriter pork belly brunch, paleo single-origin coffee Wes Anderson. Flexitarian Pitchfork forage, literally paleo fap pour-over. Wes Anderson Pinterest YOLO fanny pack meggings, deep v XOXO chambray sustainable slow-carb raw denim church-key fap chillwave Etsy. +1 typewriter kitsch, American Apparel tofu Banksy Vice.\"}],[{\"key\":\"question\",\"value\":\"What Payment Methods Are Accepted?\"},{\"key\":\"answer\",\"value\":\"Fashion axe DIY jean shorts, swag kale chips meh polaroid kogi butcher Wes Anderson chambray next level semiotics gentrify yr. Voluptate photo booth fugiat Vice. Austin sed Williamsburg, ea labore raw denim voluptate cred proident mixtape excepteur mustache. Twee chia photo booth readymade food truck, hoodie roof party swag keytar PBR DIY.\"}],[{\"key\":\"question\",\"value\":\"Is Buying On-Line Safe?\"},{\"key\":\"answer\",\"value\":\"Art party authentic freegan semiotics jean shorts chia cred. Neutra Austin roof party Brooklyn, synth Thundercats swag 8-bit photo booth. Plaid letterpress leggings craft beer meh ethical Pinterest.\"}]]]',14,'Botble\\Ecommerce\\Models\\Product','2023-11-09 09:20:46','2023-11-09 09:20:46'),(104,'faq_schema_config','[[[{\"key\":\"question\",\"value\":\"What Shipping Methods Are Available?\"},{\"key\":\"answer\",\"value\":\"Ex Portland Pitchfork irure mustache. Eutra fap before they sold out literally. Aliquip ugh bicycle rights actually mlkshk, seitan squid craft beer tempor.\"}],[{\"key\":\"question\",\"value\":\"Do You Ship Internationally?\"},{\"key\":\"answer\",\"value\":\"Hoodie tote bag mixtape tofu. Typewriter jean shorts wolf quinoa, messenger bag organic freegan cray.\"}],[{\"key\":\"question\",\"value\":\"How Long Will It Take To Get My Package?\"},{\"key\":\"answer\",\"value\":\"Swag slow-carb quinoa VHS typewriter pork belly brunch, paleo single-origin coffee Wes Anderson. Flexitarian Pitchfork forage, literally paleo fap pour-over. Wes Anderson Pinterest YOLO fanny pack meggings, deep v XOXO chambray sustainable slow-carb raw denim church-key fap chillwave Etsy. +1 typewriter kitsch, American Apparel tofu Banksy Vice.\"}],[{\"key\":\"question\",\"value\":\"What Payment Methods Are Accepted?\"},{\"key\":\"answer\",\"value\":\"Fashion axe DIY jean shorts, swag kale chips meh polaroid kogi butcher Wes Anderson chambray next level semiotics gentrify yr. Voluptate photo booth fugiat Vice. Austin sed Williamsburg, ea labore raw denim voluptate cred proident mixtape excepteur mustache. Twee chia photo booth readymade food truck, hoodie roof party swag keytar PBR DIY.\"}],[{\"key\":\"question\",\"value\":\"Is Buying On-Line Safe?\"},{\"key\":\"answer\",\"value\":\"Art party authentic freegan semiotics jean shorts chia cred. Neutra Austin roof party Brooklyn, synth Thundercats swag 8-bit photo booth. Plaid letterpress leggings craft beer meh ethical Pinterest.\"}]]]',15,'Botble\\Ecommerce\\Models\\Product','2023-11-09 09:20:46','2023-11-09 09:20:46'),(105,'faq_schema_config','[[[{\"key\":\"question\",\"value\":\"What Shipping Methods Are Available?\"},{\"key\":\"answer\",\"value\":\"Ex Portland Pitchfork irure mustache. Eutra fap before they sold out literally. Aliquip ugh bicycle rights actually mlkshk, seitan squid craft beer tempor.\"}],[{\"key\":\"question\",\"value\":\"Do You Ship Internationally?\"},{\"key\":\"answer\",\"value\":\"Hoodie tote bag mixtape tofu. Typewriter jean shorts wolf quinoa, messenger bag organic freegan cray.\"}],[{\"key\":\"question\",\"value\":\"How Long Will It Take To Get My Package?\"},{\"key\":\"answer\",\"value\":\"Swag slow-carb quinoa VHS typewriter pork belly brunch, paleo single-origin coffee Wes Anderson. Flexitarian Pitchfork forage, literally paleo fap pour-over. Wes Anderson Pinterest YOLO fanny pack meggings, deep v XOXO chambray sustainable slow-carb raw denim church-key fap chillwave Etsy. +1 typewriter kitsch, American Apparel tofu Banksy Vice.\"}],[{\"key\":\"question\",\"value\":\"What Payment Methods Are Accepted?\"},{\"key\":\"answer\",\"value\":\"Fashion axe DIY jean shorts, swag kale chips meh polaroid kogi butcher Wes Anderson chambray next level semiotics gentrify yr. Voluptate photo booth fugiat Vice. Austin sed Williamsburg, ea labore raw denim voluptate cred proident mixtape excepteur mustache. Twee chia photo booth readymade food truck, hoodie roof party swag keytar PBR DIY.\"}],[{\"key\":\"question\",\"value\":\"Is Buying On-Line Safe?\"},{\"key\":\"answer\",\"value\":\"Art party authentic freegan semiotics jean shorts chia cred. Neutra Austin roof party Brooklyn, synth Thundercats swag 8-bit photo booth. Plaid letterpress leggings craft beer meh ethical Pinterest.\"}]]]',16,'Botble\\Ecommerce\\Models\\Product','2023-11-09 09:20:46','2023-11-09 09:20:46'),(106,'faq_schema_config','[[[{\"key\":\"question\",\"value\":\"What Shipping Methods Are Available?\"},{\"key\":\"answer\",\"value\":\"Ex Portland Pitchfork irure mustache. Eutra fap before they sold out literally. Aliquip ugh bicycle rights actually mlkshk, seitan squid craft beer tempor.\"}],[{\"key\":\"question\",\"value\":\"Do You Ship Internationally?\"},{\"key\":\"answer\",\"value\":\"Hoodie tote bag mixtape tofu. Typewriter jean shorts wolf quinoa, messenger bag organic freegan cray.\"}],[{\"key\":\"question\",\"value\":\"How Long Will It Take To Get My Package?\"},{\"key\":\"answer\",\"value\":\"Swag slow-carb quinoa VHS typewriter pork belly brunch, paleo single-origin coffee Wes Anderson. Flexitarian Pitchfork forage, literally paleo fap pour-over. Wes Anderson Pinterest YOLO fanny pack meggings, deep v XOXO chambray sustainable slow-carb raw denim church-key fap chillwave Etsy. +1 typewriter kitsch, American Apparel tofu Banksy Vice.\"}],[{\"key\":\"question\",\"value\":\"What Payment Methods Are Accepted?\"},{\"key\":\"answer\",\"value\":\"Fashion axe DIY jean shorts, swag kale chips meh polaroid kogi butcher Wes Anderson chambray next level semiotics gentrify yr. Voluptate photo booth fugiat Vice. Austin sed Williamsburg, ea labore raw denim voluptate cred proident mixtape excepteur mustache. Twee chia photo booth readymade food truck, hoodie roof party swag keytar PBR DIY.\"}],[{\"key\":\"question\",\"value\":\"Is Buying On-Line Safe?\"},{\"key\":\"answer\",\"value\":\"Art party authentic freegan semiotics jean shorts chia cred. Neutra Austin roof party Brooklyn, synth Thundercats swag 8-bit photo booth. Plaid letterpress leggings craft beer meh ethical Pinterest.\"}]]]',17,'Botble\\Ecommerce\\Models\\Product','2023-11-09 09:20:46','2023-11-09 09:20:46'),(107,'faq_schema_config','[[[{\"key\":\"question\",\"value\":\"What Shipping Methods Are Available?\"},{\"key\":\"answer\",\"value\":\"Ex Portland Pitchfork irure mustache. Eutra fap before they sold out literally. Aliquip ugh bicycle rights actually mlkshk, seitan squid craft beer tempor.\"}],[{\"key\":\"question\",\"value\":\"Do You Ship Internationally?\"},{\"key\":\"answer\",\"value\":\"Hoodie tote bag mixtape tofu. Typewriter jean shorts wolf quinoa, messenger bag organic freegan cray.\"}],[{\"key\":\"question\",\"value\":\"How Long Will It Take To Get My Package?\"},{\"key\":\"answer\",\"value\":\"Swag slow-carb quinoa VHS typewriter pork belly brunch, paleo single-origin coffee Wes Anderson. Flexitarian Pitchfork forage, literally paleo fap pour-over. Wes Anderson Pinterest YOLO fanny pack meggings, deep v XOXO chambray sustainable slow-carb raw denim church-key fap chillwave Etsy. +1 typewriter kitsch, American Apparel tofu Banksy Vice.\"}],[{\"key\":\"question\",\"value\":\"What Payment Methods Are Accepted?\"},{\"key\":\"answer\",\"value\":\"Fashion axe DIY jean shorts, swag kale chips meh polaroid kogi butcher Wes Anderson chambray next level semiotics gentrify yr. Voluptate photo booth fugiat Vice. Austin sed Williamsburg, ea labore raw denim voluptate cred proident mixtape excepteur mustache. Twee chia photo booth readymade food truck, hoodie roof party swag keytar PBR DIY.\"}],[{\"key\":\"question\",\"value\":\"Is Buying On-Line Safe?\"},{\"key\":\"answer\",\"value\":\"Art party authentic freegan semiotics jean shorts chia cred. Neutra Austin roof party Brooklyn, synth Thundercats swag 8-bit photo booth. Plaid letterpress leggings craft beer meh ethical Pinterest.\"}]]]',18,'Botble\\Ecommerce\\Models\\Product','2023-11-09 09:20:46','2023-11-09 09:20:46'),(108,'faq_schema_config','[[[{\"key\":\"question\",\"value\":\"What Shipping Methods Are Available?\"},{\"key\":\"answer\",\"value\":\"Ex Portland Pitchfork irure mustache. Eutra fap before they sold out literally. Aliquip ugh bicycle rights actually mlkshk, seitan squid craft beer tempor.\"}],[{\"key\":\"question\",\"value\":\"Do You Ship Internationally?\"},{\"key\":\"answer\",\"value\":\"Hoodie tote bag mixtape tofu. Typewriter jean shorts wolf quinoa, messenger bag organic freegan cray.\"}],[{\"key\":\"question\",\"value\":\"How Long Will It Take To Get My Package?\"},{\"key\":\"answer\",\"value\":\"Swag slow-carb quinoa VHS typewriter pork belly brunch, paleo single-origin coffee Wes Anderson. Flexitarian Pitchfork forage, literally paleo fap pour-over. Wes Anderson Pinterest YOLO fanny pack meggings, deep v XOXO chambray sustainable slow-carb raw denim church-key fap chillwave Etsy. +1 typewriter kitsch, American Apparel tofu Banksy Vice.\"}],[{\"key\":\"question\",\"value\":\"What Payment Methods Are Accepted?\"},{\"key\":\"answer\",\"value\":\"Fashion axe DIY jean shorts, swag kale chips meh polaroid kogi butcher Wes Anderson chambray next level semiotics gentrify yr. Voluptate photo booth fugiat Vice. Austin sed Williamsburg, ea labore raw denim voluptate cred proident mixtape excepteur mustache. Twee chia photo booth readymade food truck, hoodie roof party swag keytar PBR DIY.\"}],[{\"key\":\"question\",\"value\":\"Is Buying On-Line Safe?\"},{\"key\":\"answer\",\"value\":\"Art party authentic freegan semiotics jean shorts chia cred. Neutra Austin roof party Brooklyn, synth Thundercats swag 8-bit photo booth. Plaid letterpress leggings craft beer meh ethical Pinterest.\"}]]]',19,'Botble\\Ecommerce\\Models\\Product','2023-11-09 09:20:46','2023-11-09 09:20:46'),(109,'faq_schema_config','[[[{\"key\":\"question\",\"value\":\"What Shipping Methods Are Available?\"},{\"key\":\"answer\",\"value\":\"Ex Portland Pitchfork irure mustache. Eutra fap before they sold out literally. Aliquip ugh bicycle rights actually mlkshk, seitan squid craft beer tempor.\"}],[{\"key\":\"question\",\"value\":\"Do You Ship Internationally?\"},{\"key\":\"answer\",\"value\":\"Hoodie tote bag mixtape tofu. Typewriter jean shorts wolf quinoa, messenger bag organic freegan cray.\"}],[{\"key\":\"question\",\"value\":\"How Long Will It Take To Get My Package?\"},{\"key\":\"answer\",\"value\":\"Swag slow-carb quinoa VHS typewriter pork belly brunch, paleo single-origin coffee Wes Anderson. Flexitarian Pitchfork forage, literally paleo fap pour-over. Wes Anderson Pinterest YOLO fanny pack meggings, deep v XOXO chambray sustainable slow-carb raw denim church-key fap chillwave Etsy. +1 typewriter kitsch, American Apparel tofu Banksy Vice.\"}],[{\"key\":\"question\",\"value\":\"What Payment Methods Are Accepted?\"},{\"key\":\"answer\",\"value\":\"Fashion axe DIY jean shorts, swag kale chips meh polaroid kogi butcher Wes Anderson chambray next level semiotics gentrify yr. Voluptate photo booth fugiat Vice. Austin sed Williamsburg, ea labore raw denim voluptate cred proident mixtape excepteur mustache. Twee chia photo booth readymade food truck, hoodie roof party swag keytar PBR DIY.\"}],[{\"key\":\"question\",\"value\":\"Is Buying On-Line Safe?\"},{\"key\":\"answer\",\"value\":\"Art party authentic freegan semiotics jean shorts chia cred. Neutra Austin roof party Brooklyn, synth Thundercats swag 8-bit photo booth. Plaid letterpress leggings craft beer meh ethical Pinterest.\"}]]]',20,'Botble\\Ecommerce\\Models\\Product','2023-11-09 09:20:46','2023-11-09 09:20:46'),(110,'faq_schema_config','[[[{\"key\":\"question\",\"value\":\"What Shipping Methods Are Available?\"},{\"key\":\"answer\",\"value\":\"Ex Portland Pitchfork irure mustache. Eutra fap before they sold out literally. Aliquip ugh bicycle rights actually mlkshk, seitan squid craft beer tempor.\"}],[{\"key\":\"question\",\"value\":\"Do You Ship Internationally?\"},{\"key\":\"answer\",\"value\":\"Hoodie tote bag mixtape tofu. Typewriter jean shorts wolf quinoa, messenger bag organic freegan cray.\"}],[{\"key\":\"question\",\"value\":\"How Long Will It Take To Get My Package?\"},{\"key\":\"answer\",\"value\":\"Swag slow-carb quinoa VHS typewriter pork belly brunch, paleo single-origin coffee Wes Anderson. Flexitarian Pitchfork forage, literally paleo fap pour-over. Wes Anderson Pinterest YOLO fanny pack meggings, deep v XOXO chambray sustainable slow-carb raw denim church-key fap chillwave Etsy. +1 typewriter kitsch, American Apparel tofu Banksy Vice.\"}],[{\"key\":\"question\",\"value\":\"What Payment Methods Are Accepted?\"},{\"key\":\"answer\",\"value\":\"Fashion axe DIY jean shorts, swag kale chips meh polaroid kogi butcher Wes Anderson chambray next level semiotics gentrify yr. Voluptate photo booth fugiat Vice. Austin sed Williamsburg, ea labore raw denim voluptate cred proident mixtape excepteur mustache. Twee chia photo booth readymade food truck, hoodie roof party swag keytar PBR DIY.\"}],[{\"key\":\"question\",\"value\":\"Is Buying On-Line Safe?\"},{\"key\":\"answer\",\"value\":\"Art party authentic freegan semiotics jean shorts chia cred. Neutra Austin roof party Brooklyn, synth Thundercats swag 8-bit photo booth. Plaid letterpress leggings craft beer meh ethical Pinterest.\"}]]]',21,'Botble\\Ecommerce\\Models\\Product','2023-11-09 09:20:46','2023-11-09 09:20:46'),(111,'faq_schema_config','[[[{\"key\":\"question\",\"value\":\"What Shipping Methods Are Available?\"},{\"key\":\"answer\",\"value\":\"Ex Portland Pitchfork irure mustache. Eutra fap before they sold out literally. Aliquip ugh bicycle rights actually mlkshk, seitan squid craft beer tempor.\"}],[{\"key\":\"question\",\"value\":\"Do You Ship Internationally?\"},{\"key\":\"answer\",\"value\":\"Hoodie tote bag mixtape tofu. Typewriter jean shorts wolf quinoa, messenger bag organic freegan cray.\"}],[{\"key\":\"question\",\"value\":\"How Long Will It Take To Get My Package?\"},{\"key\":\"answer\",\"value\":\"Swag slow-carb quinoa VHS typewriter pork belly brunch, paleo single-origin coffee Wes Anderson. Flexitarian Pitchfork forage, literally paleo fap pour-over. Wes Anderson Pinterest YOLO fanny pack meggings, deep v XOXO chambray sustainable slow-carb raw denim church-key fap chillwave Etsy. +1 typewriter kitsch, American Apparel tofu Banksy Vice.\"}],[{\"key\":\"question\",\"value\":\"What Payment Methods Are Accepted?\"},{\"key\":\"answer\",\"value\":\"Fashion axe DIY jean shorts, swag kale chips meh polaroid kogi butcher Wes Anderson chambray next level semiotics gentrify yr. Voluptate photo booth fugiat Vice. Austin sed Williamsburg, ea labore raw denim voluptate cred proident mixtape excepteur mustache. Twee chia photo booth readymade food truck, hoodie roof party swag keytar PBR DIY.\"}],[{\"key\":\"question\",\"value\":\"Is Buying On-Line Safe?\"},{\"key\":\"answer\",\"value\":\"Art party authentic freegan semiotics jean shorts chia cred. Neutra Austin roof party Brooklyn, synth Thundercats swag 8-bit photo booth. Plaid letterpress leggings craft beer meh ethical Pinterest.\"}]]]',22,'Botble\\Ecommerce\\Models\\Product','2023-11-09 09:20:46','2023-11-09 09:20:46'),(112,'faq_schema_config','[[[{\"key\":\"question\",\"value\":\"What Shipping Methods Are Available?\"},{\"key\":\"answer\",\"value\":\"Ex Portland Pitchfork irure mustache. Eutra fap before they sold out literally. Aliquip ugh bicycle rights actually mlkshk, seitan squid craft beer tempor.\"}],[{\"key\":\"question\",\"value\":\"Do You Ship Internationally?\"},{\"key\":\"answer\",\"value\":\"Hoodie tote bag mixtape tofu. Typewriter jean shorts wolf quinoa, messenger bag organic freegan cray.\"}],[{\"key\":\"question\",\"value\":\"How Long Will It Take To Get My Package?\"},{\"key\":\"answer\",\"value\":\"Swag slow-carb quinoa VHS typewriter pork belly brunch, paleo single-origin coffee Wes Anderson. Flexitarian Pitchfork forage, literally paleo fap pour-over. Wes Anderson Pinterest YOLO fanny pack meggings, deep v XOXO chambray sustainable slow-carb raw denim church-key fap chillwave Etsy. +1 typewriter kitsch, American Apparel tofu Banksy Vice.\"}],[{\"key\":\"question\",\"value\":\"What Payment Methods Are Accepted?\"},{\"key\":\"answer\",\"value\":\"Fashion axe DIY jean shorts, swag kale chips meh polaroid kogi butcher Wes Anderson chambray next level semiotics gentrify yr. Voluptate photo booth fugiat Vice. Austin sed Williamsburg, ea labore raw denim voluptate cred proident mixtape excepteur mustache. Twee chia photo booth readymade food truck, hoodie roof party swag keytar PBR DIY.\"}],[{\"key\":\"question\",\"value\":\"Is Buying On-Line Safe?\"},{\"key\":\"answer\",\"value\":\"Art party authentic freegan semiotics jean shorts chia cred. Neutra Austin roof party Brooklyn, synth Thundercats swag 8-bit photo booth. Plaid letterpress leggings craft beer meh ethical Pinterest.\"}]]]',23,'Botble\\Ecommerce\\Models\\Product','2023-11-09 09:20:46','2023-11-09 09:20:46'),(113,'faq_schema_config','[[[{\"key\":\"question\",\"value\":\"What Shipping Methods Are Available?\"},{\"key\":\"answer\",\"value\":\"Ex Portland Pitchfork irure mustache. Eutra fap before they sold out literally. Aliquip ugh bicycle rights actually mlkshk, seitan squid craft beer tempor.\"}],[{\"key\":\"question\",\"value\":\"Do You Ship Internationally?\"},{\"key\":\"answer\",\"value\":\"Hoodie tote bag mixtape tofu. Typewriter jean shorts wolf quinoa, messenger bag organic freegan cray.\"}],[{\"key\":\"question\",\"value\":\"How Long Will It Take To Get My Package?\"},{\"key\":\"answer\",\"value\":\"Swag slow-carb quinoa VHS typewriter pork belly brunch, paleo single-origin coffee Wes Anderson. Flexitarian Pitchfork forage, literally paleo fap pour-over. Wes Anderson Pinterest YOLO fanny pack meggings, deep v XOXO chambray sustainable slow-carb raw denim church-key fap chillwave Etsy. +1 typewriter kitsch, American Apparel tofu Banksy Vice.\"}],[{\"key\":\"question\",\"value\":\"What Payment Methods Are Accepted?\"},{\"key\":\"answer\",\"value\":\"Fashion axe DIY jean shorts, swag kale chips meh polaroid kogi butcher Wes Anderson chambray next level semiotics gentrify yr. Voluptate photo booth fugiat Vice. Austin sed Williamsburg, ea labore raw denim voluptate cred proident mixtape excepteur mustache. Twee chia photo booth readymade food truck, hoodie roof party swag keytar PBR DIY.\"}],[{\"key\":\"question\",\"value\":\"Is Buying On-Line Safe?\"},{\"key\":\"answer\",\"value\":\"Art party authentic freegan semiotics jean shorts chia cred. Neutra Austin roof party Brooklyn, synth Thundercats swag 8-bit photo booth. Plaid letterpress leggings craft beer meh ethical Pinterest.\"}]]]',24,'Botble\\Ecommerce\\Models\\Product','2023-11-09 09:20:46','2023-11-09 09:20:46'),(114,'faq_schema_config','[[[{\"key\":\"question\",\"value\":\"What Shipping Methods Are Available?\"},{\"key\":\"answer\",\"value\":\"Ex Portland Pitchfork irure mustache. Eutra fap before they sold out literally. Aliquip ugh bicycle rights actually mlkshk, seitan squid craft beer tempor.\"}],[{\"key\":\"question\",\"value\":\"Do You Ship Internationally?\"},{\"key\":\"answer\",\"value\":\"Hoodie tote bag mixtape tofu. Typewriter jean shorts wolf quinoa, messenger bag organic freegan cray.\"}],[{\"key\":\"question\",\"value\":\"How Long Will It Take To Get My Package?\"},{\"key\":\"answer\",\"value\":\"Swag slow-carb quinoa VHS typewriter pork belly brunch, paleo single-origin coffee Wes Anderson. Flexitarian Pitchfork forage, literally paleo fap pour-over. Wes Anderson Pinterest YOLO fanny pack meggings, deep v XOXO chambray sustainable slow-carb raw denim church-key fap chillwave Etsy. +1 typewriter kitsch, American Apparel tofu Banksy Vice.\"}],[{\"key\":\"question\",\"value\":\"What Payment Methods Are Accepted?\"},{\"key\":\"answer\",\"value\":\"Fashion axe DIY jean shorts, swag kale chips meh polaroid kogi butcher Wes Anderson chambray next level semiotics gentrify yr. Voluptate photo booth fugiat Vice. Austin sed Williamsburg, ea labore raw denim voluptate cred proident mixtape excepteur mustache. Twee chia photo booth readymade food truck, hoodie roof party swag keytar PBR DIY.\"}],[{\"key\":\"question\",\"value\":\"Is Buying On-Line Safe?\"},{\"key\":\"answer\",\"value\":\"Art party authentic freegan semiotics jean shorts chia cred. Neutra Austin roof party Brooklyn, synth Thundercats swag 8-bit photo booth. Plaid letterpress leggings craft beer meh ethical Pinterest.\"}]]]',25,'Botble\\Ecommerce\\Models\\Product','2023-11-09 09:20:46','2023-11-09 09:20:46'),(115,'faq_schema_config','[[[{\"key\":\"question\",\"value\":\"What Shipping Methods Are Available?\"},{\"key\":\"answer\",\"value\":\"Ex Portland Pitchfork irure mustache. Eutra fap before they sold out literally. Aliquip ugh bicycle rights actually mlkshk, seitan squid craft beer tempor.\"}],[{\"key\":\"question\",\"value\":\"Do You Ship Internationally?\"},{\"key\":\"answer\",\"value\":\"Hoodie tote bag mixtape tofu. Typewriter jean shorts wolf quinoa, messenger bag organic freegan cray.\"}],[{\"key\":\"question\",\"value\":\"How Long Will It Take To Get My Package?\"},{\"key\":\"answer\",\"value\":\"Swag slow-carb quinoa VHS typewriter pork belly brunch, paleo single-origin coffee Wes Anderson. Flexitarian Pitchfork forage, literally paleo fap pour-over. Wes Anderson Pinterest YOLO fanny pack meggings, deep v XOXO chambray sustainable slow-carb raw denim church-key fap chillwave Etsy. +1 typewriter kitsch, American Apparel tofu Banksy Vice.\"}],[{\"key\":\"question\",\"value\":\"What Payment Methods Are Accepted?\"},{\"key\":\"answer\",\"value\":\"Fashion axe DIY jean shorts, swag kale chips meh polaroid kogi butcher Wes Anderson chambray next level semiotics gentrify yr. Voluptate photo booth fugiat Vice. Austin sed Williamsburg, ea labore raw denim voluptate cred proident mixtape excepteur mustache. Twee chia photo booth readymade food truck, hoodie roof party swag keytar PBR DIY.\"}],[{\"key\":\"question\",\"value\":\"Is Buying On-Line Safe?\"},{\"key\":\"answer\",\"value\":\"Art party authentic freegan semiotics jean shorts chia cred. Neutra Austin roof party Brooklyn, synth Thundercats swag 8-bit photo booth. Plaid letterpress leggings craft beer meh ethical Pinterest.\"}]]]',26,'Botble\\Ecommerce\\Models\\Product','2023-11-09 09:20:46','2023-11-09 09:20:46'),(116,'faq_schema_config','[[[{\"key\":\"question\",\"value\":\"What Shipping Methods Are Available?\"},{\"key\":\"answer\",\"value\":\"Ex Portland Pitchfork irure mustache. Eutra fap before they sold out literally. Aliquip ugh bicycle rights actually mlkshk, seitan squid craft beer tempor.\"}],[{\"key\":\"question\",\"value\":\"Do You Ship Internationally?\"},{\"key\":\"answer\",\"value\":\"Hoodie tote bag mixtape tofu. Typewriter jean shorts wolf quinoa, messenger bag organic freegan cray.\"}],[{\"key\":\"question\",\"value\":\"How Long Will It Take To Get My Package?\"},{\"key\":\"answer\",\"value\":\"Swag slow-carb quinoa VHS typewriter pork belly brunch, paleo single-origin coffee Wes Anderson. Flexitarian Pitchfork forage, literally paleo fap pour-over. Wes Anderson Pinterest YOLO fanny pack meggings, deep v XOXO chambray sustainable slow-carb raw denim church-key fap chillwave Etsy. +1 typewriter kitsch, American Apparel tofu Banksy Vice.\"}],[{\"key\":\"question\",\"value\":\"What Payment Methods Are Accepted?\"},{\"key\":\"answer\",\"value\":\"Fashion axe DIY jean shorts, swag kale chips meh polaroid kogi butcher Wes Anderson chambray next level semiotics gentrify yr. Voluptate photo booth fugiat Vice. Austin sed Williamsburg, ea labore raw denim voluptate cred proident mixtape excepteur mustache. Twee chia photo booth readymade food truck, hoodie roof party swag keytar PBR DIY.\"}],[{\"key\":\"question\",\"value\":\"Is Buying On-Line Safe?\"},{\"key\":\"answer\",\"value\":\"Art party authentic freegan semiotics jean shorts chia cred. Neutra Austin roof party Brooklyn, synth Thundercats swag 8-bit photo booth. Plaid letterpress leggings craft beer meh ethical Pinterest.\"}]]]',27,'Botble\\Ecommerce\\Models\\Product','2023-11-09 09:20:46','2023-11-09 09:20:46'),(117,'faq_schema_config','[[[{\"key\":\"question\",\"value\":\"What Shipping Methods Are Available?\"},{\"key\":\"answer\",\"value\":\"Ex Portland Pitchfork irure mustache. Eutra fap before they sold out literally. Aliquip ugh bicycle rights actually mlkshk, seitan squid craft beer tempor.\"}],[{\"key\":\"question\",\"value\":\"Do You Ship Internationally?\"},{\"key\":\"answer\",\"value\":\"Hoodie tote bag mixtape tofu. Typewriter jean shorts wolf quinoa, messenger bag organic freegan cray.\"}],[{\"key\":\"question\",\"value\":\"How Long Will It Take To Get My Package?\"},{\"key\":\"answer\",\"value\":\"Swag slow-carb quinoa VHS typewriter pork belly brunch, paleo single-origin coffee Wes Anderson. Flexitarian Pitchfork forage, literally paleo fap pour-over. Wes Anderson Pinterest YOLO fanny pack meggings, deep v XOXO chambray sustainable slow-carb raw denim church-key fap chillwave Etsy. +1 typewriter kitsch, American Apparel tofu Banksy Vice.\"}],[{\"key\":\"question\",\"value\":\"What Payment Methods Are Accepted?\"},{\"key\":\"answer\",\"value\":\"Fashion axe DIY jean shorts, swag kale chips meh polaroid kogi butcher Wes Anderson chambray next level semiotics gentrify yr. Voluptate photo booth fugiat Vice. Austin sed Williamsburg, ea labore raw denim voluptate cred proident mixtape excepteur mustache. Twee chia photo booth readymade food truck, hoodie roof party swag keytar PBR DIY.\"}],[{\"key\":\"question\",\"value\":\"Is Buying On-Line Safe?\"},{\"key\":\"answer\",\"value\":\"Art party authentic freegan semiotics jean shorts chia cred. Neutra Austin roof party Brooklyn, synth Thundercats swag 8-bit photo booth. Plaid letterpress leggings craft beer meh ethical Pinterest.\"}]]]',28,'Botble\\Ecommerce\\Models\\Product','2023-11-09 09:20:46','2023-11-09 09:20:46'),(118,'faq_schema_config','[[[{\"key\":\"question\",\"value\":\"What Shipping Methods Are Available?\"},{\"key\":\"answer\",\"value\":\"Ex Portland Pitchfork irure mustache. Eutra fap before they sold out literally. Aliquip ugh bicycle rights actually mlkshk, seitan squid craft beer tempor.\"}],[{\"key\":\"question\",\"value\":\"Do You Ship Internationally?\"},{\"key\":\"answer\",\"value\":\"Hoodie tote bag mixtape tofu. Typewriter jean shorts wolf quinoa, messenger bag organic freegan cray.\"}],[{\"key\":\"question\",\"value\":\"How Long Will It Take To Get My Package?\"},{\"key\":\"answer\",\"value\":\"Swag slow-carb quinoa VHS typewriter pork belly brunch, paleo single-origin coffee Wes Anderson. Flexitarian Pitchfork forage, literally paleo fap pour-over. Wes Anderson Pinterest YOLO fanny pack meggings, deep v XOXO chambray sustainable slow-carb raw denim church-key fap chillwave Etsy. +1 typewriter kitsch, American Apparel tofu Banksy Vice.\"}],[{\"key\":\"question\",\"value\":\"What Payment Methods Are Accepted?\"},{\"key\":\"answer\",\"value\":\"Fashion axe DIY jean shorts, swag kale chips meh polaroid kogi butcher Wes Anderson chambray next level semiotics gentrify yr. Voluptate photo booth fugiat Vice. Austin sed Williamsburg, ea labore raw denim voluptate cred proident mixtape excepteur mustache. Twee chia photo booth readymade food truck, hoodie roof party swag keytar PBR DIY.\"}],[{\"key\":\"question\",\"value\":\"Is Buying On-Line Safe?\"},{\"key\":\"answer\",\"value\":\"Art party authentic freegan semiotics jean shorts chia cred. Neutra Austin roof party Brooklyn, synth Thundercats swag 8-bit photo booth. Plaid letterpress leggings craft beer meh ethical Pinterest.\"}]]]',29,'Botble\\Ecommerce\\Models\\Product','2023-11-09 09:20:46','2023-11-09 09:20:46'),(119,'faq_schema_config','[[[{\"key\":\"question\",\"value\":\"What Shipping Methods Are Available?\"},{\"key\":\"answer\",\"value\":\"Ex Portland Pitchfork irure mustache. Eutra fap before they sold out literally. Aliquip ugh bicycle rights actually mlkshk, seitan squid craft beer tempor.\"}],[{\"key\":\"question\",\"value\":\"Do You Ship Internationally?\"},{\"key\":\"answer\",\"value\":\"Hoodie tote bag mixtape tofu. Typewriter jean shorts wolf quinoa, messenger bag organic freegan cray.\"}],[{\"key\":\"question\",\"value\":\"How Long Will It Take To Get My Package?\"},{\"key\":\"answer\",\"value\":\"Swag slow-carb quinoa VHS typewriter pork belly brunch, paleo single-origin coffee Wes Anderson. Flexitarian Pitchfork forage, literally paleo fap pour-over. Wes Anderson Pinterest YOLO fanny pack meggings, deep v XOXO chambray sustainable slow-carb raw denim church-key fap chillwave Etsy. +1 typewriter kitsch, American Apparel tofu Banksy Vice.\"}],[{\"key\":\"question\",\"value\":\"What Payment Methods Are Accepted?\"},{\"key\":\"answer\",\"value\":\"Fashion axe DIY jean shorts, swag kale chips meh polaroid kogi butcher Wes Anderson chambray next level semiotics gentrify yr. Voluptate photo booth fugiat Vice. Austin sed Williamsburg, ea labore raw denim voluptate cred proident mixtape excepteur mustache. Twee chia photo booth readymade food truck, hoodie roof party swag keytar PBR DIY.\"}],[{\"key\":\"question\",\"value\":\"Is Buying On-Line Safe?\"},{\"key\":\"answer\",\"value\":\"Art party authentic freegan semiotics jean shorts chia cred. Neutra Austin roof party Brooklyn, synth Thundercats swag 8-bit photo booth. Plaid letterpress leggings craft beer meh ethical Pinterest.\"}]]]',30,'Botble\\Ecommerce\\Models\\Product','2023-11-09 09:20:46','2023-11-09 09:20:46'),(120,'faq_schema_config','[[[{\"key\":\"question\",\"value\":\"What Shipping Methods Are Available?\"},{\"key\":\"answer\",\"value\":\"Ex Portland Pitchfork irure mustache. Eutra fap before they sold out literally. Aliquip ugh bicycle rights actually mlkshk, seitan squid craft beer tempor.\"}],[{\"key\":\"question\",\"value\":\"Do You Ship Internationally?\"},{\"key\":\"answer\",\"value\":\"Hoodie tote bag mixtape tofu. Typewriter jean shorts wolf quinoa, messenger bag organic freegan cray.\"}],[{\"key\":\"question\",\"value\":\"How Long Will It Take To Get My Package?\"},{\"key\":\"answer\",\"value\":\"Swag slow-carb quinoa VHS typewriter pork belly brunch, paleo single-origin coffee Wes Anderson. Flexitarian Pitchfork forage, literally paleo fap pour-over. Wes Anderson Pinterest YOLO fanny pack meggings, deep v XOXO chambray sustainable slow-carb raw denim church-key fap chillwave Etsy. +1 typewriter kitsch, American Apparel tofu Banksy Vice.\"}],[{\"key\":\"question\",\"value\":\"What Payment Methods Are Accepted?\"},{\"key\":\"answer\",\"value\":\"Fashion axe DIY jean shorts, swag kale chips meh polaroid kogi butcher Wes Anderson chambray next level semiotics gentrify yr. Voluptate photo booth fugiat Vice. Austin sed Williamsburg, ea labore raw denim voluptate cred proident mixtape excepteur mustache. Twee chia photo booth readymade food truck, hoodie roof party swag keytar PBR DIY.\"}],[{\"key\":\"question\",\"value\":\"Is Buying On-Line Safe?\"},{\"key\":\"answer\",\"value\":\"Art party authentic freegan semiotics jean shorts chia cred. Neutra Austin roof party Brooklyn, synth Thundercats swag 8-bit photo booth. Plaid letterpress leggings craft beer meh ethical Pinterest.\"}]]]',31,'Botble\\Ecommerce\\Models\\Product','2023-11-09 09:20:46','2023-11-09 09:20:46'),(121,'faq_schema_config','[[[{\"key\":\"question\",\"value\":\"What Shipping Methods Are Available?\"},{\"key\":\"answer\",\"value\":\"Ex Portland Pitchfork irure mustache. Eutra fap before they sold out literally. Aliquip ugh bicycle rights actually mlkshk, seitan squid craft beer tempor.\"}],[{\"key\":\"question\",\"value\":\"Do You Ship Internationally?\"},{\"key\":\"answer\",\"value\":\"Hoodie tote bag mixtape tofu. Typewriter jean shorts wolf quinoa, messenger bag organic freegan cray.\"}],[{\"key\":\"question\",\"value\":\"How Long Will It Take To Get My Package?\"},{\"key\":\"answer\",\"value\":\"Swag slow-carb quinoa VHS typewriter pork belly brunch, paleo single-origin coffee Wes Anderson. Flexitarian Pitchfork forage, literally paleo fap pour-over. Wes Anderson Pinterest YOLO fanny pack meggings, deep v XOXO chambray sustainable slow-carb raw denim church-key fap chillwave Etsy. +1 typewriter kitsch, American Apparel tofu Banksy Vice.\"}],[{\"key\":\"question\",\"value\":\"What Payment Methods Are Accepted?\"},{\"key\":\"answer\",\"value\":\"Fashion axe DIY jean shorts, swag kale chips meh polaroid kogi butcher Wes Anderson chambray next level semiotics gentrify yr. Voluptate photo booth fugiat Vice. Austin sed Williamsburg, ea labore raw denim voluptate cred proident mixtape excepteur mustache. Twee chia photo booth readymade food truck, hoodie roof party swag keytar PBR DIY.\"}],[{\"key\":\"question\",\"value\":\"Is Buying On-Line Safe?\"},{\"key\":\"answer\",\"value\":\"Art party authentic freegan semiotics jean shorts chia cred. Neutra Austin roof party Brooklyn, synth Thundercats swag 8-bit photo booth. Plaid letterpress leggings craft beer meh ethical Pinterest.\"}]]]',32,'Botble\\Ecommerce\\Models\\Product','2023-11-09 09:20:46','2023-11-09 09:20:46'),(122,'faq_schema_config','[[[{\"key\":\"question\",\"value\":\"What Shipping Methods Are Available?\"},{\"key\":\"answer\",\"value\":\"Ex Portland Pitchfork irure mustache. Eutra fap before they sold out literally. Aliquip ugh bicycle rights actually mlkshk, seitan squid craft beer tempor.\"}],[{\"key\":\"question\",\"value\":\"Do You Ship Internationally?\"},{\"key\":\"answer\",\"value\":\"Hoodie tote bag mixtape tofu. Typewriter jean shorts wolf quinoa, messenger bag organic freegan cray.\"}],[{\"key\":\"question\",\"value\":\"How Long Will It Take To Get My Package?\"},{\"key\":\"answer\",\"value\":\"Swag slow-carb quinoa VHS typewriter pork belly brunch, paleo single-origin coffee Wes Anderson. Flexitarian Pitchfork forage, literally paleo fap pour-over. Wes Anderson Pinterest YOLO fanny pack meggings, deep v XOXO chambray sustainable slow-carb raw denim church-key fap chillwave Etsy. +1 typewriter kitsch, American Apparel tofu Banksy Vice.\"}],[{\"key\":\"question\",\"value\":\"What Payment Methods Are Accepted?\"},{\"key\":\"answer\",\"value\":\"Fashion axe DIY jean shorts, swag kale chips meh polaroid kogi butcher Wes Anderson chambray next level semiotics gentrify yr. Voluptate photo booth fugiat Vice. Austin sed Williamsburg, ea labore raw denim voluptate cred proident mixtape excepteur mustache. Twee chia photo booth readymade food truck, hoodie roof party swag keytar PBR DIY.\"}],[{\"key\":\"question\",\"value\":\"Is Buying On-Line Safe?\"},{\"key\":\"answer\",\"value\":\"Art party authentic freegan semiotics jean shorts chia cred. Neutra Austin roof party Brooklyn, synth Thundercats swag 8-bit photo booth. Plaid letterpress leggings craft beer meh ethical Pinterest.\"}]]]',33,'Botble\\Ecommerce\\Models\\Product','2023-11-09 09:20:46','2023-11-09 09:20:46'),(123,'faq_schema_config','[[[{\"key\":\"question\",\"value\":\"What Shipping Methods Are Available?\"},{\"key\":\"answer\",\"value\":\"Ex Portland Pitchfork irure mustache. Eutra fap before they sold out literally. Aliquip ugh bicycle rights actually mlkshk, seitan squid craft beer tempor.\"}],[{\"key\":\"question\",\"value\":\"Do You Ship Internationally?\"},{\"key\":\"answer\",\"value\":\"Hoodie tote bag mixtape tofu. Typewriter jean shorts wolf quinoa, messenger bag organic freegan cray.\"}],[{\"key\":\"question\",\"value\":\"How Long Will It Take To Get My Package?\"},{\"key\":\"answer\",\"value\":\"Swag slow-carb quinoa VHS typewriter pork belly brunch, paleo single-origin coffee Wes Anderson. Flexitarian Pitchfork forage, literally paleo fap pour-over. Wes Anderson Pinterest YOLO fanny pack meggings, deep v XOXO chambray sustainable slow-carb raw denim church-key fap chillwave Etsy. +1 typewriter kitsch, American Apparel tofu Banksy Vice.\"}],[{\"key\":\"question\",\"value\":\"What Payment Methods Are Accepted?\"},{\"key\":\"answer\",\"value\":\"Fashion axe DIY jean shorts, swag kale chips meh polaroid kogi butcher Wes Anderson chambray next level semiotics gentrify yr. Voluptate photo booth fugiat Vice. Austin sed Williamsburg, ea labore raw denim voluptate cred proident mixtape excepteur mustache. Twee chia photo booth readymade food truck, hoodie roof party swag keytar PBR DIY.\"}],[{\"key\":\"question\",\"value\":\"Is Buying On-Line Safe?\"},{\"key\":\"answer\",\"value\":\"Art party authentic freegan semiotics jean shorts chia cred. Neutra Austin roof party Brooklyn, synth Thundercats swag 8-bit photo booth. Plaid letterpress leggings craft beer meh ethical Pinterest.\"}]]]',34,'Botble\\Ecommerce\\Models\\Product','2023-11-09 09:20:46','2023-11-09 09:20:46'),(124,'faq_schema_config','[[[{\"key\":\"question\",\"value\":\"What Shipping Methods Are Available?\"},{\"key\":\"answer\",\"value\":\"Ex Portland Pitchfork irure mustache. Eutra fap before they sold out literally. Aliquip ugh bicycle rights actually mlkshk, seitan squid craft beer tempor.\"}],[{\"key\":\"question\",\"value\":\"Do You Ship Internationally?\"},{\"key\":\"answer\",\"value\":\"Hoodie tote bag mixtape tofu. Typewriter jean shorts wolf quinoa, messenger bag organic freegan cray.\"}],[{\"key\":\"question\",\"value\":\"How Long Will It Take To Get My Package?\"},{\"key\":\"answer\",\"value\":\"Swag slow-carb quinoa VHS typewriter pork belly brunch, paleo single-origin coffee Wes Anderson. Flexitarian Pitchfork forage, literally paleo fap pour-over. Wes Anderson Pinterest YOLO fanny pack meggings, deep v XOXO chambray sustainable slow-carb raw denim church-key fap chillwave Etsy. +1 typewriter kitsch, American Apparel tofu Banksy Vice.\"}],[{\"key\":\"question\",\"value\":\"What Payment Methods Are Accepted?\"},{\"key\":\"answer\",\"value\":\"Fashion axe DIY jean shorts, swag kale chips meh polaroid kogi butcher Wes Anderson chambray next level semiotics gentrify yr. Voluptate photo booth fugiat Vice. Austin sed Williamsburg, ea labore raw denim voluptate cred proident mixtape excepteur mustache. Twee chia photo booth readymade food truck, hoodie roof party swag keytar PBR DIY.\"}],[{\"key\":\"question\",\"value\":\"Is Buying On-Line Safe?\"},{\"key\":\"answer\",\"value\":\"Art party authentic freegan semiotics jean shorts chia cred. Neutra Austin roof party Brooklyn, synth Thundercats swag 8-bit photo booth. Plaid letterpress leggings craft beer meh ethical Pinterest.\"}]]]',35,'Botble\\Ecommerce\\Models\\Product','2023-11-09 09:20:46','2023-11-09 09:20:46'),(125,'faq_schema_config','[[[{\"key\":\"question\",\"value\":\"What Shipping Methods Are Available?\"},{\"key\":\"answer\",\"value\":\"Ex Portland Pitchfork irure mustache. Eutra fap before they sold out literally. Aliquip ugh bicycle rights actually mlkshk, seitan squid craft beer tempor.\"}],[{\"key\":\"question\",\"value\":\"Do You Ship Internationally?\"},{\"key\":\"answer\",\"value\":\"Hoodie tote bag mixtape tofu. Typewriter jean shorts wolf quinoa, messenger bag organic freegan cray.\"}],[{\"key\":\"question\",\"value\":\"How Long Will It Take To Get My Package?\"},{\"key\":\"answer\",\"value\":\"Swag slow-carb quinoa VHS typewriter pork belly brunch, paleo single-origin coffee Wes Anderson. Flexitarian Pitchfork forage, literally paleo fap pour-over. Wes Anderson Pinterest YOLO fanny pack meggings, deep v XOXO chambray sustainable slow-carb raw denim church-key fap chillwave Etsy. +1 typewriter kitsch, American Apparel tofu Banksy Vice.\"}],[{\"key\":\"question\",\"value\":\"What Payment Methods Are Accepted?\"},{\"key\":\"answer\",\"value\":\"Fashion axe DIY jean shorts, swag kale chips meh polaroid kogi butcher Wes Anderson chambray next level semiotics gentrify yr. Voluptate photo booth fugiat Vice. Austin sed Williamsburg, ea labore raw denim voluptate cred proident mixtape excepteur mustache. Twee chia photo booth readymade food truck, hoodie roof party swag keytar PBR DIY.\"}],[{\"key\":\"question\",\"value\":\"Is Buying On-Line Safe?\"},{\"key\":\"answer\",\"value\":\"Art party authentic freegan semiotics jean shorts chia cred. Neutra Austin roof party Brooklyn, synth Thundercats swag 8-bit photo booth. Plaid letterpress leggings craft beer meh ethical Pinterest.\"}]]]',36,'Botble\\Ecommerce\\Models\\Product','2023-11-09 09:20:46','2023-11-09 09:20:46'),(126,'faq_schema_config','[[[{\"key\":\"question\",\"value\":\"What Shipping Methods Are Available?\"},{\"key\":\"answer\",\"value\":\"Ex Portland Pitchfork irure mustache. Eutra fap before they sold out literally. Aliquip ugh bicycle rights actually mlkshk, seitan squid craft beer tempor.\"}],[{\"key\":\"question\",\"value\":\"Do You Ship Internationally?\"},{\"key\":\"answer\",\"value\":\"Hoodie tote bag mixtape tofu. Typewriter jean shorts wolf quinoa, messenger bag organic freegan cray.\"}],[{\"key\":\"question\",\"value\":\"How Long Will It Take To Get My Package?\"},{\"key\":\"answer\",\"value\":\"Swag slow-carb quinoa VHS typewriter pork belly brunch, paleo single-origin coffee Wes Anderson. Flexitarian Pitchfork forage, literally paleo fap pour-over. Wes Anderson Pinterest YOLO fanny pack meggings, deep v XOXO chambray sustainable slow-carb raw denim church-key fap chillwave Etsy. +1 typewriter kitsch, American Apparel tofu Banksy Vice.\"}],[{\"key\":\"question\",\"value\":\"What Payment Methods Are Accepted?\"},{\"key\":\"answer\",\"value\":\"Fashion axe DIY jean shorts, swag kale chips meh polaroid kogi butcher Wes Anderson chambray next level semiotics gentrify yr. Voluptate photo booth fugiat Vice. Austin sed Williamsburg, ea labore raw denim voluptate cred proident mixtape excepteur mustache. Twee chia photo booth readymade food truck, hoodie roof party swag keytar PBR DIY.\"}],[{\"key\":\"question\",\"value\":\"Is Buying On-Line Safe?\"},{\"key\":\"answer\",\"value\":\"Art party authentic freegan semiotics jean shorts chia cred. Neutra Austin roof party Brooklyn, synth Thundercats swag 8-bit photo booth. Plaid letterpress leggings craft beer meh ethical Pinterest.\"}]]]',37,'Botble\\Ecommerce\\Models\\Product','2023-11-09 09:20:46','2023-11-09 09:20:46'),(127,'faq_schema_config','[[[{\"key\":\"question\",\"value\":\"What Shipping Methods Are Available?\"},{\"key\":\"answer\",\"value\":\"Ex Portland Pitchfork irure mustache. Eutra fap before they sold out literally. Aliquip ugh bicycle rights actually mlkshk, seitan squid craft beer tempor.\"}],[{\"key\":\"question\",\"value\":\"Do You Ship Internationally?\"},{\"key\":\"answer\",\"value\":\"Hoodie tote bag mixtape tofu. Typewriter jean shorts wolf quinoa, messenger bag organic freegan cray.\"}],[{\"key\":\"question\",\"value\":\"How Long Will It Take To Get My Package?\"},{\"key\":\"answer\",\"value\":\"Swag slow-carb quinoa VHS typewriter pork belly brunch, paleo single-origin coffee Wes Anderson. Flexitarian Pitchfork forage, literally paleo fap pour-over. Wes Anderson Pinterest YOLO fanny pack meggings, deep v XOXO chambray sustainable slow-carb raw denim church-key fap chillwave Etsy. +1 typewriter kitsch, American Apparel tofu Banksy Vice.\"}],[{\"key\":\"question\",\"value\":\"What Payment Methods Are Accepted?\"},{\"key\":\"answer\",\"value\":\"Fashion axe DIY jean shorts, swag kale chips meh polaroid kogi butcher Wes Anderson chambray next level semiotics gentrify yr. Voluptate photo booth fugiat Vice. Austin sed Williamsburg, ea labore raw denim voluptate cred proident mixtape excepteur mustache. Twee chia photo booth readymade food truck, hoodie roof party swag keytar PBR DIY.\"}],[{\"key\":\"question\",\"value\":\"Is Buying On-Line Safe?\"},{\"key\":\"answer\",\"value\":\"Art party authentic freegan semiotics jean shorts chia cred. Neutra Austin roof party Brooklyn, synth Thundercats swag 8-bit photo booth. Plaid letterpress leggings craft beer meh ethical Pinterest.\"}]]]',38,'Botble\\Ecommerce\\Models\\Product','2023-11-09 09:20:46','2023-11-09 09:20:46'),(128,'faq_schema_config','[[[{\"key\":\"question\",\"value\":\"What Shipping Methods Are Available?\"},{\"key\":\"answer\",\"value\":\"Ex Portland Pitchfork irure mustache. Eutra fap before they sold out literally. Aliquip ugh bicycle rights actually mlkshk, seitan squid craft beer tempor.\"}],[{\"key\":\"question\",\"value\":\"Do You Ship Internationally?\"},{\"key\":\"answer\",\"value\":\"Hoodie tote bag mixtape tofu. Typewriter jean shorts wolf quinoa, messenger bag organic freegan cray.\"}],[{\"key\":\"question\",\"value\":\"How Long Will It Take To Get My Package?\"},{\"key\":\"answer\",\"value\":\"Swag slow-carb quinoa VHS typewriter pork belly brunch, paleo single-origin coffee Wes Anderson. Flexitarian Pitchfork forage, literally paleo fap pour-over. Wes Anderson Pinterest YOLO fanny pack meggings, deep v XOXO chambray sustainable slow-carb raw denim church-key fap chillwave Etsy. +1 typewriter kitsch, American Apparel tofu Banksy Vice.\"}],[{\"key\":\"question\",\"value\":\"What Payment Methods Are Accepted?\"},{\"key\":\"answer\",\"value\":\"Fashion axe DIY jean shorts, swag kale chips meh polaroid kogi butcher Wes Anderson chambray next level semiotics gentrify yr. Voluptate photo booth fugiat Vice. Austin sed Williamsburg, ea labore raw denim voluptate cred proident mixtape excepteur mustache. Twee chia photo booth readymade food truck, hoodie roof party swag keytar PBR DIY.\"}],[{\"key\":\"question\",\"value\":\"Is Buying On-Line Safe?\"},{\"key\":\"answer\",\"value\":\"Art party authentic freegan semiotics jean shorts chia cred. Neutra Austin roof party Brooklyn, synth Thundercats swag 8-bit photo booth. Plaid letterpress leggings craft beer meh ethical Pinterest.\"}]]]',39,'Botble\\Ecommerce\\Models\\Product','2023-11-09 09:20:46','2023-11-09 09:20:46'),(129,'faq_schema_config','[[[{\"key\":\"question\",\"value\":\"What Shipping Methods Are Available?\"},{\"key\":\"answer\",\"value\":\"Ex Portland Pitchfork irure mustache. Eutra fap before they sold out literally. Aliquip ugh bicycle rights actually mlkshk, seitan squid craft beer tempor.\"}],[{\"key\":\"question\",\"value\":\"Do You Ship Internationally?\"},{\"key\":\"answer\",\"value\":\"Hoodie tote bag mixtape tofu. Typewriter jean shorts wolf quinoa, messenger bag organic freegan cray.\"}],[{\"key\":\"question\",\"value\":\"How Long Will It Take To Get My Package?\"},{\"key\":\"answer\",\"value\":\"Swag slow-carb quinoa VHS typewriter pork belly brunch, paleo single-origin coffee Wes Anderson. Flexitarian Pitchfork forage, literally paleo fap pour-over. Wes Anderson Pinterest YOLO fanny pack meggings, deep v XOXO chambray sustainable slow-carb raw denim church-key fap chillwave Etsy. +1 typewriter kitsch, American Apparel tofu Banksy Vice.\"}],[{\"key\":\"question\",\"value\":\"What Payment Methods Are Accepted?\"},{\"key\":\"answer\",\"value\":\"Fashion axe DIY jean shorts, swag kale chips meh polaroid kogi butcher Wes Anderson chambray next level semiotics gentrify yr. Voluptate photo booth fugiat Vice. Austin sed Williamsburg, ea labore raw denim voluptate cred proident mixtape excepteur mustache. Twee chia photo booth readymade food truck, hoodie roof party swag keytar PBR DIY.\"}],[{\"key\":\"question\",\"value\":\"Is Buying On-Line Safe?\"},{\"key\":\"answer\",\"value\":\"Art party authentic freegan semiotics jean shorts chia cred. Neutra Austin roof party Brooklyn, synth Thundercats swag 8-bit photo booth. Plaid letterpress leggings craft beer meh ethical Pinterest.\"}]]]',40,'Botble\\Ecommerce\\Models\\Product','2023-11-09 09:20:46','2023-11-09 09:20:46'),(130,'faq_schema_config','[[[{\"key\":\"question\",\"value\":\"What Shipping Methods Are Available?\"},{\"key\":\"answer\",\"value\":\"Ex Portland Pitchfork irure mustache. Eutra fap before they sold out literally. Aliquip ugh bicycle rights actually mlkshk, seitan squid craft beer tempor.\"}],[{\"key\":\"question\",\"value\":\"Do You Ship Internationally?\"},{\"key\":\"answer\",\"value\":\"Hoodie tote bag mixtape tofu. Typewriter jean shorts wolf quinoa, messenger bag organic freegan cray.\"}],[{\"key\":\"question\",\"value\":\"How Long Will It Take To Get My Package?\"},{\"key\":\"answer\",\"value\":\"Swag slow-carb quinoa VHS typewriter pork belly brunch, paleo single-origin coffee Wes Anderson. Flexitarian Pitchfork forage, literally paleo fap pour-over. Wes Anderson Pinterest YOLO fanny pack meggings, deep v XOXO chambray sustainable slow-carb raw denim church-key fap chillwave Etsy. +1 typewriter kitsch, American Apparel tofu Banksy Vice.\"}],[{\"key\":\"question\",\"value\":\"What Payment Methods Are Accepted?\"},{\"key\":\"answer\",\"value\":\"Fashion axe DIY jean shorts, swag kale chips meh polaroid kogi butcher Wes Anderson chambray next level semiotics gentrify yr. Voluptate photo booth fugiat Vice. Austin sed Williamsburg, ea labore raw denim voluptate cred proident mixtape excepteur mustache. Twee chia photo booth readymade food truck, hoodie roof party swag keytar PBR DIY.\"}],[{\"key\":\"question\",\"value\":\"Is Buying On-Line Safe?\"},{\"key\":\"answer\",\"value\":\"Art party authentic freegan semiotics jean shorts chia cred. Neutra Austin roof party Brooklyn, synth Thundercats swag 8-bit photo booth. Plaid letterpress leggings craft beer meh ethical Pinterest.\"}]]]',41,'Botble\\Ecommerce\\Models\\Product','2023-11-09 09:20:46','2023-11-09 09:20:46'),(131,'faq_schema_config','[[[{\"key\":\"question\",\"value\":\"What Shipping Methods Are Available?\"},{\"key\":\"answer\",\"value\":\"Ex Portland Pitchfork irure mustache. Eutra fap before they sold out literally. Aliquip ugh bicycle rights actually mlkshk, seitan squid craft beer tempor.\"}],[{\"key\":\"question\",\"value\":\"Do You Ship Internationally?\"},{\"key\":\"answer\",\"value\":\"Hoodie tote bag mixtape tofu. Typewriter jean shorts wolf quinoa, messenger bag organic freegan cray.\"}],[{\"key\":\"question\",\"value\":\"How Long Will It Take To Get My Package?\"},{\"key\":\"answer\",\"value\":\"Swag slow-carb quinoa VHS typewriter pork belly brunch, paleo single-origin coffee Wes Anderson. Flexitarian Pitchfork forage, literally paleo fap pour-over. Wes Anderson Pinterest YOLO fanny pack meggings, deep v XOXO chambray sustainable slow-carb raw denim church-key fap chillwave Etsy. +1 typewriter kitsch, American Apparel tofu Banksy Vice.\"}],[{\"key\":\"question\",\"value\":\"What Payment Methods Are Accepted?\"},{\"key\":\"answer\",\"value\":\"Fashion axe DIY jean shorts, swag kale chips meh polaroid kogi butcher Wes Anderson chambray next level semiotics gentrify yr. Voluptate photo booth fugiat Vice. Austin sed Williamsburg, ea labore raw denim voluptate cred proident mixtape excepteur mustache. Twee chia photo booth readymade food truck, hoodie roof party swag keytar PBR DIY.\"}],[{\"key\":\"question\",\"value\":\"Is Buying On-Line Safe?\"},{\"key\":\"answer\",\"value\":\"Art party authentic freegan semiotics jean shorts chia cred. Neutra Austin roof party Brooklyn, synth Thundercats swag 8-bit photo booth. Plaid letterpress leggings craft beer meh ethical Pinterest.\"}]]]',42,'Botble\\Ecommerce\\Models\\Product','2023-11-09 09:20:47','2023-11-09 09:20:47'),(132,'faq_schema_config','[[[{\"key\":\"question\",\"value\":\"What Shipping Methods Are Available?\"},{\"key\":\"answer\",\"value\":\"Ex Portland Pitchfork irure mustache. Eutra fap before they sold out literally. Aliquip ugh bicycle rights actually mlkshk, seitan squid craft beer tempor.\"}],[{\"key\":\"question\",\"value\":\"Do You Ship Internationally?\"},{\"key\":\"answer\",\"value\":\"Hoodie tote bag mixtape tofu. Typewriter jean shorts wolf quinoa, messenger bag organic freegan cray.\"}],[{\"key\":\"question\",\"value\":\"How Long Will It Take To Get My Package?\"},{\"key\":\"answer\",\"value\":\"Swag slow-carb quinoa VHS typewriter pork belly brunch, paleo single-origin coffee Wes Anderson. Flexitarian Pitchfork forage, literally paleo fap pour-over. Wes Anderson Pinterest YOLO fanny pack meggings, deep v XOXO chambray sustainable slow-carb raw denim church-key fap chillwave Etsy. +1 typewriter kitsch, American Apparel tofu Banksy Vice.\"}],[{\"key\":\"question\",\"value\":\"What Payment Methods Are Accepted?\"},{\"key\":\"answer\",\"value\":\"Fashion axe DIY jean shorts, swag kale chips meh polaroid kogi butcher Wes Anderson chambray next level semiotics gentrify yr. Voluptate photo booth fugiat Vice. Austin sed Williamsburg, ea labore raw denim voluptate cred proident mixtape excepteur mustache. Twee chia photo booth readymade food truck, hoodie roof party swag keytar PBR DIY.\"}],[{\"key\":\"question\",\"value\":\"Is Buying On-Line Safe?\"},{\"key\":\"answer\",\"value\":\"Art party authentic freegan semiotics jean shorts chia cred. Neutra Austin roof party Brooklyn, synth Thundercats swag 8-bit photo booth. Plaid letterpress leggings craft beer meh ethical Pinterest.\"}]]]',43,'Botble\\Ecommerce\\Models\\Product','2023-11-09 09:20:47','2023-11-09 09:20:47'),(133,'faq_schema_config','[[[{\"key\":\"question\",\"value\":\"What Shipping Methods Are Available?\"},{\"key\":\"answer\",\"value\":\"Ex Portland Pitchfork irure mustache. Eutra fap before they sold out literally. Aliquip ugh bicycle rights actually mlkshk, seitan squid craft beer tempor.\"}],[{\"key\":\"question\",\"value\":\"Do You Ship Internationally?\"},{\"key\":\"answer\",\"value\":\"Hoodie tote bag mixtape tofu. Typewriter jean shorts wolf quinoa, messenger bag organic freegan cray.\"}],[{\"key\":\"question\",\"value\":\"How Long Will It Take To Get My Package?\"},{\"key\":\"answer\",\"value\":\"Swag slow-carb quinoa VHS typewriter pork belly brunch, paleo single-origin coffee Wes Anderson. Flexitarian Pitchfork forage, literally paleo fap pour-over. Wes Anderson Pinterest YOLO fanny pack meggings, deep v XOXO chambray sustainable slow-carb raw denim church-key fap chillwave Etsy. +1 typewriter kitsch, American Apparel tofu Banksy Vice.\"}],[{\"key\":\"question\",\"value\":\"What Payment Methods Are Accepted?\"},{\"key\":\"answer\",\"value\":\"Fashion axe DIY jean shorts, swag kale chips meh polaroid kogi butcher Wes Anderson chambray next level semiotics gentrify yr. Voluptate photo booth fugiat Vice. Austin sed Williamsburg, ea labore raw denim voluptate cred proident mixtape excepteur mustache. Twee chia photo booth readymade food truck, hoodie roof party swag keytar PBR DIY.\"}],[{\"key\":\"question\",\"value\":\"Is Buying On-Line Safe?\"},{\"key\":\"answer\",\"value\":\"Art party authentic freegan semiotics jean shorts chia cred. Neutra Austin roof party Brooklyn, synth Thundercats swag 8-bit photo booth. Plaid letterpress leggings craft beer meh ethical Pinterest.\"}]]]',44,'Botble\\Ecommerce\\Models\\Product','2023-11-09 09:20:47','2023-11-09 09:20:47'),(134,'faq_schema_config','[[[{\"key\":\"question\",\"value\":\"What Shipping Methods Are Available?\"},{\"key\":\"answer\",\"value\":\"Ex Portland Pitchfork irure mustache. Eutra fap before they sold out literally. Aliquip ugh bicycle rights actually mlkshk, seitan squid craft beer tempor.\"}],[{\"key\":\"question\",\"value\":\"Do You Ship Internationally?\"},{\"key\":\"answer\",\"value\":\"Hoodie tote bag mixtape tofu. Typewriter jean shorts wolf quinoa, messenger bag organic freegan cray.\"}],[{\"key\":\"question\",\"value\":\"How Long Will It Take To Get My Package?\"},{\"key\":\"answer\",\"value\":\"Swag slow-carb quinoa VHS typewriter pork belly brunch, paleo single-origin coffee Wes Anderson. Flexitarian Pitchfork forage, literally paleo fap pour-over. Wes Anderson Pinterest YOLO fanny pack meggings, deep v XOXO chambray sustainable slow-carb raw denim church-key fap chillwave Etsy. +1 typewriter kitsch, American Apparel tofu Banksy Vice.\"}],[{\"key\":\"question\",\"value\":\"What Payment Methods Are Accepted?\"},{\"key\":\"answer\",\"value\":\"Fashion axe DIY jean shorts, swag kale chips meh polaroid kogi butcher Wes Anderson chambray next level semiotics gentrify yr. Voluptate photo booth fugiat Vice. Austin sed Williamsburg, ea labore raw denim voluptate cred proident mixtape excepteur mustache. Twee chia photo booth readymade food truck, hoodie roof party swag keytar PBR DIY.\"}],[{\"key\":\"question\",\"value\":\"Is Buying On-Line Safe?\"},{\"key\":\"answer\",\"value\":\"Art party authentic freegan semiotics jean shorts chia cred. Neutra Austin roof party Brooklyn, synth Thundercats swag 8-bit photo booth. Plaid letterpress leggings craft beer meh ethical Pinterest.\"}]]]',45,'Botble\\Ecommerce\\Models\\Product','2023-11-09 09:20:47','2023-11-09 09:20:47'),(135,'faq_schema_config','[[[{\"key\":\"question\",\"value\":\"What Shipping Methods Are Available?\"},{\"key\":\"answer\",\"value\":\"Ex Portland Pitchfork irure mustache. Eutra fap before they sold out literally. Aliquip ugh bicycle rights actually mlkshk, seitan squid craft beer tempor.\"}],[{\"key\":\"question\",\"value\":\"Do You Ship Internationally?\"},{\"key\":\"answer\",\"value\":\"Hoodie tote bag mixtape tofu. Typewriter jean shorts wolf quinoa, messenger bag organic freegan cray.\"}],[{\"key\":\"question\",\"value\":\"How Long Will It Take To Get My Package?\"},{\"key\":\"answer\",\"value\":\"Swag slow-carb quinoa VHS typewriter pork belly brunch, paleo single-origin coffee Wes Anderson. Flexitarian Pitchfork forage, literally paleo fap pour-over. Wes Anderson Pinterest YOLO fanny pack meggings, deep v XOXO chambray sustainable slow-carb raw denim church-key fap chillwave Etsy. +1 typewriter kitsch, American Apparel tofu Banksy Vice.\"}],[{\"key\":\"question\",\"value\":\"What Payment Methods Are Accepted?\"},{\"key\":\"answer\",\"value\":\"Fashion axe DIY jean shorts, swag kale chips meh polaroid kogi butcher Wes Anderson chambray next level semiotics gentrify yr. Voluptate photo booth fugiat Vice. Austin sed Williamsburg, ea labore raw denim voluptate cred proident mixtape excepteur mustache. Twee chia photo booth readymade food truck, hoodie roof party swag keytar PBR DIY.\"}],[{\"key\":\"question\",\"value\":\"Is Buying On-Line Safe?\"},{\"key\":\"answer\",\"value\":\"Art party authentic freegan semiotics jean shorts chia cred. Neutra Austin roof party Brooklyn, synth Thundercats swag 8-bit photo booth. Plaid letterpress leggings craft beer meh ethical Pinterest.\"}]]]',46,'Botble\\Ecommerce\\Models\\Product','2023-11-09 09:20:47','2023-11-09 09:20:47'),(136,'faq_schema_config','[[[{\"key\":\"question\",\"value\":\"What Shipping Methods Are Available?\"},{\"key\":\"answer\",\"value\":\"Ex Portland Pitchfork irure mustache. Eutra fap before they sold out literally. Aliquip ugh bicycle rights actually mlkshk, seitan squid craft beer tempor.\"}],[{\"key\":\"question\",\"value\":\"Do You Ship Internationally?\"},{\"key\":\"answer\",\"value\":\"Hoodie tote bag mixtape tofu. Typewriter jean shorts wolf quinoa, messenger bag organic freegan cray.\"}],[{\"key\":\"question\",\"value\":\"How Long Will It Take To Get My Package?\"},{\"key\":\"answer\",\"value\":\"Swag slow-carb quinoa VHS typewriter pork belly brunch, paleo single-origin coffee Wes Anderson. Flexitarian Pitchfork forage, literally paleo fap pour-over. Wes Anderson Pinterest YOLO fanny pack meggings, deep v XOXO chambray sustainable slow-carb raw denim church-key fap chillwave Etsy. +1 typewriter kitsch, American Apparel tofu Banksy Vice.\"}],[{\"key\":\"question\",\"value\":\"What Payment Methods Are Accepted?\"},{\"key\":\"answer\",\"value\":\"Fashion axe DIY jean shorts, swag kale chips meh polaroid kogi butcher Wes Anderson chambray next level semiotics gentrify yr. Voluptate photo booth fugiat Vice. Austin sed Williamsburg, ea labore raw denim voluptate cred proident mixtape excepteur mustache. Twee chia photo booth readymade food truck, hoodie roof party swag keytar PBR DIY.\"}],[{\"key\":\"question\",\"value\":\"Is Buying On-Line Safe?\"},{\"key\":\"answer\",\"value\":\"Art party authentic freegan semiotics jean shorts chia cred. Neutra Austin roof party Brooklyn, synth Thundercats swag 8-bit photo booth. Plaid letterpress leggings craft beer meh ethical Pinterest.\"}]]]',47,'Botble\\Ecommerce\\Models\\Product','2023-11-09 09:20:47','2023-11-09 09:20:47'),(137,'faq_schema_config','[[[{\"key\":\"question\",\"value\":\"What Shipping Methods Are Available?\"},{\"key\":\"answer\",\"value\":\"Ex Portland Pitchfork irure mustache. Eutra fap before they sold out literally. Aliquip ugh bicycle rights actually mlkshk, seitan squid craft beer tempor.\"}],[{\"key\":\"question\",\"value\":\"Do You Ship Internationally?\"},{\"key\":\"answer\",\"value\":\"Hoodie tote bag mixtape tofu. Typewriter jean shorts wolf quinoa, messenger bag organic freegan cray.\"}],[{\"key\":\"question\",\"value\":\"How Long Will It Take To Get My Package?\"},{\"key\":\"answer\",\"value\":\"Swag slow-carb quinoa VHS typewriter pork belly brunch, paleo single-origin coffee Wes Anderson. Flexitarian Pitchfork forage, literally paleo fap pour-over. Wes Anderson Pinterest YOLO fanny pack meggings, deep v XOXO chambray sustainable slow-carb raw denim church-key fap chillwave Etsy. +1 typewriter kitsch, American Apparel tofu Banksy Vice.\"}],[{\"key\":\"question\",\"value\":\"What Payment Methods Are Accepted?\"},{\"key\":\"answer\",\"value\":\"Fashion axe DIY jean shorts, swag kale chips meh polaroid kogi butcher Wes Anderson chambray next level semiotics gentrify yr. Voluptate photo booth fugiat Vice. Austin sed Williamsburg, ea labore raw denim voluptate cred proident mixtape excepteur mustache. Twee chia photo booth readymade food truck, hoodie roof party swag keytar PBR DIY.\"}],[{\"key\":\"question\",\"value\":\"Is Buying On-Line Safe?\"},{\"key\":\"answer\",\"value\":\"Art party authentic freegan semiotics jean shorts chia cred. Neutra Austin roof party Brooklyn, synth Thundercats swag 8-bit photo booth. Plaid letterpress leggings craft beer meh ethical Pinterest.\"}]]]',48,'Botble\\Ecommerce\\Models\\Product','2023-11-09 09:20:47','2023-11-09 09:20:47'),(138,'faq_schema_config','[[[{\"key\":\"question\",\"value\":\"What Shipping Methods Are Available?\"},{\"key\":\"answer\",\"value\":\"Ex Portland Pitchfork irure mustache. Eutra fap before they sold out literally. Aliquip ugh bicycle rights actually mlkshk, seitan squid craft beer tempor.\"}],[{\"key\":\"question\",\"value\":\"Do You Ship Internationally?\"},{\"key\":\"answer\",\"value\":\"Hoodie tote bag mixtape tofu. Typewriter jean shorts wolf quinoa, messenger bag organic freegan cray.\"}],[{\"key\":\"question\",\"value\":\"How Long Will It Take To Get My Package?\"},{\"key\":\"answer\",\"value\":\"Swag slow-carb quinoa VHS typewriter pork belly brunch, paleo single-origin coffee Wes Anderson. Flexitarian Pitchfork forage, literally paleo fap pour-over. Wes Anderson Pinterest YOLO fanny pack meggings, deep v XOXO chambray sustainable slow-carb raw denim church-key fap chillwave Etsy. +1 typewriter kitsch, American Apparel tofu Banksy Vice.\"}],[{\"key\":\"question\",\"value\":\"What Payment Methods Are Accepted?\"},{\"key\":\"answer\",\"value\":\"Fashion axe DIY jean shorts, swag kale chips meh polaroid kogi butcher Wes Anderson chambray next level semiotics gentrify yr. Voluptate photo booth fugiat Vice. Austin sed Williamsburg, ea labore raw denim voluptate cred proident mixtape excepteur mustache. Twee chia photo booth readymade food truck, hoodie roof party swag keytar PBR DIY.\"}],[{\"key\":\"question\",\"value\":\"Is Buying On-Line Safe?\"},{\"key\":\"answer\",\"value\":\"Art party authentic freegan semiotics jean shorts chia cred. Neutra Austin roof party Brooklyn, synth Thundercats swag 8-bit photo booth. Plaid letterpress leggings craft beer meh ethical Pinterest.\"}]]]',49,'Botble\\Ecommerce\\Models\\Product','2023-11-09 09:20:47','2023-11-09 09:20:47'),(139,'faq_schema_config','[[[{\"key\":\"question\",\"value\":\"What Shipping Methods Are Available?\"},{\"key\":\"answer\",\"value\":\"Ex Portland Pitchfork irure mustache. Eutra fap before they sold out literally. Aliquip ugh bicycle rights actually mlkshk, seitan squid craft beer tempor.\"}],[{\"key\":\"question\",\"value\":\"Do You Ship Internationally?\"},{\"key\":\"answer\",\"value\":\"Hoodie tote bag mixtape tofu. Typewriter jean shorts wolf quinoa, messenger bag organic freegan cray.\"}],[{\"key\":\"question\",\"value\":\"How Long Will It Take To Get My Package?\"},{\"key\":\"answer\",\"value\":\"Swag slow-carb quinoa VHS typewriter pork belly brunch, paleo single-origin coffee Wes Anderson. Flexitarian Pitchfork forage, literally paleo fap pour-over. Wes Anderson Pinterest YOLO fanny pack meggings, deep v XOXO chambray sustainable slow-carb raw denim church-key fap chillwave Etsy. +1 typewriter kitsch, American Apparel tofu Banksy Vice.\"}],[{\"key\":\"question\",\"value\":\"What Payment Methods Are Accepted?\"},{\"key\":\"answer\",\"value\":\"Fashion axe DIY jean shorts, swag kale chips meh polaroid kogi butcher Wes Anderson chambray next level semiotics gentrify yr. Voluptate photo booth fugiat Vice. Austin sed Williamsburg, ea labore raw denim voluptate cred proident mixtape excepteur mustache. Twee chia photo booth readymade food truck, hoodie roof party swag keytar PBR DIY.\"}],[{\"key\":\"question\",\"value\":\"Is Buying On-Line Safe?\"},{\"key\":\"answer\",\"value\":\"Art party authentic freegan semiotics jean shorts chia cred. Neutra Austin roof party Brooklyn, synth Thundercats swag 8-bit photo booth. Plaid letterpress leggings craft beer meh ethical Pinterest.\"}]]]',50,'Botble\\Ecommerce\\Models\\Product','2023-11-09 09:20:47','2023-11-09 09:20:47'),(140,'faq_schema_config','[[[{\"key\":\"question\",\"value\":\"What Shipping Methods Are Available?\"},{\"key\":\"answer\",\"value\":\"Ex Portland Pitchfork irure mustache. Eutra fap before they sold out literally. Aliquip ugh bicycle rights actually mlkshk, seitan squid craft beer tempor.\"}],[{\"key\":\"question\",\"value\":\"Do You Ship Internationally?\"},{\"key\":\"answer\",\"value\":\"Hoodie tote bag mixtape tofu. Typewriter jean shorts wolf quinoa, messenger bag organic freegan cray.\"}],[{\"key\":\"question\",\"value\":\"How Long Will It Take To Get My Package?\"},{\"key\":\"answer\",\"value\":\"Swag slow-carb quinoa VHS typewriter pork belly brunch, paleo single-origin coffee Wes Anderson. Flexitarian Pitchfork forage, literally paleo fap pour-over. Wes Anderson Pinterest YOLO fanny pack meggings, deep v XOXO chambray sustainable slow-carb raw denim church-key fap chillwave Etsy. +1 typewriter kitsch, American Apparel tofu Banksy Vice.\"}],[{\"key\":\"question\",\"value\":\"What Payment Methods Are Accepted?\"},{\"key\":\"answer\",\"value\":\"Fashion axe DIY jean shorts, swag kale chips meh polaroid kogi butcher Wes Anderson chambray next level semiotics gentrify yr. Voluptate photo booth fugiat Vice. Austin sed Williamsburg, ea labore raw denim voluptate cred proident mixtape excepteur mustache. Twee chia photo booth readymade food truck, hoodie roof party swag keytar PBR DIY.\"}],[{\"key\":\"question\",\"value\":\"Is Buying On-Line Safe?\"},{\"key\":\"answer\",\"value\":\"Art party authentic freegan semiotics jean shorts chia cred. Neutra Austin roof party Brooklyn, synth Thundercats swag 8-bit photo booth. Plaid letterpress leggings craft beer meh ethical Pinterest.\"}]]]',51,'Botble\\Ecommerce\\Models\\Product','2023-11-09 09:20:47','2023-11-09 09:20:47'),(141,'faq_schema_config','[[[{\"key\":\"question\",\"value\":\"What Shipping Methods Are Available?\"},{\"key\":\"answer\",\"value\":\"Ex Portland Pitchfork irure mustache. Eutra fap before they sold out literally. Aliquip ugh bicycle rights actually mlkshk, seitan squid craft beer tempor.\"}],[{\"key\":\"question\",\"value\":\"Do You Ship Internationally?\"},{\"key\":\"answer\",\"value\":\"Hoodie tote bag mixtape tofu. Typewriter jean shorts wolf quinoa, messenger bag organic freegan cray.\"}],[{\"key\":\"question\",\"value\":\"How Long Will It Take To Get My Package?\"},{\"key\":\"answer\",\"value\":\"Swag slow-carb quinoa VHS typewriter pork belly brunch, paleo single-origin coffee Wes Anderson. Flexitarian Pitchfork forage, literally paleo fap pour-over. Wes Anderson Pinterest YOLO fanny pack meggings, deep v XOXO chambray sustainable slow-carb raw denim church-key fap chillwave Etsy. +1 typewriter kitsch, American Apparel tofu Banksy Vice.\"}],[{\"key\":\"question\",\"value\":\"What Payment Methods Are Accepted?\"},{\"key\":\"answer\",\"value\":\"Fashion axe DIY jean shorts, swag kale chips meh polaroid kogi butcher Wes Anderson chambray next level semiotics gentrify yr. Voluptate photo booth fugiat Vice. Austin sed Williamsburg, ea labore raw denim voluptate cred proident mixtape excepteur mustache. Twee chia photo booth readymade food truck, hoodie roof party swag keytar PBR DIY.\"}],[{\"key\":\"question\",\"value\":\"Is Buying On-Line Safe?\"},{\"key\":\"answer\",\"value\":\"Art party authentic freegan semiotics jean shorts chia cred. Neutra Austin roof party Brooklyn, synth Thundercats swag 8-bit photo booth. Plaid letterpress leggings craft beer meh ethical Pinterest.\"}]]]',52,'Botble\\Ecommerce\\Models\\Product','2023-11-09 09:20:47','2023-11-09 09:20:47'),(142,'faq_schema_config','[[[{\"key\":\"question\",\"value\":\"What Shipping Methods Are Available?\"},{\"key\":\"answer\",\"value\":\"Ex Portland Pitchfork irure mustache. Eutra fap before they sold out literally. Aliquip ugh bicycle rights actually mlkshk, seitan squid craft beer tempor.\"}],[{\"key\":\"question\",\"value\":\"Do You Ship Internationally?\"},{\"key\":\"answer\",\"value\":\"Hoodie tote bag mixtape tofu. Typewriter jean shorts wolf quinoa, messenger bag organic freegan cray.\"}],[{\"key\":\"question\",\"value\":\"How Long Will It Take To Get My Package?\"},{\"key\":\"answer\",\"value\":\"Swag slow-carb quinoa VHS typewriter pork belly brunch, paleo single-origin coffee Wes Anderson. Flexitarian Pitchfork forage, literally paleo fap pour-over. Wes Anderson Pinterest YOLO fanny pack meggings, deep v XOXO chambray sustainable slow-carb raw denim church-key fap chillwave Etsy. +1 typewriter kitsch, American Apparel tofu Banksy Vice.\"}],[{\"key\":\"question\",\"value\":\"What Payment Methods Are Accepted?\"},{\"key\":\"answer\",\"value\":\"Fashion axe DIY jean shorts, swag kale chips meh polaroid kogi butcher Wes Anderson chambray next level semiotics gentrify yr. Voluptate photo booth fugiat Vice. Austin sed Williamsburg, ea labore raw denim voluptate cred proident mixtape excepteur mustache. Twee chia photo booth readymade food truck, hoodie roof party swag keytar PBR DIY.\"}],[{\"key\":\"question\",\"value\":\"Is Buying On-Line Safe?\"},{\"key\":\"answer\",\"value\":\"Art party authentic freegan semiotics jean shorts chia cred. Neutra Austin roof party Brooklyn, synth Thundercats swag 8-bit photo booth. Plaid letterpress leggings craft beer meh ethical Pinterest.\"}]]]',53,'Botble\\Ecommerce\\Models\\Product','2023-11-09 09:20:47','2023-11-09 09:20:47'),(143,'faq_schema_config','[[[{\"key\":\"question\",\"value\":\"What Shipping Methods Are Available?\"},{\"key\":\"answer\",\"value\":\"Ex Portland Pitchfork irure mustache. Eutra fap before they sold out literally. Aliquip ugh bicycle rights actually mlkshk, seitan squid craft beer tempor.\"}],[{\"key\":\"question\",\"value\":\"Do You Ship Internationally?\"},{\"key\":\"answer\",\"value\":\"Hoodie tote bag mixtape tofu. Typewriter jean shorts wolf quinoa, messenger bag organic freegan cray.\"}],[{\"key\":\"question\",\"value\":\"How Long Will It Take To Get My Package?\"},{\"key\":\"answer\",\"value\":\"Swag slow-carb quinoa VHS typewriter pork belly brunch, paleo single-origin coffee Wes Anderson. Flexitarian Pitchfork forage, literally paleo fap pour-over. Wes Anderson Pinterest YOLO fanny pack meggings, deep v XOXO chambray sustainable slow-carb raw denim church-key fap chillwave Etsy. +1 typewriter kitsch, American Apparel tofu Banksy Vice.\"}],[{\"key\":\"question\",\"value\":\"What Payment Methods Are Accepted?\"},{\"key\":\"answer\",\"value\":\"Fashion axe DIY jean shorts, swag kale chips meh polaroid kogi butcher Wes Anderson chambray next level semiotics gentrify yr. Voluptate photo booth fugiat Vice. Austin sed Williamsburg, ea labore raw denim voluptate cred proident mixtape excepteur mustache. Twee chia photo booth readymade food truck, hoodie roof party swag keytar PBR DIY.\"}],[{\"key\":\"question\",\"value\":\"Is Buying On-Line Safe?\"},{\"key\":\"answer\",\"value\":\"Art party authentic freegan semiotics jean shorts chia cred. Neutra Austin roof party Brooklyn, synth Thundercats swag 8-bit photo booth. Plaid letterpress leggings craft beer meh ethical Pinterest.\"}]]]',54,'Botble\\Ecommerce\\Models\\Product','2023-11-09 09:20:47','2023-11-09 09:20:47'),(144,'faq_schema_config','[[[{\"key\":\"question\",\"value\":\"What Shipping Methods Are Available?\"},{\"key\":\"answer\",\"value\":\"Ex Portland Pitchfork irure mustache. Eutra fap before they sold out literally. Aliquip ugh bicycle rights actually mlkshk, seitan squid craft beer tempor.\"}],[{\"key\":\"question\",\"value\":\"Do You Ship Internationally?\"},{\"key\":\"answer\",\"value\":\"Hoodie tote bag mixtape tofu. Typewriter jean shorts wolf quinoa, messenger bag organic freegan cray.\"}],[{\"key\":\"question\",\"value\":\"How Long Will It Take To Get My Package?\"},{\"key\":\"answer\",\"value\":\"Swag slow-carb quinoa VHS typewriter pork belly brunch, paleo single-origin coffee Wes Anderson. Flexitarian Pitchfork forage, literally paleo fap pour-over. Wes Anderson Pinterest YOLO fanny pack meggings, deep v XOXO chambray sustainable slow-carb raw denim church-key fap chillwave Etsy. +1 typewriter kitsch, American Apparel tofu Banksy Vice.\"}],[{\"key\":\"question\",\"value\":\"What Payment Methods Are Accepted?\"},{\"key\":\"answer\",\"value\":\"Fashion axe DIY jean shorts, swag kale chips meh polaroid kogi butcher Wes Anderson chambray next level semiotics gentrify yr. Voluptate photo booth fugiat Vice. Austin sed Williamsburg, ea labore raw denim voluptate cred proident mixtape excepteur mustache. Twee chia photo booth readymade food truck, hoodie roof party swag keytar PBR DIY.\"}],[{\"key\":\"question\",\"value\":\"Is Buying On-Line Safe?\"},{\"key\":\"answer\",\"value\":\"Art party authentic freegan semiotics jean shorts chia cred. Neutra Austin roof party Brooklyn, synth Thundercats swag 8-bit photo booth. Plaid letterpress leggings craft beer meh ethical Pinterest.\"}]]]',55,'Botble\\Ecommerce\\Models\\Product','2023-11-09 09:20:47','2023-11-09 09:20:47'),(145,'faq_schema_config','[[[{\"key\":\"question\",\"value\":\"What Shipping Methods Are Available?\"},{\"key\":\"answer\",\"value\":\"Ex Portland Pitchfork irure mustache. Eutra fap before they sold out literally. Aliquip ugh bicycle rights actually mlkshk, seitan squid craft beer tempor.\"}],[{\"key\":\"question\",\"value\":\"Do You Ship Internationally?\"},{\"key\":\"answer\",\"value\":\"Hoodie tote bag mixtape tofu. Typewriter jean shorts wolf quinoa, messenger bag organic freegan cray.\"}],[{\"key\":\"question\",\"value\":\"How Long Will It Take To Get My Package?\"},{\"key\":\"answer\",\"value\":\"Swag slow-carb quinoa VHS typewriter pork belly brunch, paleo single-origin coffee Wes Anderson. Flexitarian Pitchfork forage, literally paleo fap pour-over. Wes Anderson Pinterest YOLO fanny pack meggings, deep v XOXO chambray sustainable slow-carb raw denim church-key fap chillwave Etsy. +1 typewriter kitsch, American Apparel tofu Banksy Vice.\"}],[{\"key\":\"question\",\"value\":\"What Payment Methods Are Accepted?\"},{\"key\":\"answer\",\"value\":\"Fashion axe DIY jean shorts, swag kale chips meh polaroid kogi butcher Wes Anderson chambray next level semiotics gentrify yr. Voluptate photo booth fugiat Vice. Austin sed Williamsburg, ea labore raw denim voluptate cred proident mixtape excepteur mustache. Twee chia photo booth readymade food truck, hoodie roof party swag keytar PBR DIY.\"}],[{\"key\":\"question\",\"value\":\"Is Buying On-Line Safe?\"},{\"key\":\"answer\",\"value\":\"Art party authentic freegan semiotics jean shorts chia cred. Neutra Austin roof party Brooklyn, synth Thundercats swag 8-bit photo booth. Plaid letterpress leggings craft beer meh ethical Pinterest.\"}]]]',56,'Botble\\Ecommerce\\Models\\Product','2023-11-09 09:20:47','2023-11-09 09:20:47'),(146,'faq_schema_config','[[[{\"key\":\"question\",\"value\":\"What Shipping Methods Are Available?\"},{\"key\":\"answer\",\"value\":\"Ex Portland Pitchfork irure mustache. Eutra fap before they sold out literally. Aliquip ugh bicycle rights actually mlkshk, seitan squid craft beer tempor.\"}],[{\"key\":\"question\",\"value\":\"Do You Ship Internationally?\"},{\"key\":\"answer\",\"value\":\"Hoodie tote bag mixtape tofu. Typewriter jean shorts wolf quinoa, messenger bag organic freegan cray.\"}],[{\"key\":\"question\",\"value\":\"How Long Will It Take To Get My Package?\"},{\"key\":\"answer\",\"value\":\"Swag slow-carb quinoa VHS typewriter pork belly brunch, paleo single-origin coffee Wes Anderson. Flexitarian Pitchfork forage, literally paleo fap pour-over. Wes Anderson Pinterest YOLO fanny pack meggings, deep v XOXO chambray sustainable slow-carb raw denim church-key fap chillwave Etsy. +1 typewriter kitsch, American Apparel tofu Banksy Vice.\"}],[{\"key\":\"question\",\"value\":\"What Payment Methods Are Accepted?\"},{\"key\":\"answer\",\"value\":\"Fashion axe DIY jean shorts, swag kale chips meh polaroid kogi butcher Wes Anderson chambray next level semiotics gentrify yr. Voluptate photo booth fugiat Vice. Austin sed Williamsburg, ea labore raw denim voluptate cred proident mixtape excepteur mustache. Twee chia photo booth readymade food truck, hoodie roof party swag keytar PBR DIY.\"}],[{\"key\":\"question\",\"value\":\"Is Buying On-Line Safe?\"},{\"key\":\"answer\",\"value\":\"Art party authentic freegan semiotics jean shorts chia cred. Neutra Austin roof party Brooklyn, synth Thundercats swag 8-bit photo booth. Plaid letterpress leggings craft beer meh ethical Pinterest.\"}]]]',57,'Botble\\Ecommerce\\Models\\Product','2023-11-09 09:20:47','2023-11-09 09:20:47'),(147,'faq_schema_config','[[[{\"key\":\"question\",\"value\":\"What Shipping Methods Are Available?\"},{\"key\":\"answer\",\"value\":\"Ex Portland Pitchfork irure mustache. Eutra fap before they sold out literally. Aliquip ugh bicycle rights actually mlkshk, seitan squid craft beer tempor.\"}],[{\"key\":\"question\",\"value\":\"Do You Ship Internationally?\"},{\"key\":\"answer\",\"value\":\"Hoodie tote bag mixtape tofu. Typewriter jean shorts wolf quinoa, messenger bag organic freegan cray.\"}],[{\"key\":\"question\",\"value\":\"How Long Will It Take To Get My Package?\"},{\"key\":\"answer\",\"value\":\"Swag slow-carb quinoa VHS typewriter pork belly brunch, paleo single-origin coffee Wes Anderson. Flexitarian Pitchfork forage, literally paleo fap pour-over. Wes Anderson Pinterest YOLO fanny pack meggings, deep v XOXO chambray sustainable slow-carb raw denim church-key fap chillwave Etsy. +1 typewriter kitsch, American Apparel tofu Banksy Vice.\"}],[{\"key\":\"question\",\"value\":\"What Payment Methods Are Accepted?\"},{\"key\":\"answer\",\"value\":\"Fashion axe DIY jean shorts, swag kale chips meh polaroid kogi butcher Wes Anderson chambray next level semiotics gentrify yr. Voluptate photo booth fugiat Vice. Austin sed Williamsburg, ea labore raw denim voluptate cred proident mixtape excepteur mustache. Twee chia photo booth readymade food truck, hoodie roof party swag keytar PBR DIY.\"}],[{\"key\":\"question\",\"value\":\"Is Buying On-Line Safe?\"},{\"key\":\"answer\",\"value\":\"Art party authentic freegan semiotics jean shorts chia cred. Neutra Austin roof party Brooklyn, synth Thundercats swag 8-bit photo booth. Plaid letterpress leggings craft beer meh ethical Pinterest.\"}]]]',58,'Botble\\Ecommerce\\Models\\Product','2023-11-09 09:20:47','2023-11-09 09:20:47'),(148,'faq_schema_config','[[[{\"key\":\"question\",\"value\":\"What Shipping Methods Are Available?\"},{\"key\":\"answer\",\"value\":\"Ex Portland Pitchfork irure mustache. Eutra fap before they sold out literally. Aliquip ugh bicycle rights actually mlkshk, seitan squid craft beer tempor.\"}],[{\"key\":\"question\",\"value\":\"Do You Ship Internationally?\"},{\"key\":\"answer\",\"value\":\"Hoodie tote bag mixtape tofu. Typewriter jean shorts wolf quinoa, messenger bag organic freegan cray.\"}],[{\"key\":\"question\",\"value\":\"How Long Will It Take To Get My Package?\"},{\"key\":\"answer\",\"value\":\"Swag slow-carb quinoa VHS typewriter pork belly brunch, paleo single-origin coffee Wes Anderson. Flexitarian Pitchfork forage, literally paleo fap pour-over. Wes Anderson Pinterest YOLO fanny pack meggings, deep v XOXO chambray sustainable slow-carb raw denim church-key fap chillwave Etsy. +1 typewriter kitsch, American Apparel tofu Banksy Vice.\"}],[{\"key\":\"question\",\"value\":\"What Payment Methods Are Accepted?\"},{\"key\":\"answer\",\"value\":\"Fashion axe DIY jean shorts, swag kale chips meh polaroid kogi butcher Wes Anderson chambray next level semiotics gentrify yr. Voluptate photo booth fugiat Vice. Austin sed Williamsburg, ea labore raw denim voluptate cred proident mixtape excepteur mustache. Twee chia photo booth readymade food truck, hoodie roof party swag keytar PBR DIY.\"}],[{\"key\":\"question\",\"value\":\"Is Buying On-Line Safe?\"},{\"key\":\"answer\",\"value\":\"Art party authentic freegan semiotics jean shorts chia cred. Neutra Austin roof party Brooklyn, synth Thundercats swag 8-bit photo booth. Plaid letterpress leggings craft beer meh ethical Pinterest.\"}]]]',59,'Botble\\Ecommerce\\Models\\Product','2023-11-09 09:20:47','2023-11-09 09:20:47'),(149,'faq_schema_config','[[[{\"key\":\"question\",\"value\":\"What Shipping Methods Are Available?\"},{\"key\":\"answer\",\"value\":\"Ex Portland Pitchfork irure mustache. Eutra fap before they sold out literally. Aliquip ugh bicycle rights actually mlkshk, seitan squid craft beer tempor.\"}],[{\"key\":\"question\",\"value\":\"Do You Ship Internationally?\"},{\"key\":\"answer\",\"value\":\"Hoodie tote bag mixtape tofu. Typewriter jean shorts wolf quinoa, messenger bag organic freegan cray.\"}],[{\"key\":\"question\",\"value\":\"How Long Will It Take To Get My Package?\"},{\"key\":\"answer\",\"value\":\"Swag slow-carb quinoa VHS typewriter pork belly brunch, paleo single-origin coffee Wes Anderson. Flexitarian Pitchfork forage, literally paleo fap pour-over. Wes Anderson Pinterest YOLO fanny pack meggings, deep v XOXO chambray sustainable slow-carb raw denim church-key fap chillwave Etsy. +1 typewriter kitsch, American Apparel tofu Banksy Vice.\"}],[{\"key\":\"question\",\"value\":\"What Payment Methods Are Accepted?\"},{\"key\":\"answer\",\"value\":\"Fashion axe DIY jean shorts, swag kale chips meh polaroid kogi butcher Wes Anderson chambray next level semiotics gentrify yr. Voluptate photo booth fugiat Vice. Austin sed Williamsburg, ea labore raw denim voluptate cred proident mixtape excepteur mustache. Twee chia photo booth readymade food truck, hoodie roof party swag keytar PBR DIY.\"}],[{\"key\":\"question\",\"value\":\"Is Buying On-Line Safe?\"},{\"key\":\"answer\",\"value\":\"Art party authentic freegan semiotics jean shorts chia cred. Neutra Austin roof party Brooklyn, synth Thundercats swag 8-bit photo booth. Plaid letterpress leggings craft beer meh ethical Pinterest.\"}]]]',60,'Botble\\Ecommerce\\Models\\Product','2023-11-09 09:20:48','2023-11-09 09:20:48'),(150,'faq_schema_config','[[[{\"key\":\"question\",\"value\":\"What Shipping Methods Are Available?\"},{\"key\":\"answer\",\"value\":\"Ex Portland Pitchfork irure mustache. Eutra fap before they sold out literally. Aliquip ugh bicycle rights actually mlkshk, seitan squid craft beer tempor.\"}],[{\"key\":\"question\",\"value\":\"Do You Ship Internationally?\"},{\"key\":\"answer\",\"value\":\"Hoodie tote bag mixtape tofu. Typewriter jean shorts wolf quinoa, messenger bag organic freegan cray.\"}],[{\"key\":\"question\",\"value\":\"How Long Will It Take To Get My Package?\"},{\"key\":\"answer\",\"value\":\"Swag slow-carb quinoa VHS typewriter pork belly brunch, paleo single-origin coffee Wes Anderson. Flexitarian Pitchfork forage, literally paleo fap pour-over. Wes Anderson Pinterest YOLO fanny pack meggings, deep v XOXO chambray sustainable slow-carb raw denim church-key fap chillwave Etsy. +1 typewriter kitsch, American Apparel tofu Banksy Vice.\"}],[{\"key\":\"question\",\"value\":\"What Payment Methods Are Accepted?\"},{\"key\":\"answer\",\"value\":\"Fashion axe DIY jean shorts, swag kale chips meh polaroid kogi butcher Wes Anderson chambray next level semiotics gentrify yr. Voluptate photo booth fugiat Vice. Austin sed Williamsburg, ea labore raw denim voluptate cred proident mixtape excepteur mustache. Twee chia photo booth readymade food truck, hoodie roof party swag keytar PBR DIY.\"}],[{\"key\":\"question\",\"value\":\"Is Buying On-Line Safe?\"},{\"key\":\"answer\",\"value\":\"Art party authentic freegan semiotics jean shorts chia cred. Neutra Austin roof party Brooklyn, synth Thundercats swag 8-bit photo booth. Plaid letterpress leggings craft beer meh ethical Pinterest.\"}]]]',61,'Botble\\Ecommerce\\Models\\Product','2023-11-09 09:20:48','2023-11-09 09:20:48'),(151,'faq_schema_config','[[[{\"key\":\"question\",\"value\":\"What Shipping Methods Are Available?\"},{\"key\":\"answer\",\"value\":\"Ex Portland Pitchfork irure mustache. Eutra fap before they sold out literally. Aliquip ugh bicycle rights actually mlkshk, seitan squid craft beer tempor.\"}],[{\"key\":\"question\",\"value\":\"Do You Ship Internationally?\"},{\"key\":\"answer\",\"value\":\"Hoodie tote bag mixtape tofu. Typewriter jean shorts wolf quinoa, messenger bag organic freegan cray.\"}],[{\"key\":\"question\",\"value\":\"How Long Will It Take To Get My Package?\"},{\"key\":\"answer\",\"value\":\"Swag slow-carb quinoa VHS typewriter pork belly brunch, paleo single-origin coffee Wes Anderson. Flexitarian Pitchfork forage, literally paleo fap pour-over. Wes Anderson Pinterest YOLO fanny pack meggings, deep v XOXO chambray sustainable slow-carb raw denim church-key fap chillwave Etsy. +1 typewriter kitsch, American Apparel tofu Banksy Vice.\"}],[{\"key\":\"question\",\"value\":\"What Payment Methods Are Accepted?\"},{\"key\":\"answer\",\"value\":\"Fashion axe DIY jean shorts, swag kale chips meh polaroid kogi butcher Wes Anderson chambray next level semiotics gentrify yr. Voluptate photo booth fugiat Vice. Austin sed Williamsburg, ea labore raw denim voluptate cred proident mixtape excepteur mustache. Twee chia photo booth readymade food truck, hoodie roof party swag keytar PBR DIY.\"}],[{\"key\":\"question\",\"value\":\"Is Buying On-Line Safe?\"},{\"key\":\"answer\",\"value\":\"Art party authentic freegan semiotics jean shorts chia cred. Neutra Austin roof party Brooklyn, synth Thundercats swag 8-bit photo booth. Plaid letterpress leggings craft beer meh ethical Pinterest.\"}]]]',62,'Botble\\Ecommerce\\Models\\Product','2023-11-09 09:20:48','2023-11-09 09:20:48'),(152,'faq_schema_config','[[[{\"key\":\"question\",\"value\":\"What Shipping Methods Are Available?\"},{\"key\":\"answer\",\"value\":\"Ex Portland Pitchfork irure mustache. Eutra fap before they sold out literally. Aliquip ugh bicycle rights actually mlkshk, seitan squid craft beer tempor.\"}],[{\"key\":\"question\",\"value\":\"Do You Ship Internationally?\"},{\"key\":\"answer\",\"value\":\"Hoodie tote bag mixtape tofu. Typewriter jean shorts wolf quinoa, messenger bag organic freegan cray.\"}],[{\"key\":\"question\",\"value\":\"How Long Will It Take To Get My Package?\"},{\"key\":\"answer\",\"value\":\"Swag slow-carb quinoa VHS typewriter pork belly brunch, paleo single-origin coffee Wes Anderson. Flexitarian Pitchfork forage, literally paleo fap pour-over. Wes Anderson Pinterest YOLO fanny pack meggings, deep v XOXO chambray sustainable slow-carb raw denim church-key fap chillwave Etsy. +1 typewriter kitsch, American Apparel tofu Banksy Vice.\"}],[{\"key\":\"question\",\"value\":\"What Payment Methods Are Accepted?\"},{\"key\":\"answer\",\"value\":\"Fashion axe DIY jean shorts, swag kale chips meh polaroid kogi butcher Wes Anderson chambray next level semiotics gentrify yr. Voluptate photo booth fugiat Vice. Austin sed Williamsburg, ea labore raw denim voluptate cred proident mixtape excepteur mustache. Twee chia photo booth readymade food truck, hoodie roof party swag keytar PBR DIY.\"}],[{\"key\":\"question\",\"value\":\"Is Buying On-Line Safe?\"},{\"key\":\"answer\",\"value\":\"Art party authentic freegan semiotics jean shorts chia cred. Neutra Austin roof party Brooklyn, synth Thundercats swag 8-bit photo booth. Plaid letterpress leggings craft beer meh ethical Pinterest.\"}]]]',63,'Botble\\Ecommerce\\Models\\Product','2023-11-09 09:20:48','2023-11-09 09:20:48'),(153,'faq_schema_config','[[[{\"key\":\"question\",\"value\":\"What Shipping Methods Are Available?\"},{\"key\":\"answer\",\"value\":\"Ex Portland Pitchfork irure mustache. Eutra fap before they sold out literally. Aliquip ugh bicycle rights actually mlkshk, seitan squid craft beer tempor.\"}],[{\"key\":\"question\",\"value\":\"Do You Ship Internationally?\"},{\"key\":\"answer\",\"value\":\"Hoodie tote bag mixtape tofu. Typewriter jean shorts wolf quinoa, messenger bag organic freegan cray.\"}],[{\"key\":\"question\",\"value\":\"How Long Will It Take To Get My Package?\"},{\"key\":\"answer\",\"value\":\"Swag slow-carb quinoa VHS typewriter pork belly brunch, paleo single-origin coffee Wes Anderson. Flexitarian Pitchfork forage, literally paleo fap pour-over. Wes Anderson Pinterest YOLO fanny pack meggings, deep v XOXO chambray sustainable slow-carb raw denim church-key fap chillwave Etsy. +1 typewriter kitsch, American Apparel tofu Banksy Vice.\"}],[{\"key\":\"question\",\"value\":\"What Payment Methods Are Accepted?\"},{\"key\":\"answer\",\"value\":\"Fashion axe DIY jean shorts, swag kale chips meh polaroid kogi butcher Wes Anderson chambray next level semiotics gentrify yr. Voluptate photo booth fugiat Vice. Austin sed Williamsburg, ea labore raw denim voluptate cred proident mixtape excepteur mustache. Twee chia photo booth readymade food truck, hoodie roof party swag keytar PBR DIY.\"}],[{\"key\":\"question\",\"value\":\"Is Buying On-Line Safe?\"},{\"key\":\"answer\",\"value\":\"Art party authentic freegan semiotics jean shorts chia cred. Neutra Austin roof party Brooklyn, synth Thundercats swag 8-bit photo booth. Plaid letterpress leggings craft beer meh ethical Pinterest.\"}]]]',64,'Botble\\Ecommerce\\Models\\Product','2023-11-09 09:20:48','2023-11-09 09:20:48'),(154,'faq_schema_config','[[[{\"key\":\"question\",\"value\":\"What Shipping Methods Are Available?\"},{\"key\":\"answer\",\"value\":\"Ex Portland Pitchfork irure mustache. Eutra fap before they sold out literally. Aliquip ugh bicycle rights actually mlkshk, seitan squid craft beer tempor.\"}],[{\"key\":\"question\",\"value\":\"Do You Ship Internationally?\"},{\"key\":\"answer\",\"value\":\"Hoodie tote bag mixtape tofu. Typewriter jean shorts wolf quinoa, messenger bag organic freegan cray.\"}],[{\"key\":\"question\",\"value\":\"How Long Will It Take To Get My Package?\"},{\"key\":\"answer\",\"value\":\"Swag slow-carb quinoa VHS typewriter pork belly brunch, paleo single-origin coffee Wes Anderson. Flexitarian Pitchfork forage, literally paleo fap pour-over. Wes Anderson Pinterest YOLO fanny pack meggings, deep v XOXO chambray sustainable slow-carb raw denim church-key fap chillwave Etsy. +1 typewriter kitsch, American Apparel tofu Banksy Vice.\"}],[{\"key\":\"question\",\"value\":\"What Payment Methods Are Accepted?\"},{\"key\":\"answer\",\"value\":\"Fashion axe DIY jean shorts, swag kale chips meh polaroid kogi butcher Wes Anderson chambray next level semiotics gentrify yr. Voluptate photo booth fugiat Vice. Austin sed Williamsburg, ea labore raw denim voluptate cred proident mixtape excepteur mustache. Twee chia photo booth readymade food truck, hoodie roof party swag keytar PBR DIY.\"}],[{\"key\":\"question\",\"value\":\"Is Buying On-Line Safe?\"},{\"key\":\"answer\",\"value\":\"Art party authentic freegan semiotics jean shorts chia cred. Neutra Austin roof party Brooklyn, synth Thundercats swag 8-bit photo booth. Plaid letterpress leggings craft beer meh ethical Pinterest.\"}]]]',65,'Botble\\Ecommerce\\Models\\Product','2023-11-09 09:20:48','2023-11-09 09:20:48'),(155,'faq_schema_config','[[[{\"key\":\"question\",\"value\":\"What Shipping Methods Are Available?\"},{\"key\":\"answer\",\"value\":\"Ex Portland Pitchfork irure mustache. Eutra fap before they sold out literally. Aliquip ugh bicycle rights actually mlkshk, seitan squid craft beer tempor.\"}],[{\"key\":\"question\",\"value\":\"Do You Ship Internationally?\"},{\"key\":\"answer\",\"value\":\"Hoodie tote bag mixtape tofu. Typewriter jean shorts wolf quinoa, messenger bag organic freegan cray.\"}],[{\"key\":\"question\",\"value\":\"How Long Will It Take To Get My Package?\"},{\"key\":\"answer\",\"value\":\"Swag slow-carb quinoa VHS typewriter pork belly brunch, paleo single-origin coffee Wes Anderson. Flexitarian Pitchfork forage, literally paleo fap pour-over. Wes Anderson Pinterest YOLO fanny pack meggings, deep v XOXO chambray sustainable slow-carb raw denim church-key fap chillwave Etsy. +1 typewriter kitsch, American Apparel tofu Banksy Vice.\"}],[{\"key\":\"question\",\"value\":\"What Payment Methods Are Accepted?\"},{\"key\":\"answer\",\"value\":\"Fashion axe DIY jean shorts, swag kale chips meh polaroid kogi butcher Wes Anderson chambray next level semiotics gentrify yr. Voluptate photo booth fugiat Vice. Austin sed Williamsburg, ea labore raw denim voluptate cred proident mixtape excepteur mustache. Twee chia photo booth readymade food truck, hoodie roof party swag keytar PBR DIY.\"}],[{\"key\":\"question\",\"value\":\"Is Buying On-Line Safe?\"},{\"key\":\"answer\",\"value\":\"Art party authentic freegan semiotics jean shorts chia cred. Neutra Austin roof party Brooklyn, synth Thundercats swag 8-bit photo booth. Plaid letterpress leggings craft beer meh ethical Pinterest.\"}]]]',66,'Botble\\Ecommerce\\Models\\Product','2023-11-09 09:20:48','2023-11-09 09:20:48'),(156,'faq_schema_config','[[[{\"key\":\"question\",\"value\":\"What Shipping Methods Are Available?\"},{\"key\":\"answer\",\"value\":\"Ex Portland Pitchfork irure mustache. Eutra fap before they sold out literally. Aliquip ugh bicycle rights actually mlkshk, seitan squid craft beer tempor.\"}],[{\"key\":\"question\",\"value\":\"Do You Ship Internationally?\"},{\"key\":\"answer\",\"value\":\"Hoodie tote bag mixtape tofu. Typewriter jean shorts wolf quinoa, messenger bag organic freegan cray.\"}],[{\"key\":\"question\",\"value\":\"How Long Will It Take To Get My Package?\"},{\"key\":\"answer\",\"value\":\"Swag slow-carb quinoa VHS typewriter pork belly brunch, paleo single-origin coffee Wes Anderson. Flexitarian Pitchfork forage, literally paleo fap pour-over. Wes Anderson Pinterest YOLO fanny pack meggings, deep v XOXO chambray sustainable slow-carb raw denim church-key fap chillwave Etsy. +1 typewriter kitsch, American Apparel tofu Banksy Vice.\"}],[{\"key\":\"question\",\"value\":\"What Payment Methods Are Accepted?\"},{\"key\":\"answer\",\"value\":\"Fashion axe DIY jean shorts, swag kale chips meh polaroid kogi butcher Wes Anderson chambray next level semiotics gentrify yr. Voluptate photo booth fugiat Vice. Austin sed Williamsburg, ea labore raw denim voluptate cred proident mixtape excepteur mustache. Twee chia photo booth readymade food truck, hoodie roof party swag keytar PBR DIY.\"}],[{\"key\":\"question\",\"value\":\"Is Buying On-Line Safe?\"},{\"key\":\"answer\",\"value\":\"Art party authentic freegan semiotics jean shorts chia cred. Neutra Austin roof party Brooklyn, synth Thundercats swag 8-bit photo booth. Plaid letterpress leggings craft beer meh ethical Pinterest.\"}]]]',67,'Botble\\Ecommerce\\Models\\Product','2023-11-09 09:20:48','2023-11-09 09:20:48'),(157,'faq_schema_config','[[[{\"key\":\"question\",\"value\":\"What Shipping Methods Are Available?\"},{\"key\":\"answer\",\"value\":\"Ex Portland Pitchfork irure mustache. Eutra fap before they sold out literally. Aliquip ugh bicycle rights actually mlkshk, seitan squid craft beer tempor.\"}],[{\"key\":\"question\",\"value\":\"Do You Ship Internationally?\"},{\"key\":\"answer\",\"value\":\"Hoodie tote bag mixtape tofu. Typewriter jean shorts wolf quinoa, messenger bag organic freegan cray.\"}],[{\"key\":\"question\",\"value\":\"How Long Will It Take To Get My Package?\"},{\"key\":\"answer\",\"value\":\"Swag slow-carb quinoa VHS typewriter pork belly brunch, paleo single-origin coffee Wes Anderson. Flexitarian Pitchfork forage, literally paleo fap pour-over. Wes Anderson Pinterest YOLO fanny pack meggings, deep v XOXO chambray sustainable slow-carb raw denim church-key fap chillwave Etsy. +1 typewriter kitsch, American Apparel tofu Banksy Vice.\"}],[{\"key\":\"question\",\"value\":\"What Payment Methods Are Accepted?\"},{\"key\":\"answer\",\"value\":\"Fashion axe DIY jean shorts, swag kale chips meh polaroid kogi butcher Wes Anderson chambray next level semiotics gentrify yr. Voluptate photo booth fugiat Vice. Austin sed Williamsburg, ea labore raw denim voluptate cred proident mixtape excepteur mustache. Twee chia photo booth readymade food truck, hoodie roof party swag keytar PBR DIY.\"}],[{\"key\":\"question\",\"value\":\"Is Buying On-Line Safe?\"},{\"key\":\"answer\",\"value\":\"Art party authentic freegan semiotics jean shorts chia cred. Neutra Austin roof party Brooklyn, synth Thundercats swag 8-bit photo booth. Plaid letterpress leggings craft beer meh ethical Pinterest.\"}]]]',68,'Botble\\Ecommerce\\Models\\Product','2023-11-09 09:20:48','2023-11-09 09:20:48'),(158,'faq_schema_config','[[[{\"key\":\"question\",\"value\":\"What Shipping Methods Are Available?\"},{\"key\":\"answer\",\"value\":\"Ex Portland Pitchfork irure mustache. Eutra fap before they sold out literally. Aliquip ugh bicycle rights actually mlkshk, seitan squid craft beer tempor.\"}],[{\"key\":\"question\",\"value\":\"Do You Ship Internationally?\"},{\"key\":\"answer\",\"value\":\"Hoodie tote bag mixtape tofu. Typewriter jean shorts wolf quinoa, messenger bag organic freegan cray.\"}],[{\"key\":\"question\",\"value\":\"How Long Will It Take To Get My Package?\"},{\"key\":\"answer\",\"value\":\"Swag slow-carb quinoa VHS typewriter pork belly brunch, paleo single-origin coffee Wes Anderson. Flexitarian Pitchfork forage, literally paleo fap pour-over. Wes Anderson Pinterest YOLO fanny pack meggings, deep v XOXO chambray sustainable slow-carb raw denim church-key fap chillwave Etsy. +1 typewriter kitsch, American Apparel tofu Banksy Vice.\"}],[{\"key\":\"question\",\"value\":\"What Payment Methods Are Accepted?\"},{\"key\":\"answer\",\"value\":\"Fashion axe DIY jean shorts, swag kale chips meh polaroid kogi butcher Wes Anderson chambray next level semiotics gentrify yr. Voluptate photo booth fugiat Vice. Austin sed Williamsburg, ea labore raw denim voluptate cred proident mixtape excepteur mustache. Twee chia photo booth readymade food truck, hoodie roof party swag keytar PBR DIY.\"}],[{\"key\":\"question\",\"value\":\"Is Buying On-Line Safe?\"},{\"key\":\"answer\",\"value\":\"Art party authentic freegan semiotics jean shorts chia cred. Neutra Austin roof party Brooklyn, synth Thundercats swag 8-bit photo booth. Plaid letterpress leggings craft beer meh ethical Pinterest.\"}]]]',69,'Botble\\Ecommerce\\Models\\Product','2023-11-09 09:20:48','2023-11-09 09:20:48'),(159,'faq_schema_config','[[[{\"key\":\"question\",\"value\":\"What Shipping Methods Are Available?\"},{\"key\":\"answer\",\"value\":\"Ex Portland Pitchfork irure mustache. Eutra fap before they sold out literally. Aliquip ugh bicycle rights actually mlkshk, seitan squid craft beer tempor.\"}],[{\"key\":\"question\",\"value\":\"Do You Ship Internationally?\"},{\"key\":\"answer\",\"value\":\"Hoodie tote bag mixtape tofu. Typewriter jean shorts wolf quinoa, messenger bag organic freegan cray.\"}],[{\"key\":\"question\",\"value\":\"How Long Will It Take To Get My Package?\"},{\"key\":\"answer\",\"value\":\"Swag slow-carb quinoa VHS typewriter pork belly brunch, paleo single-origin coffee Wes Anderson. Flexitarian Pitchfork forage, literally paleo fap pour-over. Wes Anderson Pinterest YOLO fanny pack meggings, deep v XOXO chambray sustainable slow-carb raw denim church-key fap chillwave Etsy. +1 typewriter kitsch, American Apparel tofu Banksy Vice.\"}],[{\"key\":\"question\",\"value\":\"What Payment Methods Are Accepted?\"},{\"key\":\"answer\",\"value\":\"Fashion axe DIY jean shorts, swag kale chips meh polaroid kogi butcher Wes Anderson chambray next level semiotics gentrify yr. Voluptate photo booth fugiat Vice. Austin sed Williamsburg, ea labore raw denim voluptate cred proident mixtape excepteur mustache. Twee chia photo booth readymade food truck, hoodie roof party swag keytar PBR DIY.\"}],[{\"key\":\"question\",\"value\":\"Is Buying On-Line Safe?\"},{\"key\":\"answer\",\"value\":\"Art party authentic freegan semiotics jean shorts chia cred. Neutra Austin roof party Brooklyn, synth Thundercats swag 8-bit photo booth. Plaid letterpress leggings craft beer meh ethical Pinterest.\"}]]]',70,'Botble\\Ecommerce\\Models\\Product','2023-11-09 09:20:48','2023-11-09 09:20:48'),(160,'faq_schema_config','[[[{\"key\":\"question\",\"value\":\"What Shipping Methods Are Available?\"},{\"key\":\"answer\",\"value\":\"Ex Portland Pitchfork irure mustache. Eutra fap before they sold out literally. Aliquip ugh bicycle rights actually mlkshk, seitan squid craft beer tempor.\"}],[{\"key\":\"question\",\"value\":\"Do You Ship Internationally?\"},{\"key\":\"answer\",\"value\":\"Hoodie tote bag mixtape tofu. Typewriter jean shorts wolf quinoa, messenger bag organic freegan cray.\"}],[{\"key\":\"question\",\"value\":\"How Long Will It Take To Get My Package?\"},{\"key\":\"answer\",\"value\":\"Swag slow-carb quinoa VHS typewriter pork belly brunch, paleo single-origin coffee Wes Anderson. Flexitarian Pitchfork forage, literally paleo fap pour-over. Wes Anderson Pinterest YOLO fanny pack meggings, deep v XOXO chambray sustainable slow-carb raw denim church-key fap chillwave Etsy. +1 typewriter kitsch, American Apparel tofu Banksy Vice.\"}],[{\"key\":\"question\",\"value\":\"What Payment Methods Are Accepted?\"},{\"key\":\"answer\",\"value\":\"Fashion axe DIY jean shorts, swag kale chips meh polaroid kogi butcher Wes Anderson chambray next level semiotics gentrify yr. Voluptate photo booth fugiat Vice. Austin sed Williamsburg, ea labore raw denim voluptate cred proident mixtape excepteur mustache. Twee chia photo booth readymade food truck, hoodie roof party swag keytar PBR DIY.\"}],[{\"key\":\"question\",\"value\":\"Is Buying On-Line Safe?\"},{\"key\":\"answer\",\"value\":\"Art party authentic freegan semiotics jean shorts chia cred. Neutra Austin roof party Brooklyn, synth Thundercats swag 8-bit photo booth. Plaid letterpress leggings craft beer meh ethical Pinterest.\"}]]]',71,'Botble\\Ecommerce\\Models\\Product','2023-11-09 09:20:48','2023-11-09 09:20:48'),(161,'faq_schema_config','[[[{\"key\":\"question\",\"value\":\"What Shipping Methods Are Available?\"},{\"key\":\"answer\",\"value\":\"Ex Portland Pitchfork irure mustache. Eutra fap before they sold out literally. Aliquip ugh bicycle rights actually mlkshk, seitan squid craft beer tempor.\"}],[{\"key\":\"question\",\"value\":\"Do You Ship Internationally?\"},{\"key\":\"answer\",\"value\":\"Hoodie tote bag mixtape tofu. Typewriter jean shorts wolf quinoa, messenger bag organic freegan cray.\"}],[{\"key\":\"question\",\"value\":\"How Long Will It Take To Get My Package?\"},{\"key\":\"answer\",\"value\":\"Swag slow-carb quinoa VHS typewriter pork belly brunch, paleo single-origin coffee Wes Anderson. Flexitarian Pitchfork forage, literally paleo fap pour-over. Wes Anderson Pinterest YOLO fanny pack meggings, deep v XOXO chambray sustainable slow-carb raw denim church-key fap chillwave Etsy. +1 typewriter kitsch, American Apparel tofu Banksy Vice.\"}],[{\"key\":\"question\",\"value\":\"What Payment Methods Are Accepted?\"},{\"key\":\"answer\",\"value\":\"Fashion axe DIY jean shorts, swag kale chips meh polaroid kogi butcher Wes Anderson chambray next level semiotics gentrify yr. Voluptate photo booth fugiat Vice. Austin sed Williamsburg, ea labore raw denim voluptate cred proident mixtape excepteur mustache. Twee chia photo booth readymade food truck, hoodie roof party swag keytar PBR DIY.\"}],[{\"key\":\"question\",\"value\":\"Is Buying On-Line Safe?\"},{\"key\":\"answer\",\"value\":\"Art party authentic freegan semiotics jean shorts chia cred. Neutra Austin roof party Brooklyn, synth Thundercats swag 8-bit photo booth. Plaid letterpress leggings craft beer meh ethical Pinterest.\"}]]]',72,'Botble\\Ecommerce\\Models\\Product','2023-11-09 09:20:48','2023-11-09 09:20:48'),(162,'faq_schema_config','[[[{\"key\":\"question\",\"value\":\"What Shipping Methods Are Available?\"},{\"key\":\"answer\",\"value\":\"Ex Portland Pitchfork irure mustache. Eutra fap before they sold out literally. Aliquip ugh bicycle rights actually mlkshk, seitan squid craft beer tempor.\"}],[{\"key\":\"question\",\"value\":\"Do You Ship Internationally?\"},{\"key\":\"answer\",\"value\":\"Hoodie tote bag mixtape tofu. Typewriter jean shorts wolf quinoa, messenger bag organic freegan cray.\"}],[{\"key\":\"question\",\"value\":\"How Long Will It Take To Get My Package?\"},{\"key\":\"answer\",\"value\":\"Swag slow-carb quinoa VHS typewriter pork belly brunch, paleo single-origin coffee Wes Anderson. Flexitarian Pitchfork forage, literally paleo fap pour-over. Wes Anderson Pinterest YOLO fanny pack meggings, deep v XOXO chambray sustainable slow-carb raw denim church-key fap chillwave Etsy. +1 typewriter kitsch, American Apparel tofu Banksy Vice.\"}],[{\"key\":\"question\",\"value\":\"What Payment Methods Are Accepted?\"},{\"key\":\"answer\",\"value\":\"Fashion axe DIY jean shorts, swag kale chips meh polaroid kogi butcher Wes Anderson chambray next level semiotics gentrify yr. Voluptate photo booth fugiat Vice. Austin sed Williamsburg, ea labore raw denim voluptate cred proident mixtape excepteur mustache. Twee chia photo booth readymade food truck, hoodie roof party swag keytar PBR DIY.\"}],[{\"key\":\"question\",\"value\":\"Is Buying On-Line Safe?\"},{\"key\":\"answer\",\"value\":\"Art party authentic freegan semiotics jean shorts chia cred. Neutra Austin roof party Brooklyn, synth Thundercats swag 8-bit photo booth. Plaid letterpress leggings craft beer meh ethical Pinterest.\"}]]]',73,'Botble\\Ecommerce\\Models\\Product','2023-11-09 09:20:48','2023-11-09 09:20:48'),(163,'faq_schema_config','[[[{\"key\":\"question\",\"value\":\"What Shipping Methods Are Available?\"},{\"key\":\"answer\",\"value\":\"Ex Portland Pitchfork irure mustache. Eutra fap before they sold out literally. Aliquip ugh bicycle rights actually mlkshk, seitan squid craft beer tempor.\"}],[{\"key\":\"question\",\"value\":\"Do You Ship Internationally?\"},{\"key\":\"answer\",\"value\":\"Hoodie tote bag mixtape tofu. Typewriter jean shorts wolf quinoa, messenger bag organic freegan cray.\"}],[{\"key\":\"question\",\"value\":\"How Long Will It Take To Get My Package?\"},{\"key\":\"answer\",\"value\":\"Swag slow-carb quinoa VHS typewriter pork belly brunch, paleo single-origin coffee Wes Anderson. Flexitarian Pitchfork forage, literally paleo fap pour-over. Wes Anderson Pinterest YOLO fanny pack meggings, deep v XOXO chambray sustainable slow-carb raw denim church-key fap chillwave Etsy. +1 typewriter kitsch, American Apparel tofu Banksy Vice.\"}],[{\"key\":\"question\",\"value\":\"What Payment Methods Are Accepted?\"},{\"key\":\"answer\",\"value\":\"Fashion axe DIY jean shorts, swag kale chips meh polaroid kogi butcher Wes Anderson chambray next level semiotics gentrify yr. Voluptate photo booth fugiat Vice. Austin sed Williamsburg, ea labore raw denim voluptate cred proident mixtape excepteur mustache. Twee chia photo booth readymade food truck, hoodie roof party swag keytar PBR DIY.\"}],[{\"key\":\"question\",\"value\":\"Is Buying On-Line Safe?\"},{\"key\":\"answer\",\"value\":\"Art party authentic freegan semiotics jean shorts chia cred. Neutra Austin roof party Brooklyn, synth Thundercats swag 8-bit photo booth. Plaid letterpress leggings craft beer meh ethical Pinterest.\"}]]]',74,'Botble\\Ecommerce\\Models\\Product','2023-11-09 09:20:48','2023-11-09 09:20:48'),(164,'faq_schema_config','[[[{\"key\":\"question\",\"value\":\"What Shipping Methods Are Available?\"},{\"key\":\"answer\",\"value\":\"Ex Portland Pitchfork irure mustache. Eutra fap before they sold out literally. Aliquip ugh bicycle rights actually mlkshk, seitan squid craft beer tempor.\"}],[{\"key\":\"question\",\"value\":\"Do You Ship Internationally?\"},{\"key\":\"answer\",\"value\":\"Hoodie tote bag mixtape tofu. Typewriter jean shorts wolf quinoa, messenger bag organic freegan cray.\"}],[{\"key\":\"question\",\"value\":\"How Long Will It Take To Get My Package?\"},{\"key\":\"answer\",\"value\":\"Swag slow-carb quinoa VHS typewriter pork belly brunch, paleo single-origin coffee Wes Anderson. Flexitarian Pitchfork forage, literally paleo fap pour-over. Wes Anderson Pinterest YOLO fanny pack meggings, deep v XOXO chambray sustainable slow-carb raw denim church-key fap chillwave Etsy. +1 typewriter kitsch, American Apparel tofu Banksy Vice.\"}],[{\"key\":\"question\",\"value\":\"What Payment Methods Are Accepted?\"},{\"key\":\"answer\",\"value\":\"Fashion axe DIY jean shorts, swag kale chips meh polaroid kogi butcher Wes Anderson chambray next level semiotics gentrify yr. Voluptate photo booth fugiat Vice. Austin sed Williamsburg, ea labore raw denim voluptate cred proident mixtape excepteur mustache. Twee chia photo booth readymade food truck, hoodie roof party swag keytar PBR DIY.\"}],[{\"key\":\"question\",\"value\":\"Is Buying On-Line Safe?\"},{\"key\":\"answer\",\"value\":\"Art party authentic freegan semiotics jean shorts chia cred. Neutra Austin roof party Brooklyn, synth Thundercats swag 8-bit photo booth. Plaid letterpress leggings craft beer meh ethical Pinterest.\"}]]]',75,'Botble\\Ecommerce\\Models\\Product','2023-11-09 09:20:48','2023-11-09 09:20:48'),(165,'title','[\"Satisfied client testimonial\"]',1,'Botble\\Testimonial\\Models\\Testimonial','2023-11-09 09:21:00','2023-11-09 09:21:00'),(166,'star','[5]',1,'Botble\\Testimonial\\Models\\Testimonial','2023-11-09 09:21:00','2023-11-09 09:21:00'),(167,'title','[\"98% of residents recommend us\"]',2,'Botble\\Testimonial\\Models\\Testimonial','2023-11-09 09:21:00','2023-11-09 09:21:00'),(168,'star','[5]',2,'Botble\\Testimonial\\Models\\Testimonial','2023-11-09 09:21:00','2023-11-09 09:21:00'),(169,'title','[\"Our success stories\"]',3,'Botble\\Testimonial\\Models\\Testimonial','2023-11-09 09:21:00','2023-11-09 09:21:00'),(170,'star','[5]',3,'Botble\\Testimonial\\Models\\Testimonial','2023-11-09 09:21:00','2023-11-09 09:21:00'),(171,'title','[\"This is simply unbelievable\"]',4,'Botble\\Testimonial\\Models\\Testimonial','2023-11-09 09:21:00','2023-11-09 09:21:00'),(172,'star','[5]',4,'Botble\\Testimonial\\Models\\Testimonial','2023-11-09 09:21:00','2023-11-09 09:21:00');
/*!40000 ALTER TABLE `meta_boxes` ENABLE KEYS */;
UNLOCK TABLES;

--
-- Table structure for table `migrations`
--

DROP TABLE IF EXISTS `migrations`;
/*!40101 SET @saved_cs_client     = @@character_set_client */;
/*!50503 SET character_set_client = utf8mb4 */;
CREATE TABLE `migrations` (
  `id` int unsigned NOT NULL AUTO_INCREMENT,
  `migration` varchar(191) COLLATE utf8mb4_unicode_ci NOT NULL,
  `batch` int NOT NULL,
  PRIMARY KEY (`id`)
) ENGINE=InnoDB AUTO_INCREMENT=148 DEFAULT CHARSET=utf8mb4 COLLATE=utf8mb4_unicode_ci;
/*!40101 SET character_set_client = @saved_cs_client */;

--
-- Dumping data for table `migrations`
--

LOCK TABLES `migrations` WRITE;
/*!40000 ALTER TABLE `migrations` DISABLE KEYS */;
INSERT INTO `migrations` VALUES (1,'2013_04_09_032329_create_base_tables',1),(2,'2013_04_09_062329_create_revisions_table',1),(3,'2014_10_12_000000_create_users_table',1),(4,'2014_10_12_100000_create_password_reset_tokens_table',1),(5,'2016_06_10_230148_create_acl_tables',1),(6,'2016_06_14_230857_create_menus_table',1),(7,'2016_06_28_221418_create_pages_table',1),(8,'2016_10_05_074239_create_setting_table',1),(9,'2016_11_28_032840_create_dashboard_widget_tables',1),(10,'2016_12_16_084601_create_widgets_table',1),(11,'2017_05_09_070343_create_media_tables',1),(12,'2017_11_03_070450_create_slug_table',1),(13,'2019_01_05_053554_create_jobs_table',1),(14,'2019_08_19_000000_create_failed_jobs_table',1),(15,'2019_12_14_000001_create_personal_access_tokens_table',1),(16,'2022_04_20_100851_add_index_to_media_table',1),(17,'2022_04_20_101046_add_index_to_menu_table',1),(18,'2022_07_10_034813_move_lang_folder_to_root',1),(19,'2022_08_04_051940_add_missing_column_expires_at',1),(20,'2022_09_01_000001_create_admin_notifications_tables',1),(21,'2022_10_14_024629_drop_column_is_featured',1),(22,'2022_11_18_063357_add_missing_timestamp_in_table_settings',1),(23,'2022_12_02_093615_update_slug_index_columns',1),(24,'2023_01_30_024431_add_alt_to_media_table',1),(25,'2023_02_16_042611_drop_table_password_resets',1),(26,'2023_04_23_005903_add_column_permissions_to_admin_notifications',1),(27,'2023_05_10_075124_drop_column_id_in_role_users_table',1),(28,'2023_08_21_090810_make_page_content_nullable',1),(29,'2023_08_26_080444_fix_missing_copyright_widget',1),(30,'2023_09_07_025340_activate_mollie_and_sale_popup_plugin',1),(31,'2023_09_14_021936_update_index_for_slugs_table',1),(32,'2023_10_27_023808_update_page_metabox',1),(33,'2020_11_18_150916_ads_create_ads_table',2),(34,'2021_12_02_035301_add_ads_translations_table',2),(35,'2023_04_17_062645_add_open_in_new_tab',2),(36,'2023_11_07_023805_add_tablet_mobile_image',2),(37,'2015_06_29_025744_create_audit_history',3),(38,'2015_06_18_033822_create_blog_table',4),(39,'2021_02_16_092633_remove_default_value_for_author_type',4),(40,'2021_12_03_030600_create_blog_translations',4),(41,'2022_04_19_113923_add_index_to_table_posts',4),(42,'2023_08_29_074620_make_column_author_id_nullable',4),(43,'2016_06_17_091537_create_contacts_table',5),(44,'2020_03_05_041139_create_ecommerce_tables',6),(45,'2021_01_01_044147_ecommerce_create_flash_sale_table',6),(46,'2021_01_17_082713_add_column_is_featured_to_product_collections_table',6),(47,'2021_01_18_024333_add_zip_code_into_table_customer_addresses',6),(48,'2021_02_18_073505_update_table_ec_reviews',6),(49,'2021_03_10_024419_add_column_confirmed_at_to_table_ec_customers',6),(50,'2021_03_10_025153_change_column_tax_amount',6),(51,'2021_03_20_033103_add_column_availability_to_table_ec_products',6),(52,'2021_04_28_074008_ecommerce_create_product_label_table',6),(53,'2021_05_31_173037_ecommerce_create_ec_products_translations',6),(54,'2021_08_17_105016_remove_column_currency_id_in_some_tables',6),(55,'2021_08_30_142128_add_images_column_to_ec_reviews_table',6),(56,'2021_10_04_030050_add_column_created_by_to_table_ec_products',6),(57,'2021_10_05_122616_add_status_column_to_ec_customers_table',6),(58,'2021_11_03_025806_nullable_phone_number_in_ec_customer_addresses',6),(59,'2021_11_23_071403_correct_languages_for_product_variations',6),(60,'2021_11_28_031808_add_product_tags_translations',6),(61,'2021_12_01_031123_add_featured_image_to_ec_products',6),(62,'2022_01_01_033107_update_table_ec_shipments',6),(63,'2022_02_16_042457_improve_product_attribute_sets',6),(64,'2022_03_22_075758_correct_product_name',6),(65,'2022_04_19_113334_add_index_to_ec_products',6),(66,'2022_04_28_144405_remove_unused_table',6),(67,'2022_05_05_115015_create_ec_customer_recently_viewed_products_table',6),(68,'2022_05_18_143720_add_index_to_table_ec_product_categories',6),(69,'2022_06_16_095633_add_index_to_some_tables',6),(70,'2022_06_30_035148_create_order_referrals_table',6),(71,'2022_07_24_153815_add_completed_at_to_ec_orders_table',6),(72,'2022_08_14_032836_create_ec_order_returns_table',6),(73,'2022_08_14_033554_create_ec_order_return_items_table',6),(74,'2022_08_15_040324_add_billing_address',6),(75,'2022_08_30_091114_support_digital_products_table',6),(76,'2022_09_13_095744_create_options_table',6),(77,'2022_09_13_104347_create_option_value_table',6),(78,'2022_10_05_163518_alter_table_ec_order_product',6),(79,'2022_10_12_041517_create_invoices_table',6),(80,'2022_10_12_142226_update_orders_table',6),(81,'2022_10_13_024916_update_table_order_returns',6),(82,'2022_10_21_030830_update_columns_in_ec_shipments_table',6),(83,'2022_10_28_021046_update_columns_in_ec_shipments_table',6),(84,'2022_11_16_034522_update_type_column_in_ec_shipping_rules_table',6),(85,'2022_11_19_041643_add_ec_tax_product_table',6),(86,'2022_12_12_063830_update_tax_defadult_in_ec_tax_products_table',6),(87,'2022_12_17_041532_fix_address_in_order_invoice',6),(88,'2022_12_26_070329_create_ec_product_views_table',6),(89,'2023_01_04_033051_fix_product_categories',6),(90,'2023_01_09_050400_add_ec_global_options_translations_table',6),(91,'2023_01_10_093754_add_missing_option_value_id',6),(92,'2023_01_17_082713_add_column_barcode_and_cost_per_item_to_product_table',6),(93,'2023_01_26_021854_add_ec_customer_used_coupons_table',6),(94,'2023_02_08_015900_update_options_column_in_ec_order_product_table',6),(95,'2023_02_27_095752_remove_duplicate_reviews',6),(96,'2023_03_20_115757_add_user_type_column_to_ec_shipment_histories_table',6),(97,'2023_04_21_082427_create_ec_product_categorizables_table',6),(98,'2023_05_03_011331_add_missing_column_price_into_invoice_items_table',6),(99,'2023_05_17_025812_fix_invoice_issue',6),(100,'2023_05_26_073140_move_option_make_phone_field_optional_at_checkout_page_to_mandatory_fields',6),(101,'2023_05_27_144611_fix_exchange_rate_setting',6),(102,'2023_06_22_084331_add_generate_license_code_to_ec_products_table',6),(103,'2023_06_30_042512_create_ec_order_tax_information_table',6),(104,'2023_07_14_022724_remove_column_id_from_ec_product_collection_products',6),(105,'2023_08_09_012940_remove_column_status_in_ec_product_attributes',6),(106,'2023_08_15_064505_create_ec_tax_rules_table',6),(107,'2023_08_21_021819_make_column_address_in_ec_customer_addresses_nullable',6),(108,'2023_08_22_094114_drop_unique_for_barcode',6),(109,'2023_08_30_031811_add_apply_via_url_column_to_ec_discounts_table',6),(110,'2023_09_07_094312_add_index_to_product_sku_and_translations',6),(111,'2023_09_19_024955_create_discount_product_categories_table',6),(112,'2023_10_17_070728_add_icon_and_icon_image_to_product_categories_table',6),(113,'2018_07_09_221238_create_faq_table',7),(114,'2021_12_03_082134_create_faq_translations',7),(115,'2016_10_13_150201_create_galleries_table',8),(116,'2021_12_03_082953_create_gallery_translations',8),(117,'2022_04_30_034048_create_gallery_meta_translations_table',8),(118,'2023_08_29_075308_make_column_user_id_nullable',8),(119,'2016_10_03_032336_create_languages_table',9),(120,'2023_09_14_022423_add_index_for_language_table',9),(121,'2021_10_25_021023_fix-priority-load-for-language-advanced',10),(122,'2021_12_03_075608_create_page_translations',10),(123,'2023_07_06_011444_create_slug_translations_table',10),(124,'2019_11_18_061011_create_country_table',11),(125,'2021_12_03_084118_create_location_translations',11),(126,'2021_12_03_094518_migrate_old_location_data',11),(127,'2021_12_10_034440_switch_plugin_location_to_use_language_advanced',11),(128,'2022_01_16_085908_improve_plugin_location',11),(129,'2022_08_04_052122_delete_location_backup_tables',11),(130,'2023_04_23_061847_increase_state_translations_abbreviation_column',11),(131,'2023_07_26_041451_add_more_columns_to_location_table',11),(132,'2023_07_27_041451_add_more_columns_to_location_translation_table',11),(133,'2023_08_15_073307_drop_unique_in_states_cities_translations',11),(134,'2023_10_21_065016_make_state_id_in_table_cities_nullable',11),(135,'2017_10_24_154832_create_newsletter_table',12),(136,'2017_05_18_080441_create_payment_tables',13),(137,'2021_03_27_144913_add_customer_type_into_table_payments',13),(138,'2021_05_24_034720_make_column_currency_nullable',13),(139,'2021_08_09_161302_add_metadata_column_to_payments_table',13),(140,'2021_10_19_020859_update_metadata_field',13),(141,'2022_06_28_151901_activate_paypal_stripe_plugin',13),(142,'2022_07_07_153354_update_charge_id_in_table_payments',13),(143,'2017_07_11_140018_create_simple_slider_table',14),(144,'2022_11_02_092723_team_create_team_table',15),(145,'2018_07_09_214610_create_testimonial_table',16),(146,'2021_12_03_083642_create_testimonials_translations',16),(147,'2016_10_07_193005_create_translations_table',17);
/*!40000 ALTER TABLE `migrations` ENABLE KEYS */;
UNLOCK TABLES;

--
-- Table structure for table `newsletters`
--

DROP TABLE IF EXISTS `newsletters`;
/*!40101 SET @saved_cs_client     = @@character_set_client */;
/*!50503 SET character_set_client = utf8mb4 */;
CREATE TABLE `newsletters` (
  `id` bigint unsigned NOT NULL AUTO_INCREMENT,
  `email` varchar(120) COLLATE utf8mb4_unicode_ci NOT NULL,
  `name` varchar(120) COLLATE utf8mb4_unicode_ci DEFAULT NULL,
  `status` varchar(60) COLLATE utf8mb4_unicode_ci NOT NULL DEFAULT 'subscribed',
  `created_at` timestamp NULL DEFAULT NULL,
  `updated_at` timestamp NULL DEFAULT NULL,
  PRIMARY KEY (`id`)
) ENGINE=InnoDB DEFAULT CHARSET=utf8mb4 COLLATE=utf8mb4_unicode_ci;
/*!40101 SET character_set_client = @saved_cs_client */;

--
-- Dumping data for table `newsletters`
--

LOCK TABLES `newsletters` WRITE;
/*!40000 ALTER TABLE `newsletters` DISABLE KEYS */;
/*!40000 ALTER TABLE `newsletters` ENABLE KEYS */;
UNLOCK TABLES;

--
-- Table structure for table `pages`
--

DROP TABLE IF EXISTS `pages`;
/*!40101 SET @saved_cs_client     = @@character_set_client */;
/*!50503 SET character_set_client = utf8mb4 */;
CREATE TABLE `pages` (
  `id` bigint unsigned NOT NULL AUTO_INCREMENT,
  `name` varchar(120) COLLATE utf8mb4_unicode_ci NOT NULL,
  `content` longtext CHARACTER SET utf8mb4 COLLATE utf8mb4_unicode_ci,
  `user_id` bigint unsigned DEFAULT NULL,
  `image` varchar(255) COLLATE utf8mb4_unicode_ci DEFAULT NULL,
  `template` varchar(60) COLLATE utf8mb4_unicode_ci DEFAULT NULL,
  `description` varchar(400) COLLATE utf8mb4_unicode_ci DEFAULT NULL,
  `status` varchar(60) COLLATE utf8mb4_unicode_ci NOT NULL DEFAULT 'published',
  `created_at` timestamp NULL DEFAULT NULL,
  `updated_at` timestamp NULL DEFAULT NULL,
  PRIMARY KEY (`id`),
  KEY `pages_user_id_index` (`user_id`)
) ENGINE=InnoDB AUTO_INCREMENT=11 DEFAULT CHARSET=utf8mb4 COLLATE=utf8mb4_unicode_ci;
/*!40101 SET character_set_client = @saved_cs_client */;

--
-- Dumping data for table `pages`
--

LOCK TABLES `pages` WRITE;
/*!40000 ALTER TABLE `pages` DISABLE KEYS */;
INSERT INTO `pages` VALUES (1,'Wooden Home','[simple-slider key=\"slider-home-1\" style=\"wooden\" ads_1=\"IYHICPADQD5X\" ads_2=\"R4YAV9FECJUS\"][/simple-slider][product-categories title=&quot;Top &lt;span&gt;Categories&lt;/span&gt;&quot; category_ids=&quot;10,11,12,13,14,15&quot; style=&quot;wooden&quot;][/product-categories][products style=&quot;wooden&quot; title=&quot;Popular &lt;span&gt;Products&lt;/span&gt;&quot; limit=&quot;10&quot;][/products][deal-product flash_sale_id=\"1\" style=\"wooden\"][/deal-product][gallery title=\"ninico-shop\" limit=\"6\" subtitle=\"Follow On\"][/gallery]',NULL,NULL,'full-width',NULL,'published','2023-11-09 09:20:34','2023-11-09 09:20:34'),(2,'Fashion Home','[simple-slider key=\"slider-home-2\" style=\"fashion\"][/simple-slider][product-categories title=&quot;Top &lt;span&gt;Categories&lt;/span&gt;&quot; category_ids=&quot;1,2,3,4&quot; style=&quot;fashion&quot;][/product-categories][products style=&quot;fashion&quot; title=&quot;Popular &lt;span&gt;Products&lt;/span&gt;&quot; limit=&quot;10&quot;][/products][theme-ads key_1=\"QPTCBJBOJOSY\" key_2=\"T2VFLDYYIJEH\"][/theme-ads][featured-posts title=\"Popular Posts\" limit=\"4\"][/featured-posts][brands title=\"Happy Sponsors\" quantity=\"6\" name_1=\"Bustle\" image_1=\"brands/brand-01.png\" link_1=\"#\" name_2=\"Bazaar\" image_2=\"brands/brand-02.png\" link_2=\"#\" name_3=\"goop\" image_3=\"brands/brand-03.png\" link_3=\"#\" name_4=\"Brit + Co\" image_4=\"brands/brand-04.png\" link_4=\"#\" name_5=\"The Coveteur\" image_5=\"brands/brand-05.png\" link_5=\"#\" name_6=\"allure\" image_6=\"brands/brand-06.png\" link_6=\"#\"][/brands]',NULL,NULL,'full-width',NULL,'published','2023-11-09 09:20:34','2023-11-09 09:20:34'),(3,'Furniture Home','[simple-slider key=\"slider-furniture\" style=\"furniture\"][/simple-slider][services quantity=\"4\" title_1=\"Free shipping\" description_1=\"Free shipping on orders over.\" image_1=\"icons/box.png\" title_2=\"Free Returns\" description_2=\"30-days free return policy\" image_2=\"icons/car.png\" title_3=\"Secured Payments\" description_3=\"We accept all major credit cards\" image_3=\"icons/payment.png\" title_4=\"Customer Service\" description_4=\"Top notch customer service\" image_4=\"icons/hours.png\"][/services][products style=&quot;wooden&quot; title=&quot;Popular &lt;span&gt;Products&lt;/span&gt;&quot; limit=&quot;10&quot;][/products][theme-ads style=\"furniture\" key_1=\"JO7LLJHFH1RO\" key_2=\"L8GDJUBVD2TQ\" key_3=\"PXJPAXLOCVRS\"][/theme-ads][deal-product flash_sale_id=\"1\"][/deal-product][products-slide title=\"Top Sell In Month\" limit=\"5\" type=\"trending\"][/products-slide][brands title=\"Happy Sponsors\" background_color=\"#040404\" quantity=\"6\" name_1=\"Bustle\" image_1=\"brands/brand-w-01.png\" link_1=\"https://www.bustle.com\" name_2=\"Bazaar\" image_2=\"brands/brand-w-02.png\" link_2=\"https://www.harpersbazaar.com\" name_3=\"Goop\" image_3=\"brands/brand-w-03.png\" link_3=\"https://goop.com/\" name_4=\"Brit + Co\" image_4=\"brands/brand-w-04.png\" link_4=\"https://www.brit.co\" name_5=\"The Couture Club\" image_5=\"brands/brand-w-05.png\" link_5=\"https://www.thecoutureclub.com\" name_6=\"Allure\" image_6=\"brands/brand-w-06.png\" link_6=\"https://www.allure.com\"][/brands][featured-posts title=\"Blog & Insights\" limit=\"4\" type=\"popular\" url=\"/blog\"][/featured-posts]',NULL,NULL,'full-width',NULL,'published','2023-11-09 09:20:34','2023-11-09 09:20:34'),(4,'Cosmetics Home','[simple-slider key=\"slider-cosmetics\" style=\"cosmetics\"][/simple-slider][brands background_color=\"#F7EFEC\" quantity=\"6\" name_1=\"Bustle\" image_1=\"brands/pla-brand-01.png\" link_1=\"https://www.bustle.com\" name_2=\"Bazaar\" image_2=\"brands/pla-brand-02.png\" link_2=\"https://www.harpersbazaar.com\" name_3=\"Goop\" image_3=\"brands/pla-brand-03.png\" link_3=\"https://goop.com/\" name_4=\"Brit + Co\" image_4=\"brands/pla-brand-04.png\" link_4=\"https://www.brit.co\" name_5=\"The Couture Club\" image_5=\"brands/pla-brand-05.png\" link_5=\"https://www.thecoutureclub.com\" name_6=\"Allure\" image_6=\"brands/pla-brand-06.png\" link_6=\"https://www.allure.com\"][/brands][product-collections collection_ids=\"4,5,6,7\"][/product-collections][products style=&quot;wooden&quot; title=&quot;Popular &lt;span&gt;Products&lt;/span&gt;&quot; limit=&quot;4&quot;][/products][product-categories category_ids=\"10,11,12,13,14,15\" style=\"cosmetics\"][/product-categories][deal-product flash_sale_id=\"1\" style=\"cosmetics\" marque_text=\"Great Deal Of The Day Shop Now\" marque_highlight_text=\"Shop Now\" marque_highlight_url=\"/products\" highlight_background=\"blog/9.jpg\"][/deal-product][testimonials title=\"User Feedbacks\" limit=\"3\"][/testimonials][featured-posts title=\"Blog & Insights\" limit=\"4\" type=\"popular\" url=\"/blog\"][/featured-posts]',NULL,NULL,'full-width',NULL,'published','2023-11-09 09:20:34','2023-11-09 09:20:34'),(5,'Food Grocery','[simple-slider key=\"slider-grocery\" style=\"grocery\" ads_1=\"EMRCINED6AX9\" ads_2=\"JVMDAIB9HO2I\" background_image=\"banners/banner-bg-05.jpg\"][/simple-slider][services quantity=\"4\" title_1=\"Free shipping\" description_1=\"Free shipping on orders over.\" image_1=\"icons/box.png\" title_2=\"Free Returns\" description_2=\"30-days free return policy\" image_2=\"icons/car.png\" title_3=\"Secured Payments\" description_3=\"We accept all major credit cards\" image_3=\"icons/payment.png\" title_4=\"Customer Service\" description_4=\"Top notch customer service\" image_4=\"icons/hours.png\"][/services][products style=&quot;wooden&quot; title=&quot;Popular &lt;span&gt;Products&lt;/span&gt;&quot; limit=&quot;10&quot;][/products][deal-product flash_sale_id=\"1\" style=\"cosmetics\"][/deal-product][products-by-categories category_ids=\"2,3,6,11\" number_of_products=\"4\"][/products-by-categories][testimonials title=\"User Feedbacks\" limit=\"3\" background_color=\"#F7EFEC\" card_color=\"#FFFFFF\"][/testimonials][featured-posts title=\"Blog & Insights\" limit=\"4\" url=\"/blog\"][/featured-posts]',NULL,NULL,'full-width',NULL,'published','2023-11-09 09:20:34','2023-11-09 09:20:34'),(6,'Blog',NULL,NULL,NULL,'default',NULL,'published','2023-11-09 09:20:34','2023-11-09 09:20:34'),(7,'About','[about image_1=\"banners/about-img-1.jpg\" image_2=\"banners/about-img-2.jpg\" logo=\"banners/about-img-3.png\" title=\"About Our Story\" subtitle=\"About Us\" story_text_1=\"Publish your eCommerce site quickly with our easy-to-use store builder— no coding required. Migrate your items from your point of sale system or turn your Instagram feed into a shopping site and start selling fast. Square Online works for all kinds of businesses—retail, restaurants, services without costly customization or add ons. Get orders to your customers in lots of ways by offering shipping, pickup, delivery, and even QR code ordering.\" story_text_2=\"Expand your reach and sell more using seamless integrations with Google, Instagram, Facebook, and more. Built- in SEO tools make it easy for shoppers to find your business on search engines. Get access to the entire suite of integrated Square solutions to help you run your business. Integration between Square Online and all Square point of sale systems makes inventory management easy. Subscribe to Square Marketing and easily send email promotions to your customers using the contact information.\" list_item_1=\"Orders go right to your restaurant point of sale, KDS, and kitchen\" list_item_url_1=\"#\" list_item_2=\"Provide in-person pickup, & delivery by professional couriers\" list_item_url_2=\"#\" list_item_3=\"Offer in-person diners self-serve, contactless ordering via QR codes.\" list_item_url_3=\"#\"][/about][team title=\"Meet With Team\" subtitle=\"Team\" team_ids=\"1,2,3,4\"][/team][features quantity=\"2\" title_1=\"Solutions that work together\" subtitle_1=\"Features #01\" description_1=\"Publish your eCommerce site quickly with our easy-to-use store builder— no coding required. Migrate your items from your point of sale system or turn your Instagram feed into a shopping site and start selling fast. Square Online works for all kinds of businesses—retail, restaurants, services.\" image_1=\"banners/about-banner-1.jpg\" button_label_1=\"Get In Touch\" button_url_1=\"#\" title_2=\"All kinds of payments securely\" subtitle_2=\"Features #02\" description_2=\"Publish your eCommerce site quickly with our easy-to-use store builder— no coding required. Migrate your items from your point of sale system or turn your Instagram feed into a shopping site and start selling fast. Square Online works for all kinds of businesses—retail, restaurants, services.\" image_2=\"banners/about-banner-2.jpg\" button_label_2=\"Contact With Us\" button_url_2=\"#\"][/features]',NULL,NULL,'default',NULL,'published','2023-11-09 09:20:34','2023-11-09 09:20:34'),(8,'Contact','[contact-box title=\"Get In Touch\" address=\"24/26 Strait Bargate, Boston, PE21, United Kingdom\" phone=\" +098 (905) 786 897 8\" email=\"ninico@example.com\" hours=\"10 am - 10 pm EST, 7 days a week\" show_contact_form=\"1\" button_label_1=\"Get Support On Call\" button_url_1=\"#\" button_icon_1=\"fa fa-headphones-alt\" button_label_2=\"Get Direction\" button_url_2=\"#\" button_icon_2=\"fa fa-map-marker-alt\"][/contact-box][google-map]24/26 Strait Bargate, Boston, PE21, United Kingdom[/google-map]',NULL,NULL,'default',NULL,'published','2023-11-09 09:20:34','2023-11-09 09:20:34'),(9,'Coming soon','[coming-soon title=\"We are Coming Soon\" subtitle=\"Coming Soon!\" time=\"2023-10-24\" background_image=\"banners/coming-soon.jpg\" logo_style=\"general/logo-white.png\" show_subscribe_form=\"1\"][/coming-soon]',NULL,NULL,'blank',NULL,'published','2023-11-09 09:20:34','2023-11-09 09:20:34'),(10,'Store Locator','[shop-location quantity=\"4\" name_1=\"Baldwin Hills Crenshaw Plaza\" address_1=\"24/26 Strait Bargate, Boston, PE21, United Kingdom\" phone_1=\"+098 (905) 786 897 8\" hours_1=\"10 am - 10 pm EST, 7 days a week\" image_1=\"shop/location-1.png\" name_2=\"Ninico Hills Crenshaw Plaza\" address_2=\" 36/26 Strait Bargate, Boston, PE21, United Kingdom\" phone_2=\"+098 112 786 897 8\" hours_2=\"9 am - 10 pm EST, 5 days a week\" image_2=\"shop/location-2.png\" name_3=\"Vegas BGM Crenshaw Plaza\" address_3=\"40/26 Strait Bargate, Vegas, PE21, United Kingdom\" phone_3=\" +098 (905) 786 897 8\" hours_3=\"10 am - 10 pm EST, 7 days a week\" image_3=\"shop/location-3.png\" name_4=\"Bargate Cine Crenshaw Plaza\" address_4=\"38/26 Strait Bargate, Point, PE21, United Kingdom\" phone_4=\"6 - 146 - 389 - 5748\" hours_4=\"10 am - 10 pm EST, 7 days a week\" image_4=\"shop/location-4.png\"][/shop-location][google-map]New York, USA[/google-map]',NULL,NULL,'default',NULL,'published','2023-11-09 09:20:34','2023-11-09 09:20:34');
/*!40000 ALTER TABLE `pages` ENABLE KEYS */;
UNLOCK TABLES;

--
-- Table structure for table `pages_translations`
--

DROP TABLE IF EXISTS `pages_translations`;
/*!40101 SET @saved_cs_client     = @@character_set_client */;
/*!50503 SET character_set_client = utf8mb4 */;
CREATE TABLE `pages_translations` (
  `lang_code` varchar(191) COLLATE utf8mb4_unicode_ci NOT NULL,
  `pages_id` bigint unsigned NOT NULL,
  `name` varchar(255) COLLATE utf8mb4_unicode_ci DEFAULT NULL,
  `description` varchar(400) COLLATE utf8mb4_unicode_ci DEFAULT NULL,
  `content` longtext COLLATE utf8mb4_unicode_ci,
  PRIMARY KEY (`lang_code`,`pages_id`)
) ENGINE=InnoDB DEFAULT CHARSET=utf8mb4 COLLATE=utf8mb4_unicode_ci;
/*!40101 SET character_set_client = @saved_cs_client */;

--
-- Dumping data for table `pages_translations`
--

LOCK TABLES `pages_translations` WRITE;
/*!40000 ALTER TABLE `pages_translations` DISABLE KEYS */;
/*!40000 ALTER TABLE `pages_translations` ENABLE KEYS */;
UNLOCK TABLES;

--
-- Table structure for table `password_reset_tokens`
--

DROP TABLE IF EXISTS `password_reset_tokens`;
/*!40101 SET @saved_cs_client     = @@character_set_client */;
/*!50503 SET character_set_client = utf8mb4 */;
CREATE TABLE `password_reset_tokens` (
  `email` varchar(191) COLLATE utf8mb4_unicode_ci NOT NULL,
  `token` varchar(191) COLLATE utf8mb4_unicode_ci NOT NULL,
  `created_at` timestamp NULL DEFAULT NULL,
  PRIMARY KEY (`email`)
) ENGINE=InnoDB DEFAULT CHARSET=utf8mb4 COLLATE=utf8mb4_unicode_ci;
/*!40101 SET character_set_client = @saved_cs_client */;

--
-- Dumping data for table `password_reset_tokens`
--

LOCK TABLES `password_reset_tokens` WRITE;
/*!40000 ALTER TABLE `password_reset_tokens` DISABLE KEYS */;
/*!40000 ALTER TABLE `password_reset_tokens` ENABLE KEYS */;
UNLOCK TABLES;

--
-- Table structure for table `payments`
--

DROP TABLE IF EXISTS `payments`;
/*!40101 SET @saved_cs_client     = @@character_set_client */;
/*!50503 SET character_set_client = utf8mb4 */;
CREATE TABLE `payments` (
  `id` bigint unsigned NOT NULL AUTO_INCREMENT,
  `currency` varchar(120) CHARACTER SET utf8mb4 COLLATE utf8mb4_unicode_ci DEFAULT NULL,
  `user_id` bigint unsigned NOT NULL DEFAULT '0',
  `charge_id` varchar(255) CHARACTER SET utf8mb4 COLLATE utf8mb4_unicode_ci DEFAULT NULL,
  `payment_channel` varchar(60) COLLATE utf8mb4_unicode_ci DEFAULT NULL,
  `description` varchar(255) COLLATE utf8mb4_unicode_ci DEFAULT NULL,
  `amount` decimal(15,2) unsigned NOT NULL,
  `order_id` bigint unsigned DEFAULT NULL,
  `status` varchar(60) COLLATE utf8mb4_unicode_ci DEFAULT 'pending',
  `payment_type` varchar(191) COLLATE utf8mb4_unicode_ci DEFAULT 'confirm',
  `customer_id` bigint unsigned DEFAULT NULL,
  `refunded_amount` decimal(15,2) unsigned DEFAULT NULL,
  `refund_note` varchar(255) COLLATE utf8mb4_unicode_ci DEFAULT NULL,
  `created_at` timestamp NULL DEFAULT NULL,
  `updated_at` timestamp NULL DEFAULT NULL,
  `customer_type` varchar(255) COLLATE utf8mb4_unicode_ci DEFAULT NULL,
  `metadata` mediumtext CHARACTER SET utf8mb4 COLLATE utf8mb4_unicode_ci,
  PRIMARY KEY (`id`)
) ENGINE=InnoDB AUTO_INCREMENT=21 DEFAULT CHARSET=utf8mb4 COLLATE=utf8mb4_unicode_ci;
/*!40101 SET character_set_client = @saved_cs_client */;

--
-- Dumping data for table `payments`
--

LOCK TABLES `payments` WRITE;
/*!40000 ALTER TABLE `payments` DISABLE KEYS */;
INSERT INTO `payments` VALUES (1,'USD',0,'VVUJTN17QT','bank_transfer',NULL,3308.00,1,'pending','confirm',2,NULL,NULL,'2023-11-09 09:20:57','2023-11-09 09:20:57','Botble\\Ecommerce\\Models\\Customer',NULL),(2,'USD',0,'H5Z7YZUSID','paypal',NULL,2191.00,2,'completed','confirm',6,NULL,NULL,'2023-11-09 09:20:57','2023-11-09 09:20:57','Botble\\Ecommerce\\Models\\Customer',NULL),(3,'USD',0,'W9X3ZXEKVV','cod',NULL,1772.00,3,'pending','confirm',8,NULL,NULL,'2023-11-09 09:20:57','2023-11-09 09:20:57','Botble\\Ecommerce\\Models\\Customer',NULL),(4,'USD',0,'0LDCIWRE47','razorpay',NULL,1289.00,4,'completed','confirm',7,NULL,NULL,'2023-11-09 09:20:57','2023-11-09 09:20:57','Botble\\Ecommerce\\Models\\Customer',NULL),(5,'USD',0,'AW6PK5JTCE','paystack',NULL,1798.00,5,'completed','confirm',3,NULL,NULL,'2023-11-09 09:20:57','2023-11-09 09:20:57','Botble\\Ecommerce\\Models\\Customer',NULL),(6,'USD',0,'7QUVWSHX2I','razorpay',NULL,1857.00,6,'completed','confirm',10,NULL,NULL,'2023-11-09 09:20:57','2023-11-09 09:20:57','Botble\\Ecommerce\\Models\\Customer',NULL),(7,'USD',0,'VDIVUCVSUJ','bank_transfer',NULL,1109.00,7,'pending','confirm',3,NULL,NULL,'2023-11-09 09:20:57','2023-11-09 09:20:57','Botble\\Ecommerce\\Models\\Customer',NULL),(8,'USD',0,'SVJNSK2O6K','stripe',NULL,2243.00,8,'completed','confirm',6,NULL,NULL,'2023-11-09 09:20:57','2023-11-09 09:20:57','Botble\\Ecommerce\\Models\\Customer',NULL),(9,'USD',0,'MCDY6RX95A','cod',NULL,2546.00,9,'pending','confirm',6,NULL,NULL,'2023-11-09 09:20:57','2023-11-09 09:20:57','Botble\\Ecommerce\\Models\\Customer',NULL),(10,'USD',0,'HA4OSMROJT','paypal',NULL,1592.00,10,'completed','confirm',1,NULL,NULL,'2023-11-09 09:20:58','2023-11-09 09:20:58','Botble\\Ecommerce\\Models\\Customer',NULL),(11,'USD',0,'KSCA3SDU1M','paystack',NULL,2611.00,11,'completed','confirm',10,NULL,NULL,'2023-11-09 09:20:58','2023-11-09 09:20:58','Botble\\Ecommerce\\Models\\Customer',NULL),(12,'USD',0,'NKFHFMYZ2G','cod',NULL,2194.00,12,'pending','confirm',3,NULL,NULL,'2023-11-09 09:20:58','2023-11-09 09:20:58','Botble\\Ecommerce\\Models\\Customer',NULL),(13,'USD',0,'SGLGO8ARNL','cod',NULL,2124.00,13,'pending','confirm',9,NULL,NULL,'2023-11-09 09:20:58','2023-11-09 09:20:58','Botble\\Ecommerce\\Models\\Customer',NULL),(14,'USD',0,'8NCJX5NWBM','paystack',NULL,2046.00,14,'completed','confirm',10,NULL,NULL,'2023-11-09 09:20:58','2023-11-09 09:20:58','Botble\\Ecommerce\\Models\\Customer',NULL),(15,'USD',0,'OYXVC9IGAH','paystack',NULL,2012.00,15,'completed','confirm',9,NULL,NULL,'2023-11-09 09:20:58','2023-11-09 09:20:58','Botble\\Ecommerce\\Models\\Customer',NULL),(16,'USD',0,'JECN5MJ9IM','stripe',NULL,2096.00,16,'completed','confirm',6,NULL,NULL,'2023-11-09 09:20:58','2023-11-09 09:20:58','Botble\\Ecommerce\\Models\\Customer',NULL),(17,'USD',0,'6KBP58VPTJ','sslcommerz',NULL,1701.00,17,'completed','confirm',6,NULL,NULL,'2023-11-09 09:20:58','2023-11-09 09:20:58','Botble\\Ecommerce\\Models\\Customer',NULL),(18,'USD',0,'9AXQNMVXQS','cod',NULL,2782.00,18,'pending','confirm',10,NULL,NULL,'2023-11-09 09:20:58','2023-11-09 09:20:58','Botble\\Ecommerce\\Models\\Customer',NULL),(19,'USD',0,'OQ90FRIZXJ','bank_transfer',NULL,2573.00,19,'pending','confirm',1,NULL,NULL,'2023-11-09 09:20:58','2023-11-09 09:20:58','Botble\\Ecommerce\\Models\\Customer',NULL),(20,'USD',0,'MDGWMUGXER','sslcommerz',NULL,1159.00,20,'completed','confirm',3,NULL,NULL,'2023-11-09 09:20:58','2023-11-09 09:20:58','Botble\\Ecommerce\\Models\\Customer',NULL);
/*!40000 ALTER TABLE `payments` ENABLE KEYS */;
UNLOCK TABLES;

--
-- Table structure for table `personal_access_tokens`
--

DROP TABLE IF EXISTS `personal_access_tokens`;
/*!40101 SET @saved_cs_client     = @@character_set_client */;
/*!50503 SET character_set_client = utf8mb4 */;
CREATE TABLE `personal_access_tokens` (
  `id` bigint unsigned NOT NULL AUTO_INCREMENT,
  `tokenable_type` varchar(191) COLLATE utf8mb4_unicode_ci NOT NULL,
  `tokenable_id` bigint unsigned NOT NULL,
  `name` varchar(191) COLLATE utf8mb4_unicode_ci NOT NULL,
  `token` varchar(64) COLLATE utf8mb4_unicode_ci NOT NULL,
  `abilities` text COLLATE utf8mb4_unicode_ci,
  `last_used_at` timestamp NULL DEFAULT NULL,
  `expires_at` timestamp NULL DEFAULT NULL,
  `created_at` timestamp NULL DEFAULT NULL,
  `updated_at` timestamp NULL DEFAULT NULL,
  PRIMARY KEY (`id`),
  UNIQUE KEY `personal_access_tokens_token_unique` (`token`),
  KEY `personal_access_tokens_tokenable_type_tokenable_id_index` (`tokenable_type`,`tokenable_id`)
) ENGINE=InnoDB DEFAULT CHARSET=utf8mb4 COLLATE=utf8mb4_unicode_ci;
/*!40101 SET character_set_client = @saved_cs_client */;

--
-- Dumping data for table `personal_access_tokens`
--

LOCK TABLES `personal_access_tokens` WRITE;
/*!40000 ALTER TABLE `personal_access_tokens` DISABLE KEYS */;
/*!40000 ALTER TABLE `personal_access_tokens` ENABLE KEYS */;
UNLOCK TABLES;

--
-- Table structure for table `post_categories`
--

DROP TABLE IF EXISTS `post_categories`;
/*!40101 SET @saved_cs_client     = @@character_set_client */;
/*!50503 SET character_set_client = utf8mb4 */;
CREATE TABLE `post_categories` (
  `category_id` bigint unsigned NOT NULL,
  `post_id` bigint unsigned NOT NULL,
  KEY `post_categories_category_id_index` (`category_id`),
  KEY `post_categories_post_id_index` (`post_id`)
) ENGINE=InnoDB DEFAULT CHARSET=utf8mb4 COLLATE=utf8mb4_unicode_ci;
/*!40101 SET character_set_client = @saved_cs_client */;

--
-- Dumping data for table `post_categories`
--

LOCK TABLES `post_categories` WRITE;
/*!40000 ALTER TABLE `post_categories` DISABLE KEYS */;
INSERT INTO `post_categories` VALUES (2,1),(2,2),(1,2),(1,3),(3,3),(2,4),(3,4),(1,5),(3,5),(1,6),(4,6),(1,7),(3,7),(1,8),(3,9),(3,10),(1,11);
/*!40000 ALTER TABLE `post_categories` ENABLE KEYS */;
UNLOCK TABLES;

--
-- Table structure for table `post_tags`
--

DROP TABLE IF EXISTS `post_tags`;
/*!40101 SET @saved_cs_client     = @@character_set_client */;
/*!50503 SET character_set_client = utf8mb4 */;
CREATE TABLE `post_tags` (
  `tag_id` bigint unsigned NOT NULL,
  `post_id` bigint unsigned NOT NULL,
  KEY `post_tags_tag_id_index` (`tag_id`),
  KEY `post_tags_post_id_index` (`post_id`)
) ENGINE=InnoDB DEFAULT CHARSET=utf8mb4 COLLATE=utf8mb4_unicode_ci;
/*!40101 SET character_set_client = @saved_cs_client */;

--
-- Dumping data for table `post_tags`
--

LOCK TABLES `post_tags` WRITE;
/*!40000 ALTER TABLE `post_tags` DISABLE KEYS */;
INSERT INTO `post_tags` VALUES (2,1),(4,1),(3,2),(1,2),(4,2),(1,3),(5,3),(3,3),(4,4),(3,4),(2,5),(1,5),(3,5),(3,6),(4,6),(1,7),(3,7),(2,8),(5,8),(1,8),(5,9),(4,9),(5,10),(4,10),(3,10),(1,11),(4,11);
/*!40000 ALTER TABLE `post_tags` ENABLE KEYS */;
UNLOCK TABLES;

--
-- Table structure for table `posts`
--

DROP TABLE IF EXISTS `posts`;
/*!40101 SET @saved_cs_client     = @@character_set_client */;
/*!50503 SET character_set_client = utf8mb4 */;
CREATE TABLE `posts` (
  `id` bigint unsigned NOT NULL AUTO_INCREMENT,
  `name` varchar(255) COLLATE utf8mb4_unicode_ci NOT NULL,
  `description` varchar(400) COLLATE utf8mb4_unicode_ci DEFAULT NULL,
  `content` longtext COLLATE utf8mb4_unicode_ci,
  `status` varchar(60) COLLATE utf8mb4_unicode_ci NOT NULL DEFAULT 'published',
  `author_id` bigint unsigned DEFAULT NULL,
  `author_type` varchar(255) CHARACTER SET utf8mb4 COLLATE utf8mb4_unicode_ci NOT NULL DEFAULT 'Botble\\ACL\\Models\\User',
  `is_featured` tinyint unsigned NOT NULL DEFAULT '0',
  `image` varchar(255) COLLATE utf8mb4_unicode_ci DEFAULT NULL,
  `views` int unsigned NOT NULL DEFAULT '0',
  `format_type` varchar(30) COLLATE utf8mb4_unicode_ci DEFAULT NULL,
  `created_at` timestamp NULL DEFAULT NULL,
  `updated_at` timestamp NULL DEFAULT NULL,
  PRIMARY KEY (`id`),
  KEY `posts_status_index` (`status`),
  KEY `posts_author_id_index` (`author_id`),
  KEY `posts_author_type_index` (`author_type`),
  KEY `posts_created_at_index` (`created_at`)
) ENGINE=InnoDB AUTO_INCREMENT=12 DEFAULT CHARSET=utf8mb4 COLLATE=utf8mb4_unicode_ci;
/*!40101 SET character_set_client = @saved_cs_client */;

--
-- Dumping data for table `posts`
--

LOCK TABLES `posts` WRITE;
/*!40000 ALTER TABLE `posts` DISABLE KEYS */;
INSERT INTO `posts` VALUES (1,'4 Expert Tips On How To Choose The Right Men’s Wallet','Mock Turtle. \'She can\'t explain MYSELF, I\'m afraid, sir\' said Alice, (she had kept a piece of it at all. \'But perhaps he can\'t help it,\' said the Hatter: \'as the things being alive; for instance.',NULL,'published',NULL,'Botble\\ACL\\Models\\User',0,NULL,2275,NULL,'2023-11-09 09:20:33','2023-11-09 09:20:33'),(2,'Sexy Clutches: How to Buy &amp; Wear a Designer Clutch Bag','So they sat down again into its mouth open, gazing up into the way to explain the mistake it had grown so large in the distance, screaming with passion. She had not gone far before they saw her.',NULL,'published',NULL,'Botble\\ACL\\Models\\User',0,NULL,421,NULL,'2023-11-09 09:20:33','2023-11-09 09:20:33'),(3,'The Top 2020 Handbag Trends to Know','HE was.\' \'I never went to school in the pool rippling to the tarts on the table. \'Have some wine,\' the March Hare will be When they take us up and repeat \"\'TIS THE VOICE OF THE SLUGGARD,\"\' said the.',NULL,'published',NULL,'Botble\\ACL\\Models\\User',0,NULL,1163,NULL,'2023-11-09 09:20:33','2023-11-09 09:20:33'),(4,'How to Match the Color of Your Handbag With an Outfit','Little Bill It was the Cat said, waving its right paw round, \'lives a March Hare. \'Exactly so,\' said the Duchess: you\'d better finish the story for yourself.\' \'No, please go on!\' Alice said to the.',NULL,'published',NULL,'Botble\\ACL\\Models\\User',0,NULL,744,NULL,'2023-11-09 09:20:33','2023-11-09 09:20:33'),(5,'How to Care for Leather Bags','It was high time to wash the things I used to do:-- \'How doth the little golden key in the house, quite forgetting her promise. \'Treacle,\' said the Footman, and began by producing from under his arm.',NULL,'published',NULL,'Botble\\ACL\\Models\\User',0,NULL,2445,NULL,'2023-11-09 09:20:33','2023-11-09 09:20:33'),(6,'We\'re Crushing Hard on Summer\'s 10 Biggest Bag Trends','Caterpillar. Alice thought to herself. (Alice had no reason to be a Caucus-race.\' \'What IS a Caucus-race?\' said Alice; \'living at the place where it had no reason to be a comfort, one way--never to.',NULL,'published',NULL,'Botble\\ACL\\Models\\User',0,NULL,1406,NULL,'2023-11-09 09:20:33','2023-11-09 09:20:33'),(7,'Essential Qualities of Highly Successful Music','Alice gently remarked; \'they\'d have been changed for Mabel! I\'ll try and say \"Who am I to do it.\' (And, as you are; secondly, because they\'re making such VERY short remarks, and she dropped it.',NULL,'published',NULL,'Botble\\ACL\\Models\\User',0,NULL,2245,NULL,'2023-11-09 09:20:33','2023-11-09 09:20:33'),(8,'9 Things I Love About Shaving My Head','I hadn\'t cried so much!\' said Alice, \'we learned French and music.\' \'And washing?\' said the Cat: \'we\'re all mad here. I\'m mad. You\'re mad.\' \'How do you know about it, you know.\' \'Not the same thing.',NULL,'published',NULL,'Botble\\ACL\\Models\\User',0,NULL,2195,NULL,'2023-11-09 09:20:33','2023-11-09 09:20:33'),(9,'Why Teamwork Really Makes The Dream Work','March Hare said to herself; \'the March Hare said to the company generally, \'You are not attending!\' said the Footman, and began to repeat it, when a sharp hiss made her feel very uneasy: to be a.',NULL,'published',NULL,'Botble\\ACL\\Models\\User',0,NULL,1180,NULL,'2023-11-09 09:20:33','2023-11-09 09:20:33'),(10,'The World Caters to Average People','May it won\'t be raving mad--at least not so mad as it went, \'One side will make you a song?\' \'Oh, a song, please, if the Queen never left off when they had to kneel down on one knee as he spoke.',NULL,'published',NULL,'Botble\\ACL\\Models\\User',0,NULL,601,NULL,'2023-11-09 09:20:33','2023-11-09 09:20:33'),(11,'The litigants on the screen are not actors','ITS WAISTCOAT-POCKET, and looked at them with large round eyes, and feebly stretching out one paw, trying to invent something!\' \'I--I\'m a little queer, won\'t you?\' \'Not a bit,\' said the Gryphon.',NULL,'published',NULL,'Botble\\ACL\\Models\\User',0,NULL,2133,NULL,'2023-11-09 09:20:33','2023-11-09 09:20:33');
/*!40000 ALTER TABLE `posts` ENABLE KEYS */;
UNLOCK TABLES;

--
-- Table structure for table `posts_translations`
--

DROP TABLE IF EXISTS `posts_translations`;
/*!40101 SET @saved_cs_client     = @@character_set_client */;
/*!50503 SET character_set_client = utf8mb4 */;
CREATE TABLE `posts_translations` (
  `lang_code` varchar(191) COLLATE utf8mb4_unicode_ci NOT NULL,
  `posts_id` bigint unsigned NOT NULL,
  `name` varchar(255) COLLATE utf8mb4_unicode_ci DEFAULT NULL,
  `description` varchar(400) COLLATE utf8mb4_unicode_ci DEFAULT NULL,
  `content` longtext COLLATE utf8mb4_unicode_ci,
  PRIMARY KEY (`lang_code`,`posts_id`)
) ENGINE=InnoDB DEFAULT CHARSET=utf8mb4 COLLATE=utf8mb4_unicode_ci;
/*!40101 SET character_set_client = @saved_cs_client */;

--
-- Dumping data for table `posts_translations`
--

LOCK TABLES `posts_translations` WRITE;
/*!40000 ALTER TABLE `posts_translations` DISABLE KEYS */;
/*!40000 ALTER TABLE `posts_translations` ENABLE KEYS */;
UNLOCK TABLES;

--
-- Table structure for table `revisions`
--

DROP TABLE IF EXISTS `revisions`;
/*!40101 SET @saved_cs_client     = @@character_set_client */;
/*!50503 SET character_set_client = utf8mb4 */;
CREATE TABLE `revisions` (
  `id` bigint unsigned NOT NULL AUTO_INCREMENT,
  `revisionable_type` varchar(191) COLLATE utf8mb4_unicode_ci NOT NULL,
  `revisionable_id` bigint unsigned NOT NULL,
  `user_id` bigint unsigned DEFAULT NULL,
  `key` varchar(191) COLLATE utf8mb4_unicode_ci NOT NULL,
  `old_value` text COLLATE utf8mb4_unicode_ci,
  `new_value` text COLLATE utf8mb4_unicode_ci,
  `created_at` timestamp NULL DEFAULT NULL,
  `updated_at` timestamp NULL DEFAULT NULL,
  PRIMARY KEY (`id`),
  KEY `revisions_revisionable_id_revisionable_type_index` (`revisionable_id`,`revisionable_type`)
) ENGINE=InnoDB DEFAULT CHARSET=utf8mb4 COLLATE=utf8mb4_unicode_ci;
/*!40101 SET character_set_client = @saved_cs_client */;

--
-- Dumping data for table `revisions`
--

LOCK TABLES `revisions` WRITE;
/*!40000 ALTER TABLE `revisions` DISABLE KEYS */;
/*!40000 ALTER TABLE `revisions` ENABLE KEYS */;
UNLOCK TABLES;

--
-- Table structure for table `role_users`
--

DROP TABLE IF EXISTS `role_users`;
/*!40101 SET @saved_cs_client     = @@character_set_client */;
/*!50503 SET character_set_client = utf8mb4 */;
CREATE TABLE `role_users` (
  `user_id` bigint unsigned NOT NULL,
  `role_id` bigint unsigned NOT NULL,
  `created_at` timestamp NULL DEFAULT NULL,
  `updated_at` timestamp NULL DEFAULT NULL,
  PRIMARY KEY (`user_id`,`role_id`),
  KEY `role_users_user_id_index` (`user_id`),
  KEY `role_users_role_id_index` (`role_id`)
) ENGINE=InnoDB DEFAULT CHARSET=utf8mb4 COLLATE=utf8mb4_unicode_ci;
/*!40101 SET character_set_client = @saved_cs_client */;

--
-- Dumping data for table `role_users`
--

LOCK TABLES `role_users` WRITE;
/*!40000 ALTER TABLE `role_users` DISABLE KEYS */;
/*!40000 ALTER TABLE `role_users` ENABLE KEYS */;
UNLOCK TABLES;

--
-- Table structure for table `roles`
--

DROP TABLE IF EXISTS `roles`;
/*!40101 SET @saved_cs_client     = @@character_set_client */;
/*!50503 SET character_set_client = utf8mb4 */;
CREATE TABLE `roles` (
  `id` bigint unsigned NOT NULL AUTO_INCREMENT,
  `slug` varchar(120) COLLATE utf8mb4_unicode_ci NOT NULL,
  `name` varchar(120) COLLATE utf8mb4_unicode_ci NOT NULL,
  `permissions` text COLLATE utf8mb4_unicode_ci,
  `description` varchar(255) COLLATE utf8mb4_unicode_ci DEFAULT NULL,
  `is_default` tinyint unsigned NOT NULL DEFAULT '0',
  `created_by` bigint unsigned NOT NULL,
  `updated_by` bigint unsigned NOT NULL,
  `created_at` timestamp NULL DEFAULT NULL,
  `updated_at` timestamp NULL DEFAULT NULL,
  PRIMARY KEY (`id`),
  UNIQUE KEY `roles_slug_unique` (`slug`),
  KEY `roles_created_by_index` (`created_by`),
  KEY `roles_updated_by_index` (`updated_by`)
) ENGINE=InnoDB AUTO_INCREMENT=2 DEFAULT CHARSET=utf8mb4 COLLATE=utf8mb4_unicode_ci;
/*!40101 SET character_set_client = @saved_cs_client */;

--
-- Dumping data for table `roles`
--

LOCK TABLES `roles` WRITE;
/*!40000 ALTER TABLE `roles` DISABLE KEYS */;
INSERT INTO `roles` VALUES (1,'admin','Admin','{\"users.index\":true,\"users.create\":true,\"users.edit\":true,\"users.destroy\":true,\"roles.index\":true,\"roles.create\":true,\"roles.edit\":true,\"roles.destroy\":true,\"core.system\":true,\"core.manage.license\":true,\"media.index\":true,\"files.index\":true,\"files.create\":true,\"files.edit\":true,\"files.trash\":true,\"files.destroy\":true,\"folders.index\":true,\"folders.create\":true,\"folders.edit\":true,\"folders.trash\":true,\"folders.destroy\":true,\"settings.options\":true,\"settings.email\":true,\"settings.media\":true,\"settings.cronjob\":true,\"menus.index\":true,\"menus.create\":true,\"menus.edit\":true,\"menus.destroy\":true,\"pages.index\":true,\"pages.create\":true,\"pages.edit\":true,\"pages.destroy\":true,\"plugins.index\":true,\"plugins.edit\":true,\"plugins.remove\":true,\"plugins.marketplace\":true,\"core.appearance\":true,\"theme.index\":true,\"theme.activate\":true,\"theme.remove\":true,\"theme.options\":true,\"theme.custom-css\":true,\"theme.custom-js\":true,\"theme.custom-html\":true,\"widgets.index\":true,\"ads.index\":true,\"ads.create\":true,\"ads.edit\":true,\"ads.destroy\":true,\"analytics.general\":true,\"analytics.page\":true,\"analytics.browser\":true,\"analytics.referrer\":true,\"audit-log.index\":true,\"audit-log.destroy\":true,\"backups.index\":true,\"backups.create\":true,\"backups.restore\":true,\"backups.destroy\":true,\"plugins.blog\":true,\"posts.index\":true,\"posts.create\":true,\"posts.edit\":true,\"posts.destroy\":true,\"categories.index\":true,\"categories.create\":true,\"categories.edit\":true,\"categories.destroy\":true,\"tags.index\":true,\"tags.create\":true,\"tags.edit\":true,\"tags.destroy\":true,\"contacts.index\":true,\"contacts.edit\":true,\"contacts.destroy\":true,\"plugins.ecommerce\":true,\"ecommerce.settings\":true,\"ecommerce.report.index\":true,\"products.index\":true,\"products.create\":true,\"products.edit\":true,\"products.destroy\":true,\"products.duplicate\":true,\"product-categories.index\":true,\"product-categories.create\":true,\"product-categories.edit\":true,\"product-categories.destroy\":true,\"product-tag.index\":true,\"product-tag.create\":true,\"product-tag.edit\":true,\"product-tag.destroy\":true,\"brands.index\":true,\"brands.create\":true,\"brands.edit\":true,\"brands.destroy\":true,\"product-collections.index\":true,\"product-collections.create\":true,\"product-collections.edit\":true,\"product-collections.destroy\":true,\"product-attribute-sets.index\":true,\"product-attribute-sets.create\":true,\"product-attribute-sets.edit\":true,\"product-attribute-sets.destroy\":true,\"product-attributes.index\":true,\"product-attributes.create\":true,\"product-attributes.edit\":true,\"product-attributes.destroy\":true,\"tax.index\":true,\"tax.create\":true,\"tax.edit\":true,\"tax.destroy\":true,\"reviews.index\":true,\"reviews.destroy\":true,\"reviews.publish\":true,\"shipping_methods.index\":true,\"ecommerce.shipping-rule-items.index\":true,\"ecommerce.shipping-rule-items.create\":true,\"ecommerce.shipping-rule-items.edit\":true,\"ecommerce.shipping-rule-items.destroy\":true,\"ecommerce.shipping-rule-items.bulk-import\":true,\"ecommerce.shipments.index\":true,\"ecommerce.shipments.create\":true,\"ecommerce.shipments.edit\":true,\"ecommerce.shipments.destroy\":true,\"orders.index\":true,\"orders.create\":true,\"orders.edit\":true,\"orders.destroy\":true,\"discounts.index\":true,\"discounts.create\":true,\"discounts.edit\":true,\"discounts.destroy\":true,\"customers.index\":true,\"customers.create\":true,\"customers.edit\":true,\"customers.destroy\":true,\"flash-sale.index\":true,\"flash-sale.create\":true,\"flash-sale.edit\":true,\"flash-sale.destroy\":true,\"product-label.index\":true,\"product-label.create\":true,\"product-label.edit\":true,\"product-label.destroy\":true,\"ecommerce.import.products.index\":true,\"ecommerce.export.products.index\":true,\"order_returns.index\":true,\"order_returns.edit\":true,\"order_returns.destroy\":true,\"global-option.index\":true,\"global-option.create\":true,\"global-option.edit\":true,\"global-option.destroy\":true,\"ecommerce.invoice.index\":true,\"ecommerce.invoice.edit\":true,\"ecommerce.invoice.destroy\":true,\"ecommerce.invoice-template.index\":true,\"plugin.faq\":true,\"faq.index\":true,\"faq.create\":true,\"faq.edit\":true,\"faq.destroy\":true,\"faq_category.index\":true,\"faq_category.create\":true,\"faq_category.edit\":true,\"faq_category.destroy\":true,\"galleries.index\":true,\"galleries.create\":true,\"galleries.edit\":true,\"galleries.destroy\":true,\"languages.index\":true,\"languages.create\":true,\"languages.edit\":true,\"languages.destroy\":true,\"plugin.location\":true,\"country.index\":true,\"country.create\":true,\"country.edit\":true,\"country.destroy\":true,\"state.index\":true,\"state.create\":true,\"state.edit\":true,\"state.destroy\":true,\"city.index\":true,\"city.create\":true,\"city.edit\":true,\"city.destroy\":true,\"location.bulk-import.index\":true,\"location.export.index\":true,\"newsletter.index\":true,\"newsletter.destroy\":true,\"payment.index\":true,\"payments.settings\":true,\"payment.destroy\":true,\"sale-popup.settings\":true,\"simple-slider.index\":true,\"simple-slider.create\":true,\"simple-slider.edit\":true,\"simple-slider.destroy\":true,\"simple-slider-item.index\":true,\"simple-slider-item.create\":true,\"simple-slider-item.edit\":true,\"simple-slider-item.destroy\":true,\"social-login.settings\":true,\"team.index\":true,\"team.create\":true,\"team.edit\":true,\"team.destroy\":true,\"testimonial.index\":true,\"testimonial.create\":true,\"testimonial.edit\":true,\"testimonial.destroy\":true,\"plugins.translation\":true,\"translations.locales\":true,\"translations.theme-translations\":true,\"translations.index\":true}','Admin users role',1,2,2,'2023-11-09 09:20:32','2023-11-09 09:20:32');
/*!40000 ALTER TABLE `roles` ENABLE KEYS */;
UNLOCK TABLES;

--
-- Table structure for table `settings`
--

DROP TABLE IF EXISTS `settings`;
/*!40101 SET @saved_cs_client     = @@character_set_client */;
/*!50503 SET character_set_client = utf8mb4 */;
CREATE TABLE `settings` (
  `id` bigint unsigned NOT NULL AUTO_INCREMENT,
  `key` varchar(191) COLLATE utf8mb4_unicode_ci NOT NULL,
  `value` text COLLATE utf8mb4_unicode_ci,
  `created_at` timestamp NULL DEFAULT NULL,
  `updated_at` timestamp NULL DEFAULT NULL,
  PRIMARY KEY (`id`),
  UNIQUE KEY `settings_key_unique` (`key`)
) ENGINE=InnoDB AUTO_INCREMENT=50 DEFAULT CHARSET=utf8mb4 COLLATE=utf8mb4_unicode_ci;
/*!40101 SET character_set_client = @saved_cs_client */;

--
-- Dumping data for table `settings`
--

LOCK TABLES `settings` WRITE;
/*!40000 ALTER TABLE `settings` DISABLE KEYS */;
INSERT INTO `settings` VALUES (1,'media_random_hash','0943699c48f930c545dfc7b840114864',NULL,'2023-11-09 09:20:35'),(2,'api_enabled','0',NULL,'2023-11-09 09:20:35'),(3,'activated_plugins','[\"language\",\"language-advanced\",\"ads\",\"analytics\",\"audit-log\",\"backup\",\"blog\",\"captcha\",\"contact\",\"cookie-consent\",\"ecommerce\",\"faq\",\"gallery\",\"location\",\"newsletter\",\"payment\",\"paypal\",\"paystack\",\"razorpay\",\"sale-popup\",\"shippo\",\"simple-slider\",\"social-login\",\"sslcommerz\",\"stripe\",\"team\",\"testimonial\",\"translation\"]',NULL,'2023-11-09 09:20:35'),(6,'theme','ninico',NULL,'2023-11-09 09:20:35'),(7,'show_admin_bar','1',NULL,'2023-11-09 09:20:35'),(8,'language_hide_default','1',NULL,'2023-11-09 09:20:35'),(9,'language_switcher_display','dropdown',NULL,'2023-11-09 09:20:35'),(10,'language_display','all',NULL,'2023-11-09 09:20:35'),(11,'language_hide_languages','[]',NULL,'2023-11-09 09:20:35'),(12,'payment_cod_status','1',NULL,'2023-11-09 09:20:35'),(13,'payment_bank_transfer_status','1',NULL,'2023-11-09 09:20:35'),(14,'admin_favicon','general/favicon.png',NULL,'2023-11-09 09:20:35'),(15,'admin_logo','general/logo-white.png',NULL,'2023-11-09 09:20:35'),(16,'permalink-botble-blog-models-post','blog',NULL,'2023-11-09 09:20:35'),(17,'permalink-botble-blog-models-category','blog',NULL,'2023-11-09 09:20:35'),(18,'payment_cod_description','Please pay money directly to the postman, if you choose cash on delivery method (COD).',NULL,'2023-11-09 09:20:35'),(19,'payment_bank_transfer_description','Please send money to our bank account: ACB - 69270 213 19.',NULL,'2023-11-09 09:20:35'),(20,'payment_stripe_payment_type','stripe_checkout',NULL,'2023-11-09 09:20:35'),(21,'plugins_ecommerce_customer_new_order_status','0',NULL,'2023-11-09 09:20:35'),(22,'plugins_ecommerce_admin_new_order_status','0',NULL,'2023-11-09 09:20:35'),(23,'ecommerce_is_enabled_support_digital_products','1',NULL,'2023-11-09 09:20:35'),(24,'ecommerce_load_countries_states_cities_from_location_plugin','0',NULL,'2023-11-09 09:20:35'),(25,'ecommerce_product_sku_format','NN-2443-[%S]',NULL,'2023-11-09 09:20:35'),(26,'theme-ninico-site_title','Ninico - Minimal eCommerce',NULL,NULL),(27,'theme-ninico-favicon','general/favicon.png',NULL,NULL),(28,'theme-ninico-logo_light','general/logo-white.png',NULL,NULL),(29,'theme-ninico-logo','general/logo.png',NULL,NULL),(30,'theme-ninico-primary_font','Jost',NULL,NULL),(31,'theme-ninico-primary_color','#d51243',NULL,NULL),(32,'theme-ninico-hotline','908. 408. 501. 89',NULL,NULL),(33,'theme-ninico-homepage_id','1',NULL,NULL),(34,'theme-ninico-blog_page_id','6',NULL,NULL),(35,'theme-ninico-cart_footer_description','Free shipping for orders <b>under 10km</b>',NULL,NULL),(36,'theme-ninico-breadcrumb_background','banners/breadcrumb-01.jpg',NULL,NULL),(37,'theme-ninico-login_background','banners/login-bg.jpg',NULL,NULL),(38,'theme-ninico-register_background','banners/sign-bg.jpg',NULL,NULL),(39,'theme-ninico-404_not_found_icon','icons/error.png',NULL,NULL),(40,'theme-ninico-default_product_list_layout','grid',NULL,NULL),(41,'theme-ninico-number_of_products_per_page','30',NULL,NULL),(42,'theme-ninico-footer_background_color','#F8F8F8',NULL,NULL),(43,'theme-ninico-footer_text_color','#000000',NULL,NULL),(44,'theme-ninico-footer_text_muted_color','#777777',NULL,NULL),(45,'theme-ninico-footer_border_color','#E0E0E0',NULL,NULL),(46,'theme-ninico-footer_bottom_background_color','#ededed',NULL,NULL),(47,'theme-ninico-preloader_version','v2',NULL,NULL),(48,'theme-ninico-header_messages','[[{\"key\":\"message\",\"value\":\"Welcome to our international shop! Enjoy free shipping on orders $100 & up\"},{\"key\":\"link\",\"value\":\"\\/\"},{\"key\":\"link_text\",\"value\":\"Shop now\"}],[{\"key\":\"message\",\"value\":\"Trendy 25 silver jewelry, save up 35% off today\"},{\"key\":\"link\",\"value\":\"\\/\"},{\"key\":\"link_text\",\"value\":\"Shop now\"}]]',NULL,NULL),(49,'theme-ninico-social_links','[[{\"key\":\"name\",\"value\":\"Facebook\"},{\"key\":\"icon\",\"value\":\"fab fa-facebook\"},{\"key\":\"url\",\"value\":\"https:\\/\\/www.facebook.com\"}],[{\"key\":\"name\",\"value\":\"Twitter\"},{\"key\":\"icon\",\"value\":\"fab fa-twitter\"},{\"key\":\"url\",\"value\":\"https:\\/\\/twitter.com\"}],[{\"key\":\"name\",\"value\":\"Behance\"},{\"key\":\"icon\",\"value\":\"fab fa-behance\"},{\"key\":\"url\",\"value\":\"https:\\/\\/www.behance.net\"}],[{\"key\":\"name\",\"value\":\"Youtube\"},{\"key\":\"icon\",\"value\":\"fab fa-youtube\"},{\"key\":\"url\",\"value\":\"https:\\/\\/www.youtube.com\"}],[{\"key\":\"name\",\"value\":\"LinkedIn\"},{\"key\":\"icon\",\"value\":\"fab fa-linkedin\"},{\"key\":\"url\",\"value\":\"https:\\/\\/www.linkedin.com\"}]]',NULL,NULL);
/*!40000 ALTER TABLE `settings` ENABLE KEYS */;
UNLOCK TABLES;

--
-- Table structure for table `simple_slider_items`
--

DROP TABLE IF EXISTS `simple_slider_items`;
/*!40101 SET @saved_cs_client     = @@character_set_client */;
/*!50503 SET character_set_client = utf8mb4 */;
CREATE TABLE `simple_slider_items` (
  `id` bigint unsigned NOT NULL AUTO_INCREMENT,
  `simple_slider_id` bigint unsigned NOT NULL,
  `title` varchar(255) COLLATE utf8mb4_unicode_ci DEFAULT NULL,
  `image` varchar(255) COLLATE utf8mb4_unicode_ci NOT NULL,
  `link` varchar(255) COLLATE utf8mb4_unicode_ci DEFAULT NULL,
  `description` text COLLATE utf8mb4_unicode_ci,
  `order` int unsigned NOT NULL DEFAULT '0',
  `created_at` timestamp NULL DEFAULT NULL,
  `updated_at` timestamp NULL DEFAULT NULL,
  PRIMARY KEY (`id`)
) ENGINE=InnoDB AUTO_INCREMENT=16 DEFAULT CHARSET=utf8mb4 COLLATE=utf8mb4_unicode_ci;
/*!40101 SET character_set_client = @saved_cs_client */;

--
-- Dumping data for table `simple_slider_items`
--

LOCK TABLES `simple_slider_items` WRITE;
/*!40000 ALTER TABLE `simple_slider_items` DISABLE KEYS */;
INSERT INTO `simple_slider_items` VALUES (1,1,'Up To <i>40% Off</i> latest Creations','sliders/banner-1.jpg','/products','Accessories',1,'2023-11-09 09:20:37','2023-11-09 09:20:37'),(2,1,'Up To <i>40% Off</i> latest Creations','sliders/banner-2.jpg','/products','Accessories',2,'2023-11-09 09:20:37','2023-11-09 09:20:37'),(3,1,'Up To <i>40% Off</i> latest Creations','sliders/banner-3.jpg','/products','Accessories',3,'2023-11-09 09:20:37','2023-11-09 09:20:37'),(4,2,'Exclusive <br> Winter Collection','sliders/slider-01.png','/products','New Modern Stylist Fashionable Women\'s Wear holder',1,'2023-11-09 09:20:37','2023-11-09 09:20:37'),(5,2,'Exclusive <br> Women\'s Fashion','sliders/slider-02.png','/products','New Modern Stylist Fashionable Women\'s Wear holder',2,'2023-11-09 09:20:37','2023-11-09 09:20:37'),(6,2,'Exclusive <br> Summer Collection','sliders/slider-03.png','/products','New Modern Stylist Fashionable Women\'s Wear holder',3,'2023-11-09 09:20:37','2023-11-09 09:20:37'),(7,3,'Wooden <br> Lounge Furniture','sliders/slider-04.png','/products','New Modern Stylist Fashionable Women\'s Wear holder',1,'2023-11-09 09:20:37','2023-11-09 09:20:37'),(8,3,'Wooden <br> Lounge Chair','sliders/slider-05.png','/products',NULL,2,'2023-11-09 09:20:37','2023-11-09 09:20:37'),(9,3,'Wooden <br> Houston Furniture','sliders/slider-06.png','/products',NULL,3,'2023-11-09 09:20:37','2023-11-09 09:20:37'),(10,4,'Will Never <br> Compromise Beauty','sliders/slider-bg-04.png','/products','New Modern Stylist Fashionable Women\'s Wear holder',1,'2023-11-09 09:20:37','2023-11-09 09:20:37'),(11,4,'Will Never <br> Compromise Glow','sliders/slider-bg-05.png','/products','New Modern Stylist Fashionable Women\'s Wear holder',2,'2023-11-09 09:20:37','2023-11-09 09:20:37'),(12,4,'Will Never <br> Compromise Health','sliders/slider-bg-06.png','/products','New Modern Stylist Fashionable Women\'s Wear holder',3,'2023-11-09 09:20:37','2023-11-09 09:20:37'),(13,5,'Fresh Grocery <br> Products.','sliders/slider-05-bg-1.jpg','/products','Quality &amp; Fresh Products',1,'2023-11-09 09:20:37','2023-11-09 09:20:37'),(14,5,'Fresh Grocery <br> Products.','sliders/slider-05-bg-2.jpg','/products','Quality &amp; Fresh Products',2,'2023-11-09 09:20:37','2023-11-09 09:20:37'),(15,5,'Fresh Grocery <br> Products.','sliders/slider-05-bg-3.jpg','/products','Quality &amp; Fresh Products',3,'2023-11-09 09:20:37','2023-11-09 09:20:37');
/*!40000 ALTER TABLE `simple_slider_items` ENABLE KEYS */;
UNLOCK TABLES;

--
-- Table structure for table `simple_sliders`
--

DROP TABLE IF EXISTS `simple_sliders`;
/*!40101 SET @saved_cs_client     = @@character_set_client */;
/*!50503 SET character_set_client = utf8mb4 */;
CREATE TABLE `simple_sliders` (
  `id` bigint unsigned NOT NULL AUTO_INCREMENT,
  `name` varchar(120) COLLATE utf8mb4_unicode_ci NOT NULL,
  `key` varchar(120) COLLATE utf8mb4_unicode_ci NOT NULL,
  `description` varchar(255) COLLATE utf8mb4_unicode_ci DEFAULT NULL,
  `status` varchar(60) COLLATE utf8mb4_unicode_ci NOT NULL DEFAULT 'published',
  `created_at` timestamp NULL DEFAULT NULL,
  `updated_at` timestamp NULL DEFAULT NULL,
  PRIMARY KEY (`id`)
) ENGINE=InnoDB AUTO_INCREMENT=6 DEFAULT CHARSET=utf8mb4 COLLATE=utf8mb4_unicode_ci;
/*!40101 SET character_set_client = @saved_cs_client */;

--
-- Dumping data for table `simple_sliders`
--

LOCK TABLES `simple_sliders` WRITE;
/*!40000 ALTER TABLE `simple_sliders` DISABLE KEYS */;
INSERT INTO `simple_sliders` VALUES (1,'Slider home 1','slider-home-1','The slider on home page 1','published','2023-11-09 09:20:37','2023-11-09 09:20:37'),(2,'Slider home 2','slider-home-2','The slider on home page 2','published','2023-11-09 09:20:37','2023-11-09 09:20:37'),(3,'Slider Furniture','slider-furniture','The slider for furniture style','published','2023-11-09 09:20:37','2023-11-09 09:20:37'),(4,'Slider Cosmetics','slider-cosmetics','The slider for cosmetics style','published','2023-11-09 09:20:37','2023-11-09 09:20:37'),(5,'Slider Grocery','slider-grocery','The slider for grocery style','published','2023-11-09 09:20:37','2023-11-09 09:20:37');
/*!40000 ALTER TABLE `simple_sliders` ENABLE KEYS */;
UNLOCK TABLES;

--
-- Table structure for table `slugs`
--

DROP TABLE IF EXISTS `slugs`;
/*!40101 SET @saved_cs_client     = @@character_set_client */;
/*!50503 SET character_set_client = utf8mb4 */;
CREATE TABLE `slugs` (
  `id` bigint unsigned NOT NULL AUTO_INCREMENT,
  `key` varchar(255) COLLATE utf8mb4_unicode_ci NOT NULL,
  `reference_id` bigint unsigned NOT NULL,
  `reference_type` varchar(255) COLLATE utf8mb4_unicode_ci NOT NULL,
  `prefix` varchar(120) COLLATE utf8mb4_unicode_ci DEFAULT '',
  `created_at` timestamp NULL DEFAULT NULL,
  `updated_at` timestamp NULL DEFAULT NULL,
  PRIMARY KEY (`id`),
  KEY `slugs_reference_id_index` (`reference_id`),
  KEY `slugs_key_index` (`key`),
  KEY `slugs_prefix_index` (`prefix`),
  KEY `slugs_reference_index` (`reference_id`,`reference_type`)
) ENGINE=InnoDB AUTO_INCREMENT=141 DEFAULT CHARSET=utf8mb4 COLLATE=utf8mb4_unicode_ci;
/*!40101 SET character_set_client = @saved_cs_client */;

--
-- Dumping data for table `slugs`
--

LOCK TABLES `slugs` WRITE;
/*!40000 ALTER TABLE `slugs` DISABLE KEYS */;
INSERT INTO `slugs` VALUES (1,'ecommerce',1,'Botble\\Blog\\Models\\Category','blog','2023-11-09 09:20:33','2023-11-09 09:20:33'),(2,'fashion',2,'Botble\\Blog\\Models\\Category','blog','2023-11-09 09:20:33','2023-11-09 09:20:33'),(3,'electronic',3,'Botble\\Blog\\Models\\Category','blog','2023-11-09 09:20:33','2023-11-09 09:20:33'),(4,'commercial',4,'Botble\\Blog\\Models\\Category','blog','2023-11-09 09:20:33','2023-11-09 09:20:33'),(5,'general',1,'Botble\\Blog\\Models\\Tag','tag','2023-11-09 09:20:33','2023-11-09 09:20:33'),(6,'design',2,'Botble\\Blog\\Models\\Tag','tag','2023-11-09 09:20:33','2023-11-09 09:20:33'),(7,'fashion',3,'Botble\\Blog\\Models\\Tag','tag','2023-11-09 09:20:33','2023-11-09 09:20:33'),(8,'branding',4,'Botble\\Blog\\Models\\Tag','tag','2023-11-09 09:20:33','2023-11-09 09:20:33'),(9,'modern',5,'Botble\\Blog\\Models\\Tag','tag','2023-11-09 09:20:33','2023-11-09 09:20:33'),(10,'4-expert-tips-on-how-to-choose-the-right-mens-wallet',1,'Botble\\Blog\\Models\\Post','blog','2023-11-09 09:20:33','2023-11-09 09:20:33'),(11,'sexy-clutches-how-to-buy-wear-a-designer-clutch-bag',2,'Botble\\Blog\\Models\\Post','blog','2023-11-09 09:20:33','2023-11-09 09:20:33'),(12,'the-top-2020-handbag-trends-to-know',3,'Botble\\Blog\\Models\\Post','blog','2023-11-09 09:20:33','2023-11-09 09:20:33'),(13,'how-to-match-the-color-of-your-handbag-with-an-outfit',4,'Botble\\Blog\\Models\\Post','blog','2023-11-09 09:20:33','2023-11-09 09:20:33'),(14,'how-to-care-for-leather-bags',5,'Botble\\Blog\\Models\\Post','blog','2023-11-09 09:20:33','2023-11-09 09:20:33'),(15,'were-crushing-hard-on-summers-10-biggest-bag-trends',6,'Botble\\Blog\\Models\\Post','blog','2023-11-09 09:20:33','2023-11-09 09:20:33'),(16,'essential-qualities-of-highly-successful-music',7,'Botble\\Blog\\Models\\Post','blog','2023-11-09 09:20:33','2023-11-09 09:20:33'),(17,'9-things-i-love-about-shaving-my-head',8,'Botble\\Blog\\Models\\Post','blog','2023-11-09 09:20:33','2023-11-09 09:20:33'),(18,'why-teamwork-really-makes-the-dream-work',9,'Botble\\Blog\\Models\\Post','blog','2023-11-09 09:20:33','2023-11-09 09:20:33'),(19,'the-world-caters-to-average-people',10,'Botble\\Blog\\Models\\Post','blog','2023-11-09 09:20:33','2023-11-09 09:20:33'),(20,'the-litigants-on-the-screen-are-not-actors',11,'Botble\\Blog\\Models\\Post','blog','2023-11-09 09:20:33','2023-11-09 09:20:33'),(21,'wooden-home',1,'Botble\\Page\\Models\\Page','','2023-11-09 09:20:34','2023-11-09 09:20:34'),(22,'fashion-home',2,'Botble\\Page\\Models\\Page','','2023-11-09 09:20:34','2023-11-09 09:20:34'),(23,'furniture-home',3,'Botble\\Page\\Models\\Page','','2023-11-09 09:20:34','2023-11-09 09:20:34'),(24,'cosmetics-home',4,'Botble\\Page\\Models\\Page','','2023-11-09 09:20:34','2023-11-09 09:20:34'),(25,'food-grocery',5,'Botble\\Page\\Models\\Page','','2023-11-09 09:20:34','2023-11-09 09:20:34'),(26,'blog',6,'Botble\\Page\\Models\\Page','','2023-11-09 09:20:34','2023-11-09 09:20:34'),(27,'about',7,'Botble\\Page\\Models\\Page','','2023-11-09 09:20:34','2023-11-09 09:20:34'),(28,'contact',8,'Botble\\Page\\Models\\Page','','2023-11-09 09:20:34','2023-11-09 09:20:34'),(29,'coming-soon',9,'Botble\\Page\\Models\\Page','','2023-11-09 09:20:34','2023-11-09 09:20:34'),(30,'store-locator',10,'Botble\\Page\\Models\\Page','','2023-11-09 09:20:34','2023-11-09 09:20:34'),(31,'fashion-live',1,'Botble\\Ecommerce\\Models\\Brand','brands','2023-11-09 09:20:39','2023-11-09 09:20:39'),(32,'hand-crafted',2,'Botble\\Ecommerce\\Models\\Brand','brands','2023-11-09 09:20:39','2023-11-09 09:20:39'),(33,'mestonix',3,'Botble\\Ecommerce\\Models\\Brand','brands','2023-11-09 09:20:39','2023-11-09 09:20:39'),(34,'sunshine',4,'Botble\\Ecommerce\\Models\\Brand','brands','2023-11-09 09:20:39','2023-11-09 09:20:39'),(35,'pure',5,'Botble\\Ecommerce\\Models\\Brand','brands','2023-11-09 09:20:39','2023-11-09 09:20:39'),(36,'anfold',6,'Botble\\Ecommerce\\Models\\Brand','brands','2023-11-09 09:20:39','2023-11-09 09:20:39'),(37,'pro-glasses',1,'Botble\\Ecommerce\\Models\\ProductCategory','product-categories','2023-11-09 09:20:39','2023-11-09 09:20:39'),(38,'casual-shoes',2,'Botble\\Ecommerce\\Models\\ProductCategory','product-categories','2023-11-09 09:20:39','2023-11-09 09:20:39'),(39,'winter-jacket',3,'Botble\\Ecommerce\\Models\\ProductCategory','product-categories','2023-11-09 09:20:39','2023-11-09 09:20:39'),(40,'new-added',4,'Botble\\Ecommerce\\Models\\ProductCategory','product-categories','2023-11-09 09:20:39','2023-11-09 09:20:39'),(41,'wooden',5,'Botble\\Ecommerce\\Models\\ProductCategory','product-categories','2023-11-09 09:20:39','2023-11-09 09:20:39'),(42,'furniture',6,'Botble\\Ecommerce\\Models\\ProductCategory','product-categories','2023-11-09 09:20:39','2023-11-09 09:20:39'),(43,'clock',7,'Botble\\Ecommerce\\Models\\ProductCategory','product-categories','2023-11-09 09:20:39','2023-11-09 09:20:39'),(44,'gifts',8,'Botble\\Ecommerce\\Models\\ProductCategory','product-categories','2023-11-09 09:20:39','2023-11-09 09:20:39'),(45,'crafts',9,'Botble\\Ecommerce\\Models\\ProductCategory','product-categories','2023-11-09 09:20:39','2023-11-09 09:20:39'),(46,'gift-sets',10,'Botble\\Ecommerce\\Models\\ProductCategory','product-categories','2023-11-09 09:20:39','2023-11-09 09:20:39'),(47,'plastic-gifts',11,'Botble\\Ecommerce\\Models\\ProductCategory','product-categories','2023-11-09 09:20:39','2023-11-09 09:20:39'),(48,'handy-cream',12,'Botble\\Ecommerce\\Models\\ProductCategory','product-categories','2023-11-09 09:20:39','2023-11-09 09:20:39'),(49,'cosmetics',13,'Botble\\Ecommerce\\Models\\ProductCategory','product-categories','2023-11-09 09:20:39','2023-11-09 09:20:39'),(50,'silk-accessories',14,'Botble\\Ecommerce\\Models\\ProductCategory','product-categories','2023-11-09 09:20:39','2023-11-09 09:20:39'),(51,'finest-skincare-lotions',15,'Botble\\Ecommerce\\Models\\ProductCategory','product-categories','2023-11-09 09:20:39','2023-11-09 09:20:39'),(52,'bags-purses',16,'Botble\\Ecommerce\\Models\\ProductCategory','product-categories','2023-11-09 09:20:39','2023-11-09 09:20:39'),(53,'sunglasses',17,'Botble\\Ecommerce\\Models\\ProductCategory','product-categories','2023-11-09 09:20:39','2023-11-09 09:20:39'),(54,'electronic',1,'Botble\\Ecommerce\\Models\\ProductTag','product-tags','2023-11-09 09:20:40','2023-11-09 09:20:40'),(55,'mobile',2,'Botble\\Ecommerce\\Models\\ProductTag','product-tags','2023-11-09 09:20:40','2023-11-09 09:20:40'),(56,'iphone',3,'Botble\\Ecommerce\\Models\\ProductTag','product-tags','2023-11-09 09:20:40','2023-11-09 09:20:40'),(57,'printer',4,'Botble\\Ecommerce\\Models\\ProductTag','product-tags','2023-11-09 09:20:40','2023-11-09 09:20:40'),(58,'office',5,'Botble\\Ecommerce\\Models\\ProductTag','product-tags','2023-11-09 09:20:40','2023-11-09 09:20:40'),(59,'it',6,'Botble\\Ecommerce\\Models\\ProductTag','product-tags','2023-11-09 09:20:40','2023-11-09 09:20:40'),(60,'miko-wooden-bluetooth-speaker',1,'Botble\\Ecommerce\\Models\\Product','products','2023-11-09 09:20:46','2023-11-09 09:20:46'),(61,'gorgeous-wooden-gloves',2,'Botble\\Ecommerce\\Models\\Product','products','2023-11-09 09:20:46','2023-11-09 09:20:46'),(62,'pinkol-enormous-granite-bottle',3,'Botble\\Ecommerce\\Models\\Product','products','2023-11-09 09:20:46','2023-11-09 09:20:46'),(63,'gorgeous-aluminum-table',4,'Botble\\Ecommerce\\Models\\Product','products','2023-11-09 09:20:46','2023-11-09 09:20:46'),(64,'evo-lightweight-granite-shirt',5,'Botble\\Ecommerce\\Models\\Product','products','2023-11-09 09:20:46','2023-11-09 09:20:46'),(65,'clco-incredible-paper-car',6,'Botble\\Ecommerce\\Models\\Product','products','2023-11-09 09:20:46','2023-11-09 09:20:46'),(66,'progash-durable-granite-hat',7,'Botble\\Ecommerce\\Models\\Product','products','2023-11-09 09:20:46','2023-11-09 09:20:46'),(67,'purab-enormous-miranda-bottle',8,'Botble\\Ecommerce\\Models\\Product','products','2023-11-09 09:20:46','2023-11-09 09:20:46'),(68,'miklonda-co-crafted-candles',9,'Botble\\Ecommerce\\Models\\Product','products','2023-11-09 09:20:46','2023-11-09 09:20:46'),(69,'pinkol-enormous-granite-bottle',10,'Botble\\Ecommerce\\Models\\Product','products','2023-11-09 09:20:46','2023-11-09 09:20:46'),(70,'dual-camera-20mp',11,'Botble\\Ecommerce\\Models\\Product','products','2023-11-09 09:20:46','2023-11-09 09:20:46'),(71,'smart-watches',12,'Botble\\Ecommerce\\Models\\Product','products','2023-11-09 09:20:46','2023-11-09 09:20:46'),(72,'beat-headphone',13,'Botble\\Ecommerce\\Models\\Product','products','2023-11-09 09:20:46','2023-11-09 09:20:46'),(73,'red-black-headphone',14,'Botble\\Ecommerce\\Models\\Product','products','2023-11-09 09:20:46','2023-11-09 09:20:46'),(74,'smart-watch-external',15,'Botble\\Ecommerce\\Models\\Product','products','2023-11-09 09:20:46','2023-11-09 09:20:46'),(75,'nikon-hd-camera',16,'Botble\\Ecommerce\\Models\\Product','products','2023-11-09 09:20:46','2023-11-09 09:20:46'),(76,'audio-equipment',17,'Botble\\Ecommerce\\Models\\Product','products','2023-11-09 09:20:46','2023-11-09 09:20:46'),(77,'smart-televisions',18,'Botble\\Ecommerce\\Models\\Product','products','2023-11-09 09:20:46','2023-11-09 09:20:46'),(78,'samsung-smart-phone',19,'Botble\\Ecommerce\\Models\\Product','products','2023-11-09 09:20:46','2023-11-09 09:20:46'),(79,'herschel-leather-duffle-bag-in-brown-color',20,'Botble\\Ecommerce\\Models\\Product','products','2023-11-09 09:20:46','2023-11-09 09:20:46'),(80,'xbox-one-wireless-controller-black-color',21,'Botble\\Ecommerce\\Models\\Product','products','2023-11-09 09:20:46','2023-11-09 09:20:46'),(81,'epsion-plaster-printer',22,'Botble\\Ecommerce\\Models\\Product','products','2023-11-09 09:20:46','2023-11-09 09:20:46'),(82,'sound-intone-i65-earphone-white-version',23,'Botble\\Ecommerce\\Models\\Product','products','2023-11-09 09:20:46','2023-11-09 09:20:46'),(83,'bo-play-mini-bluetooth-speaker',24,'Botble\\Ecommerce\\Models\\Product','products','2023-11-09 09:20:46','2023-11-09 09:20:46'),(84,'apple-macbook-air-retina-133-inch-laptop',25,'Botble\\Ecommerce\\Models\\Product','products','2023-11-09 09:20:46','2023-11-09 09:20:46'),(85,'apple-macbook-air-retina-12-inch-laptop',26,'Botble\\Ecommerce\\Models\\Product','products','2023-11-09 09:20:46','2023-11-09 09:20:46'),(86,'samsung-gear-vr-virtual-reality-headset',27,'Botble\\Ecommerce\\Models\\Product','products','2023-11-09 09:20:46','2023-11-09 09:20:46'),(87,'aveeno-moisturizing-body-shower-450ml',28,'Botble\\Ecommerce\\Models\\Product','products','2023-11-09 09:20:46','2023-11-09 09:20:46'),(88,'nyx-beauty-couton-pallete-makeup-12',29,'Botble\\Ecommerce\\Models\\Product','products','2023-11-09 09:20:46','2023-11-09 09:20:46'),(89,'nyx-beauty-couton-pallete-makeup-12',30,'Botble\\Ecommerce\\Models\\Product','products','2023-11-09 09:20:46','2023-11-09 09:20:46'),(90,'mvmth-classical-leather-watch-in-black',31,'Botble\\Ecommerce\\Models\\Product','products','2023-11-09 09:20:46','2023-11-09 09:20:46'),(91,'baxter-care-hair-kit-for-bearded-mens',32,'Botble\\Ecommerce\\Models\\Product','products','2023-11-09 09:20:46','2023-11-09 09:20:46'),(92,'ciate-palemore-lipstick-bold-red-color',33,'Botble\\Ecommerce\\Models\\Product','products','2023-11-09 09:20:46','2023-11-09 09:20:46'),(93,'vimto-squash-remix-apple-15-litres',34,'Botble\\Ecommerce\\Models\\Product','products','2023-11-09 09:20:46','2023-11-09 09:20:46'),(94,'crock-pot-slow-cooker',35,'Botble\\Ecommerce\\Models\\Product','products','2023-11-09 09:20:46','2023-11-09 09:20:46'),(95,'taylors-of-harrogate-yorkshire-coffee',36,'Botble\\Ecommerce\\Models\\Product','products','2023-11-09 09:20:46','2023-11-09 09:20:46'),(96,'soft-mochi-galeto-ice-cream',37,'Botble\\Ecommerce\\Models\\Product','products','2023-11-09 09:20:46','2023-11-09 09:20:46'),(97,'naked-noodle-egg-noodles-singapore',38,'Botble\\Ecommerce\\Models\\Product','products','2023-11-09 09:20:46','2023-11-09 09:20:46'),(98,'saute-pan-silver',39,'Botble\\Ecommerce\\Models\\Product','products','2023-11-09 09:20:46','2023-11-09 09:20:46'),(99,'bar-s-classic-bun-length-franks',40,'Botble\\Ecommerce\\Models\\Product','products','2023-11-09 09:20:46','2023-11-09 09:20:46'),(100,'broccoli-crowns',41,'Botble\\Ecommerce\\Models\\Product','products','2023-11-09 09:20:46','2023-11-09 09:20:46'),(101,'slimming-world-vegan-mac-greens',42,'Botble\\Ecommerce\\Models\\Product','products','2023-11-09 09:20:47','2023-11-09 09:20:47'),(102,'haagen-dazs-salted-caramel',43,'Botble\\Ecommerce\\Models\\Product','products','2023-11-09 09:20:47','2023-11-09 09:20:47'),(103,'iceland-3-solo-exotic-burst',44,'Botble\\Ecommerce\\Models\\Product','products','2023-11-09 09:20:47','2023-11-09 09:20:47'),(104,'extreme-budweiser-light-can',45,'Botble\\Ecommerce\\Models\\Product','products','2023-11-09 09:20:47','2023-11-09 09:20:47'),(105,'iceland-macaroni-cheese-traybake',46,'Botble\\Ecommerce\\Models\\Product','products','2023-11-09 09:20:47','2023-11-09 09:20:47'),(106,'dolmio-bolognese-pasta-sauce',47,'Botble\\Ecommerce\\Models\\Product','products','2023-11-09 09:20:47','2023-11-09 09:20:47'),(107,'sitema-bakeit-plastic-box',48,'Botble\\Ecommerce\\Models\\Product','products','2023-11-09 09:20:47','2023-11-09 09:20:47'),(108,'wayfair-basics-dinner-plate-storage',49,'Botble\\Ecommerce\\Models\\Product','products','2023-11-09 09:20:47','2023-11-09 09:20:47'),(109,'miko-the-panda-water-bottle',50,'Botble\\Ecommerce\\Models\\Product','products','2023-11-09 09:20:47','2023-11-09 09:20:47'),(110,'sesame-seed-bread',51,'Botble\\Ecommerce\\Models\\Product','products','2023-11-09 09:20:47','2023-11-09 09:20:47'),(111,'morrisons-the-best-beef',52,'Botble\\Ecommerce\\Models\\Product','products','2023-11-09 09:20:47','2023-11-09 09:20:47'),(112,'avocado-hass-large',53,'Botble\\Ecommerce\\Models\\Product','products','2023-11-09 09:20:47','2023-11-09 09:20:47'),(113,'italia-beef-lasagne',54,'Botble\\Ecommerce\\Models\\Product','products','2023-11-09 09:20:47','2023-11-09 09:20:47'),(114,'maxwell-house-classic-roast-mocha',55,'Botble\\Ecommerce\\Models\\Product','products','2023-11-09 09:20:47','2023-11-09 09:20:47'),(115,'bottled-pure-water-500ml',56,'Botble\\Ecommerce\\Models\\Product','products','2023-11-09 09:20:47','2023-11-09 09:20:47'),(116,'famart-farmhouse-soft-white',57,'Botble\\Ecommerce\\Models\\Product','products','2023-11-09 09:20:47','2023-11-09 09:20:47'),(117,'coca-cola-original-taste',58,'Botble\\Ecommerce\\Models\\Product','products','2023-11-09 09:20:47','2023-11-09 09:20:47'),(118,'casillero-diablo-cabernet-sauvignon',59,'Botble\\Ecommerce\\Models\\Product','products','2023-11-09 09:20:47','2023-11-09 09:20:47'),(119,'arla-organic-free-range-milk',60,'Botble\\Ecommerce\\Models\\Product','products','2023-11-09 09:20:48','2023-11-09 09:20:48'),(120,'aptamil-follow-on-baby-milk',61,'Botble\\Ecommerce\\Models\\Product','products','2023-11-09 09:20:48','2023-11-09 09:20:48'),(121,'cuisinart-chefs-classic-hard-anodized',62,'Botble\\Ecommerce\\Models\\Product','products','2023-11-09 09:20:48','2023-11-09 09:20:48'),(122,'corn-yellow-sweet',63,'Botble\\Ecommerce\\Models\\Product','products','2023-11-09 09:20:48','2023-11-09 09:20:48'),(123,'hobnobs-the-nobbly-biscuit',64,'Botble\\Ecommerce\\Models\\Product','products','2023-11-09 09:20:48','2023-11-09 09:20:48'),(124,'honest-organic-still-lemonade',65,'Botble\\Ecommerce\\Models\\Product','products','2023-11-09 09:20:48','2023-11-09 09:20:48'),(125,'ice-becks-beer-350ml-x-24-pieces',66,'Botble\\Ecommerce\\Models\\Product','products','2023-11-09 09:20:48','2023-11-09 09:20:48'),(126,'iceland-6-hot-cross-buns',67,'Botble\\Ecommerce\\Models\\Product','products','2023-11-09 09:20:48','2023-11-09 09:20:48'),(127,'iceland-luxury-4-panini-rolls',68,'Botble\\Ecommerce\\Models\\Product','products','2023-11-09 09:20:48','2023-11-09 09:20:48'),(128,'iceland-soft-scoop-vanilla',69,'Botble\\Ecommerce\\Models\\Product','products','2023-11-09 09:20:48','2023-11-09 09:20:48'),(129,'iceland-spaghetti-bolognese',70,'Botble\\Ecommerce\\Models\\Product','products','2023-11-09 09:20:48','2023-11-09 09:20:48'),(130,'kelloggs-coco-pops-cereal',71,'Botble\\Ecommerce\\Models\\Product','products','2023-11-09 09:20:48','2023-11-09 09:20:48'),(131,'kit-kat-chunky-milk-chocolate',72,'Botble\\Ecommerce\\Models\\Product','products','2023-11-09 09:20:48','2023-11-09 09:20:48'),(132,'large-green-bell-pepper',73,'Botble\\Ecommerce\\Models\\Product','products','2023-11-09 09:20:48','2023-11-09 09:20:48'),(133,'pice-94w-beasley-journal',74,'Botble\\Ecommerce\\Models\\Product','products','2023-11-09 09:20:48','2023-11-09 09:20:48'),(134,'province-piece-glass-drinking-glass',75,'Botble\\Ecommerce\\Models\\Product','products','2023-11-09 09:20:48','2023-11-09 09:20:48'),(135,'perfect',1,'Botble\\Gallery\\Models\\Gallery','galleries','2023-11-09 09:20:59','2023-11-09 09:20:59'),(136,'new-day',2,'Botble\\Gallery\\Models\\Gallery','galleries','2023-11-09 09:20:59','2023-11-09 09:20:59'),(137,'happy-day',3,'Botble\\Gallery\\Models\\Gallery','galleries','2023-11-09 09:20:59','2023-11-09 09:20:59'),(138,'nature',4,'Botble\\Gallery\\Models\\Gallery','galleries','2023-11-09 09:20:59','2023-11-09 09:20:59'),(139,'morning',5,'Botble\\Gallery\\Models\\Gallery','galleries','2023-11-09 09:20:59','2023-11-09 09:20:59'),(140,'photography',6,'Botble\\Gallery\\Models\\Gallery','galleries','2023-11-09 09:20:59','2023-11-09 09:20:59');
/*!40000 ALTER TABLE `slugs` ENABLE KEYS */;
UNLOCK TABLES;

--
-- Table structure for table `slugs_translations`
--

DROP TABLE IF EXISTS `slugs_translations`;
/*!40101 SET @saved_cs_client     = @@character_set_client */;
/*!50503 SET character_set_client = utf8mb4 */;
CREATE TABLE `slugs_translations` (
  `lang_code` varchar(191) COLLATE utf8mb4_unicode_ci NOT NULL,
  `slugs_id` bigint unsigned NOT NULL,
  `key` varchar(255) COLLATE utf8mb4_unicode_ci DEFAULT NULL,
  `prefix` varchar(120) COLLATE utf8mb4_unicode_ci DEFAULT '',
  PRIMARY KEY (`lang_code`,`slugs_id`)
) ENGINE=InnoDB DEFAULT CHARSET=utf8mb4 COLLATE=utf8mb4_unicode_ci;
/*!40101 SET character_set_client = @saved_cs_client */;

--
-- Dumping data for table `slugs_translations`
--

LOCK TABLES `slugs_translations` WRITE;
/*!40000 ALTER TABLE `slugs_translations` DISABLE KEYS */;
/*!40000 ALTER TABLE `slugs_translations` ENABLE KEYS */;
UNLOCK TABLES;

--
-- Table structure for table `states`
--

DROP TABLE IF EXISTS `states`;
/*!40101 SET @saved_cs_client     = @@character_set_client */;
/*!50503 SET character_set_client = utf8mb4 */;
CREATE TABLE `states` (
  `id` bigint unsigned NOT NULL AUTO_INCREMENT,
  `name` varchar(120) COLLATE utf8mb4_unicode_ci NOT NULL,
  `slug` varchar(120) COLLATE utf8mb4_unicode_ci DEFAULT NULL,
  `abbreviation` varchar(10) CHARACTER SET utf8mb4 COLLATE utf8mb4_unicode_ci DEFAULT NULL,
  `country_id` bigint unsigned DEFAULT NULL,
  `order` tinyint NOT NULL DEFAULT '0',
  `image` varchar(255) COLLATE utf8mb4_unicode_ci DEFAULT NULL,
  `is_default` tinyint unsigned NOT NULL DEFAULT '0',
  `status` varchar(60) COLLATE utf8mb4_unicode_ci NOT NULL DEFAULT 'published',
  `created_at` timestamp NULL DEFAULT NULL,
  `updated_at` timestamp NULL DEFAULT NULL,
  PRIMARY KEY (`id`),
  UNIQUE KEY `states_slug_unique` (`slug`)
) ENGINE=InnoDB DEFAULT CHARSET=utf8mb4 COLLATE=utf8mb4_unicode_ci;
/*!40101 SET character_set_client = @saved_cs_client */;

--
-- Dumping data for table `states`
--

LOCK TABLES `states` WRITE;
/*!40000 ALTER TABLE `states` DISABLE KEYS */;
/*!40000 ALTER TABLE `states` ENABLE KEYS */;
UNLOCK TABLES;

--
-- Table structure for table `states_translations`
--

DROP TABLE IF EXISTS `states_translations`;
/*!40101 SET @saved_cs_client     = @@character_set_client */;
/*!50503 SET character_set_client = utf8mb4 */;
CREATE TABLE `states_translations` (
  `lang_code` varchar(191) COLLATE utf8mb4_unicode_ci NOT NULL,
  `states_id` bigint unsigned NOT NULL,
  `name` varchar(120) COLLATE utf8mb4_unicode_ci DEFAULT NULL,
  `slug` varchar(120) CHARACTER SET utf8mb4 COLLATE utf8mb4_unicode_ci DEFAULT NULL,
  `abbreviation` varchar(10) CHARACTER SET utf8mb4 COLLATE utf8mb4_unicode_ci DEFAULT NULL,
  PRIMARY KEY (`lang_code`,`states_id`)
) ENGINE=InnoDB DEFAULT CHARSET=utf8mb4 COLLATE=utf8mb4_unicode_ci;
/*!40101 SET character_set_client = @saved_cs_client */;

--
-- Dumping data for table `states_translations`
--

LOCK TABLES `states_translations` WRITE;
/*!40000 ALTER TABLE `states_translations` DISABLE KEYS */;
/*!40000 ALTER TABLE `states_translations` ENABLE KEYS */;
UNLOCK TABLES;

--
-- Table structure for table `tags`
--

DROP TABLE IF EXISTS `tags`;
/*!40101 SET @saved_cs_client     = @@character_set_client */;
/*!50503 SET character_set_client = utf8mb4 */;
CREATE TABLE `tags` (
  `id` bigint unsigned NOT NULL AUTO_INCREMENT,
  `name` varchar(120) COLLATE utf8mb4_unicode_ci NOT NULL,
  `author_id` bigint unsigned DEFAULT NULL,
  `author_type` varchar(255) CHARACTER SET utf8mb4 COLLATE utf8mb4_unicode_ci NOT NULL DEFAULT 'Botble\\ACL\\Models\\User',
  `description` varchar(400) COLLATE utf8mb4_unicode_ci DEFAULT '',
  `status` varchar(60) COLLATE utf8mb4_unicode_ci NOT NULL DEFAULT 'published',
  `created_at` timestamp NULL DEFAULT NULL,
  `updated_at` timestamp NULL DEFAULT NULL,
  PRIMARY KEY (`id`)
) ENGINE=InnoDB AUTO_INCREMENT=6 DEFAULT CHARSET=utf8mb4 COLLATE=utf8mb4_unicode_ci;
/*!40101 SET character_set_client = @saved_cs_client */;

--
-- Dumping data for table `tags`
--

LOCK TABLES `tags` WRITE;
/*!40000 ALTER TABLE `tags` DISABLE KEYS */;
INSERT INTO `tags` VALUES (1,'General',NULL,'Botble\\ACL\\Models\\User','','published','2023-11-09 09:20:33','2023-11-09 09:20:33'),(2,'Design',NULL,'Botble\\ACL\\Models\\User','','published','2023-11-09 09:20:33','2023-11-09 09:20:33'),(3,'Fashion',NULL,'Botble\\ACL\\Models\\User','','published','2023-11-09 09:20:33','2023-11-09 09:20:33'),(4,'Branding',NULL,'Botble\\ACL\\Models\\User','','published','2023-11-09 09:20:33','2023-11-09 09:20:33'),(5,'Modern',NULL,'Botble\\ACL\\Models\\User','','published','2023-11-09 09:20:33','2023-11-09 09:20:33');
/*!40000 ALTER TABLE `tags` ENABLE KEYS */;
UNLOCK TABLES;

--
-- Table structure for table `tags_translations`
--

DROP TABLE IF EXISTS `tags_translations`;
/*!40101 SET @saved_cs_client     = @@character_set_client */;
/*!50503 SET character_set_client = utf8mb4 */;
CREATE TABLE `tags_translations` (
  `lang_code` varchar(191) COLLATE utf8mb4_unicode_ci NOT NULL,
  `tags_id` bigint unsigned NOT NULL,
  `name` varchar(255) COLLATE utf8mb4_unicode_ci DEFAULT NULL,
  `description` varchar(400) COLLATE utf8mb4_unicode_ci DEFAULT NULL,
  PRIMARY KEY (`lang_code`,`tags_id`)
) ENGINE=InnoDB DEFAULT CHARSET=utf8mb4 COLLATE=utf8mb4_unicode_ci;
/*!40101 SET character_set_client = @saved_cs_client */;

--
-- Dumping data for table `tags_translations`
--

LOCK TABLES `tags_translations` WRITE;
/*!40000 ALTER TABLE `tags_translations` DISABLE KEYS */;
/*!40000 ALTER TABLE `tags_translations` ENABLE KEYS */;
UNLOCK TABLES;

--
-- Table structure for table `teams`
--

DROP TABLE IF EXISTS `teams`;
/*!40101 SET @saved_cs_client     = @@character_set_client */;
/*!50503 SET character_set_client = utf8mb4 */;
CREATE TABLE `teams` (
  `id` bigint unsigned NOT NULL AUTO_INCREMENT,
  `name` varchar(191) COLLATE utf8mb4_unicode_ci NOT NULL,
  `photo` varchar(191) COLLATE utf8mb4_unicode_ci DEFAULT NULL,
  `title` varchar(191) COLLATE utf8mb4_unicode_ci DEFAULT NULL,
  `location` varchar(191) COLLATE utf8mb4_unicode_ci DEFAULT NULL,
  `socials` varchar(191) COLLATE utf8mb4_unicode_ci DEFAULT NULL,
  `status` varchar(60) COLLATE utf8mb4_unicode_ci NOT NULL DEFAULT 'published',
  `created_at` timestamp NULL DEFAULT NULL,
  `updated_at` timestamp NULL DEFAULT NULL,
  PRIMARY KEY (`id`)
) ENGINE=InnoDB AUTO_INCREMENT=5 DEFAULT CHARSET=utf8mb4 COLLATE=utf8mb4_unicode_ci;
/*!40101 SET character_set_client = @saved_cs_client */;

--
-- Dumping data for table `teams`
--

LOCK TABLES `teams` WRITE;
/*!40000 ALTER TABLE `teams` DISABLE KEYS */;
INSERT INTO `teams` VALUES (1,'Rosalina D. Willson','testimonials/team-1.jpg','Founder','USA',NULL,'published','2023-11-09 09:20:59','2023-11-09 09:20:59'),(2,'Ukolilix X. Xilanorix','testimonials/team-2.jpg','CEO','Qatar',NULL,'published','2023-11-09 09:20:59','2023-11-09 09:20:59'),(3,'Alonso M. Miklonax','testimonials/team-3.jpg','Designer','India',NULL,'published','2023-11-09 09:20:59','2023-11-09 09:20:59'),(4,'Miranda H. Halim','testimonials/team-4.jpg','Developer','China',NULL,'published','2023-11-09 09:20:59','2023-11-09 09:20:59');
/*!40000 ALTER TABLE `teams` ENABLE KEYS */;
UNLOCK TABLES;

--
-- Table structure for table `teams_translations`
--

DROP TABLE IF EXISTS `teams_translations`;
/*!40101 SET @saved_cs_client     = @@character_set_client */;
/*!50503 SET character_set_client = utf8mb4 */;
CREATE TABLE `teams_translations` (
  `lang_code` varchar(191) COLLATE utf8mb4_unicode_ci NOT NULL,
  `teams_id` int NOT NULL,
  `name` varchar(191) COLLATE utf8mb4_unicode_ci NOT NULL,
  `title` varchar(191) COLLATE utf8mb4_unicode_ci DEFAULT NULL,
  `location` varchar(191) COLLATE utf8mb4_unicode_ci DEFAULT NULL,
  PRIMARY KEY (`lang_code`,`teams_id`)
) ENGINE=InnoDB DEFAULT CHARSET=utf8mb4 COLLATE=utf8mb4_unicode_ci;
/*!40101 SET character_set_client = @saved_cs_client */;

--
-- Dumping data for table `teams_translations`
--

LOCK TABLES `teams_translations` WRITE;
/*!40000 ALTER TABLE `teams_translations` DISABLE KEYS */;
/*!40000 ALTER TABLE `teams_translations` ENABLE KEYS */;
UNLOCK TABLES;

--
-- Table structure for table `testimonials`
--

DROP TABLE IF EXISTS `testimonials`;
/*!40101 SET @saved_cs_client     = @@character_set_client */;
/*!50503 SET character_set_client = utf8mb4 */;
CREATE TABLE `testimonials` (
  `id` bigint unsigned NOT NULL AUTO_INCREMENT,
  `name` varchar(120) COLLATE utf8mb4_unicode_ci NOT NULL,
  `content` text COLLATE utf8mb4_unicode_ci NOT NULL,
  `image` varchar(255) COLLATE utf8mb4_unicode_ci DEFAULT NULL,
  `company` varchar(120) COLLATE utf8mb4_unicode_ci DEFAULT NULL,
  `status` varchar(60) COLLATE utf8mb4_unicode_ci NOT NULL DEFAULT 'published',
  `created_at` timestamp NULL DEFAULT NULL,
  `updated_at` timestamp NULL DEFAULT NULL,
  PRIMARY KEY (`id`)
) ENGINE=InnoDB AUTO_INCREMENT=5 DEFAULT CHARSET=utf8mb4 COLLATE=utf8mb4_unicode_ci;
/*!40101 SET character_set_client = @saved_cs_client */;

--
-- Dumping data for table `testimonials`
--

LOCK TABLES `testimonials` WRITE;
/*!40000 ALTER TABLE `testimonials` DISABLE KEYS */;
INSERT INTO `testimonials` VALUES (1,'Guy Hawkins','Five stars! Their cosmetics are magic. Transformed my skin, enhanced my beauty. A go-to for quality and results ⭐⭐⭐⭐⭐','testimonials/avatar-1.png','Bank of America','published','2023-11-09 09:21:00','2023-11-09 09:21:00'),(2,'Eleanor Pena','Top-notch! 5 stars. Makeup, skincare, all exceptional. Delighted with my purchases. A must-visit for every beauty enthusiast! ⭐⭐⭐⭐⭐','testimonials/avatar-2.png','Nintendo','published','2023-11-09 09:21:00','2023-11-09 09:21:00'),(3,'Cody Fisher','Thrilled with results! 5 stars. Solved my sensitive skin issues. The cosmetics shop is a gem. Highly recommended. ⭐⭐⭐⭐⭐','testimonials/avatar-3.png','Starbucks','published','2023-11-09 09:21:00','2023-11-09 09:21:00'),(4,'Albert Flores','Wedding day savior! 5 stars. Their bridal collection is a game-changer. Made me feel like a star. Impressed beyond words. ⭐⭐⭐⭐⭐','testimonials/avatar-4.png','Bank of America','published','2023-11-09 09:21:00','2023-11-09 09:21:00');
/*!40000 ALTER TABLE `testimonials` ENABLE KEYS */;
UNLOCK TABLES;

--
-- Table structure for table `testimonials_translations`
--

DROP TABLE IF EXISTS `testimonials_translations`;
/*!40101 SET @saved_cs_client     = @@character_set_client */;
/*!50503 SET character_set_client = utf8mb4 */;
CREATE TABLE `testimonials_translations` (
  `lang_code` varchar(191) COLLATE utf8mb4_unicode_ci NOT NULL,
  `testimonials_id` bigint unsigned NOT NULL,
  `name` varchar(255) COLLATE utf8mb4_unicode_ci DEFAULT NULL,
  `content` text COLLATE utf8mb4_unicode_ci,
  `company` varchar(120) COLLATE utf8mb4_unicode_ci DEFAULT NULL,
  PRIMARY KEY (`lang_code`,`testimonials_id`)
) ENGINE=InnoDB DEFAULT CHARSET=utf8mb4 COLLATE=utf8mb4_unicode_ci;
/*!40101 SET character_set_client = @saved_cs_client */;

--
-- Dumping data for table `testimonials_translations`
--

LOCK TABLES `testimonials_translations` WRITE;
/*!40000 ALTER TABLE `testimonials_translations` DISABLE KEYS */;
/*!40000 ALTER TABLE `testimonials_translations` ENABLE KEYS */;
UNLOCK TABLES;

--
-- Table structure for table `translations`
--

DROP TABLE IF EXISTS `translations`;
/*!40101 SET @saved_cs_client     = @@character_set_client */;
/*!50503 SET character_set_client = utf8mb4 */;
CREATE TABLE `translations` (
  `id` bigint unsigned NOT NULL AUTO_INCREMENT,
  `status` int NOT NULL DEFAULT '0',
  `locale` varchar(191) COLLATE utf8mb4_unicode_ci NOT NULL,
  `group` varchar(191) COLLATE utf8mb4_unicode_ci NOT NULL,
  `key` varchar(191) COLLATE utf8mb4_unicode_ci NOT NULL,
  `value` text COLLATE utf8mb4_unicode_ci,
  `created_at` timestamp NULL DEFAULT NULL,
  `updated_at` timestamp NULL DEFAULT NULL,
  PRIMARY KEY (`id`)
) ENGINE=InnoDB AUTO_INCREMENT=3354 DEFAULT CHARSET=utf8mb4 COLLATE=utf8mb4_unicode_ci;
/*!40101 SET character_set_client = @saved_cs_client */;

--
-- Dumping data for table `translations`
--

LOCK TABLES `translations` WRITE;
/*!40000 ALTER TABLE `translations` DISABLE KEYS */;
INSERT INTO `translations` VALUES (1,1,'en','auth','failed','These credentials do not match our records.','2023-11-09 09:21:00','2023-11-09 09:21:00'),(2,1,'en','auth','password','The provided password is incorrect.','2023-11-09 09:21:00','2023-11-09 09:21:00'),(3,1,'en','auth','throttle','Too many login attempts. Please try again in :seconds seconds.','2023-11-09 09:21:00','2023-11-09 09:21:00'),(4,1,'en','pagination','previous','&laquo; Previous','2023-11-09 09:21:00','2023-11-09 09:21:00'),(5,1,'en','pagination','next','Next &raquo;','2023-11-09 09:21:00','2023-11-09 09:21:00'),(6,1,'en','passwords','reset','Your password has been reset!','2023-11-09 09:21:00','2023-11-09 09:21:00'),(7,1,'en','passwords','sent','We have emailed your password reset link!','2023-11-09 09:21:00','2023-11-09 09:21:00'),(8,1,'en','passwords','throttled','Please wait before retrying.','2023-11-09 09:21:00','2023-11-09 09:21:00'),(9,1,'en','passwords','token','This password reset token is invalid.','2023-11-09 09:21:00','2023-11-09 09:21:00'),(10,1,'en','passwords','user','We can\'t find a user with that email address.','2023-11-09 09:21:00','2023-11-09 09:21:00'),(11,1,'en','validation','accepted','The :attribute must be accepted.','2023-11-09 09:21:00','2023-11-09 09:21:00'),(12,1,'en','validation','accepted_if','The :attribute must be accepted when :other is :value.','2023-11-09 09:21:00','2023-11-09 09:21:00'),(13,1,'en','validation','active_url','The :attribute is not a valid URL.','2023-11-09 09:21:00','2023-11-09 09:21:00'),(14,1,'en','validation','after','The :attribute must be a date after :date.','2023-11-09 09:21:00','2023-11-09 09:21:00'),(15,1,'en','validation','after_or_equal','The :attribute must be a date after or equal to :date.','2023-11-09 09:21:00','2023-11-09 09:21:00'),(16,1,'en','validation','alpha','The :attribute must only contain letters.','2023-11-09 09:21:00','2023-11-09 09:21:00'),(17,1,'en','validation','alpha_dash','The :attribute must only contain letters, numbers, dashes and underscores.','2023-11-09 09:21:00','2023-11-09 09:21:00'),(18,1,'en','validation','alpha_num','The :attribute must only contain letters and numbers.','2023-11-09 09:21:00','2023-11-09 09:21:00'),(19,1,'en','validation','array','The :attribute must be an array.','2023-11-09 09:21:00','2023-11-09 09:21:00'),(20,1,'en','validation','before','The :attribute must be a date before :date.','2023-11-09 09:21:00','2023-11-09 09:21:00'),(21,1,'en','validation','before_or_equal','The :attribute must be a date before or equal to :date.','2023-11-09 09:21:00','2023-11-09 09:21:00'),(22,1,'en','validation','between.array','The :attribute must have between :min and :max items.','2023-11-09 09:21:00','2023-11-09 09:21:00'),(23,1,'en','validation','between.file','The :attribute must be between :min and :max kilobytes.','2023-11-09 09:21:00','2023-11-09 09:21:00'),(24,1,'en','validation','between.numeric','The :attribute must be between :min and :max.','2023-11-09 09:21:00','2023-11-09 09:21:00'),(25,1,'en','validation','between.string','The :attribute must be between :min and :max characters.','2023-11-09 09:21:00','2023-11-09 09:21:00'),(26,1,'en','validation','boolean','The :attribute field must be true or false.','2023-11-09 09:21:00','2023-11-09 09:21:00'),(27,1,'en','validation','confirmed','The :attribute confirmation does not match.','2023-11-09 09:21:00','2023-11-09 09:21:00'),(28,1,'en','validation','current_password','The password is incorrect.','2023-11-09 09:21:00','2023-11-09 09:21:00'),(29,1,'en','validation','date','The :attribute is not a valid date.','2023-11-09 09:21:00','2023-11-09 09:21:00'),(30,1,'en','validation','date_equals','The :attribute must be a date equal to :date.','2023-11-09 09:21:00','2023-11-09 09:21:00'),(31,1,'en','validation','date_format','The :attribute does not match the format :format.','2023-11-09 09:21:00','2023-11-09 09:21:00'),(32,1,'en','validation','declined','The :attribute must be declined.','2023-11-09 09:21:00','2023-11-09 09:21:00'),(33,1,'en','validation','declined_if','The :attribute must be declined when :other is :value.','2023-11-09 09:21:00','2023-11-09 09:21:00'),(34,1,'en','validation','different','The :attribute and :other must be different.','2023-11-09 09:21:00','2023-11-09 09:21:00'),(35,1,'en','validation','digits','The :attribute must be :digits digits.','2023-11-09 09:21:00','2023-11-09 09:21:00'),(36,1,'en','validation','digits_between','The :attribute must be between :min and :max digits.','2023-11-09 09:21:00','2023-11-09 09:21:00'),(37,1,'en','validation','dimensions','The :attribute has invalid image dimensions.','2023-11-09 09:21:00','2023-11-09 09:21:00'),(38,1,'en','validation','distinct','The :attribute field has a duplicate value.','2023-11-09 09:21:00','2023-11-09 09:21:00'),(39,1,'en','validation','doesnt_start_with','The :attribute may not start with one of the following: :values.','2023-11-09 09:21:00','2023-11-09 09:21:00'),(40,1,'en','validation','email','The :attribute must be a valid email address.','2023-11-09 09:21:00','2023-11-09 09:21:00'),(41,1,'en','validation','ends_with','The :attribute must end with one of the following: :values.','2023-11-09 09:21:00','2023-11-09 09:21:00'),(42,1,'en','validation','enum','The selected :attribute is invalid.','2023-11-09 09:21:00','2023-11-09 09:21:00'),(43,1,'en','validation','exists','The selected :attribute is invalid.','2023-11-09 09:21:00','2023-11-09 09:21:00'),(44,1,'en','validation','file','The :attribute must be a file.','2023-11-09 09:21:00','2023-11-09 09:21:00'),(45,1,'en','validation','filled','The :attribute field must have a value.','2023-11-09 09:21:00','2023-11-09 09:21:00'),(46,1,'en','validation','gt.array','The :attribute must have more than :value items.','2023-11-09 09:21:00','2023-11-09 09:21:00'),(47,1,'en','validation','gt.file','The :attribute must be greater than :value kilobytes.','2023-11-09 09:21:00','2023-11-09 09:21:00'),(48,1,'en','validation','gt.numeric','The :attribute must be greater than :value.','2023-11-09 09:21:00','2023-11-09 09:21:00'),(49,1,'en','validation','gt.string','The :attribute must be greater than :value characters.','2023-11-09 09:21:00','2023-11-09 09:21:00'),(50,1,'en','validation','gte.array','The :attribute must have :value items or more.','2023-11-09 09:21:00','2023-11-09 09:21:00'),(51,1,'en','validation','gte.file','The :attribute must be greater than or equal to :value kilobytes.','2023-11-09 09:21:00','2023-11-09 09:21:00'),(52,1,'en','validation','gte.numeric','The :attribute must be greater than or equal to :value.','2023-11-09 09:21:00','2023-11-09 09:21:00'),(53,1,'en','validation','gte.string','The :attribute must be greater than or equal to :value characters.','2023-11-09 09:21:00','2023-11-09 09:21:00'),(54,1,'en','validation','image','The :attribute must be an image.','2023-11-09 09:21:00','2023-11-09 09:21:00'),(55,1,'en','validation','in','The selected :attribute is invalid.','2023-11-09 09:21:00','2023-11-09 09:21:00'),(56,1,'en','validation','in_array','The :attribute field does not exist in :other.','2023-11-09 09:21:00','2023-11-09 09:21:00'),(57,1,'en','validation','integer','The :attribute must be an integer.','2023-11-09 09:21:00','2023-11-09 09:21:00'),(58,1,'en','validation','ip','The :attribute must be a valid IP address.','2023-11-09 09:21:00','2023-11-09 09:21:00'),(59,1,'en','validation','ipv4','The :attribute must be a valid IPv4 address.','2023-11-09 09:21:00','2023-11-09 09:21:00'),(60,1,'en','validation','ipv6','The :attribute must be a valid IPv6 address.','2023-11-09 09:21:00','2023-11-09 09:21:00'),(61,1,'en','validation','json','The :attribute must be a valid JSON string.','2023-11-09 09:21:00','2023-11-09 09:21:00'),(62,1,'en','validation','lt.array','The :attribute must have less than :value items.','2023-11-09 09:21:00','2023-11-09 09:21:00'),(63,1,'en','validation','lt.file','The :attribute must be less than :value kilobytes.','2023-11-09 09:21:00','2023-11-09 09:21:00'),(64,1,'en','validation','lt.numeric','The :attribute must be less than :value.','2023-11-09 09:21:00','2023-11-09 09:21:00'),(65,1,'en','validation','lt.string','The :attribute must be less than :value characters.','2023-11-09 09:21:00','2023-11-09 09:21:00'),(66,1,'en','validation','lte.array','The :attribute must not have more than :value items.','2023-11-09 09:21:00','2023-11-09 09:21:00'),(67,1,'en','validation','lte.file','The :attribute must be less than or equal to :value kilobytes.','2023-11-09 09:21:00','2023-11-09 09:21:00'),(68,1,'en','validation','lte.numeric','The :attribute must be less than or equal to :value.','2023-11-09 09:21:00','2023-11-09 09:21:00'),(69,1,'en','validation','lte.string','The :attribute must be less than or equal to :value characters.','2023-11-09 09:21:00','2023-11-09 09:21:00'),(70,1,'en','validation','mac_address','The :attribute must be a valid MAC address.','2023-11-09 09:21:00','2023-11-09 09:21:00'),(71,1,'en','validation','max.array','The :attribute must not have more than :max items.','2023-11-09 09:21:00','2023-11-09 09:21:00'),(72,1,'en','validation','max.file','The :attribute must not be greater than :max kilobytes.','2023-11-09 09:21:00','2023-11-09 09:21:00'),(73,1,'en','validation','max.numeric','The :attribute must not be greater than :max.','2023-11-09 09:21:00','2023-11-09 09:21:00'),(74,1,'en','validation','max.string','The :attribute must not be greater than :max characters.','2023-11-09 09:21:00','2023-11-09 09:21:00'),(75,1,'en','validation','mimes','The :attribute must be a file of type: :values.','2023-11-09 09:21:00','2023-11-09 09:21:00'),(76,1,'en','validation','mimetypes','The :attribute must be a file of type: :values.','2023-11-09 09:21:00','2023-11-09 09:21:00'),(77,1,'en','validation','min.array','The :attribute must have at least :min items.','2023-11-09 09:21:00','2023-11-09 09:21:00'),(78,1,'en','validation','min.file','The :attribute must be at least :min kilobytes.','2023-11-09 09:21:00','2023-11-09 09:21:00'),(79,1,'en','validation','min.numeric','The :attribute must be at least :min.','2023-11-09 09:21:00','2023-11-09 09:21:00'),(80,1,'en','validation','min.string','The :attribute must be at least :min characters.','2023-11-09 09:21:00','2023-11-09 09:21:00'),(81,1,'en','validation','multiple_of','The :attribute must be a multiple of :value.','2023-11-09 09:21:00','2023-11-09 09:21:00'),(82,1,'en','validation','not_in','The selected :attribute is invalid.','2023-11-09 09:21:00','2023-11-09 09:21:00'),(83,1,'en','validation','not_regex','The :attribute format is invalid.','2023-11-09 09:21:00','2023-11-09 09:21:00'),(84,1,'en','validation','numeric','The :attribute must be a number.','2023-11-09 09:21:00','2023-11-09 09:21:00'),(85,1,'en','validation','password.letters','The :attribute must contain at least one letter.','2023-11-09 09:21:00','2023-11-09 09:21:00'),(86,1,'en','validation','password.mixed','The :attribute must contain at least one uppercase and one lowercase letter.','2023-11-09 09:21:00','2023-11-09 09:21:00'),(87,1,'en','validation','password.numbers','The :attribute must contain at least one number.','2023-11-09 09:21:00','2023-11-09 09:21:00'),(88,1,'en','validation','password.symbols','The :attribute must contain at least one symbol.','2023-11-09 09:21:00','2023-11-09 09:21:00'),(89,1,'en','validation','password.uncompromised','The given :attribute has appeared in a data leak. Please choose a different :attribute.','2023-11-09 09:21:00','2023-11-09 09:21:00'),(90,1,'en','validation','present','The :attribute field must be present.','2023-11-09 09:21:00','2023-11-09 09:21:00'),(91,1,'en','validation','prohibited','The :attribute field is prohibited.','2023-11-09 09:21:00','2023-11-09 09:21:00'),(92,1,'en','validation','prohibited_if','The :attribute field is prohibited when :other is :value.','2023-11-09 09:21:00','2023-11-09 09:21:00'),(93,1,'en','validation','prohibited_unless','The :attribute field is prohibited unless :other is in :values.','2023-11-09 09:21:00','2023-11-09 09:21:00'),(94,1,'en','validation','prohibits','The :attribute field prohibits :other from being present.','2023-11-09 09:21:00','2023-11-09 09:21:00'),(95,1,'en','validation','regex','The :attribute format is invalid.','2023-11-09 09:21:00','2023-11-09 09:21:00'),(96,1,'en','validation','required','The :attribute field is required.','2023-11-09 09:21:00','2023-11-09 09:21:00'),(97,1,'en','validation','required_array_keys','The :attribute field must contain entries for: :values.','2023-11-09 09:21:00','2023-11-09 09:21:00'),(98,1,'en','validation','required_if','The :attribute field is required when :other is :value.','2023-11-09 09:21:00','2023-11-09 09:21:00'),(99,1,'en','validation','required_unless','The :attribute field is required unless :other is in :values.','2023-11-09 09:21:00','2023-11-09 09:21:00'),(100,1,'en','validation','required_with','The :attribute field is required when :values is present.','2023-11-09 09:21:00','2023-11-09 09:21:00'),(101,1,'en','validation','required_with_all','The :attribute field is required when :values are present.','2023-11-09 09:21:00','2023-11-09 09:21:00'),(102,1,'en','validation','required_without','The :attribute field is required when :values is not present.','2023-11-09 09:21:00','2023-11-09 09:21:00'),(103,1,'en','validation','required_without_all','The :attribute field is required when none of :values are present.','2023-11-09 09:21:00','2023-11-09 09:21:00'),(104,1,'en','validation','same','The :attribute and :other must match.','2023-11-09 09:21:00','2023-11-09 09:21:00'),(105,1,'en','validation','size.array','The :attribute must contain :size items.','2023-11-09 09:21:00','2023-11-09 09:21:00'),(106,1,'en','validation','size.file','The :attribute must be :size kilobytes.','2023-11-09 09:21:00','2023-11-09 09:21:00'),(107,1,'en','validation','size.numeric','The :attribute must be :size.','2023-11-09 09:21:00','2023-11-09 09:21:00'),(108,1,'en','validation','size.string','The :attribute must be :size characters.','2023-11-09 09:21:00','2023-11-09 09:21:00'),(109,1,'en','validation','starts_with','The :attribute must start with one of the following: :values.','2023-11-09 09:21:00','2023-11-09 09:21:00'),(110,1,'en','validation','string','The :attribute must be a string.','2023-11-09 09:21:00','2023-11-09 09:21:00'),(111,1,'en','validation','timezone','The :attribute must be a valid timezone.','2023-11-09 09:21:00','2023-11-09 09:21:00'),(112,1,'en','validation','unique','The :attribute has already been taken.','2023-11-09 09:21:00','2023-11-09 09:21:00'),(113,1,'en','validation','uploaded','The :attribute failed to upload.','2023-11-09 09:21:00','2023-11-09 09:21:00'),(114,1,'en','validation','url','The :attribute must be a valid URL.','2023-11-09 09:21:00','2023-11-09 09:21:00'),(115,1,'en','validation','uuid','The :attribute must be a valid UUID.','2023-11-09 09:21:00','2023-11-09 09:21:00'),(116,1,'en','validation','custom.attribute-name.rule-name','custom-message','2023-11-09 09:21:00','2023-11-09 09:21:00'),(117,1,'en','core/acl/auth','login.username','Email/Username','2023-11-09 09:21:00','2023-11-09 09:21:00'),(118,1,'en','core/acl/auth','login.email','Email','2023-11-09 09:21:00','2023-11-09 09:21:00'),(119,1,'en','core/acl/auth','login.password','Password','2023-11-09 09:21:00','2023-11-09 09:21:00'),(120,1,'en','core/acl/auth','login.title','User Login','2023-11-09 09:21:00','2023-11-09 09:21:00'),(121,1,'en','core/acl/auth','login.remember','Remember me?','2023-11-09 09:21:00','2023-11-09 09:21:00'),(122,1,'en','core/acl/auth','login.login','Sign in','2023-11-09 09:21:00','2023-11-09 09:21:00'),(123,1,'en','core/acl/auth','login.placeholder.username','Please enter your username','2023-11-09 09:21:00','2023-11-09 09:21:00'),(124,1,'en','core/acl/auth','login.placeholder.email','Please enter your email','2023-11-09 09:21:00','2023-11-09 09:21:00'),(125,1,'en','core/acl/auth','login.success','Login successfully!','2023-11-09 09:21:00','2023-11-09 09:21:00'),(126,1,'en','core/acl/auth','login.fail','Wrong username or password.','2023-11-09 09:21:00','2023-11-09 09:21:00'),(127,1,'en','core/acl/auth','login.not_active','Your account has not been activated yet!','2023-11-09 09:21:00','2023-11-09 09:21:00'),(128,1,'en','core/acl/auth','login.banned','This account is banned.','2023-11-09 09:21:00','2023-11-09 09:21:00'),(129,1,'en','core/acl/auth','login.logout_success','Logout successfully!','2023-11-09 09:21:00','2023-11-09 09:21:00'),(130,1,'en','core/acl/auth','login.dont_have_account','You don\'t have account on this system, please contact administrator for more information!','2023-11-09 09:21:00','2023-11-09 09:21:00'),(131,1,'en','core/acl/auth','forgot_password.title','Forgot Password','2023-11-09 09:21:00','2023-11-09 09:21:00'),(132,1,'en','core/acl/auth','forgot_password.message','<p>Have you forgotten your password?</p><p>Please enter your email account. System will send a email with active link to reset your password.</p>','2023-11-09 09:21:00','2023-11-09 09:21:00'),(133,1,'en','core/acl/auth','forgot_password.submit','Submit','2023-11-09 09:21:00','2023-11-09 09:21:00'),(134,1,'en','core/acl/auth','reset.new_password','New password','2023-11-09 09:21:00','2023-11-09 09:21:00'),(135,1,'en','core/acl/auth','reset.password_confirmation','Confirm new password','2023-11-09 09:21:00','2023-11-09 09:21:00'),(136,1,'en','core/acl/auth','reset.email','Email','2023-11-09 09:21:00','2023-11-09 09:21:00'),(137,1,'en','core/acl/auth','reset.title','Reset your password','2023-11-09 09:21:00','2023-11-09 09:21:00'),(138,1,'en','core/acl/auth','reset.update','Update','2023-11-09 09:21:00','2023-11-09 09:21:00'),(139,1,'en','core/acl/auth','reset.wrong_token','This link is invalid or expired. Please try using reset form again.','2023-11-09 09:21:00','2023-11-09 09:21:00'),(140,1,'en','core/acl/auth','reset.user_not_found','This username is not exist.','2023-11-09 09:21:00','2023-11-09 09:21:00'),(141,1,'en','core/acl/auth','reset.success','Reset password successfully!','2023-11-09 09:21:00','2023-11-09 09:21:00'),(142,1,'en','core/acl/auth','reset.fail','Token is invalid, the reset password link has been expired!','2023-11-09 09:21:00','2023-11-09 09:21:00'),(143,1,'en','core/acl/auth','reset.reset.title','Email reset password','2023-11-09 09:21:00','2023-11-09 09:21:00'),(144,1,'en','core/acl/auth','reset.send.success','A email was sent to your email account. Please check and complete this action.','2023-11-09 09:21:00','2023-11-09 09:21:00'),(145,1,'en','core/acl/auth','reset.send.fail','Can not send email in this time. Please try again later.','2023-11-09 09:21:00','2023-11-09 09:21:00'),(146,1,'en','core/acl/auth','reset.new-password','New password','2023-11-09 09:21:00','2023-11-09 09:21:00'),(147,1,'en','core/acl/auth','email.reminder.title','Email reset password','2023-11-09 09:21:00','2023-11-09 09:21:00'),(148,1,'en','core/acl/auth','password_confirmation','Password confirm','2023-11-09 09:21:00','2023-11-09 09:21:00'),(149,1,'en','core/acl/auth','failed','Failed','2023-11-09 09:21:00','2023-11-09 09:21:00'),(150,1,'en','core/acl/auth','throttle','Throttle','2023-11-09 09:21:00','2023-11-09 09:21:00'),(151,1,'en','core/acl/auth','not_member','Not a member yet?','2023-11-09 09:21:00','2023-11-09 09:21:00'),(152,1,'en','core/acl/auth','register_now','Register now','2023-11-09 09:21:00','2023-11-09 09:21:00'),(153,1,'en','core/acl/auth','lost_your_password','Lost your password?','2023-11-09 09:21:00','2023-11-09 09:21:00'),(154,1,'en','core/acl/auth','login_title','Admin','2023-11-09 09:21:00','2023-11-09 09:21:00'),(155,1,'en','core/acl/auth','login_via_social','Login with social networks','2023-11-09 09:21:00','2023-11-09 09:21:00'),(156,1,'en','core/acl/auth','back_to_login','Back to login page','2023-11-09 09:21:00','2023-11-09 09:21:00'),(157,1,'en','core/acl/auth','sign_in_below','Sign In Below','2023-11-09 09:21:00','2023-11-09 09:21:00'),(158,1,'en','core/acl/auth','languages','Languages','2023-11-09 09:21:00','2023-11-09 09:21:00'),(159,1,'en','core/acl/auth','reset_password','Reset Password','2023-11-09 09:21:00','2023-11-09 09:21:00'),(160,1,'en','core/acl/auth','settings.email.title','ACL','2023-11-09 09:21:00','2023-11-09 09:21:00'),(161,1,'en','core/acl/auth','settings.email.description','ACL email configuration','2023-11-09 09:21:00','2023-11-09 09:21:00'),(162,1,'en','core/acl/permissions','notices.role_in_use','Cannot delete this role, it is still in use!','2023-11-09 09:21:00','2023-11-09 09:21:00'),(163,1,'en','core/acl/permissions','notices.role_delete_belong_user','You are not able to delete this role; it belongs to someone else!','2023-11-09 09:21:00','2023-11-09 09:21:00'),(164,1,'en','core/acl/permissions','notices.role_edit_belong_user','You are not able to edit this role; it belongs to someone else!','2023-11-09 09:21:00','2023-11-09 09:21:00'),(165,1,'en','core/acl/permissions','notices.delete_global_role','You are not allowed to delete global roles!','2023-11-09 09:21:00','2023-11-09 09:21:00'),(166,1,'en','core/acl/permissions','notices.delete_success','The selected role was deleted successfully!','2023-11-09 09:21:00','2023-11-09 09:21:00'),(167,1,'en','core/acl/permissions','notices.modified_success','The selected role was modified successfully!','2023-11-09 09:21:00','2023-11-09 09:21:00'),(168,1,'en','core/acl/permissions','notices.create_success','The new role was successfully created','2023-11-09 09:21:00','2023-11-09 09:21:00'),(169,1,'en','core/acl/permissions','notices.duplicated_success','The selected role was duplicated successfully','2023-11-09 09:21:00','2023-11-09 09:21:00'),(170,1,'en','core/acl/permissions','notices.no_select','Please select at least one record to take this action!','2023-11-09 09:21:00','2023-11-09 09:21:00'),(171,1,'en','core/acl/permissions','notices.not_found','Role not found','2023-11-09 09:21:00','2023-11-09 09:21:00'),(172,1,'en','core/acl/permissions','name','Name','2023-11-09 09:21:00','2023-11-09 09:21:00'),(173,1,'en','core/acl/permissions','current_role','Current Role','2023-11-09 09:21:00','2023-11-09 09:21:00'),(174,1,'en','core/acl/permissions','no_role_assigned','No role assigned','2023-11-09 09:21:00','2023-11-09 09:21:00'),(175,1,'en','core/acl/permissions','role_assigned','Assigned Role','2023-11-09 09:21:00','2023-11-09 09:21:00'),(176,1,'en','core/acl/permissions','create_role','Create New Role','2023-11-09 09:21:00','2023-11-09 09:21:00'),(177,1,'en','core/acl/permissions','role_name','Name','2023-11-09 09:21:00','2023-11-09 09:21:00'),(178,1,'en','core/acl/permissions','role_description','Description','2023-11-09 09:21:00','2023-11-09 09:21:00'),(179,1,'en','core/acl/permissions','permission_flags','Permission Flags','2023-11-09 09:21:00','2023-11-09 09:21:00'),(180,1,'en','core/acl/permissions','cancel','Cancel','2023-11-09 09:21:00','2023-11-09 09:21:00'),(181,1,'en','core/acl/permissions','reset','Reset','2023-11-09 09:21:00','2023-11-09 09:21:00'),(182,1,'en','core/acl/permissions','save','Save','2023-11-09 09:21:00','2023-11-09 09:21:00'),(183,1,'en','core/acl/permissions','global_role_msg','This is a global role and cannot be modified.  You can use the Duplicate button to make a copy of this role that you can then modify.','2023-11-09 09:21:00','2023-11-09 09:21:00'),(184,1,'en','core/acl/permissions','details','Details \":name\"','2023-11-09 09:21:00','2023-11-09 09:21:00'),(185,1,'en','core/acl/permissions','duplicate','Duplicate','2023-11-09 09:21:01','2023-11-09 09:21:01'),(186,1,'en','core/acl/permissions','all','All Permissions','2023-11-09 09:21:01','2023-11-09 09:21:01'),(187,1,'en','core/acl/permissions','list_role','List Roles','2023-11-09 09:21:01','2023-11-09 09:21:01'),(188,1,'en','core/acl/permissions','created_on','Created On','2023-11-09 09:21:01','2023-11-09 09:21:01'),(189,1,'en','core/acl/permissions','created_by','Created By','2023-11-09 09:21:01','2023-11-09 09:21:01'),(190,1,'en','core/acl/permissions','actions','Actions','2023-11-09 09:21:01','2023-11-09 09:21:01'),(191,1,'en','core/acl/permissions','role_in_use','Cannot delete this role, it is still in use!','2023-11-09 09:21:01','2023-11-09 09:21:01'),(192,1,'en','core/acl/permissions','role_delete_belong_user','You are not able to delete this role; it belongs to someone else!','2023-11-09 09:21:01','2023-11-09 09:21:01'),(193,1,'en','core/acl/permissions','delete_global_role','Can not delete global role','2023-11-09 09:21:01','2023-11-09 09:21:01'),(194,1,'en','core/acl/permissions','delete_success','Delete role successfully','2023-11-09 09:21:01','2023-11-09 09:21:01'),(195,1,'en','core/acl/permissions','no_select','Please select at least one role to take this action!','2023-11-09 09:21:01','2023-11-09 09:21:01'),(196,1,'en','core/acl/permissions','not_found','No role found!','2023-11-09 09:21:01','2023-11-09 09:21:01'),(197,1,'en','core/acl/permissions','role_edit_belong_user','You are not able to edit this role; it belongs to someone else!','2023-11-09 09:21:01','2023-11-09 09:21:01'),(198,1,'en','core/acl/permissions','modified_success','Modified successfully','2023-11-09 09:21:01','2023-11-09 09:21:01'),(199,1,'en','core/acl/permissions','create_success','Create successfully','2023-11-09 09:21:01','2023-11-09 09:21:01'),(200,1,'en','core/acl/permissions','duplicated_success','Duplicated successfully','2023-11-09 09:21:01','2023-11-09 09:21:01'),(201,1,'en','core/acl/permissions','options','Options','2023-11-09 09:21:01','2023-11-09 09:21:01'),(202,1,'en','core/acl/permissions','access_denied_message','You are not allowed to do this action','2023-11-09 09:21:01','2023-11-09 09:21:01'),(203,1,'en','core/acl/permissions','roles','Roles','2023-11-09 09:21:01','2023-11-09 09:21:01'),(204,1,'en','core/acl/permissions','role_permission','Roles and Permissions','2023-11-09 09:21:01','2023-11-09 09:21:01'),(205,1,'en','core/acl/permissions','user_management','User Management','2023-11-09 09:21:01','2023-11-09 09:21:01'),(206,1,'en','core/acl/permissions','super_user_management','Super User Management','2023-11-09 09:21:01','2023-11-09 09:21:01'),(207,1,'en','core/acl/permissions','action_unauthorized','This action is unauthorized.','2023-11-09 09:21:01','2023-11-09 09:21:01'),(208,1,'en','core/acl/users','delete_user_logged_in','Can\'t delete this user. This user is logged on!','2023-11-09 09:21:01','2023-11-09 09:21:01'),(209,1,'en','core/acl/users','no_select','Please select at least one record to take this action!','2023-11-09 09:21:01','2023-11-09 09:21:01'),(210,1,'en','core/acl/users','lock_user_logged_in','Can\'t lock this user. This user is logged on!','2023-11-09 09:21:01','2023-11-09 09:21:01'),(211,1,'en','core/acl/users','update_success','Update status successfully!','2023-11-09 09:21:01','2023-11-09 09:21:01'),(212,1,'en','core/acl/users','save_setting_failed','Something went wrong when save your setting','2023-11-09 09:21:01','2023-11-09 09:21:01'),(213,1,'en','core/acl/users','not_found','User not found','2023-11-09 09:21:01','2023-11-09 09:21:01'),(214,1,'en','core/acl/users','email_exist','That email address already belongs to an existing account','2023-11-09 09:21:01','2023-11-09 09:21:01'),(215,1,'en','core/acl/users','username_exist','That username address already belongs to an existing account','2023-11-09 09:21:01','2023-11-09 09:21:01'),(216,1,'en','core/acl/users','update_profile_success','Your profile changes were successfully saved','2023-11-09 09:21:01','2023-11-09 09:21:01'),(217,1,'en','core/acl/users','password_update_success','Password successfully changed','2023-11-09 09:21:01','2023-11-09 09:21:01'),(218,1,'en','core/acl/users','current_password_not_valid','Current password is not valid','2023-11-09 09:21:01','2023-11-09 09:21:01'),(219,1,'en','core/acl/users','user_exist_in','User is already a member','2023-11-09 09:21:01','2023-11-09 09:21:01'),(220,1,'en','core/acl/users','email','Email','2023-11-09 09:21:01','2023-11-09 09:21:01'),(221,1,'en','core/acl/users','role','Role','2023-11-09 09:21:01','2023-11-09 09:21:01'),(222,1,'en','core/acl/users','username','Username','2023-11-09 09:21:01','2023-11-09 09:21:01'),(223,1,'en','core/acl/users','last_name','Last Name','2023-11-09 09:21:01','2023-11-09 09:21:01'),(224,1,'en','core/acl/users','first_name','First Name','2023-11-09 09:21:01','2023-11-09 09:21:01'),(225,1,'en','core/acl/users','message','Message','2023-11-09 09:21:01','2023-11-09 09:21:01'),(226,1,'en','core/acl/users','cancel_btn','Cancel','2023-11-09 09:21:01','2023-11-09 09:21:01'),(227,1,'en','core/acl/users','change_password','Change password','2023-11-09 09:21:01','2023-11-09 09:21:01'),(228,1,'en','core/acl/users','current_password','Current password','2023-11-09 09:21:01','2023-11-09 09:21:01'),(229,1,'en','core/acl/users','new_password','New Password','2023-11-09 09:21:01','2023-11-09 09:21:01'),(230,1,'en','core/acl/users','confirm_new_password','Confirm New Password','2023-11-09 09:21:01','2023-11-09 09:21:01'),(231,1,'en','core/acl/users','password','Password','2023-11-09 09:21:01','2023-11-09 09:21:01'),(232,1,'en','core/acl/users','save','Save','2023-11-09 09:21:01','2023-11-09 09:21:01'),(233,1,'en','core/acl/users','cannot_delete','User could not be deleted','2023-11-09 09:21:01','2023-11-09 09:21:01'),(234,1,'en','core/acl/users','deleted','User deleted','2023-11-09 09:21:01','2023-11-09 09:21:01'),(235,1,'en','core/acl/users','last_login','Last Login','2023-11-09 09:21:01','2023-11-09 09:21:01'),(236,1,'en','core/acl/users','error_update_profile_image','Error when update profile image','2023-11-09 09:21:01','2023-11-09 09:21:01'),(237,1,'en','core/acl/users','email_reminder_template','<h3>Hello :name</h3><p>The system has received a request to restore the password for your account, to complete this task please click the link below.</p><p><a href=\":link\">Reset password now</a></p><p>If not you ask recover password, please ignore this email.</p><p>This email is valid for 60 minutes after receiving the email.</p>','2023-11-09 09:21:01','2023-11-09 09:21:01'),(238,1,'en','core/acl/users','change_profile_image','Change Profile Image','2023-11-09 09:21:01','2023-11-09 09:21:01'),(239,1,'en','core/acl/users','new_image','New Image','2023-11-09 09:21:01','2023-11-09 09:21:01'),(240,1,'en','core/acl/users','loading','Loading','2023-11-09 09:21:01','2023-11-09 09:21:01'),(241,1,'en','core/acl/users','close','Close','2023-11-09 09:21:01','2023-11-09 09:21:01'),(242,1,'en','core/acl/users','update','Update','2023-11-09 09:21:01','2023-11-09 09:21:01'),(243,1,'en','core/acl/users','read_image_failed','Failed to read the image file','2023-11-09 09:21:01','2023-11-09 09:21:01'),(244,1,'en','core/acl/users','users','Users','2023-11-09 09:21:01','2023-11-09 09:21:01'),(245,1,'en','core/acl/users','update_avatar_success','Update profile image successfully!','2023-11-09 09:21:01','2023-11-09 09:21:01'),(246,1,'en','core/acl/users','info.title','User profile','2023-11-09 09:21:01','2023-11-09 09:21:01'),(247,1,'en','core/acl/users','info.first_name','First Name','2023-11-09 09:21:01','2023-11-09 09:21:01'),(248,1,'en','core/acl/users','info.last_name','Last Name','2023-11-09 09:21:01','2023-11-09 09:21:01'),(249,1,'en','core/acl/users','total_users','Total users','2023-11-09 09:21:01','2023-11-09 09:21:01'),(250,1,'en','core/acl/users','statuses.activated','Activated','2023-11-09 09:21:01','2023-11-09 09:21:01'),(251,1,'en','core/acl/users','statuses.deactivated','Deactivated','2023-11-09 09:21:01','2023-11-09 09:21:01'),(252,1,'en','core/acl/users','make_super','Make super','2023-11-09 09:21:01','2023-11-09 09:21:01'),(253,1,'en','core/acl/users','remove_super','Remove super','2023-11-09 09:21:01','2023-11-09 09:21:01'),(254,1,'en','core/acl/users','is_super','Is super?','2023-11-09 09:21:01','2023-11-09 09:21:01'),(255,1,'en','core/acl/users','email_placeholder','Ex: example@gmail.com','2023-11-09 09:21:01','2023-11-09 09:21:01'),(256,1,'en','core/acl/users','password_confirmation','Re-type password','2023-11-09 09:21:01','2023-11-09 09:21:01'),(257,1,'en','core/acl/users','select_role','Select role','2023-11-09 09:21:01','2023-11-09 09:21:01'),(258,1,'en','core/acl/users','create_new_user','Create a new user','2023-11-09 09:21:01','2023-11-09 09:21:01'),(259,1,'en','core/acl/users','cannot_delete_super_user','Permission denied. Cannot delete a super user!','2023-11-09 09:21:01','2023-11-09 09:21:01'),(260,1,'en','core/acl/users','assigned_role','Assigned Role','2023-11-09 09:21:01','2023-11-09 09:21:01'),(261,1,'en','core/acl/users','no_role_assigned','No role assigned','2023-11-09 09:21:01','2023-11-09 09:21:01'),(262,1,'en','core/acl/users','view_user_profile','View user\'s profile','2023-11-09 09:21:01','2023-11-09 09:21:01'),(263,1,'en','core/base/base','yes','Yes','2023-11-09 09:21:01','2023-11-09 09:21:01'),(264,1,'en','core/base/base','no','No','2023-11-09 09:21:01','2023-11-09 09:21:01'),(265,1,'en','core/base/base','is_default','Is default?','2023-11-09 09:21:01','2023-11-09 09:21:01'),(266,1,'en','core/base/base','proc_close_disabled_error','Function proc_close() is disabled. Please contact your hosting provider to enable\n    it. Or you can add to .env: CAN_EXECUTE_COMMAND=false to disable this feature.','2023-11-09 09:21:01','2023-11-09 09:21:01'),(267,1,'en','core/base/base','email_template.header','Email template header','2023-11-09 09:21:01','2023-11-09 09:21:01'),(268,1,'en','core/base/base','email_template.footer','Email template footer','2023-11-09 09:21:01','2023-11-09 09:21:01'),(269,1,'en','core/base/base','email_template.site_title','Site title','2023-11-09 09:21:01','2023-11-09 09:21:01'),(270,1,'en','core/base/base','email_template.site_url','Site URL','2023-11-09 09:21:01','2023-11-09 09:21:01'),(271,1,'en','core/base/base','email_template.site_logo','Site Logo','2023-11-09 09:21:01','2023-11-09 09:21:01'),(272,1,'en','core/base/base','email_template.date_time','Current date time','2023-11-09 09:21:01','2023-11-09 09:21:01'),(273,1,'en','core/base/base','email_template.date_year','Current year','2023-11-09 09:21:01','2023-11-09 09:21:01'),(274,1,'en','core/base/base','email_template.site_admin_email','Site admin email','2023-11-09 09:21:01','2023-11-09 09:21:01'),(275,1,'en','core/base/base','email_template.twig.tag.apply','The apply tag allows you to apply Twig filters','2023-11-09 09:21:01','2023-11-09 09:21:01'),(276,1,'en','core/base/base','email_template.twig.tag.for','Loop over each item in a sequence','2023-11-09 09:21:01','2023-11-09 09:21:01'),(277,1,'en','core/base/base','email_template.twig.tag.if','The if statement in Twig is comparable with the if statements of PHP','2023-11-09 09:21:01','2023-11-09 09:21:01'),(278,1,'en','core/base/base','change_image','Change image','2023-11-09 09:21:01','2023-11-09 09:21:01'),(279,1,'en','core/base/base','delete_image','Delete image','2023-11-09 09:21:01','2023-11-09 09:21:01'),(280,1,'en','core/base/base','preview_image','Preview image','2023-11-09 09:21:01','2023-11-09 09:21:01'),(281,1,'en','core/base/base','image','Image','2023-11-09 09:21:01','2023-11-09 09:21:01'),(282,1,'en','core/base/base','using_button','Using button','2023-11-09 09:21:01','2023-11-09 09:21:01'),(283,1,'en','core/base/base','select_image','Select image','2023-11-09 09:21:01','2023-11-09 09:21:01'),(284,1,'en','core/base/base','to_add_more_image','to add more images','2023-11-09 09:21:01','2023-11-09 09:21:01'),(285,1,'en','core/base/base','add_image','Add image','2023-11-09 09:21:01','2023-11-09 09:21:01'),(286,1,'en','core/base/base','tools','Tools','2023-11-09 09:21:01','2023-11-09 09:21:01'),(287,1,'en','core/base/cache','cache_management','Cache management','2023-11-09 09:21:01','2023-11-09 09:21:01'),(288,1,'en','core/base/cache','cache_commands','Clear cache commands','2023-11-09 09:21:01','2023-11-09 09:21:01'),(289,1,'en','core/base/cache','commands.clear_cms_cache.title','Clear all CMS cache','2023-11-09 09:21:01','2023-11-09 09:21:01'),(290,1,'en','core/base/cache','commands.clear_cms_cache.description','Clear CMS caching: database caching, static blocks... Run this command when you don\'t see the changes after updating data.','2023-11-09 09:21:01','2023-11-09 09:21:01'),(291,1,'en','core/base/cache','commands.clear_cms_cache.success_msg','Cache cleaned','2023-11-09 09:21:01','2023-11-09 09:21:01'),(292,1,'en','core/base/cache','commands.refresh_compiled_views.title','Refresh compiled views','2023-11-09 09:21:01','2023-11-09 09:21:01'),(293,1,'en','core/base/cache','commands.refresh_compiled_views.description','Clear compiled views to make views up to date.','2023-11-09 09:21:01','2023-11-09 09:21:01'),(294,1,'en','core/base/cache','commands.refresh_compiled_views.success_msg','Cache view refreshed','2023-11-09 09:21:01','2023-11-09 09:21:01'),(295,1,'en','core/base/cache','commands.clear_config_cache.title','Clear config cache','2023-11-09 09:21:01','2023-11-09 09:21:01'),(296,1,'en','core/base/cache','commands.clear_config_cache.description','You might need to refresh the config caching when you change something on production environment.','2023-11-09 09:21:01','2023-11-09 09:21:01'),(297,1,'en','core/base/cache','commands.clear_config_cache.success_msg','Config cache cleaned','2023-11-09 09:21:01','2023-11-09 09:21:01'),(298,1,'en','core/base/cache','commands.clear_route_cache.title','Clear route cache','2023-11-09 09:21:01','2023-11-09 09:21:01'),(299,1,'en','core/base/cache','commands.clear_route_cache.description','Clear cache routing.','2023-11-09 09:21:01','2023-11-09 09:21:01'),(300,1,'en','core/base/cache','commands.clear_route_cache.success_msg','The route cache has been cleaned','2023-11-09 09:21:01','2023-11-09 09:21:01'),(301,1,'en','core/base/cache','commands.clear_log.title','Clear log','2023-11-09 09:21:01','2023-11-09 09:21:01'),(302,1,'en','core/base/cache','commands.clear_log.description','Clear system log files','2023-11-09 09:21:01','2023-11-09 09:21:01'),(303,1,'en','core/base/cache','commands.clear_log.success_msg','The system log has been cleaned','2023-11-09 09:21:01','2023-11-09 09:21:01'),(304,1,'en','core/base/enums','statuses.draft','Draft','2023-11-09 09:21:01','2023-11-09 09:21:01'),(305,1,'en','core/base/enums','statuses.pending','Pending','2023-11-09 09:21:01','2023-11-09 09:21:01'),(306,1,'en','core/base/enums','statuses.published','Published','2023-11-09 09:21:01','2023-11-09 09:21:01'),(307,1,'en','core/base/enums','system_updater_steps.download','Download update files','2023-11-09 09:21:01','2023-11-09 09:21:01'),(308,1,'en','core/base/enums','system_updater_steps.update_files','Update system files','2023-11-09 09:21:01','2023-11-09 09:21:01'),(309,1,'en','core/base/enums','system_updater_steps.update_database','Update databases','2023-11-09 09:21:01','2023-11-09 09:21:01'),(310,1,'en','core/base/enums','system_updater_steps.publish_core_assets','Publish core assets','2023-11-09 09:21:01','2023-11-09 09:21:01'),(311,1,'en','core/base/enums','system_updater_steps.publish_packages_assets','Publish packages assets','2023-11-09 09:21:01','2023-11-09 09:21:01'),(312,1,'en','core/base/enums','system_updater_steps.clean_up','Clean up system update files','2023-11-09 09:21:01','2023-11-09 09:21:01'),(313,1,'en','core/base/enums','system_updater_steps.done','System updated successfully','2023-11-09 09:21:01','2023-11-09 09:21:01'),(314,1,'en','core/base/enums','system_updater_steps.messages.download','Downloading update files...','2023-11-09 09:21:01','2023-11-09 09:21:01'),(315,1,'en','core/base/enums','system_updater_steps.messages.update_files','Updating system files...','2023-11-09 09:21:01','2023-11-09 09:21:01'),(316,1,'en','core/base/enums','system_updater_steps.messages.update_database','Updating databases...','2023-11-09 09:21:01','2023-11-09 09:21:01'),(317,1,'en','core/base/enums','system_updater_steps.messages.publish_core_assets','Publishing core assets...','2023-11-09 09:21:01','2023-11-09 09:21:01'),(318,1,'en','core/base/enums','system_updater_steps.messages.publish_packages_assets','Publishing packages assets...','2023-11-09 09:21:01','2023-11-09 09:21:01'),(319,1,'en','core/base/enums','system_updater_steps.messages.clean_up','Cleaning up system update files...','2023-11-09 09:21:01','2023-11-09 09:21:01'),(320,1,'en','core/base/enums','system_updater_steps.messages.done','Done! Your browser will be refreshed in 30 seconds.','2023-11-09 09:21:01','2023-11-09 09:21:01'),(321,1,'en','core/base/enums','system_updater_steps.failed_messages.download','Could not download update files','2023-11-09 09:21:01','2023-11-09 09:21:01'),(322,1,'en','core/base/enums','system_updater_steps.failed_messages.update_files','Could not update system files','2023-11-09 09:21:01','2023-11-09 09:21:01'),(323,1,'en','core/base/enums','system_updater_steps.failed_messages.update_database','Could not update databases','2023-11-09 09:21:01','2023-11-09 09:21:01'),(324,1,'en','core/base/enums','system_updater_steps.failed_messages.publish_core_assets','Could not publish core assets','2023-11-09 09:21:01','2023-11-09 09:21:01'),(325,1,'en','core/base/enums','system_updater_steps.failed_messages.publish_packages_assets','Could not publish packages assets','2023-11-09 09:21:01','2023-11-09 09:21:01'),(326,1,'en','core/base/enums','system_updater_steps.failed_messages.clean_up','Could not clean up system update files','2023-11-09 09:21:01','2023-11-09 09:21:01'),(327,1,'en','core/base/enums','system_updater_steps.success_messages.download','Downloaded update files successfully.','2023-11-09 09:21:01','2023-11-09 09:21:01'),(328,1,'en','core/base/enums','system_updater_steps.success_messages.update_files','Updated system files successfully.','2023-11-09 09:21:01','2023-11-09 09:21:01'),(329,1,'en','core/base/enums','system_updater_steps.success_messages.update_database','Updated databases successfully.','2023-11-09 09:21:01','2023-11-09 09:21:01'),(330,1,'en','core/base/enums','system_updater_steps.success_messages.publish_core_assets','Published core assets successfully.','2023-11-09 09:21:01','2023-11-09 09:21:01'),(331,1,'en','core/base/enums','system_updater_steps.success_messages.publish_packages_assets','Published packages assets successfully.','2023-11-09 09:21:01','2023-11-09 09:21:01'),(332,1,'en','core/base/enums','system_updater_steps.success_messages.clean_up','Cleaned up system update files successfully.','2023-11-09 09:21:01','2023-11-09 09:21:01'),(333,1,'en','core/base/errors','401_title','Permission Denied','2023-11-09 09:21:01','2023-11-09 09:21:01'),(334,1,'en','core/base/errors','401_msg','<li>You have not been granted access to the section by the administrator.</li>\n	                <li>You may have the wrong account type.</li>\n	                <li>You are not authorized to view the requested resource.</li>\n	                <li>Your subscription may have expired.</li>','2023-11-09 09:21:01','2023-11-09 09:21:01'),(335,1,'en','core/base/errors','404_title','Page could not be found','2023-11-09 09:21:01','2023-11-09 09:21:01'),(336,1,'en','core/base/errors','404_msg','<li>The page you requested does not exist.</li>\n	                <li>The link you clicked is no longer.</li>\n	                <li>The page may have moved to a new location.</li>\n	                <li>An error may have occurred.</li>\n	                <li>You are not authorized to view the requested resource.</li>','2023-11-09 09:21:01','2023-11-09 09:21:01'),(337,1,'en','core/base/errors','500_title','Page could not be loaded','2023-11-09 09:21:01','2023-11-09 09:21:01'),(338,1,'en','core/base/errors','500_msg','<li>The page you requested does not exist.</li>\n	                <li>The link you clicked is no longer.</li>\n	                <li>The page may have moved to a new location.</li>\n	                <li>An error may have occurred.</li>\n	                <li>You are not authorized to view the requested resource.</li>','2023-11-09 09:21:02','2023-11-09 09:21:02'),(339,1,'en','core/base/errors','reasons','This may have occurred because of several reasons','2023-11-09 09:21:02','2023-11-09 09:21:02'),(340,1,'en','core/base/errors','try_again','Please try again in a few minutes, or alternatively return to the homepage by <a href=\":link\">clicking here</a>.','2023-11-09 09:21:02','2023-11-09 09:21:02'),(341,1,'en','core/base/errors','not_found','Not Found','2023-11-09 09:21:02','2023-11-09 09:21:02'),(342,1,'en','core/base/errors','results_not_found','Results not found!','2023-11-09 09:21:02','2023-11-09 09:21:02'),(343,1,'en','core/base/errors','error_when_sending_email','Error when sending email. Something wrong with your email settings in Admin → Settings → Email, please check your settings again.','2023-11-09 09:21:02','2023-11-09 09:21:02'),(344,1,'en','core/base/forms','choose_image','Choose image','2023-11-09 09:21:02','2023-11-09 09:21:02'),(345,1,'en','core/base/forms','actions','Actions','2023-11-09 09:21:02','2023-11-09 09:21:02'),(346,1,'en','core/base/forms','save','Save & Exit','2023-11-09 09:21:02','2023-11-09 09:21:02'),(347,1,'en','core/base/forms','save_and_continue','Save','2023-11-09 09:21:02','2023-11-09 09:21:02'),(348,1,'en','core/base/forms','image','Image','2023-11-09 09:21:02','2023-11-09 09:21:02'),(349,1,'en','core/base/forms','image_placeholder','Insert path of image or click upload button','2023-11-09 09:21:02','2023-11-09 09:21:02'),(350,1,'en','core/base/forms','create','Create','2023-11-09 09:21:02','2023-11-09 09:21:02'),(351,1,'en','core/base/forms','edit','Edit','2023-11-09 09:21:02','2023-11-09 09:21:02'),(352,1,'en','core/base/forms','permalink','Permalink','2023-11-09 09:21:02','2023-11-09 09:21:02'),(353,1,'en','core/base/forms','ok','OK','2023-11-09 09:21:02','2023-11-09 09:21:02'),(354,1,'en','core/base/forms','cancel','Cancel','2023-11-09 09:21:02','2023-11-09 09:21:02'),(355,1,'en','core/base/forms','character_remain','character(s) remain','2023-11-09 09:21:02','2023-11-09 09:21:02'),(356,1,'en','core/base/forms','template','Template','2023-11-09 09:21:02','2023-11-09 09:21:02'),(357,1,'en','core/base/forms','choose_file','Choose file','2023-11-09 09:21:02','2023-11-09 09:21:02'),(358,1,'en','core/base/forms','file','File','2023-11-09 09:21:02','2023-11-09 09:21:02'),(359,1,'en','core/base/forms','content','Content','2023-11-09 09:21:02','2023-11-09 09:21:02'),(360,1,'en','core/base/forms','description','Description','2023-11-09 09:21:02','2023-11-09 09:21:02'),(361,1,'en','core/base/forms','name','Name','2023-11-09 09:21:02','2023-11-09 09:21:02'),(362,1,'en','core/base/forms','slug','Slug','2023-11-09 09:21:02','2023-11-09 09:21:02'),(363,1,'en','core/base/forms','title','Title','2023-11-09 09:21:02','2023-11-09 09:21:02'),(364,1,'en','core/base/forms','value','Value','2023-11-09 09:21:02','2023-11-09 09:21:02'),(365,1,'en','core/base/forms','name_placeholder','Name','2023-11-09 09:21:02','2023-11-09 09:21:02'),(366,1,'en','core/base/forms','alias_placeholder','Alias','2023-11-09 09:21:02','2023-11-09 09:21:02'),(367,1,'en','core/base/forms','description_placeholder','Short description','2023-11-09 09:21:02','2023-11-09 09:21:02'),(368,1,'en','core/base/forms','parent','Parent','2023-11-09 09:21:02','2023-11-09 09:21:02'),(369,1,'en','core/base/forms','icon','Icon','2023-11-09 09:21:02','2023-11-09 09:21:02'),(370,1,'en','core/base/forms','icon_placeholder','Ex: fa fa-home','2023-11-09 09:21:02','2023-11-09 09:21:02'),(371,1,'en','core/base/forms','order_by','Order by','2023-11-09 09:21:02','2023-11-09 09:21:02'),(372,1,'en','core/base/forms','order_by_placeholder','Order by','2023-11-09 09:21:02','2023-11-09 09:21:02'),(373,1,'en','core/base/forms','is_featured','Is featured?','2023-11-09 09:21:02','2023-11-09 09:21:02'),(374,1,'en','core/base/forms','is_default','Is default?','2023-11-09 09:21:02','2023-11-09 09:21:02'),(375,1,'en','core/base/forms','update','Update','2023-11-09 09:21:02','2023-11-09 09:21:02'),(376,1,'en','core/base/forms','publish','Publish','2023-11-09 09:21:02','2023-11-09 09:21:02'),(377,1,'en','core/base/forms','remove_image','Remove image','2023-11-09 09:21:02','2023-11-09 09:21:02'),(378,1,'en','core/base/forms','remove_file','Remove file','2023-11-09 09:21:02','2023-11-09 09:21:02'),(379,1,'en','core/base/forms','order','Order','2023-11-09 09:21:02','2023-11-09 09:21:02'),(380,1,'en','core/base/forms','alias','Alias','2023-11-09 09:21:02','2023-11-09 09:21:02'),(381,1,'en','core/base/forms','basic_information','Basic information','2023-11-09 09:21:02','2023-11-09 09:21:02'),(382,1,'en','core/base/forms','short_code','Shortcode','2023-11-09 09:21:02','2023-11-09 09:21:02'),(383,1,'en','core/base/forms','add_short_code','Add a shortcode','2023-11-09 09:21:02','2023-11-09 09:21:02'),(384,1,'en','core/base/forms','add','Add','2023-11-09 09:21:02','2023-11-09 09:21:02'),(385,1,'en','core/base/forms','link','Link','2023-11-09 09:21:02','2023-11-09 09:21:02'),(386,1,'en','core/base/forms','show_hide_editor','Show/Hide Editor','2023-11-09 09:21:02','2023-11-09 09:21:02'),(387,1,'en','core/base/forms','basic_info_title','Basic information','2023-11-09 09:21:02','2023-11-09 09:21:02'),(388,1,'en','core/base/forms','expand_all','Expand all','2023-11-09 09:21:02','2023-11-09 09:21:02'),(389,1,'en','core/base/forms','collapse_all','Collapse all','2023-11-09 09:21:02','2023-11-09 09:21:02'),(390,1,'en','core/base/forms','view_new_tab','Open in new tab','2023-11-09 09:21:02','2023-11-09 09:21:02'),(391,1,'en','core/base/forms','view_preview_image','View preview image','2023-11-09 09:21:02','2023-11-09 09:21:02'),(392,1,'en','core/base/forms','edit_item','Edit \":name\"','2023-11-09 09:21:02','2023-11-09 09:21:02'),(393,1,'en','core/base/layouts','platform_admin','Platform Administration','2023-11-09 09:21:02','2023-11-09 09:21:02'),(394,1,'en','core/base/layouts','dashboard','Dashboard','2023-11-09 09:21:02','2023-11-09 09:21:02'),(395,1,'en','core/base/layouts','widgets','Widgets','2023-11-09 09:21:02','2023-11-09 09:21:02'),(396,1,'en','core/base/layouts','plugins','Plugins','2023-11-09 09:21:02','2023-11-09 09:21:02'),(397,1,'en','core/base/layouts','settings','Settings','2023-11-09 09:21:02','2023-11-09 09:21:02'),(398,1,'en','core/base/layouts','setting_general','General','2023-11-09 09:21:02','2023-11-09 09:21:02'),(399,1,'en','core/base/layouts','setting_email','Email','2023-11-09 09:21:02','2023-11-09 09:21:02'),(400,1,'en','core/base/layouts','system_information','System information','2023-11-09 09:21:02','2023-11-09 09:21:02'),(401,1,'en','core/base/layouts','theme','Theme','2023-11-09 09:21:02','2023-11-09 09:21:02'),(402,1,'en','core/base/layouts','copyright','Copyright :year &copy; :company. Version: <span>:version</span>','2023-11-09 09:21:02','2023-11-09 09:21:02'),(403,1,'en','core/base/layouts','profile','Profile','2023-11-09 09:21:02','2023-11-09 09:21:02'),(404,1,'en','core/base/layouts','logout','Logout','2023-11-09 09:21:02','2023-11-09 09:21:02'),(405,1,'en','core/base/layouts','no_search_result','No results found, please try with different keywords.','2023-11-09 09:21:02','2023-11-09 09:21:02'),(406,1,'en','core/base/layouts','home','Home','2023-11-09 09:21:02','2023-11-09 09:21:02'),(407,1,'en','core/base/layouts','search','Search','2023-11-09 09:21:02','2023-11-09 09:21:02'),(408,1,'en','core/base/layouts','add_new','Add new','2023-11-09 09:21:02','2023-11-09 09:21:02'),(409,1,'en','core/base/layouts','n_a','N/A','2023-11-09 09:21:02','2023-11-09 09:21:02'),(410,1,'en','core/base/layouts','page_loaded_time','Page loaded in','2023-11-09 09:21:02','2023-11-09 09:21:02'),(411,1,'en','core/base/layouts','view_website','View website','2023-11-09 09:21:02','2023-11-09 09:21:02'),(412,1,'en','core/base/notices','create_success_message','Created successfully','2023-11-09 09:21:02','2023-11-09 09:21:02'),(413,1,'en','core/base/notices','update_success_message','Updated successfully','2023-11-09 09:21:02','2023-11-09 09:21:02'),(414,1,'en','core/base/notices','delete_success_message','Deleted successfully','2023-11-09 09:21:02','2023-11-09 09:21:02'),(415,1,'en','core/base/notices','success_header','Success!','2023-11-09 09:21:02','2023-11-09 09:21:02'),(416,1,'en','core/base/notices','error_header','Error!','2023-11-09 09:21:02','2023-11-09 09:21:02'),(417,1,'en','core/base/notices','no_select','Please select at least one record to perform this action!','2023-11-09 09:21:02','2023-11-09 09:21:02'),(418,1,'en','core/base/notices','processing_request','We are processing your request.','2023-11-09 09:21:02','2023-11-09 09:21:02'),(419,1,'en','core/base/notices','error','Error!','2023-11-09 09:21:02','2023-11-09 09:21:02'),(420,1,'en','core/base/notices','success','Success!','2023-11-09 09:21:02','2023-11-09 09:21:02'),(421,1,'en','core/base/notices','info','Info!','2023-11-09 09:21:02','2023-11-09 09:21:02'),(422,1,'en','core/base/notices','enum.validate_message','The :attribute value you have entered is invalid.','2023-11-09 09:21:02','2023-11-09 09:21:02'),(423,1,'en','core/base/notifications','notifications','Notifications','2023-11-09 09:21:02','2023-11-09 09:21:02'),(424,1,'en','core/base/notifications','mark_as_read','Mark as read','2023-11-09 09:21:02','2023-11-09 09:21:02'),(425,1,'en','core/base/notifications','clear','Clear','2023-11-09 09:21:02','2023-11-09 09:21:02'),(426,1,'en','core/base/notifications','no_notification_here','No notifications here','2023-11-09 09:21:02','2023-11-09 09:21:02'),(427,1,'en','core/base/notifications','please_check_again_later','Please check again later','2023-11-09 09:21:02','2023-11-09 09:21:02'),(428,1,'en','core/base/notifications','view_more','View more...','2023-11-09 09:21:02','2023-11-09 09:21:02'),(429,1,'en','core/base/notifications','view','View','2023-11-09 09:21:02','2023-11-09 09:21:02'),(430,1,'en','core/base/notifications','show_more','Show more','2023-11-09 09:21:02','2023-11-09 09:21:02'),(431,1,'en','core/base/notifications','show_less','Show less','2023-11-09 09:21:02','2023-11-09 09:21:02'),(432,1,'en','core/base/system','no_select','Please select at least one record to take this action!','2023-11-09 09:21:02','2023-11-09 09:21:02'),(433,1,'en','core/base/system','cannot_find_user','Unable to find specified user','2023-11-09 09:21:02','2023-11-09 09:21:02'),(434,1,'en','core/base/system','supper_revoked','Super user access revoked','2023-11-09 09:21:02','2023-11-09 09:21:02'),(435,1,'en','core/base/system','cannot_revoke_yourself','Can not revoke supper user access permission yourself!','2023-11-09 09:21:02','2023-11-09 09:21:02'),(436,1,'en','core/base/system','cant_remove_supper','You don\'t has permission to remove this super user','2023-11-09 09:21:02','2023-11-09 09:21:02'),(437,1,'en','core/base/system','cant_find_user_with_email','Unable to find user with specified email address','2023-11-09 09:21:02','2023-11-09 09:21:02'),(438,1,'en','core/base/system','supper_granted','Super user access granted','2023-11-09 09:21:02','2023-11-09 09:21:02'),(439,1,'en','core/base/system','delete_log_success','Delete log file successfully!','2023-11-09 09:21:02','2023-11-09 09:21:02'),(440,1,'en','core/base/system','get_member_success','Member list retrieved successfully','2023-11-09 09:21:02','2023-11-09 09:21:02'),(441,1,'en','core/base/system','error_occur','The following errors occurred','2023-11-09 09:21:02','2023-11-09 09:21:02'),(442,1,'en','core/base/system','user_management','User Management','2023-11-09 09:21:02','2023-11-09 09:21:02'),(443,1,'en','core/base/system','user_management_description','Manage users.','2023-11-09 09:21:02','2023-11-09 09:21:02'),(444,1,'en','core/base/system','role_and_permission','Roles and Permissions','2023-11-09 09:21:02','2023-11-09 09:21:02'),(445,1,'en','core/base/system','role_and_permission_description','Manage the available roles.','2023-11-09 09:21:02','2023-11-09 09:21:02'),(446,1,'en','core/base/system','user.list_super','List Super Users','2023-11-09 09:21:02','2023-11-09 09:21:02'),(447,1,'en','core/base/system','user.email','Email','2023-11-09 09:21:02','2023-11-09 09:21:02'),(448,1,'en','core/base/system','user.last_login','Last Login','2023-11-09 09:21:02','2023-11-09 09:21:02'),(449,1,'en','core/base/system','user.username','Username','2023-11-09 09:21:02','2023-11-09 09:21:02'),(450,1,'en','core/base/system','user.add_user','Add Super User','2023-11-09 09:21:02','2023-11-09 09:21:02'),(451,1,'en','core/base/system','user.cancel','Cancel','2023-11-09 09:21:02','2023-11-09 09:21:02'),(452,1,'en','core/base/system','user.create','Create','2023-11-09 09:21:02','2023-11-09 09:21:02'),(453,1,'en','core/base/system','options.features','Feature Access Control','2023-11-09 09:21:02','2023-11-09 09:21:02'),(454,1,'en','core/base/system','options.feature_description','Manage the available.','2023-11-09 09:21:02','2023-11-09 09:21:02'),(455,1,'en','core/base/system','options.manage_super','Super User Management','2023-11-09 09:21:02','2023-11-09 09:21:02'),(456,1,'en','core/base/system','options.manage_super_description','Add/remove super users.','2023-11-09 09:21:02','2023-11-09 09:21:02'),(457,1,'en','core/base/system','options.info','System information','2023-11-09 09:21:02','2023-11-09 09:21:02'),(458,1,'en','core/base/system','options.info_description','All information about current system configuration.','2023-11-09 09:21:02','2023-11-09 09:21:02'),(459,1,'en','core/base/system','info.title','System information','2023-11-09 09:21:02','2023-11-09 09:21:02'),(460,1,'en','core/base/system','info.cache','Cache','2023-11-09 09:21:02','2023-11-09 09:21:02'),(461,1,'en','core/base/system','info.locale','Active locale','2023-11-09 09:21:02','2023-11-09 09:21:02'),(462,1,'en','core/base/system','info.environment','Environment','2023-11-09 09:21:02','2023-11-09 09:21:02'),(463,1,'en','core/base/system','disabled_in_demo_mode','You cannot do it in demo mode!','2023-11-09 09:21:02','2023-11-09 09:21:02'),(464,1,'en','core/base/system','report_description','Please share this information for troubleshooting','2023-11-09 09:21:02','2023-11-09 09:21:02'),(465,1,'en','core/base/system','get_system_report','Get System Report','2023-11-09 09:21:02','2023-11-09 09:21:02'),(466,1,'en','core/base/system','system_environment','System Environment','2023-11-09 09:21:02','2023-11-09 09:21:02'),(467,1,'en','core/base/system','framework_version','Framework Version','2023-11-09 09:21:02','2023-11-09 09:21:02'),(468,1,'en','core/base/system','timezone','Timezone','2023-11-09 09:21:02','2023-11-09 09:21:02'),(469,1,'en','core/base/system','debug_mode','Debug Mode','2023-11-09 09:21:02','2023-11-09 09:21:02'),(470,1,'en','core/base/system','debug_mode_off','Debug Mode Off','2023-11-09 09:21:02','2023-11-09 09:21:02'),(471,1,'en','core/base/system','storage_dir_writable','Storage Dir Writable','2023-11-09 09:21:02','2023-11-09 09:21:02'),(472,1,'en','core/base/system','cache_dir_writable','Cache Dir Writable','2023-11-09 09:21:02','2023-11-09 09:21:02'),(473,1,'en','core/base/system','app_size','App Size','2023-11-09 09:21:02','2023-11-09 09:21:02'),(474,1,'en','core/base/system','server_environment','Server Environment','2023-11-09 09:21:02','2023-11-09 09:21:02'),(475,1,'en','core/base/system','php_version','PHP Version','2023-11-09 09:21:02','2023-11-09 09:21:02'),(476,1,'en','core/base/system','php_version_error','PHP must be >= :version','2023-11-09 09:21:02','2023-11-09 09:21:02'),(477,1,'en','core/base/system','server_software','Server Software','2023-11-09 09:21:02','2023-11-09 09:21:02'),(478,1,'en','core/base/system','server_os','Server OS','2023-11-09 09:21:03','2023-11-09 09:21:03'),(479,1,'en','core/base/system','database','Database','2023-11-09 09:21:03','2023-11-09 09:21:03'),(480,1,'en','core/base/system','ssl_installed','SSL Installed','2023-11-09 09:21:03','2023-11-09 09:21:03'),(481,1,'en','core/base/system','cache_driver','Cache Driver','2023-11-09 09:21:03','2023-11-09 09:21:03'),(482,1,'en','core/base/system','session_driver','Session Driver','2023-11-09 09:21:03','2023-11-09 09:21:03'),(483,1,'en','core/base/system','queue_connection','Queue Connection','2023-11-09 09:21:03','2023-11-09 09:21:03'),(484,1,'en','core/base/system','mbstring_ext','Mbstring Ext','2023-11-09 09:21:03','2023-11-09 09:21:03'),(485,1,'en','core/base/system','openssl_ext','OpenSSL Ext','2023-11-09 09:21:03','2023-11-09 09:21:03'),(486,1,'en','core/base/system','pdo_ext','PDO Ext','2023-11-09 09:21:03','2023-11-09 09:21:03'),(487,1,'en','core/base/system','curl_ext','CURL Ext','2023-11-09 09:21:03','2023-11-09 09:21:03'),(488,1,'en','core/base/system','exif_ext','Exif Ext','2023-11-09 09:21:03','2023-11-09 09:21:03'),(489,1,'en','core/base/system','file_info_ext','File info Ext','2023-11-09 09:21:03','2023-11-09 09:21:03'),(490,1,'en','core/base/system','tokenizer_ext','Tokenizer Ext','2023-11-09 09:21:03','2023-11-09 09:21:03'),(491,1,'en','core/base/system','extra_stats','Extra Stats','2023-11-09 09:21:03','2023-11-09 09:21:03'),(492,1,'en','core/base/system','installed_packages','Installed packages and their version numbers','2023-11-09 09:21:03','2023-11-09 09:21:03'),(493,1,'en','core/base/system','extra_information','Extra Information','2023-11-09 09:21:03','2023-11-09 09:21:03'),(494,1,'en','core/base/system','copy_report','Copy Report','2023-11-09 09:21:03','2023-11-09 09:21:03'),(495,1,'en','core/base/system','package_name','Package Name','2023-11-09 09:21:03','2023-11-09 09:21:03'),(496,1,'en','core/base/system','dependency_name','Dependency Name','2023-11-09 09:21:03','2023-11-09 09:21:03'),(497,1,'en','core/base/system','version','Version','2023-11-09 09:21:03','2023-11-09 09:21:03'),(498,1,'en','core/base/system','cms_version','CMS Version','2023-11-09 09:21:03','2023-11-09 09:21:03'),(499,1,'en','core/base/system','imagick_or_gd_ext','Imagick/GD Ext','2023-11-09 09:21:03','2023-11-09 09:21:03'),(500,1,'en','core/base/system','updater','System Updater','2023-11-09 09:21:03','2023-11-09 09:21:03'),(501,1,'en','core/base/system','zip','Zip Ext','2023-11-09 09:21:03','2023-11-09 09:21:03'),(502,1,'en','core/base/system','iconv','Iconv Ext','2023-11-09 09:21:03','2023-11-09 09:21:03'),(503,1,'en','core/base/system','memory_limit','Memory limit','2023-11-09 09:21:03','2023-11-09 09:21:03'),(504,1,'en','core/base/system','max_execution_time','Max execution time (s)','2023-11-09 09:21:03','2023-11-09 09:21:03'),(505,1,'en','core/base/system','allow_url_fopen_enabled','allow_url_fopen enabled','2023-11-09 09:21:03','2023-11-09 09:21:03'),(506,1,'en','core/base/system','cleanup.title','Cleanup System','2023-11-09 09:21:03','2023-11-09 09:21:03'),(507,1,'en','core/base/system','cleanup.table.name','Table Name','2023-11-09 09:21:03','2023-11-09 09:21:03'),(508,1,'en','core/base/system','cleanup.table.count','Records','2023-11-09 09:21:03','2023-11-09 09:21:03'),(509,1,'en','core/base/system','cleanup.backup_alert','Please backup your database and script files before cleanup, it will clear your data in database.','2023-11-09 09:21:03','2023-11-09 09:21:03'),(510,1,'en','core/base/system','cleanup.messenger_choose_without_table','Please choose to ignore tables that do not want to be cleaned','2023-11-09 09:21:03','2023-11-09 09:21:03'),(511,1,'en','core/base/system','cleanup.messenger_confirm_cleanup','Are you sure you want to database cleanup action, it will clear your data in database?','2023-11-09 09:21:03','2023-11-09 09:21:03'),(512,1,'en','core/base/system','cleanup.submit_button','Cleanup','2023-11-09 09:21:03','2023-11-09 09:21:03'),(513,1,'en','core/base/system','cleanup.success_message','Cleaned data successfully','2023-11-09 09:21:03','2023-11-09 09:21:03'),(514,1,'en','core/base/system','cleanup.not_enabled_yet','This featured is not enabled yet. <br />Please add into .env: <code>CMS_ENABLED_CLEANUP_DATABASE=true</code> to enable this feature!','2023-11-09 09:21:03','2023-11-09 09:21:03'),(515,1,'en','core/base/tables','id','ID','2023-11-09 09:21:03','2023-11-09 09:21:03'),(516,1,'en','core/base/tables','name','Name','2023-11-09 09:21:03','2023-11-09 09:21:03'),(517,1,'en','core/base/tables','slug','Slug','2023-11-09 09:21:03','2023-11-09 09:21:03'),(518,1,'en','core/base/tables','title','Title','2023-11-09 09:21:03','2023-11-09 09:21:03'),(519,1,'en','core/base/tables','order_by','Order By','2023-11-09 09:21:03','2023-11-09 09:21:03'),(520,1,'en','core/base/tables','order','Order','2023-11-09 09:21:03','2023-11-09 09:21:03'),(521,1,'en','core/base/tables','status','Status','2023-11-09 09:21:03','2023-11-09 09:21:03'),(522,1,'en','core/base/tables','created_at','Created At','2023-11-09 09:21:03','2023-11-09 09:21:03'),(523,1,'en','core/base/tables','updated_at','Updated At','2023-11-09 09:21:03','2023-11-09 09:21:03'),(524,1,'en','core/base/tables','description','Description','2023-11-09 09:21:03','2023-11-09 09:21:03'),(525,1,'en','core/base/tables','operations','Operations','2023-11-09 09:21:03','2023-11-09 09:21:03'),(526,1,'en','core/base/tables','url','URL','2023-11-09 09:21:03','2023-11-09 09:21:03'),(527,1,'en','core/base/tables','author','Author','2023-11-09 09:21:03','2023-11-09 09:21:03'),(528,1,'en','core/base/tables','notes','Notes','2023-11-09 09:21:03','2023-11-09 09:21:03'),(529,1,'en','core/base/tables','column','Column','2023-11-09 09:21:03','2023-11-09 09:21:03'),(530,1,'en','core/base/tables','origin','Origin','2023-11-09 09:21:03','2023-11-09 09:21:03'),(531,1,'en','core/base/tables','after_change','After changes','2023-11-09 09:21:03','2023-11-09 09:21:03'),(532,1,'en','core/base/tables','views','Views','2023-11-09 09:21:03','2023-11-09 09:21:03'),(533,1,'en','core/base/tables','browser','Browser','2023-11-09 09:21:03','2023-11-09 09:21:03'),(534,1,'en','core/base/tables','session','Session','2023-11-09 09:21:03','2023-11-09 09:21:03'),(535,1,'en','core/base/tables','activated','activated','2023-11-09 09:21:03','2023-11-09 09:21:03'),(536,1,'en','core/base/tables','deactivated','deactivated','2023-11-09 09:21:03','2023-11-09 09:21:03'),(537,1,'en','core/base/tables','is_featured','Is featured','2023-11-09 09:21:03','2023-11-09 09:21:03'),(538,1,'en','core/base/tables','edit','Edit','2023-11-09 09:21:03','2023-11-09 09:21:03'),(539,1,'en','core/base/tables','delete','Delete','2023-11-09 09:21:03','2023-11-09 09:21:03'),(540,1,'en','core/base/tables','restore','Restore','2023-11-09 09:21:03','2023-11-09 09:21:03'),(541,1,'en','core/base/tables','activate','Activate','2023-11-09 09:21:03','2023-11-09 09:21:03'),(542,1,'en','core/base/tables','deactivate','Deactivate','2023-11-09 09:21:03','2023-11-09 09:21:03'),(543,1,'en','core/base/tables','excel','Excel','2023-11-09 09:21:03','2023-11-09 09:21:03'),(544,1,'en','core/base/tables','export','Export','2023-11-09 09:21:03','2023-11-09 09:21:03'),(545,1,'en','core/base/tables','csv','CSV','2023-11-09 09:21:03','2023-11-09 09:21:03'),(546,1,'en','core/base/tables','pdf','PDF','2023-11-09 09:21:03','2023-11-09 09:21:03'),(547,1,'en','core/base/tables','print','Print','2023-11-09 09:21:03','2023-11-09 09:21:03'),(548,1,'en','core/base/tables','reset','Reset','2023-11-09 09:21:03','2023-11-09 09:21:03'),(549,1,'en','core/base/tables','reload','Reload','2023-11-09 09:21:03','2023-11-09 09:21:03'),(550,1,'en','core/base/tables','display','Display','2023-11-09 09:21:03','2023-11-09 09:21:03'),(551,1,'en','core/base/tables','all','All','2023-11-09 09:21:03','2023-11-09 09:21:03'),(552,1,'en','core/base/tables','add_new','Add New','2023-11-09 09:21:03','2023-11-09 09:21:03'),(553,1,'en','core/base/tables','action','Actions','2023-11-09 09:21:03','2023-11-09 09:21:03'),(554,1,'en','core/base/tables','delete_entry','Delete','2023-11-09 09:21:03','2023-11-09 09:21:03'),(555,1,'en','core/base/tables','view','View Detail','2023-11-09 09:21:03','2023-11-09 09:21:03'),(556,1,'en','core/base/tables','save','Save','2023-11-09 09:21:03','2023-11-09 09:21:03'),(557,1,'en','core/base/tables','show_from','Show from','2023-11-09 09:21:03','2023-11-09 09:21:03'),(558,1,'en','core/base/tables','to','to','2023-11-09 09:21:03','2023-11-09 09:21:03'),(559,1,'en','core/base/tables','in','in','2023-11-09 09:21:03','2023-11-09 09:21:03'),(560,1,'en','core/base/tables','records','records','2023-11-09 09:21:03','2023-11-09 09:21:03'),(561,1,'en','core/base/tables','no_data','No data to display','2023-11-09 09:21:03','2023-11-09 09:21:03'),(562,1,'en','core/base/tables','no_record','No record','2023-11-09 09:21:03','2023-11-09 09:21:03'),(563,1,'en','core/base/tables','confirm_delete','Confirm delete','2023-11-09 09:21:03','2023-11-09 09:21:03'),(564,1,'en','core/base/tables','confirm_delete_msg','Do you really want to delete this record?','2023-11-09 09:21:03','2023-11-09 09:21:03'),(565,1,'en','core/base/tables','confirm_delete_many_msg','Do you really want to delete selected record(s)?','2023-11-09 09:21:03','2023-11-09 09:21:03'),(566,1,'en','core/base/tables','cancel','Cancel','2023-11-09 09:21:03','2023-11-09 09:21:03'),(567,1,'en','core/base/tables','template','Template','2023-11-09 09:21:03','2023-11-09 09:21:03'),(568,1,'en','core/base/tables','email','Email','2023-11-09 09:21:03','2023-11-09 09:21:03'),(569,1,'en','core/base/tables','last_login','Last login','2023-11-09 09:21:03','2023-11-09 09:21:03'),(570,1,'en','core/base/tables','shortcode','Shortcode','2023-11-09 09:21:03','2023-11-09 09:21:03'),(571,1,'en','core/base/tables','image','Image','2023-11-09 09:21:03','2023-11-09 09:21:03'),(572,1,'en','core/base/tables','bulk_changes','Bulk changes','2023-11-09 09:21:03','2023-11-09 09:21:03'),(573,1,'en','core/base/tables','submit','Submit','2023-11-09 09:21:03','2023-11-09 09:21:03'),(574,1,'en','core/base/tables','please_select_record','Please select at least one record to perform this action!','2023-11-09 09:21:03','2023-11-09 09:21:03'),(575,1,'en','core/base/tables','checkbox','Checkbox','2023-11-09 09:21:03','2023-11-09 09:21:03'),(576,1,'en','core/base/tabs','detail','Detail','2023-11-09 09:21:03','2023-11-09 09:21:03'),(577,1,'en','core/base/tabs','file','Files','2023-11-09 09:21:03','2023-11-09 09:21:03'),(578,1,'en','core/base/tabs','record_note','Record Note','2023-11-09 09:21:03','2023-11-09 09:21:03'),(579,1,'en','core/base/tabs','revision','Revision History','2023-11-09 09:21:03','2023-11-09 09:21:03'),(580,1,'en','core/dashboard/dashboard','update_position_success','Update widget position successfully!','2023-11-09 09:21:03','2023-11-09 09:21:03'),(581,1,'en','core/dashboard/dashboard','hide_success','Update widget successfully!','2023-11-09 09:21:03','2023-11-09 09:21:03'),(582,1,'en','core/dashboard/dashboard','confirm_hide','Are you sure?','2023-11-09 09:21:03','2023-11-09 09:21:03'),(583,1,'en','core/dashboard/dashboard','hide_message','Do you really want to hide this widget? It will be disappear on Dashboard!','2023-11-09 09:21:03','2023-11-09 09:21:03'),(584,1,'en','core/dashboard/dashboard','confirm_hide_btn','Yes, hide this widget','2023-11-09 09:21:03','2023-11-09 09:21:03'),(585,1,'en','core/dashboard/dashboard','cancel_hide_btn','Cancel','2023-11-09 09:21:03','2023-11-09 09:21:03'),(586,1,'en','core/dashboard/dashboard','collapse_expand','Collapse/Expand','2023-11-09 09:21:03','2023-11-09 09:21:03'),(587,1,'en','core/dashboard/dashboard','hide','Hide','2023-11-09 09:21:03','2023-11-09 09:21:03'),(588,1,'en','core/dashboard/dashboard','reload','Reload','2023-11-09 09:21:03','2023-11-09 09:21:03'),(589,1,'en','core/dashboard/dashboard','save_setting_success','Save widget settings successfully!','2023-11-09 09:21:03','2023-11-09 09:21:03'),(590,1,'en','core/dashboard/dashboard','widget_not_exists','Widget is not exits!','2023-11-09 09:21:03','2023-11-09 09:21:03'),(591,1,'en','core/dashboard/dashboard','manage_widgets','Manage Widgets','2023-11-09 09:21:03','2023-11-09 09:21:03'),(592,1,'en','core/dashboard/dashboard','fullscreen','Full screen','2023-11-09 09:21:03','2023-11-09 09:21:03'),(593,1,'en','core/dashboard/dashboard','title','Dashboard','2023-11-09 09:21:03','2023-11-09 09:21:03'),(594,1,'en','core/dashboard/dashboard','predefined_ranges.today','Today','2023-11-09 09:21:03','2023-11-09 09:21:03'),(595,1,'en','core/dashboard/dashboard','predefined_ranges.yesterday','Yesterday','2023-11-09 09:21:03','2023-11-09 09:21:03'),(596,1,'en','core/dashboard/dashboard','predefined_ranges.this_week','This Week','2023-11-09 09:21:03','2023-11-09 09:21:03'),(597,1,'en','core/dashboard/dashboard','predefined_ranges.last_7_days','Last 7 Days','2023-11-09 09:21:03','2023-11-09 09:21:03'),(598,1,'en','core/dashboard/dashboard','predefined_ranges.this_month','This Month','2023-11-09 09:21:03','2023-11-09 09:21:03'),(599,1,'en','core/dashboard/dashboard','predefined_ranges.last_30_days','Last 30 Days','2023-11-09 09:21:03','2023-11-09 09:21:03'),(600,1,'en','core/dashboard/dashboard','predefined_ranges.this_year','This Year','2023-11-09 09:21:03','2023-11-09 09:21:03'),(601,1,'en','core/media/media','filter','Filter','2023-11-09 09:21:03','2023-11-09 09:21:03'),(602,1,'en','core/media/media','everything','Everything','2023-11-09 09:21:03','2023-11-09 09:21:03'),(603,1,'en','core/media/media','image','Image','2023-11-09 09:21:03','2023-11-09 09:21:03'),(604,1,'en','core/media/media','video','Video','2023-11-09 09:21:03','2023-11-09 09:21:03'),(605,1,'en','core/media/media','document','Document','2023-11-09 09:21:03','2023-11-09 09:21:03'),(606,1,'en','core/media/media','view_in','View in','2023-11-09 09:21:03','2023-11-09 09:21:03'),(607,1,'en','core/media/media','all_media','All media','2023-11-09 09:21:03','2023-11-09 09:21:03'),(608,1,'en','core/media/media','trash','Trash','2023-11-09 09:21:03','2023-11-09 09:21:03'),(609,1,'en','core/media/media','recent','Recent','2023-11-09 09:21:03','2023-11-09 09:21:03'),(610,1,'en','core/media/media','favorites','Favorites','2023-11-09 09:21:03','2023-11-09 09:21:03'),(611,1,'en','core/media/media','upload','Upload','2023-11-09 09:21:03','2023-11-09 09:21:03'),(612,1,'en','core/media/media','create_folder','Create folder','2023-11-09 09:21:03','2023-11-09 09:21:03'),(613,1,'en','core/media/media','refresh','Refresh','2023-11-09 09:21:03','2023-11-09 09:21:03'),(614,1,'en','core/media/media','empty_trash','Empty trash','2023-11-09 09:21:03','2023-11-09 09:21:03'),(615,1,'en','core/media/media','search_file_and_folder','Search in current folder','2023-11-09 09:21:03','2023-11-09 09:21:03'),(616,1,'en','core/media/media','sort','Sort','2023-11-09 09:21:03','2023-11-09 09:21:03'),(617,1,'en','core/media/media','file_name_asc','File name - ASC','2023-11-09 09:21:03','2023-11-09 09:21:03'),(618,1,'en','core/media/media','file_name_desc','File name - DESC','2023-11-09 09:21:03','2023-11-09 09:21:03'),(619,1,'en','core/media/media','uploaded_date_asc','Uploaded date - ASC','2023-11-09 09:21:03','2023-11-09 09:21:03'),(620,1,'en','core/media/media','uploaded_date_desc','Uploaded date - DESC','2023-11-09 09:21:03','2023-11-09 09:21:03'),(621,1,'en','core/media/media','size_asc','Size - ASC','2023-11-09 09:21:03','2023-11-09 09:21:03'),(622,1,'en','core/media/media','size_desc','Size - DESC','2023-11-09 09:21:03','2023-11-09 09:21:03'),(623,1,'en','core/media/media','actions','Actions','2023-11-09 09:21:03','2023-11-09 09:21:03'),(624,1,'en','core/media/media','nothing_is_selected','Nothing is selected','2023-11-09 09:21:03','2023-11-09 09:21:03'),(625,1,'en','core/media/media','insert','Insert','2023-11-09 09:21:03','2023-11-09 09:21:03'),(626,1,'en','core/media/media','folder_name','Folder name','2023-11-09 09:21:03','2023-11-09 09:21:03'),(627,1,'en','core/media/media','create','Create','2023-11-09 09:21:03','2023-11-09 09:21:03'),(628,1,'en','core/media/media','rename','Rename','2023-11-09 09:21:03','2023-11-09 09:21:03'),(629,1,'en','core/media/media','crop','Crop','2023-11-09 09:21:03','2023-11-09 09:21:03'),(630,1,'en','core/media/media','close','Close','2023-11-09 09:21:03','2023-11-09 09:21:03'),(631,1,'en','core/media/media','save_changes','Save changes','2023-11-09 09:21:03','2023-11-09 09:21:03'),(632,1,'en','core/media/media','move_to_trash','Move items to trash','2023-11-09 09:21:04','2023-11-09 09:21:04'),(633,1,'en','core/media/media','confirm_trash','Are you sure you want to move these items to trash?','2023-11-09 09:21:04','2023-11-09 09:21:04'),(634,1,'en','core/media/media','confirm','Confirm','2023-11-09 09:21:04','2023-11-09 09:21:04'),(635,1,'en','core/media/media','confirm_delete','Delete item(s)','2023-11-09 09:21:04','2023-11-09 09:21:04'),(636,1,'en','core/media/media','confirm_delete_description','Your request cannot rollback. Are you sure you wanna delete these items?','2023-11-09 09:21:04','2023-11-09 09:21:04'),(637,1,'en','core/media/media','empty_trash_title','Empty trash','2023-11-09 09:21:04','2023-11-09 09:21:04'),(638,1,'en','core/media/media','empty_trash_description','Your request cannot rollback. Are you sure you wanna remove all items in trash?','2023-11-09 09:21:04','2023-11-09 09:21:04'),(639,1,'en','core/media/media','up_level','Up one level','2023-11-09 09:21:04','2023-11-09 09:21:04'),(640,1,'en','core/media/media','upload_progress','Upload progress','2023-11-09 09:21:04','2023-11-09 09:21:04'),(641,1,'en','core/media/media','alt_text','Alt text','2023-11-09 09:21:04','2023-11-09 09:21:04'),(642,1,'en','core/media/media','folder_created','Folder is created successfully!','2023-11-09 09:21:04','2023-11-09 09:21:04'),(643,1,'en','core/media/media','gallery','Media gallery','2023-11-09 09:21:04','2023-11-09 09:21:04'),(644,1,'en','core/media/media','trash_error','Error when delete selected item(s)','2023-11-09 09:21:04','2023-11-09 09:21:04'),(645,1,'en','core/media/media','trash_success','Moved selected item(s) to trash successfully!','2023-11-09 09:21:04','2023-11-09 09:21:04'),(646,1,'en','core/media/media','restore_error','Error when restore selected item(s)','2023-11-09 09:21:04','2023-11-09 09:21:04'),(647,1,'en','core/media/media','restore_success','Restore selected item(s) successfully!','2023-11-09 09:21:04','2023-11-09 09:21:04'),(648,1,'en','core/media/media','copy_success','Copied selected item(s) successfully!','2023-11-09 09:21:04','2023-11-09 09:21:04'),(649,1,'en','core/media/media','delete_success','Deleted selected item(s) successfully!','2023-11-09 09:21:04','2023-11-09 09:21:04'),(650,1,'en','core/media/media','favorite_success','Favorite selected item(s) successfully!','2023-11-09 09:21:04','2023-11-09 09:21:04'),(651,1,'en','core/media/media','remove_favorite_success','Remove selected item(s) from favorites successfully!','2023-11-09 09:21:04','2023-11-09 09:21:04'),(652,1,'en','core/media/media','rename_error','Error when rename item(s)','2023-11-09 09:21:04','2023-11-09 09:21:04'),(653,1,'en','core/media/media','rename_success','Rename selected item(s) successfully!','2023-11-09 09:21:04','2023-11-09 09:21:04'),(654,1,'en','core/media/media','crop_success','Crop image successfully!','2023-11-09 09:21:04','2023-11-09 09:21:04'),(655,1,'en','core/media/media','empty_trash_success','Empty trash successfully!','2023-11-09 09:21:04','2023-11-09 09:21:04'),(656,1,'en','core/media/media','invalid_action','Invalid action!','2023-11-09 09:21:04','2023-11-09 09:21:04'),(657,1,'en','core/media/media','file_not_exists','File is not exists!','2023-11-09 09:21:04','2023-11-09 09:21:04'),(658,1,'en','core/media/media','download_file_error','Error when downloading files!','2023-11-09 09:21:04','2023-11-09 09:21:04'),(659,1,'en','core/media/media','missing_zip_archive_extension','Please enable ZipArchive extension to download file!','2023-11-09 09:21:04','2023-11-09 09:21:04'),(660,1,'en','core/media/media','can_not_download_file','Can not download this file!','2023-11-09 09:21:04','2023-11-09 09:21:04'),(661,1,'en','core/media/media','invalid_request','Invalid request!','2023-11-09 09:21:04','2023-11-09 09:21:04'),(662,1,'en','core/media/media','add_success','Add item successfully!','2023-11-09 09:21:04','2023-11-09 09:21:04'),(663,1,'en','core/media/media','file_too_big','File too big. Max file upload is :size bytes','2023-11-09 09:21:04','2023-11-09 09:21:04'),(664,1,'en','core/media/media','file_too_big_readable_size','File too big. Max file upload is :size.','2023-11-09 09:21:04','2023-11-09 09:21:04'),(665,1,'en','core/media/media','can_not_detect_file_type','File type is not allowed or can not detect file type!','2023-11-09 09:21:04','2023-11-09 09:21:04'),(666,1,'en','core/media/media','upload_failed','The file is NOT uploaded completely. The server allows max upload file size is :size . Please check your file size OR try to upload again in case of having network errors','2023-11-09 09:21:04','2023-11-09 09:21:04'),(667,1,'en','core/media/media','failed_to_crop_image','The file cropping must be image type','2023-11-09 09:21:04','2023-11-09 09:21:04'),(668,1,'en','core/media/media','menu_name','Media','2023-11-09 09:21:04','2023-11-09 09:21:04'),(669,1,'en','core/media/media','add','Add media','2023-11-09 09:21:04','2023-11-09 09:21:04'),(670,1,'en','core/media/media','javascript.name','Name','2023-11-09 09:21:04','2023-11-09 09:21:04'),(671,1,'en','core/media/media','javascript.url','URL','2023-11-09 09:21:04','2023-11-09 09:21:04'),(672,1,'en','core/media/media','javascript.full_url','Full URL','2023-11-09 09:21:04','2023-11-09 09:21:04'),(673,1,'en','core/media/media','javascript.alt','Alt text','2023-11-09 09:21:04','2023-11-09 09:21:04'),(674,1,'en','core/media/media','javascript.size','Size','2023-11-09 09:21:04','2023-11-09 09:21:04'),(675,1,'en','core/media/media','javascript.mime_type','Type','2023-11-09 09:21:04','2023-11-09 09:21:04'),(676,1,'en','core/media/media','javascript.created_at','Uploaded at','2023-11-09 09:21:04','2023-11-09 09:21:04'),(677,1,'en','core/media/media','javascript.updated_at','Modified at','2023-11-09 09:21:04','2023-11-09 09:21:04'),(678,1,'en','core/media/media','javascript.nothing_selected','Nothing is selected','2023-11-09 09:21:04','2023-11-09 09:21:04'),(679,1,'en','core/media/media','javascript.visit_link','Open link','2023-11-09 09:21:04','2023-11-09 09:21:04'),(680,1,'en','core/media/media','javascript.no_item.all_media.icon','fas fa-cloud-upload-alt','2023-11-09 09:21:04','2023-11-09 09:21:04'),(681,1,'en','core/media/media','javascript.no_item.all_media.title','Drop files and folders here','2023-11-09 09:21:04','2023-11-09 09:21:04'),(682,1,'en','core/media/media','javascript.no_item.all_media.message','Or use the upload button above','2023-11-09 09:21:04','2023-11-09 09:21:04'),(683,1,'en','core/media/media','javascript.no_item.trash.icon','fas fa-trash-alt','2023-11-09 09:21:04','2023-11-09 09:21:04'),(684,1,'en','core/media/media','javascript.no_item.trash.title','There is nothing in your trash currently','2023-11-09 09:21:04','2023-11-09 09:21:04'),(685,1,'en','core/media/media','javascript.no_item.trash.message','Delete files to move them to trash automatically. Delete files from trash to remove them permanently','2023-11-09 09:21:04','2023-11-09 09:21:04'),(686,1,'en','core/media/media','javascript.no_item.favorites.icon','fas fa-star','2023-11-09 09:21:04','2023-11-09 09:21:04'),(687,1,'en','core/media/media','javascript.no_item.favorites.title','You have not added anything to your favorites yet','2023-11-09 09:21:04','2023-11-09 09:21:04'),(688,1,'en','core/media/media','javascript.no_item.favorites.message','Add files to favorites to easily find them later','2023-11-09 09:21:04','2023-11-09 09:21:04'),(689,1,'en','core/media/media','javascript.no_item.recent.icon','far fa-clock','2023-11-09 09:21:04','2023-11-09 09:21:04'),(690,1,'en','core/media/media','javascript.no_item.recent.title','You did not opened anything yet','2023-11-09 09:21:04','2023-11-09 09:21:04'),(691,1,'en','core/media/media','javascript.no_item.recent.message','All recent files that you opened will be appeared here','2023-11-09 09:21:04','2023-11-09 09:21:04'),(692,1,'en','core/media/media','javascript.no_item.default.icon','fas fa-sync','2023-11-09 09:21:04','2023-11-09 09:21:04'),(693,1,'en','core/media/media','javascript.no_item.default.title','No items','2023-11-09 09:21:04','2023-11-09 09:21:04'),(694,1,'en','core/media/media','javascript.no_item.default.message','This directory has no item','2023-11-09 09:21:04','2023-11-09 09:21:04'),(695,1,'en','core/media/media','javascript.clipboard.success','These file links have been copied to clipboard','2023-11-09 09:21:04','2023-11-09 09:21:04'),(696,1,'en','core/media/media','javascript.message.error_header','Error','2023-11-09 09:21:04','2023-11-09 09:21:04'),(697,1,'en','core/media/media','javascript.message.success_header','Success','2023-11-09 09:21:04','2023-11-09 09:21:04'),(698,1,'en','core/media/media','javascript.download.error','No files selected or cannot download these files','2023-11-09 09:21:04','2023-11-09 09:21:04'),(699,1,'en','core/media/media','javascript.actions_list.basic.preview','Preview','2023-11-09 09:21:04','2023-11-09 09:21:04'),(700,1,'en','core/media/media','javascript.actions_list.basic.crop','Crop','2023-11-09 09:21:04','2023-11-09 09:21:04'),(701,1,'en','core/media/media','javascript.actions_list.file.copy_link','Copy link','2023-11-09 09:21:04','2023-11-09 09:21:04'),(702,1,'en','core/media/media','javascript.actions_list.file.rename','Rename','2023-11-09 09:21:04','2023-11-09 09:21:04'),(703,1,'en','core/media/media','javascript.actions_list.file.make_copy','Make a copy','2023-11-09 09:21:04','2023-11-09 09:21:04'),(704,1,'en','core/media/media','javascript.actions_list.file.alt_text','ALT text','2023-11-09 09:21:04','2023-11-09 09:21:04'),(705,1,'en','core/media/media','javascript.actions_list.user.favorite','Add to favorite','2023-11-09 09:21:04','2023-11-09 09:21:04'),(706,1,'en','core/media/media','javascript.actions_list.user.remove_favorite','Remove favorite','2023-11-09 09:21:04','2023-11-09 09:21:04'),(707,1,'en','core/media/media','javascript.actions_list.other.download','Download','2023-11-09 09:21:04','2023-11-09 09:21:04'),(708,1,'en','core/media/media','javascript.actions_list.other.trash','Move to trash','2023-11-09 09:21:04','2023-11-09 09:21:04'),(709,1,'en','core/media/media','javascript.actions_list.other.delete','Delete permanently','2023-11-09 09:21:04','2023-11-09 09:21:04'),(710,1,'en','core/media/media','javascript.actions_list.other.restore','Restore','2023-11-09 09:21:04','2023-11-09 09:21:04'),(711,1,'en','core/media/media','javascript.change_image','Change image','2023-11-09 09:21:04','2023-11-09 09:21:04'),(712,1,'en','core/media/media','javascript.delete_image','Delete image','2023-11-09 09:21:04','2023-11-09 09:21:04'),(713,1,'en','core/media/media','javascript.choose_image','Choose image','2023-11-09 09:21:04','2023-11-09 09:21:04'),(714,1,'en','core/media/media','javascript.preview_image','Preview image','2023-11-09 09:21:04','2023-11-09 09:21:04'),(715,1,'en','core/media/media','name_invalid','The folder name has invalid character(s).','2023-11-09 09:21:04','2023-11-09 09:21:04'),(716,1,'en','core/media/media','url_invalid','Please provide a valid URL','2023-11-09 09:21:04','2023-11-09 09:21:04'),(717,1,'en','core/media/media','path_invalid','Please provide a valid path','2023-11-09 09:21:04','2023-11-09 09:21:04'),(718,1,'en','core/media/media','download_link','Download','2023-11-09 09:21:04','2023-11-09 09:21:04'),(719,1,'en','core/media/media','url','URL','2023-11-09 09:21:04','2023-11-09 09:21:04'),(720,1,'en','core/media/media','download_explain','Enter one URL per line.','2023-11-09 09:21:04','2023-11-09 09:21:04'),(721,1,'en','core/media/media','downloading','Downloading...','2023-11-09 09:21:04','2023-11-09 09:21:04'),(722,1,'en','core/media/media','prepare_file_to_download','Preparing file to download...','2023-11-09 09:21:04','2023-11-09 09:21:04'),(723,1,'en','core/media/media','update_alt_text_success','Update alt text successfully!','2023-11-09 09:21:04','2023-11-09 09:21:04'),(724,1,'en','core/media/media','cropper.height','Height','2023-11-09 09:21:04','2023-11-09 09:21:04'),(725,1,'en','core/media/media','cropper.width','Width','2023-11-09 09:21:04','2023-11-09 09:21:04'),(726,1,'en','core/media/media','cropper.aspect_ratio','Aspect ratio?','2023-11-09 09:21:04','2023-11-09 09:21:04'),(727,1,'en','core/media/media','unable_to_write','Unable to write file. Please chmod folder \":folder\" to make it writeable!','2023-11-09 09:21:04','2023-11-09 09:21:04'),(728,1,'en','core/setting/setting','title','Settings','2023-11-09 09:21:04','2023-11-09 09:21:04'),(729,1,'en','core/setting/setting','email_setting_title','Email settings','2023-11-09 09:21:04','2023-11-09 09:21:04'),(730,1,'en','core/setting/setting','general.theme','Theme','2023-11-09 09:21:04','2023-11-09 09:21:04'),(731,1,'en','core/setting/setting','general.description','Setting site information','2023-11-09 09:21:04','2023-11-09 09:21:04'),(732,1,'en','core/setting/setting','general.title','General','2023-11-09 09:21:04','2023-11-09 09:21:04'),(733,1,'en','core/setting/setting','general.general_block','General Information','2023-11-09 09:21:04','2023-11-09 09:21:04'),(734,1,'en','core/setting/setting','general.rich_editor','Rich Editor','2023-11-09 09:21:04','2023-11-09 09:21:04'),(735,1,'en','core/setting/setting','general.site_title','Site title','2023-11-09 09:21:04','2023-11-09 09:21:04'),(736,1,'en','core/setting/setting','general.admin_email','Admin Email','2023-11-09 09:21:04','2023-11-09 09:21:04'),(737,1,'en','core/setting/setting','general.seo_block','SEO Configuration','2023-11-09 09:21:04','2023-11-09 09:21:04'),(738,1,'en','core/setting/setting','general.seo_title','SEO Title','2023-11-09 09:21:04','2023-11-09 09:21:04'),(739,1,'en','core/setting/setting','general.seo_description','SEO Description','2023-11-09 09:21:04','2023-11-09 09:21:04'),(740,1,'en','core/setting/setting','general.webmaster_tools_block','Google Webmaster Tools','2023-11-09 09:21:04','2023-11-09 09:21:04'),(741,1,'en','core/setting/setting','general.placeholder.site_title','Site Title (maximum 120 characters)','2023-11-09 09:21:04','2023-11-09 09:21:04'),(742,1,'en','core/setting/setting','general.placeholder.admin_email','Admin Email','2023-11-09 09:21:04','2023-11-09 09:21:04'),(743,1,'en','core/setting/setting','general.placeholder.seo_title','SEO Title (maximum 120 characters)','2023-11-09 09:21:04','2023-11-09 09:21:04'),(744,1,'en','core/setting/setting','general.placeholder.seo_description','SEO Description (maximum 120 characters)','2023-11-09 09:21:04','2023-11-09 09:21:04'),(745,1,'en','core/setting/setting','general.placeholder.google_analytics','Google Analytics','2023-11-09 09:21:04','2023-11-09 09:21:04'),(746,1,'en','core/setting/setting','general.cache_admin_menu','Cache admin menu?','2023-11-09 09:21:04','2023-11-09 09:21:04'),(747,1,'en','core/setting/setting','general.enable_send_error_reporting_via_email','Enable to send error reporting via email?','2023-11-09 09:21:04','2023-11-09 09:21:04'),(748,1,'en','core/setting/setting','general.time_zone','Timezone','2023-11-09 09:21:04','2023-11-09 09:21:04'),(749,1,'en','core/setting/setting','general.default_admin_theme','Default admin theme','2023-11-09 09:21:04','2023-11-09 09:21:04'),(750,1,'en','core/setting/setting','general.enable_change_admin_theme','Enable change admin theme?','2023-11-09 09:21:04','2023-11-09 09:21:04'),(751,1,'en','core/setting/setting','general.enable','Enable','2023-11-09 09:21:04','2023-11-09 09:21:04'),(752,1,'en','core/setting/setting','general.disable','Disable','2023-11-09 09:21:04','2023-11-09 09:21:04'),(753,1,'en','core/setting/setting','general.enable_cache','Enable cache?','2023-11-09 09:21:04','2023-11-09 09:21:04'),(754,1,'en','core/setting/setting','general.disable_cache_in_the_admin_panel','Disable cache in the admin panel?','2023-11-09 09:21:04','2023-11-09 09:21:04'),(755,1,'en','core/setting/setting','general.cache_time','Cache time (minutes)','2023-11-09 09:21:04','2023-11-09 09:21:04'),(756,1,'en','core/setting/setting','general.enable_cache_site_map','Enable cache site map?','2023-11-09 09:21:04','2023-11-09 09:21:04'),(757,1,'en','core/setting/setting','general.cache_time_site_map','Cache Time Site map (minutes)','2023-11-09 09:21:04','2023-11-09 09:21:04'),(758,1,'en','core/setting/setting','general.admin_logo','Admin logo','2023-11-09 09:21:04','2023-11-09 09:21:04'),(759,1,'en','core/setting/setting','general.admin_favicon','Admin favicon','2023-11-09 09:21:04','2023-11-09 09:21:04'),(760,1,'en','core/setting/setting','general.admin_title','Admin title','2023-11-09 09:21:04','2023-11-09 09:21:04'),(761,1,'en','core/setting/setting','general.admin_title_placeholder','Title show to tab of browser','2023-11-09 09:21:04','2023-11-09 09:21:04'),(762,1,'en','core/setting/setting','general.cache_block','Cache','2023-11-09 09:21:04','2023-11-09 09:21:04'),(763,1,'en','core/setting/setting','general.admin_appearance_title','Admin appearance','2023-11-09 09:21:04','2023-11-09 09:21:04'),(764,1,'en','core/setting/setting','general.admin_appearance_description','Setting admin appearance such as editor, language...','2023-11-09 09:21:04','2023-11-09 09:21:04'),(765,1,'en','core/setting/setting','general.seo_block_description','Setting site title, site meta description, site keyword for optimize SEO','2023-11-09 09:21:05','2023-11-09 09:21:05'),(766,1,'en','core/setting/setting','general.webmaster_tools_description','Google Webmaster Tools (GWT) is free software that helps you manage the technical side of your website','2023-11-09 09:21:05','2023-11-09 09:21:05'),(767,1,'en','core/setting/setting','general.cache_description','Config cache for system for optimize speed','2023-11-09 09:21:05','2023-11-09 09:21:05'),(768,1,'en','core/setting/setting','general.yes','Yes','2023-11-09 09:21:05','2023-11-09 09:21:05'),(769,1,'en','core/setting/setting','general.no','No','2023-11-09 09:21:05','2023-11-09 09:21:05'),(770,1,'en','core/setting/setting','general.show_on_front','Your homepage displays','2023-11-09 09:21:05','2023-11-09 09:21:05'),(771,1,'en','core/setting/setting','general.select','— Select —','2023-11-09 09:21:05','2023-11-09 09:21:05'),(772,1,'en','core/setting/setting','general.show_site_name','Show site name after page title, separate with \"-\"?','2023-11-09 09:21:05','2023-11-09 09:21:05'),(773,1,'en','core/setting/setting','general.locale','Site language','2023-11-09 09:21:05','2023-11-09 09:21:05'),(774,1,'en','core/setting/setting','general.locale_direction','Front site language direction','2023-11-09 09:21:05','2023-11-09 09:21:05'),(775,1,'en','core/setting/setting','general.admin_locale_direction','Admin language direction','2023-11-09 09:21:05','2023-11-09 09:21:05'),(776,1,'en','core/setting/setting','general.admin_login_screen_backgrounds','Login screen backgrounds (~1366x768)','2023-11-09 09:21:05','2023-11-09 09:21:05'),(777,1,'en','core/setting/setting','general.minutes','minutes','2023-11-09 09:21:05','2023-11-09 09:21:05'),(778,1,'en','core/setting/setting','general.datatables.title','Datatables','2023-11-09 09:21:05','2023-11-09 09:21:05'),(779,1,'en','core/setting/setting','general.datatables.description','Settings for datatables','2023-11-09 09:21:05','2023-11-09 09:21:05'),(780,1,'en','core/setting/setting','general.datatables.show_column_visibility','Default show column visibility?','2023-11-09 09:21:05','2023-11-09 09:21:05'),(781,1,'en','core/setting/setting','general.datatables.show_export_button','Default show export button?','2023-11-09 09:21:05','2023-11-09 09:21:05'),(782,1,'en','core/setting/setting','email.subject','Subject','2023-11-09 09:21:05','2023-11-09 09:21:05'),(783,1,'en','core/setting/setting','email.content','Content','2023-11-09 09:21:05','2023-11-09 09:21:05'),(784,1,'en','core/setting/setting','email.title','Setting for email template','2023-11-09 09:21:05','2023-11-09 09:21:05'),(785,1,'en','core/setting/setting','email.description','Email template using HTML & system variables.','2023-11-09 09:21:05','2023-11-09 09:21:05'),(786,1,'en','core/setting/setting','email.reset_to_default','Reset to default','2023-11-09 09:21:05','2023-11-09 09:21:05'),(787,1,'en','core/setting/setting','email.back','Back to settings','2023-11-09 09:21:05','2023-11-09 09:21:05'),(788,1,'en','core/setting/setting','email.reset_success','Reset back to default successfully','2023-11-09 09:21:05','2023-11-09 09:21:05'),(789,1,'en','core/setting/setting','email.confirm_reset','Confirm reset email template?','2023-11-09 09:21:05','2023-11-09 09:21:05'),(790,1,'en','core/setting/setting','email.confirm_message','Do you really want to reset this email template to default?','2023-11-09 09:21:05','2023-11-09 09:21:05'),(791,1,'en','core/setting/setting','email.continue','Continue','2023-11-09 09:21:05','2023-11-09 09:21:05'),(792,1,'en','core/setting/setting','email.sender_name','Sender name','2023-11-09 09:21:05','2023-11-09 09:21:05'),(793,1,'en','core/setting/setting','email.sender_name_placeholder','Name','2023-11-09 09:21:05','2023-11-09 09:21:05'),(794,1,'en','core/setting/setting','email.sender_email','Sender email','2023-11-09 09:21:05','2023-11-09 09:21:05'),(795,1,'en','core/setting/setting','email.mailer','Mailer','2023-11-09 09:21:05','2023-11-09 09:21:05'),(796,1,'en','core/setting/setting','email.port','Port','2023-11-09 09:21:05','2023-11-09 09:21:05'),(797,1,'en','core/setting/setting','email.port_placeholder','Ex: 587','2023-11-09 09:21:05','2023-11-09 09:21:05'),(798,1,'en','core/setting/setting','email.host','Host','2023-11-09 09:21:05','2023-11-09 09:21:05'),(799,1,'en','core/setting/setting','email.host_placeholder','Ex: smtp.gmail.com','2023-11-09 09:21:05','2023-11-09 09:21:05'),(800,1,'en','core/setting/setting','email.username','Username','2023-11-09 09:21:05','2023-11-09 09:21:05'),(801,1,'en','core/setting/setting','email.username_placeholder','Username to login to mail server','2023-11-09 09:21:05','2023-11-09 09:21:05'),(802,1,'en','core/setting/setting','email.password','Password','2023-11-09 09:21:05','2023-11-09 09:21:05'),(803,1,'en','core/setting/setting','email.password_placeholder','Password to login to mail server','2023-11-09 09:21:05','2023-11-09 09:21:05'),(804,1,'en','core/setting/setting','email.encryption','Encryption','2023-11-09 09:21:05','2023-11-09 09:21:05'),(805,1,'en','core/setting/setting','email.mail_gun_domain','Domain','2023-11-09 09:21:05','2023-11-09 09:21:05'),(806,1,'en','core/setting/setting','email.mail_gun_domain_placeholder','Domain','2023-11-09 09:21:05','2023-11-09 09:21:05'),(807,1,'en','core/setting/setting','email.mail_gun_secret','Secret','2023-11-09 09:21:05','2023-11-09 09:21:05'),(808,1,'en','core/setting/setting','email.mail_gun_secret_placeholder','Secret','2023-11-09 09:21:05','2023-11-09 09:21:05'),(809,1,'en','core/setting/setting','email.mail_gun_endpoint','Endpoint','2023-11-09 09:21:05','2023-11-09 09:21:05'),(810,1,'en','core/setting/setting','email.mail_gun_endpoint_placeholder','Endpoint','2023-11-09 09:21:05','2023-11-09 09:21:05'),(811,1,'en','core/setting/setting','email.log_channel','Log channel','2023-11-09 09:21:05','2023-11-09 09:21:05'),(812,1,'en','core/setting/setting','email.sendmail_path','Sendmail Path','2023-11-09 09:21:05','2023-11-09 09:21:05'),(813,1,'en','core/setting/setting','email.encryption_placeholder','Encryption: ssl or tls','2023-11-09 09:21:05','2023-11-09 09:21:05'),(814,1,'en','core/setting/setting','email.ses_key','Key','2023-11-09 09:21:05','2023-11-09 09:21:05'),(815,1,'en','core/setting/setting','email.ses_key_placeholder','Key','2023-11-09 09:21:05','2023-11-09 09:21:05'),(816,1,'en','core/setting/setting','email.ses_secret','Secret','2023-11-09 09:21:05','2023-11-09 09:21:05'),(817,1,'en','core/setting/setting','email.ses_secret_placeholder','Secret','2023-11-09 09:21:05','2023-11-09 09:21:05'),(818,1,'en','core/setting/setting','email.ses_region','Region','2023-11-09 09:21:05','2023-11-09 09:21:05'),(819,1,'en','core/setting/setting','email.ses_region_placeholder','Region','2023-11-09 09:21:05','2023-11-09 09:21:05'),(820,1,'en','core/setting/setting','email.postmark_token','Token','2023-11-09 09:21:05','2023-11-09 09:21:05'),(821,1,'en','core/setting/setting','email.postmark_token_placeholder','Token','2023-11-09 09:21:05','2023-11-09 09:21:05'),(822,1,'en','core/setting/setting','email.template_title','Email templates','2023-11-09 09:21:05','2023-11-09 09:21:05'),(823,1,'en','core/setting/setting','email.template_description','Base templates for all emails','2023-11-09 09:21:05','2023-11-09 09:21:05'),(824,1,'en','core/setting/setting','email.template_header','Email template header','2023-11-09 09:21:05','2023-11-09 09:21:05'),(825,1,'en','core/setting/setting','email.template_header_description','Template for header of emails','2023-11-09 09:21:05','2023-11-09 09:21:05'),(826,1,'en','core/setting/setting','email.template_footer','Email template footer','2023-11-09 09:21:05','2023-11-09 09:21:05'),(827,1,'en','core/setting/setting','email.template_footer_description','Template for footer of emails','2023-11-09 09:21:05','2023-11-09 09:21:05'),(828,1,'en','core/setting/setting','email.default','Default','2023-11-09 09:21:05','2023-11-09 09:21:05'),(829,1,'en','core/setting/setting','media.title','Media','2023-11-09 09:21:05','2023-11-09 09:21:05'),(830,1,'en','core/setting/setting','media.driver','Driver','2023-11-09 09:21:05','2023-11-09 09:21:05'),(831,1,'en','core/setting/setting','media.description','Settings for media','2023-11-09 09:21:05','2023-11-09 09:21:05'),(832,1,'en','core/setting/setting','media.aws_access_key_id','AWS Access Key ID','2023-11-09 09:21:05','2023-11-09 09:21:05'),(833,1,'en','core/setting/setting','media.aws_secret_key','AWS Secret Key','2023-11-09 09:21:05','2023-11-09 09:21:05'),(834,1,'en','core/setting/setting','media.aws_default_region','AWS Default Region','2023-11-09 09:21:05','2023-11-09 09:21:05'),(835,1,'en','core/setting/setting','media.aws_bucket','AWS Bucket','2023-11-09 09:21:05','2023-11-09 09:21:05'),(836,1,'en','core/setting/setting','media.aws_url','AWS URL','2023-11-09 09:21:05','2023-11-09 09:21:05'),(837,1,'en','core/setting/setting','media.aws_endpoint','AWS Endpoint (Optional)','2023-11-09 09:21:05','2023-11-09 09:21:05'),(838,1,'en','core/setting/setting','media.r2_access_key_id','R2 Access Key ID','2023-11-09 09:21:05','2023-11-09 09:21:05'),(839,1,'en','core/setting/setting','media.r2_secret_key','R2 Secret Key','2023-11-09 09:21:05','2023-11-09 09:21:05'),(840,1,'en','core/setting/setting','media.r2_bucket','R2 Bucket','2023-11-09 09:21:05','2023-11-09 09:21:05'),(841,1,'en','core/setting/setting','media.r2_url','R2 URL','2023-11-09 09:21:05','2023-11-09 09:21:05'),(842,1,'en','core/setting/setting','media.r2_endpoint','R2 Endpoint','2023-11-09 09:21:05','2023-11-09 09:21:05'),(843,1,'en','core/setting/setting','media.do_spaces_access_key_id','DO Spaces Access Key ID','2023-11-09 09:21:05','2023-11-09 09:21:05'),(844,1,'en','core/setting/setting','media.do_spaces_secret_key','DO Spaces Secret Key','2023-11-09 09:21:05','2023-11-09 09:21:05'),(845,1,'en','core/setting/setting','media.do_spaces_default_region','DO Spaces Default Region','2023-11-09 09:21:05','2023-11-09 09:21:05'),(846,1,'en','core/setting/setting','media.do_spaces_bucket','DO Spaces Bucket','2023-11-09 09:21:05','2023-11-09 09:21:05'),(847,1,'en','core/setting/setting','media.do_spaces_endpoint','DO Spaces Endpoint','2023-11-09 09:21:05','2023-11-09 09:21:05'),(848,1,'en','core/setting/setting','media.do_spaces_cdn_enabled','Is DO Spaces CDN enabled?','2023-11-09 09:21:05','2023-11-09 09:21:05'),(849,1,'en','core/setting/setting','media.media_do_spaces_cdn_custom_domain','Do Spaces CDN custom domain','2023-11-09 09:21:05','2023-11-09 09:21:05'),(850,1,'en','core/setting/setting','media.media_do_spaces_cdn_custom_domain_placeholder','https://your-custom-domain.com','2023-11-09 09:21:05','2023-11-09 09:21:05'),(851,1,'en','core/setting/setting','media.wasabi_access_key_id','Wasabi Access Key ID','2023-11-09 09:21:05','2023-11-09 09:21:05'),(852,1,'en','core/setting/setting','media.wasabi_secret_key','Wasabi Secret Key','2023-11-09 09:21:05','2023-11-09 09:21:05'),(853,1,'en','core/setting/setting','media.wasabi_default_region','Wasabi Default Region','2023-11-09 09:21:05','2023-11-09 09:21:05'),(854,1,'en','core/setting/setting','media.wasabi_bucket','Wasabi Bucket','2023-11-09 09:21:05','2023-11-09 09:21:05'),(855,1,'en','core/setting/setting','media.wasabi_root','Wasabi Root','2023-11-09 09:21:05','2023-11-09 09:21:05'),(856,1,'en','core/setting/setting','media.default_placeholder_image','Default placeholder image','2023-11-09 09:21:05','2023-11-09 09:21:05'),(857,1,'en','core/setting/setting','media.enable_chunk','Enable chunk size upload?','2023-11-09 09:21:05','2023-11-09 09:21:05'),(858,1,'en','core/setting/setting','media.chunk_size','Chunk size (Bytes)','2023-11-09 09:21:05','2023-11-09 09:21:05'),(859,1,'en','core/setting/setting','media.chunk_size_placeholder','Default: 1048576 ~ 1MB','2023-11-09 09:21:05','2023-11-09 09:21:05'),(860,1,'en','core/setting/setting','media.max_file_size','Chunk max file size (MB)','2023-11-09 09:21:05','2023-11-09 09:21:05'),(861,1,'en','core/setting/setting','media.max_file_size_placeholder','Default: 1048576 ~ 1GB','2023-11-09 09:21:05','2023-11-09 09:21:05'),(862,1,'en','core/setting/setting','media.enable_watermark','Enable watermark?','2023-11-09 09:21:05','2023-11-09 09:21:05'),(863,1,'en','core/setting/setting','media.watermark_source','Watermark image','2023-11-09 09:21:05','2023-11-09 09:21:05'),(864,1,'en','core/setting/setting','media.watermark_size','Size of watermark (%)','2023-11-09 09:21:05','2023-11-09 09:21:05'),(865,1,'en','core/setting/setting','media.watermark_size_placeholder','Default: 10 (%)','2023-11-09 09:21:05','2023-11-09 09:21:05'),(866,1,'en','core/setting/setting','media.watermark_opacity','Watermark Opacity (%)','2023-11-09 09:21:05','2023-11-09 09:21:05'),(867,1,'en','core/setting/setting','media.watermark_opacity_placeholder','Default: 70 (%)','2023-11-09 09:21:05','2023-11-09 09:21:05'),(868,1,'en','core/setting/setting','media.watermark_position','Watermark position','2023-11-09 09:21:05','2023-11-09 09:21:05'),(869,1,'en','core/setting/setting','media.watermark_position_x','Watermark position X','2023-11-09 09:21:05','2023-11-09 09:21:05'),(870,1,'en','core/setting/setting','media.watermark_position_y','Watermark position Y','2023-11-09 09:21:05','2023-11-09 09:21:05'),(871,1,'en','core/setting/setting','media.watermark_position_top_left','Top left','2023-11-09 09:21:05','2023-11-09 09:21:05'),(872,1,'en','core/setting/setting','media.watermark_position_top_right','Top right','2023-11-09 09:21:05','2023-11-09 09:21:05'),(873,1,'en','core/setting/setting','media.watermark_position_bottom_left','Bottom left','2023-11-09 09:21:05','2023-11-09 09:21:05'),(874,1,'en','core/setting/setting','media.watermark_position_bottom_right','Bottom right','2023-11-09 09:21:05','2023-11-09 09:21:05'),(875,1,'en','core/setting/setting','media.watermark_position_center','Center','2023-11-09 09:21:05','2023-11-09 09:21:05'),(876,1,'en','core/setting/setting','media.turn_off_automatic_url_translation_into_latin','Turn off automatic URL translation into Latin?','2023-11-09 09:21:05','2023-11-09 09:21:05'),(877,1,'en','core/setting/setting','media.bunnycdn_hostname','Hostname','2023-11-09 09:21:05','2023-11-09 09:21:05'),(878,1,'en','core/setting/setting','media.bunnycdn_zone','Zone Name (The name of your storage zone)','2023-11-09 09:21:05','2023-11-09 09:21:05'),(879,1,'en','core/setting/setting','media.bunnycdn_key','FTP & API Access Password (The storage zone API Access Password)','2023-11-09 09:21:05','2023-11-09 09:21:05'),(880,1,'en','core/setting/setting','media.bunnycdn_region','Region (The storage zone region)','2023-11-09 09:21:05','2023-11-09 09:21:05'),(881,1,'en','core/setting/setting','media.optional','Optional','2023-11-09 09:21:05','2023-11-09 09:21:05'),(882,1,'en','core/setting/setting','media.sizes','Media thumbnails sizes','2023-11-09 09:21:05','2023-11-09 09:21:05'),(883,1,'en','core/setting/setting','media.media_sizes_helper','Set width or height to 0 if you just want to crop by width or height. Need to click on \"Generate thumbnails\" to apply changes.','2023-11-09 09:21:05','2023-11-09 09:21:05'),(884,1,'en','core/setting/setting','media.width','Width','2023-11-09 09:21:05','2023-11-09 09:21:05'),(885,1,'en','core/setting/setting','media.height','Height','2023-11-09 09:21:05','2023-11-09 09:21:05'),(886,1,'en','core/setting/setting','media.default_size_value','Default: :size','2023-11-09 09:21:05','2023-11-09 09:21:05'),(887,1,'en','core/setting/setting','media.all','All','2023-11-09 09:21:05','2023-11-09 09:21:05'),(888,1,'en','core/setting/setting','media.media_folders_can_add_watermark','Add watermark for images in folders:','2023-11-09 09:21:05','2023-11-09 09:21:05'),(889,1,'en','core/setting/setting','media.max_upload_filesize','Max upload filesize (MB)','2023-11-09 09:21:05','2023-11-09 09:21:05'),(890,1,'en','core/setting/setting','media.max_upload_filesize_placeholder','Default: :size, must less than :size.','2023-11-09 09:21:05','2023-11-09 09:21:05'),(891,1,'en','core/setting/setting','media.max_upload_filesize_helper','Your server allows to upload files maximum :size, you can change this value to limit upload filesize.','2023-11-09 09:21:05','2023-11-09 09:21:05'),(892,1,'en','core/setting/setting','media.image_processing_library','Image processing library','2023-11-09 09:21:05','2023-11-09 09:21:05'),(893,1,'en','core/setting/setting','license.purchase_code','Purchase code','2023-11-09 09:21:06','2023-11-09 09:21:06'),(894,1,'en','core/setting/setting','license.buyer','Buyer','2023-11-09 09:21:06','2023-11-09 09:21:06'),(895,1,'en','core/setting/setting','field_type_not_exists','This field type does not exist','2023-11-09 09:21:06','2023-11-09 09:21:06'),(896,1,'en','core/setting/setting','save_settings','Save settings','2023-11-09 09:21:06','2023-11-09 09:21:06'),(897,1,'en','core/setting/setting','template','Template','2023-11-09 09:21:06','2023-11-09 09:21:06'),(898,1,'en','core/setting/setting','description','Description','2023-11-09 09:21:06','2023-11-09 09:21:06'),(899,1,'en','core/setting/setting','enable','Enable','2023-11-09 09:21:06','2023-11-09 09:21:06'),(900,1,'en','core/setting/setting','send','Send','2023-11-09 09:21:06','2023-11-09 09:21:06'),(901,1,'en','core/setting/setting','test_email_description','To send test email, please make sure you are updated configuration to send mail!','2023-11-09 09:21:06','2023-11-09 09:21:06'),(902,1,'en','core/setting/setting','test_email_input_placeholder','Enter the email which you want to send test email.','2023-11-09 09:21:06','2023-11-09 09:21:06'),(903,1,'en','core/setting/setting','test_email_modal_title','Send a test email','2023-11-09 09:21:06','2023-11-09 09:21:06'),(904,1,'en','core/setting/setting','test_send_mail','Send test mail','2023-11-09 09:21:06','2023-11-09 09:21:06'),(905,1,'en','core/setting/setting','test_email_send_success','Send email successfully!','2023-11-09 09:21:06','2023-11-09 09:21:06'),(906,1,'en','core/setting/setting','locale_direction_ltr','Left to Right','2023-11-09 09:21:06','2023-11-09 09:21:06'),(907,1,'en','core/setting/setting','locale_direction_rtl','Right to Left','2023-11-09 09:21:06','2023-11-09 09:21:06'),(908,1,'en','core/setting/setting','saving','Saving...','2023-11-09 09:21:06','2023-11-09 09:21:06'),(909,1,'en','core/setting/setting','emails_warning','You can add up to :count emails','2023-11-09 09:21:06','2023-11-09 09:21:06'),(910,1,'en','core/setting/setting','email_add_more','Add more','2023-11-09 09:21:06','2023-11-09 09:21:06'),(911,1,'en','core/setting/setting','generate','Generate','2023-11-09 09:21:06','2023-11-09 09:21:06'),(912,1,'en','core/setting/setting','generate_thumbnails','Generate thumbnails','2023-11-09 09:21:06','2023-11-09 09:21:06'),(913,1,'en','core/setting/setting','generate_thumbnails_success','Generate thumbnails successfully. :count files are generated!','2023-11-09 09:21:06','2023-11-09 09:21:06'),(914,1,'en','core/setting/setting','generate_thumbnails_error','We are unable to regenerate thumbnail for these files :count files!','2023-11-09 09:21:06','2023-11-09 09:21:06'),(915,1,'en','core/setting/setting','generate_thumbnails_description','Are you sure you want to re-generate thumbnails for all images? It will take time so please DO NOT leave this page, wait until it is finished.','2023-11-09 09:21:06','2023-11-09 09:21:06'),(916,1,'en','core/setting/setting','enable_chunk_description','Chunk size upload is used to upload large file size.','2023-11-09 09:21:06','2023-11-09 09:21:06'),(917,1,'en','core/setting/setting','watermark_description','WARNING: Watermark is just added to new uploaded images, it won\'t be added to existing images. Disable watermark won\'t remove watermark from existing images.','2023-11-09 09:21:06','2023-11-09 09:21:06'),(918,1,'en','core/setting/setting','submit','Submit','2023-11-09 09:21:06','2023-11-09 09:21:06'),(919,1,'en','core/setting/setting','back','Back','2023-11-09 09:21:06','2023-11-09 09:21:06'),(920,1,'en','core/setting/setting','enter_sample_value','Enter sample values for testing','2023-11-09 09:21:06','2023-11-09 09:21:06'),(921,1,'en','core/setting/setting','preview','Preview','2023-11-09 09:21:06','2023-11-09 09:21:06'),(922,1,'en','core/setting/setting','media_size_width',':size size width must be greater than 0','2023-11-09 09:21:06','2023-11-09 09:21:06'),(923,1,'en','core/setting/setting','media_size_height',':size size height must be greater than 0','2023-11-09 09:21:06','2023-11-09 09:21:06'),(924,1,'en','core/setting/setting','cronjob.name','Cronjob','2023-11-09 09:21:06','2023-11-09 09:21:06'),(925,1,'en','core/setting/setting','cronjob.description','Cronjob allow you to automate certain commands or scripts on your site.','2023-11-09 09:21:06','2023-11-09 09:21:06'),(926,1,'en','core/setting/setting','cronjob.is_not_ready','To run the cronjob, follow the instructions below.','2023-11-09 09:21:06','2023-11-09 09:21:06'),(927,1,'en','core/setting/setting','cronjob.is_working','Congratulations! Your cronjob is running.','2023-11-09 09:21:06','2023-11-09 09:21:06'),(928,1,'en','core/setting/setting','cronjob.is_not_working','Your cronjob is not running. Please check your server\'s cronjob.','2023-11-09 09:21:06','2023-11-09 09:21:06'),(929,1,'en','core/setting/setting','cronjob.last_checked','Last checked at :time.','2023-11-09 09:21:06','2023-11-09 09:21:06'),(930,1,'en','core/setting/setting','cronjob.copy_button','Copy','2023-11-09 09:21:06','2023-11-09 09:21:06'),(931,1,'en','core/setting/setting','cronjob.setup.name','Setting up the Cronjob','2023-11-09 09:21:06','2023-11-09 09:21:06'),(932,1,'en','core/setting/setting','cronjob.setup.connect_to_server','Connect to your server via SSH or any preferred method.','2023-11-09 09:21:06','2023-11-09 09:21:06'),(933,1,'en','core/setting/setting','cronjob.setup.open_crontab','Open the crontab file using a text editor (e.g., `crontab -e`).','2023-11-09 09:21:06','2023-11-09 09:21:06'),(934,1,'en','core/setting/setting','cronjob.setup.add_cronjob','Add the above command to the crontab file and save it.','2023-11-09 09:21:06','2023-11-09 09:21:06'),(935,1,'en','core/setting/setting','cronjob.setup.done','The cronjob will now run at every minute and execute the specified command.','2023-11-09 09:21:06','2023-11-09 09:21:06'),(936,1,'en','core/setting/setting','cronjob.setup.learn_more','You can learn more about cronjob from the Laravel :documentation','2023-11-09 09:21:06','2023-11-09 09:21:06'),(937,1,'en','core/setting/setting','cronjob.setup.documentation','documentation','2023-11-09 09:21:06','2023-11-09 09:21:06'),(938,1,'en','core/setting/setting','cronjob.setup.copied','Copied','2023-11-09 09:21:06','2023-11-09 09:21:06'),(939,1,'en','core/table/table','operations','Operations','2023-11-09 09:21:06','2023-11-09 09:21:06'),(940,1,'en','core/table/table','loading_data','Loading data from server','2023-11-09 09:21:06','2023-11-09 09:21:06'),(941,1,'en','core/table/table','display','Display','2023-11-09 09:21:06','2023-11-09 09:21:06'),(942,1,'en','core/table/table','all','All','2023-11-09 09:21:06','2023-11-09 09:21:06'),(943,1,'en','core/table/table','edit_entry','Edit','2023-11-09 09:21:06','2023-11-09 09:21:06'),(944,1,'en','core/table/table','delete_entry','Delete','2023-11-09 09:21:06','2023-11-09 09:21:06'),(945,1,'en','core/table/table','show_from','Showing from','2023-11-09 09:21:06','2023-11-09 09:21:06'),(946,1,'en','core/table/table','to','to','2023-11-09 09:21:06','2023-11-09 09:21:06'),(947,1,'en','core/table/table','in','in','2023-11-09 09:21:06','2023-11-09 09:21:06'),(948,1,'en','core/table/table','records','records','2023-11-09 09:21:06','2023-11-09 09:21:06'),(949,1,'en','core/table/table','no_data','No data to display','2023-11-09 09:21:06','2023-11-09 09:21:06'),(950,1,'en','core/table/table','no_record','No record','2023-11-09 09:21:06','2023-11-09 09:21:06'),(951,1,'en','core/table/table','loading','Loading data from server','2023-11-09 09:21:06','2023-11-09 09:21:06'),(952,1,'en','core/table/table','confirm_delete','Confirm delete','2023-11-09 09:21:06','2023-11-09 09:21:06'),(953,1,'en','core/table/table','confirm_delete_msg','Do you really want to delete this record?','2023-11-09 09:21:06','2023-11-09 09:21:06'),(954,1,'en','core/table/table','cancel','Cancel','2023-11-09 09:21:06','2023-11-09 09:21:06'),(955,1,'en','core/table/table','delete','Delete','2023-11-09 09:21:06','2023-11-09 09:21:06'),(956,1,'en','core/table/table','close','Close','2023-11-09 09:21:06','2023-11-09 09:21:06'),(957,1,'en','core/table/table','contains','Contains','2023-11-09 09:21:06','2023-11-09 09:21:06'),(958,1,'en','core/table/table','is_equal_to','Is equal to','2023-11-09 09:21:06','2023-11-09 09:21:06'),(959,1,'en','core/table/table','greater_than','Greater than','2023-11-09 09:21:06','2023-11-09 09:21:06'),(960,1,'en','core/table/table','less_than','Less than','2023-11-09 09:21:06','2023-11-09 09:21:06'),(961,1,'en','core/table/table','value','Value','2023-11-09 09:21:06','2023-11-09 09:21:06'),(962,1,'en','core/table/table','select_field','Select field','2023-11-09 09:21:06','2023-11-09 09:21:06'),(963,1,'en','core/table/table','reset','Reset','2023-11-09 09:21:06','2023-11-09 09:21:06'),(964,1,'en','core/table/table','add_additional_filter','Add additional filter','2023-11-09 09:21:06','2023-11-09 09:21:06'),(965,1,'en','core/table/table','apply','Apply','2023-11-09 09:21:06','2023-11-09 09:21:06'),(966,1,'en','core/table/table','filters','Filters','2023-11-09 09:21:06','2023-11-09 09:21:06'),(967,1,'en','core/table/table','bulk_change','Bulk changes','2023-11-09 09:21:06','2023-11-09 09:21:06'),(968,1,'en','core/table/table','select_option','Select option','2023-11-09 09:21:06','2023-11-09 09:21:06'),(969,1,'en','core/table/table','bulk_actions','Bulk Actions','2023-11-09 09:21:06','2023-11-09 09:21:06'),(970,1,'en','core/table/table','invalid_bulk_action','Invalid bulk action','2023-11-09 09:21:06','2023-11-09 09:21:06'),(971,1,'en','core/table/table','confirm_bulk_action','Confirm to perform this action','2023-11-09 09:21:06','2023-11-09 09:21:06'),(972,1,'en','core/table/table','confirm_bulk_message','Are you sure you want to do this action? This cannot be undone.','2023-11-09 09:21:06','2023-11-09 09:21:06'),(973,1,'en','core/table/table','yes','Yes','2023-11-09 09:21:06','2023-11-09 09:21:06'),(974,1,'en','core/table/table','save_bulk_change_success','Update data for selected record(s) successfully!','2023-11-09 09:21:06','2023-11-09 09:21:06'),(975,1,'en','core/table/table','please_select_record','Please select at least one record to perform this action!','2023-11-09 09:21:06','2023-11-09 09:21:06'),(976,1,'en','core/table/table','filtered','(filtered from _MAX_ total records)','2023-11-09 09:21:06','2023-11-09 09:21:06'),(977,1,'en','core/table/table','search','Search...','2023-11-09 09:21:06','2023-11-09 09:21:06'),(978,1,'en','packages/api/api','settings','API Settings','2023-11-09 09:21:06','2023-11-09 09:21:06'),(979,1,'en','packages/api/api','save_settings','Save settings','2023-11-09 09:21:06','2023-11-09 09:21:06'),(980,1,'en','packages/api/api','setting_title','API settings','2023-11-09 09:21:06','2023-11-09 09:21:06'),(981,1,'en','packages/api/api','setting_description','Settings for API','2023-11-09 09:21:06','2023-11-09 09:21:06'),(982,1,'en','packages/api/api','api_enabled','API enabled?','2023-11-09 09:21:06','2023-11-09 09:21:06'),(983,1,'en','packages/get-started/get-started','welcome_title','Welcome to your admin dashboard!','2023-11-09 09:21:06','2023-11-09 09:21:06'),(984,1,'en','packages/get-started/get-started','welcome_description','In a few short steps, you can have your new dashboard up and running!','2023-11-09 09:21:06','2023-11-09 09:21:06'),(985,1,'en','packages/get-started/get-started','get_started','Get Started!','2023-11-09 09:21:06','2023-11-09 09:21:06'),(986,1,'en','packages/get-started/get-started','customize_branding_title','Customize branding','2023-11-09 09:21:06','2023-11-09 09:21:06'),(987,1,'en','packages/get-started/get-started','customize_branding_description','Customize your site with colors, logo and subdomain to match your business unique branding and identity.','2023-11-09 09:21:06','2023-11-09 09:21:06'),(988,1,'en','packages/get-started/get-started','colors','Colors','2023-11-09 09:21:06','2023-11-09 09:21:06'),(989,1,'en','packages/get-started/get-started','fonts','Fonts','2023-11-09 09:21:06','2023-11-09 09:21:06'),(990,1,'en','packages/get-started/get-started','primary_color','Primary color','2023-11-09 09:21:06','2023-11-09 09:21:06'),(991,1,'en','packages/get-started/get-started','primary_font','Primary font','2023-11-09 09:21:06','2023-11-09 09:21:06'),(992,1,'en','packages/get-started/get-started','setup_wizard_button',':link to finish Quick setup Wizard!','2023-11-09 09:21:06','2023-11-09 09:21:06'),(993,1,'en','packages/get-started/get-started','click_here','Click here','2023-11-09 09:21:06','2023-11-09 09:21:06'),(994,1,'en','packages/get-started/get-started','site_title','Site title','2023-11-09 09:21:06','2023-11-09 09:21:06'),(995,1,'en','packages/get-started/get-started','identify','Identify','2023-11-09 09:21:06','2023-11-09 09:21:06'),(996,1,'en','packages/get-started/get-started','logo','Logo','2023-11-09 09:21:06','2023-11-09 09:21:06'),(997,1,'en','packages/get-started/get-started','admin_logo','Admin logo','2023-11-09 09:21:06','2023-11-09 09:21:06'),(998,1,'en','packages/get-started/get-started','favicon','Favicon','2023-11-09 09:21:06','2023-11-09 09:21:06'),(999,1,'en','packages/get-started/get-started','admin_favicon','Admin favicon','2023-11-09 09:21:06','2023-11-09 09:21:06'),(1000,1,'en','packages/get-started/get-started','next_step','Next step','2023-11-09 09:21:06','2023-11-09 09:21:06'),(1001,1,'en','packages/get-started/get-started','site_ready_title','Your site is ready!','2023-11-09 09:21:06','2023-11-09 09:21:06'),(1002,1,'en','packages/get-started/get-started','site_ready_description','Welcome to your new site! Your website has been created and populated with sample data. You are in the admin area of your site where you can set up everything else needed to complete your site.','2023-11-09 09:21:06','2023-11-09 09:21:06'),(1003,1,'en','packages/get-started/get-started','finish','Finish','2023-11-09 09:21:06','2023-11-09 09:21:06'),(1004,1,'en','packages/get-started/get-started','exit_wizard_title','Are you sure you want to exit the Quick Setup Wizard?','2023-11-09 09:21:06','2023-11-09 09:21:06'),(1005,1,'en','packages/get-started/get-started','exit_wizard_confirm','Yes, I\'ll finish it later','2023-11-09 09:21:06','2023-11-09 09:21:06'),(1006,1,'en','packages/get-started/get-started','exit_wizard_cancel','No, take me back to the wizard','2023-11-09 09:21:06','2023-11-09 09:21:06'),(1007,1,'en','packages/get-started/get-started','change_default_account_info_title','Change default account info','2023-11-09 09:21:06','2023-11-09 09:21:06'),(1008,1,'en','packages/get-started/get-started','change_default_account_info_description','The default account is using a weak password. You need to change it to a complex password for better security.','2023-11-09 09:21:06','2023-11-09 09:21:06'),(1009,1,'en','packages/get-started/get-started','username','Username','2023-11-09 09:21:06','2023-11-09 09:21:06'),(1010,1,'en','packages/get-started/get-started','email','Email','2023-11-09 09:21:06','2023-11-09 09:21:06'),(1011,1,'en','packages/get-started/get-started','password','Password','2023-11-09 09:21:06','2023-11-09 09:21:06'),(1012,1,'en','packages/get-started/get-started','password_confirmation','Password confirmation','2023-11-09 09:21:06','2023-11-09 09:21:06'),(1013,1,'en','packages/installer/installer','title','Installer','2023-11-09 09:21:06','2023-11-09 09:21:06'),(1014,1,'en','packages/installer/installer','next','Next Step','2023-11-09 09:21:06','2023-11-09 09:21:06'),(1015,1,'en','packages/installer/installer','back','Previous','2023-11-09 09:21:06','2023-11-09 09:21:06'),(1016,1,'en','packages/installer/installer','finish','Install','2023-11-09 09:21:06','2023-11-09 09:21:06'),(1017,1,'en','packages/installer/installer','installation','Installation','2023-11-09 09:21:06','2023-11-09 09:21:06'),(1018,1,'en','packages/installer/installer','forms.errorTitle','The following errors occurred:','2023-11-09 09:21:06','2023-11-09 09:21:06'),(1019,1,'en','packages/installer/installer','welcome.templateTitle','Welcome','2023-11-09 09:21:06','2023-11-09 09:21:06'),(1020,1,'en','packages/installer/installer','welcome.title','Welcome','2023-11-09 09:21:06','2023-11-09 09:21:06'),(1021,1,'en','packages/installer/installer','welcome.message','Before getting started, we need some information on the database. You will need to know the following items before proceeding.','2023-11-09 09:21:06','2023-11-09 09:21:06'),(1022,1,'en','packages/installer/installer','welcome.next','Let\'s go','2023-11-09 09:21:07','2023-11-09 09:21:07'),(1023,1,'en','packages/installer/installer','requirements.templateTitle','Step 1 | Server Requirements','2023-11-09 09:21:07','2023-11-09 09:21:07'),(1024,1,'en','packages/installer/installer','requirements.title','Server Requirements','2023-11-09 09:21:07','2023-11-09 09:21:07'),(1025,1,'en','packages/installer/installer','requirements.next','Check Permissions','2023-11-09 09:21:07','2023-11-09 09:21:07'),(1026,1,'en','packages/installer/installer','permissions.templateTitle','Step 2 | Permissions','2023-11-09 09:21:07','2023-11-09 09:21:07'),(1027,1,'en','packages/installer/installer','permissions.title','Permissions','2023-11-09 09:21:07','2023-11-09 09:21:07'),(1028,1,'en','packages/installer/installer','permissions.next','Configure Environment','2023-11-09 09:21:07','2023-11-09 09:21:07'),(1029,1,'en','packages/installer/installer','environment.wizard.templateTitle','Environment Settings','2023-11-09 09:21:07','2023-11-09 09:21:07'),(1030,1,'en','packages/installer/installer','environment.wizard.title','Environment Settings','2023-11-09 09:21:07','2023-11-09 09:21:07'),(1031,1,'en','packages/installer/installer','environment.wizard.form.name_required','An environment name is required.','2023-11-09 09:21:07','2023-11-09 09:21:07'),(1032,1,'en','packages/installer/installer','environment.wizard.form.app_name_label','Site title','2023-11-09 09:21:07','2023-11-09 09:21:07'),(1033,1,'en','packages/installer/installer','environment.wizard.form.app_name_placeholder','Site title','2023-11-09 09:21:07','2023-11-09 09:21:07'),(1034,1,'en','packages/installer/installer','environment.wizard.form.app_url_label','URL','2023-11-09 09:21:07','2023-11-09 09:21:07'),(1035,1,'en','packages/installer/installer','environment.wizard.form.app_url_placeholder','URL','2023-11-09 09:21:07','2023-11-09 09:21:07'),(1036,1,'en','packages/installer/installer','environment.wizard.form.db_connection_label','Database Connection','2023-11-09 09:21:07','2023-11-09 09:21:07'),(1037,1,'en','packages/installer/installer','environment.wizard.form.db_connection_label_mysql','MySQL','2023-11-09 09:21:07','2023-11-09 09:21:07'),(1038,1,'en','packages/installer/installer','environment.wizard.form.db_connection_label_sqlite','SQLite','2023-11-09 09:21:07','2023-11-09 09:21:07'),(1039,1,'en','packages/installer/installer','environment.wizard.form.db_connection_label_pgsql','PostgreSQL','2023-11-09 09:21:07','2023-11-09 09:21:07'),(1040,1,'en','packages/installer/installer','environment.wizard.form.db_host_label','Database host','2023-11-09 09:21:07','2023-11-09 09:21:07'),(1041,1,'en','packages/installer/installer','environment.wizard.form.db_host_placeholder','Database host','2023-11-09 09:21:07','2023-11-09 09:21:07'),(1042,1,'en','packages/installer/installer','environment.wizard.form.db_port_label','Database port','2023-11-09 09:21:07','2023-11-09 09:21:07'),(1043,1,'en','packages/installer/installer','environment.wizard.form.db_port_placeholder','Database port','2023-11-09 09:21:07','2023-11-09 09:21:07'),(1044,1,'en','packages/installer/installer','environment.wizard.form.db_name_label','Database name','2023-11-09 09:21:07','2023-11-09 09:21:07'),(1045,1,'en','packages/installer/installer','environment.wizard.form.db_name_placeholder','Database name','2023-11-09 09:21:07','2023-11-09 09:21:07'),(1046,1,'en','packages/installer/installer','environment.wizard.form.db_username_label','Database username','2023-11-09 09:21:07','2023-11-09 09:21:07'),(1047,1,'en','packages/installer/installer','environment.wizard.form.db_username_placeholder','Database username','2023-11-09 09:21:07','2023-11-09 09:21:07'),(1048,1,'en','packages/installer/installer','environment.wizard.form.db_password_label','Database password','2023-11-09 09:21:07','2023-11-09 09:21:07'),(1049,1,'en','packages/installer/installer','environment.wizard.form.db_password_placeholder','Database password','2023-11-09 09:21:07','2023-11-09 09:21:07'),(1050,1,'en','packages/installer/installer','environment.wizard.form.buttons.install','Install','2023-11-09 09:21:07','2023-11-09 09:21:07'),(1051,1,'en','packages/installer/installer','environment.wizard.form.db_host_helper','If you use Laravel Sail, just change DB_HOST to DB_HOST=mysql. On some hosting DB_HOST can be localhost instead of 127.0.0.1','2023-11-09 09:21:07','2023-11-09 09:21:07'),(1052,1,'en','packages/installer/installer','environment.wizard.form.db_connections.mysql','MySQL','2023-11-09 09:21:07','2023-11-09 09:21:07'),(1053,1,'en','packages/installer/installer','environment.wizard.form.db_connections.sqlite','SQLite','2023-11-09 09:21:07','2023-11-09 09:21:07'),(1054,1,'en','packages/installer/installer','environment.wizard.form.db_connections.pgsql','PostgreSQL','2023-11-09 09:21:07','2023-11-09 09:21:07'),(1055,1,'en','packages/installer/installer','environment.success','Your .env file settings have been saved.','2023-11-09 09:21:07','2023-11-09 09:21:07'),(1056,1,'en','packages/installer/installer','environment.errors','Unable to save the .env file, Please create it manually.','2023-11-09 09:21:07','2023-11-09 09:21:07'),(1057,1,'en','packages/installer/installer','install','Install','2023-11-09 09:21:07','2023-11-09 09:21:07'),(1058,1,'en','packages/installer/installer','final.title','Installation Finished','2023-11-09 09:21:07','2023-11-09 09:21:07'),(1059,1,'en','packages/installer/installer','final.templateTitle','Installation Finished','2023-11-09 09:21:07','2023-11-09 09:21:07'),(1060,1,'en','packages/installer/installer','final.finished','Application has been successfully installed.','2023-11-09 09:21:07','2023-11-09 09:21:07'),(1061,1,'en','packages/installer/installer','final.exit','Click here to exit','2023-11-09 09:21:07','2023-11-09 09:21:07'),(1062,1,'en','packages/installer/installer','create_account','Create account','2023-11-09 09:21:07','2023-11-09 09:21:07'),(1063,1,'en','packages/installer/installer','first_name','First name','2023-11-09 09:21:07','2023-11-09 09:21:07'),(1064,1,'en','packages/installer/installer','last_name','Last name','2023-11-09 09:21:07','2023-11-09 09:21:07'),(1065,1,'en','packages/installer/installer','username','Username','2023-11-09 09:21:07','2023-11-09 09:21:07'),(1066,1,'en','packages/installer/installer','email','Email','2023-11-09 09:21:07','2023-11-09 09:21:07'),(1067,1,'en','packages/installer/installer','password','Password','2023-11-09 09:21:07','2023-11-09 09:21:07'),(1068,1,'en','packages/installer/installer','password_confirmation','Password confirmation','2023-11-09 09:21:07','2023-11-09 09:21:07'),(1069,1,'en','packages/installer/installer','create','Create','2023-11-09 09:21:07','2023-11-09 09:21:07'),(1070,1,'en','packages/installer/installer','install_success','Installed successfully!','2023-11-09 09:21:07','2023-11-09 09:21:07'),(1071,1,'en','packages/menu/menu','name','Menus','2023-11-09 09:21:07','2023-11-09 09:21:07'),(1072,1,'en','packages/menu/menu','key_name','Menu name (key: :key)','2023-11-09 09:21:07','2023-11-09 09:21:07'),(1073,1,'en','packages/menu/menu','basic_info','Basic information','2023-11-09 09:21:07','2023-11-09 09:21:07'),(1074,1,'en','packages/menu/menu','add_to_menu','Add to menu','2023-11-09 09:21:07','2023-11-09 09:21:07'),(1075,1,'en','packages/menu/menu','custom_link','Custom link','2023-11-09 09:21:07','2023-11-09 09:21:07'),(1076,1,'en','packages/menu/menu','add_link','Add link','2023-11-09 09:21:07','2023-11-09 09:21:07'),(1077,1,'en','packages/menu/menu','structure','Menu structure','2023-11-09 09:21:07','2023-11-09 09:21:07'),(1078,1,'en','packages/menu/menu','remove','Remove','2023-11-09 09:21:07','2023-11-09 09:21:07'),(1079,1,'en','packages/menu/menu','cancel','Cancel','2023-11-09 09:21:07','2023-11-09 09:21:07'),(1080,1,'en','packages/menu/menu','title','Title','2023-11-09 09:21:07','2023-11-09 09:21:07'),(1081,1,'en','packages/menu/menu','icon','Icon','2023-11-09 09:21:07','2023-11-09 09:21:07'),(1082,1,'en','packages/menu/menu','url','URL','2023-11-09 09:21:07','2023-11-09 09:21:07'),(1083,1,'en','packages/menu/menu','target','Target','2023-11-09 09:21:07','2023-11-09 09:21:07'),(1084,1,'en','packages/menu/menu','css_class','CSS class','2023-11-09 09:21:07','2023-11-09 09:21:07'),(1085,1,'en','packages/menu/menu','self_open_link','Open link directly','2023-11-09 09:21:07','2023-11-09 09:21:07'),(1086,1,'en','packages/menu/menu','blank_open_link','Open link in new tab','2023-11-09 09:21:07','2023-11-09 09:21:07'),(1087,1,'en','packages/menu/menu','create','Create menu','2023-11-09 09:21:07','2023-11-09 09:21:07'),(1088,1,'en','packages/menu/menu','menu_settings','Menu settings','2023-11-09 09:21:07','2023-11-09 09:21:07'),(1089,1,'en','packages/menu/menu','display_location','Display location','2023-11-09 09:21:07','2023-11-09 09:21:07'),(1090,1,'en','packages/menu/menu','title_placeholder','Title','2023-11-09 09:21:07','2023-11-09 09:21:07'),(1091,1,'en','packages/menu/menu','icon_placeholder','Icon','2023-11-09 09:21:07','2023-11-09 09:21:07'),(1092,1,'en','packages/menu/menu','url_placeholder','URL','2023-11-09 09:21:07','2023-11-09 09:21:07'),(1093,1,'en','packages/menu/menu','css_class_placeholder','CSS class','2023-11-09 09:21:07','2023-11-09 09:21:07'),(1094,1,'en','packages/menu/menu','menu_id','Menu ID','2023-11-09 09:21:07','2023-11-09 09:21:07'),(1095,1,'en','packages/optimize/optimize','settings.title','Optimize page speed','2023-11-09 09:21:07','2023-11-09 09:21:07'),(1096,1,'en','packages/optimize/optimize','settings.description','Minify HTML output, inline CSS, remove comments...','2023-11-09 09:21:07','2023-11-09 09:21:07'),(1097,1,'en','packages/optimize/optimize','settings.enable','Enable optimize page speed?','2023-11-09 09:21:07','2023-11-09 09:21:07'),(1098,1,'en','packages/optimize/optimize','collapse_white_space','Collapse white space','2023-11-09 09:21:07','2023-11-09 09:21:07'),(1099,1,'en','packages/optimize/optimize','collapse_white_space_description','This filter reduces bytes transmitted in an HTML file by removing unnecessary whitespace.','2023-11-09 09:21:07','2023-11-09 09:21:07'),(1100,1,'en','packages/optimize/optimize','elide_attributes','Elide attributes','2023-11-09 09:21:07','2023-11-09 09:21:07'),(1101,1,'en','packages/optimize/optimize','elide_attributes_description','This filter reduces the transfer size of HTML files by removing attributes from tags when the specified value is equal to the default value for that attribute. This can save a modest number of bytes, and may make the document more compressible by canonicalizing the affected tags.','2023-11-09 09:21:07','2023-11-09 09:21:07'),(1102,1,'en','packages/optimize/optimize','inline_css','Inline CSS','2023-11-09 09:21:07','2023-11-09 09:21:07'),(1103,1,'en','packages/optimize/optimize','inline_css_description','This filter transforms the inline \"style\" attribute of tags into classes by moving the CSS to the header.','2023-11-09 09:21:07','2023-11-09 09:21:07'),(1104,1,'en','packages/optimize/optimize','insert_dns_prefetch','Insert DNS prefetch','2023-11-09 09:21:07','2023-11-09 09:21:07'),(1105,1,'en','packages/optimize/optimize','insert_dns_prefetch_description','This filter injects tags in the HEAD to enable the browser to do DNS prefetching.','2023-11-09 09:21:07','2023-11-09 09:21:07'),(1106,1,'en','packages/optimize/optimize','remove_comments','Remove comments','2023-11-09 09:21:07','2023-11-09 09:21:07'),(1107,1,'en','packages/optimize/optimize','remove_comments_description','This filter eliminates HTML, JS and CSS comments. The filter reduces the transfer size of HTML files by removing the comments. Depending on the HTML file, this filter can significantly reduce the number of bytes transmitted on the network.','2023-11-09 09:21:07','2023-11-09 09:21:07'),(1108,1,'en','packages/optimize/optimize','remove_quotes','Remove quotes','2023-11-09 09:21:07','2023-11-09 09:21:07'),(1109,1,'en','packages/optimize/optimize','remove_quotes_description','This filter eliminates unnecessary quotation marks from HTML attributes. While required by the various HTML specifications, browsers permit their omission when the value of an attribute is composed of a certain subset of characters (alphanumerics and some punctuation characters).','2023-11-09 09:21:07','2023-11-09 09:21:07'),(1110,1,'en','packages/optimize/optimize','defer_javascript','Defer javascript','2023-11-09 09:21:07','2023-11-09 09:21:07'),(1111,1,'en','packages/optimize/optimize','defer_javascript_description','Defers the execution of javascript in the HTML. If necessary cancel deferring in some script, use data-pagespeed-no-defer as script attribute to cancel deferring.','2023-11-09 09:21:07','2023-11-09 09:21:07'),(1112,1,'en','packages/page/pages','create','Create new page','2023-11-09 09:21:07','2023-11-09 09:21:07'),(1113,1,'en','packages/page/pages','form.name','Name','2023-11-09 09:21:07','2023-11-09 09:21:07'),(1114,1,'en','packages/page/pages','form.name_placeholder','Page\'s name (Maximum 120 characters)','2023-11-09 09:21:07','2023-11-09 09:21:07'),(1115,1,'en','packages/page/pages','form.content','Content','2023-11-09 09:21:07','2023-11-09 09:21:07'),(1116,1,'en','packages/page/pages','form.note','Note content','2023-11-09 09:21:07','2023-11-09 09:21:07'),(1117,1,'en','packages/page/pages','notices.no_select','Please select at least one record to take this action!','2023-11-09 09:21:07','2023-11-09 09:21:07'),(1118,1,'en','packages/page/pages','notices.update_success_message','Update successfully','2023-11-09 09:21:07','2023-11-09 09:21:07'),(1119,1,'en','packages/page/pages','cannot_delete','Page could not be deleted','2023-11-09 09:21:07','2023-11-09 09:21:07'),(1120,1,'en','packages/page/pages','deleted','Page deleted','2023-11-09 09:21:07','2023-11-09 09:21:07'),(1121,1,'en','packages/page/pages','pages','Pages','2023-11-09 09:21:07','2023-11-09 09:21:07'),(1122,1,'en','packages/page/pages','menu','Pages','2023-11-09 09:21:07','2023-11-09 09:21:07'),(1123,1,'en','packages/page/pages','menu_name','Pages','2023-11-09 09:21:07','2023-11-09 09:21:07'),(1124,1,'en','packages/page/pages','edit_this_page','Edit this page','2023-11-09 09:21:07','2023-11-09 09:21:07'),(1125,1,'en','packages/page/pages','total_pages','Total pages','2023-11-09 09:21:07','2023-11-09 09:21:07'),(1126,1,'en','packages/page/pages','settings.show_on_front','Your homepage displays','2023-11-09 09:21:07','2023-11-09 09:21:07'),(1127,1,'en','packages/page/pages','settings.select','— Select —','2023-11-09 09:21:07','2023-11-09 09:21:07'),(1128,1,'en','packages/page/pages','front_page','Front Page','2023-11-09 09:21:07','2023-11-09 09:21:07'),(1129,1,'en','packages/plugin-management/marketplace','previous','&laquo; Previous','2023-11-09 09:21:07','2023-11-09 09:21:07'),(1130,1,'en','packages/plugin-management/marketplace','next','Next &raquo;','2023-11-09 09:21:07','2023-11-09 09:21:07'),(1131,1,'en','packages/plugin-management/marketplace','showing','Showing','2023-11-09 09:21:07','2023-11-09 09:21:07'),(1132,1,'en','packages/plugin-management/marketplace','to','to','2023-11-09 09:21:07','2023-11-09 09:21:07'),(1133,1,'en','packages/plugin-management/marketplace','of','of','2023-11-09 09:21:07','2023-11-09 09:21:07'),(1134,1,'en','packages/plugin-management/marketplace','results','results','2023-11-09 09:21:07','2023-11-09 09:21:07'),(1135,1,'en','packages/plugin-management/marketplace','add_new','Add new','2023-11-09 09:21:07','2023-11-09 09:21:07'),(1136,1,'en','packages/plugin-management/marketplace','installed','Installed','2023-11-09 09:21:07','2023-11-09 09:21:07'),(1137,1,'en','packages/plugin-management/marketplace','install_now','Install now','2023-11-09 09:21:07','2023-11-09 09:21:07'),(1138,1,'en','packages/plugin-management/marketplace','installing','Installing...','2023-11-09 09:21:07','2023-11-09 09:21:07'),(1139,1,'en','packages/plugin-management/marketplace','detail','Details','2023-11-09 09:21:07','2023-11-09 09:21:07'),(1140,1,'en','packages/plugin-management/marketplace','version','Version','2023-11-09 09:21:07','2023-11-09 09:21:07'),(1141,1,'en','packages/plugin-management/marketplace','minimum_core_version','Minimum core version','2023-11-09 09:21:07','2023-11-09 09:21:07'),(1142,1,'en','packages/plugin-management/marketplace','last_update','Last update','2023-11-09 09:21:07','2023-11-09 09:21:07'),(1143,1,'en','packages/plugin-management/marketplace','compatible_version','Compatible with your version','2023-11-09 09:21:07','2023-11-09 09:21:07'),(1144,1,'en','packages/plugin-management/marketplace','incompatible_version','Incompatible with your version','2023-11-09 09:21:07','2023-11-09 09:21:07'),(1145,1,'en','packages/plugin-management/marketplace','deactivate','Deactivate','2023-11-09 09:21:07','2023-11-09 09:21:07'),(1146,1,'en','packages/plugin-management/marketplace','activate','Activate','2023-11-09 09:21:07','2023-11-09 09:21:07'),(1147,1,'en','packages/plugin-management/marketplace','activating','Activating...','2023-11-09 09:21:07','2023-11-09 09:21:07'),(1148,1,'en','packages/plugin-management/marketplace','activated','Activated','2023-11-09 09:21:07','2023-11-09 09:21:07'),(1149,1,'en','packages/plugin-management/marketplace','connection_aborted','Connection Aborted','2023-11-09 09:21:07','2023-11-09 09:21:07'),(1150,1,'en','packages/plugin-management/marketplace','connection_aborted_description','Connection Aborted Description','2023-11-09 09:21:08','2023-11-09 09:21:08'),(1151,1,'en','packages/plugin-management/marketplace','api_connect_error','Connect to Marketplace API Error, please contact support','2023-11-09 09:21:08','2023-11-09 09:21:08'),(1152,1,'en','packages/plugin-management/marketplace','keyword','Keyword','2023-11-09 09:21:08','2023-11-09 09:21:08'),(1153,1,'en','packages/plugin-management/marketplace','search','Search','2023-11-09 09:21:08','2023-11-09 09:21:08'),(1154,1,'en','packages/plugin-management/marketplace','all','All','2023-11-09 09:21:08','2023-11-09 09:21:08'),(1155,1,'en','packages/plugin-management/marketplace','featured','Featured','2023-11-09 09:21:08','2023-11-09 09:21:08'),(1156,1,'en','packages/plugin-management/marketplace','popular','Popular','2023-11-09 09:21:08','2023-11-09 09:21:08'),(1157,1,'en','packages/plugin-management/marketplace','top_rated','Top Rated','2023-11-09 09:21:08','2023-11-09 09:21:08'),(1158,1,'en','packages/plugin-management/marketplace','install_plugin','Install plugin','2023-11-09 09:21:08','2023-11-09 09:21:08'),(1159,1,'en','packages/plugin-management/marketplace','cancel','Cancel','2023-11-09 09:21:08','2023-11-09 09:21:08'),(1160,1,'en','packages/plugin-management/marketplace','yes_install',' Yes! Install','2023-11-09 09:21:08','2023-11-09 09:21:08'),(1161,1,'en','packages/plugin-management/marketplace','message_alert','Are you sure you want to install this plugin?','2023-11-09 09:21:08','2023-11-09 09:21:08'),(1162,1,'en','packages/plugin-management/marketplace','folder_permissions','Folder does not have permission to write file or the update file path could not be resolved, please contact support','2023-11-09 09:21:08','2023-11-09 09:21:08'),(1163,1,'en','packages/plugin-management/marketplace','unzip_failed','Unzip extraction failed','2023-11-09 09:21:08','2023-11-09 09:21:08'),(1164,1,'en','packages/plugin-management/marketplace','unzip_success','Download file extracted','2023-11-09 09:21:08','2023-11-09 09:21:08'),(1165,1,'en','packages/plugin-management/marketplace','install_success','Installed plugin successfully!','2023-11-09 09:21:08','2023-11-09 09:21:08'),(1166,1,'en','packages/plugin-management/marketplace','update_success','Updated plugin successfully!','2023-11-09 09:21:08','2023-11-09 09:21:08'),(1167,1,'en','packages/plugin-management/marketplace','minimum_core_version_error','Cannot install this plugin. Minimum core version is :version.','2023-11-09 09:21:08','2023-11-09 09:21:08'),(1168,1,'en','packages/plugin-management/plugin','enabled','Enabled','2023-11-09 09:21:08','2023-11-09 09:21:08'),(1169,1,'en','packages/plugin-management/plugin','deactivated','Deactivated','2023-11-09 09:21:08','2023-11-09 09:21:08'),(1170,1,'en','packages/plugin-management/plugin','activated','Activated','2023-11-09 09:21:08','2023-11-09 09:21:08'),(1171,1,'en','packages/plugin-management/plugin','activate','Activate','2023-11-09 09:21:08','2023-11-09 09:21:08'),(1172,1,'en','packages/plugin-management/plugin','deactivate','Deactivate','2023-11-09 09:21:08','2023-11-09 09:21:08'),(1173,1,'en','packages/plugin-management/plugin','author','By','2023-11-09 09:21:08','2023-11-09 09:21:08'),(1174,1,'en','packages/plugin-management/plugin','update_plugin_status_success','Update plugin successfully','2023-11-09 09:21:08','2023-11-09 09:21:08'),(1175,1,'en','packages/plugin-management/plugin','plugins','Plugins','2023-11-09 09:21:08','2023-11-09 09:21:08'),(1176,1,'en','packages/plugin-management/plugin','missing_required_plugins','Please activate plugin(s): :plugins before activate this plugin!','2023-11-09 09:21:08','2023-11-09 09:21:08'),(1177,1,'en','packages/plugin-management/plugin','remove','Remove','2023-11-09 09:21:08','2023-11-09 09:21:08'),(1178,1,'en','packages/plugin-management/plugin','remove_plugin_success','Remove plugin successfully!','2023-11-09 09:21:08','2023-11-09 09:21:08'),(1179,1,'en','packages/plugin-management/plugin','remove_plugin','Remove plugin','2023-11-09 09:21:08','2023-11-09 09:21:08'),(1180,1,'en','packages/plugin-management/plugin','remove_plugin_confirm_message','Do you really want to remove this plugin?','2023-11-09 09:21:08','2023-11-09 09:21:08'),(1181,1,'en','packages/plugin-management/plugin','remove_plugin_confirm_yes','Yes, remove it!','2023-11-09 09:21:08','2023-11-09 09:21:08'),(1182,1,'en','packages/plugin-management/plugin','total_plugins','Total plugins','2023-11-09 09:21:08','2023-11-09 09:21:08'),(1183,1,'en','packages/plugin-management/plugin','invalid_plugin','This plugin is not a valid plugin, please check it again!','2023-11-09 09:21:08','2023-11-09 09:21:08'),(1184,1,'en','packages/plugin-management/plugin','version','Version','2023-11-09 09:21:08','2023-11-09 09:21:08'),(1185,1,'en','packages/plugin-management/plugin','invalid_json','Invalid plugin.json!','2023-11-09 09:21:08','2023-11-09 09:21:08'),(1186,1,'en','packages/plugin-management/plugin','activate_success','Activate plugin successfully!','2023-11-09 09:21:08','2023-11-09 09:21:08'),(1187,1,'en','packages/plugin-management/plugin','activated_already','This plugin is activated already!','2023-11-09 09:21:08','2023-11-09 09:21:08'),(1188,1,'en','packages/plugin-management/plugin','plugin_not_exist','This plugin is not exists.','2023-11-09 09:21:08','2023-11-09 09:21:08'),(1189,1,'en','packages/plugin-management/plugin','missing_json_file','Missing file plugin.json!','2023-11-09 09:21:08','2023-11-09 09:21:08'),(1190,1,'en','packages/plugin-management/plugin','plugin_invalid','Plugin is valid!','2023-11-09 09:21:08','2023-11-09 09:21:08'),(1191,1,'en','packages/plugin-management/plugin','published_assets_success','Publish assets for plugin :name successfully!','2023-11-09 09:21:08','2023-11-09 09:21:08'),(1192,1,'en','packages/plugin-management/plugin','plugin_removed','Plugin has been removed!','2023-11-09 09:21:08','2023-11-09 09:21:08'),(1193,1,'en','packages/plugin-management/plugin','deactivated_success','Deactivate plugin successfully!','2023-11-09 09:21:08','2023-11-09 09:21:08'),(1194,1,'en','packages/plugin-management/plugin','deactivated_already','This plugin is deactivated already!','2023-11-09 09:21:08','2023-11-09 09:21:08'),(1195,1,'en','packages/plugin-management/plugin','folder_is_not_writeable','Cannot write files! Folder :name is not writable. Please chmod to make it writable!','2023-11-09 09:21:08','2023-11-09 09:21:08'),(1196,1,'en','packages/plugin-management/plugin','plugin_is_not_ready','Plugin :name is not ready to use','2023-11-09 09:21:08','2023-11-09 09:21:08'),(1197,1,'en','packages/plugin-management/plugin','plugins_installed','Installed Plugins','2023-11-09 09:21:08','2023-11-09 09:21:08'),(1198,1,'en','packages/plugin-management/plugin','plugins_add_new','Add new','2023-11-09 09:21:08','2023-11-09 09:21:08'),(1199,1,'en','packages/plugin-management/plugin','update','Update','2023-11-09 09:21:08','2023-11-09 09:21:08'),(1200,1,'en','packages/plugin-management/plugin','requirement_not_met','Plugin :plugin requires plugin(s): :required_plugins. Do you want to install them and activate :plugin now?','2023-11-09 09:21:08','2023-11-09 09:21:08'),(1201,1,'en','packages/plugin-management/plugin','install','Install now','2023-11-09 09:21:08','2023-11-09 09:21:08'),(1202,1,'en','packages/plugin-management/plugin','install_plugin','Install Plugin','2023-11-09 09:21:08','2023-11-09 09:21:08'),(1203,1,'en','packages/plugin-management/plugin','minimum_core_version_not_met','Plugin :plugin requires :minimum_core_version version of core, but your core version is :current_core_version. Please upgrade your core to use this plugin!','2023-11-09 09:21:08','2023-11-09 09:21:08'),(1204,1,'en','packages/seo-helper/seo-helper','meta_box_header','Search Engine Optimize','2023-11-09 09:21:08','2023-11-09 09:21:08'),(1205,1,'en','packages/seo-helper/seo-helper','edit_seo_meta','Edit SEO meta','2023-11-09 09:21:08','2023-11-09 09:21:08'),(1206,1,'en','packages/seo-helper/seo-helper','default_description','Setup meta title & description to make your site easy to discovered on search engines such as Google','2023-11-09 09:21:08','2023-11-09 09:21:08'),(1207,1,'en','packages/seo-helper/seo-helper','seo_title','SEO Title','2023-11-09 09:21:08','2023-11-09 09:21:08'),(1208,1,'en','packages/seo-helper/seo-helper','seo_description','SEO description','2023-11-09 09:21:08','2023-11-09 09:21:08'),(1209,1,'en','packages/slug/slug','permalink_settings','Permalink','2023-11-09 09:21:08','2023-11-09 09:21:08'),(1210,1,'en','packages/slug/slug','settings.title','Permalink settings','2023-11-09 09:21:08','2023-11-09 09:21:08'),(1211,1,'en','packages/slug/slug','settings.description','Manage permalink for all modules.','2023-11-09 09:21:08','2023-11-09 09:21:08'),(1212,1,'en','packages/slug/slug','settings.preview','Preview','2023-11-09 09:21:08','2023-11-09 09:21:08'),(1213,1,'en','packages/slug/slug','settings.turn_off_automatic_url_translation_into_latin','Turn off automatic URL translation into Latin?','2023-11-09 09:21:08','2023-11-09 09:21:08'),(1214,1,'en','packages/slug/slug','settings.available_variables','Available variables','2023-11-09 09:21:08','2023-11-09 09:21:08'),(1215,1,'en','packages/slug/slug','preview','Preview','2023-11-09 09:21:08','2023-11-09 09:21:08'),(1216,1,'en','packages/slug/slug','prefix_for','Prefix for :name','2023-11-09 09:21:08','2023-11-09 09:21:08'),(1217,1,'en','packages/slug/slug','public_single_ending_url','Postfix for single page URL','2023-11-09 09:21:08','2023-11-09 09:21:08'),(1218,1,'en','packages/slug/slug','current_year','Current year','2023-11-09 09:21:08','2023-11-09 09:21:08'),(1219,1,'en','packages/slug/slug','current_month','Current month','2023-11-09 09:21:08','2023-11-09 09:21:08'),(1220,1,'en','packages/slug/slug','current_day','Current day','2023-11-09 09:21:08','2023-11-09 09:21:08'),(1221,1,'en','packages/theme/theme','name','Themes','2023-11-09 09:21:08','2023-11-09 09:21:08'),(1222,1,'en','packages/theme/theme','theme','Theme','2023-11-09 09:21:08','2023-11-09 09:21:08'),(1223,1,'en','packages/theme/theme','author','Author','2023-11-09 09:21:08','2023-11-09 09:21:08'),(1224,1,'en','packages/theme/theme','version','Version','2023-11-09 09:21:08','2023-11-09 09:21:08'),(1225,1,'en','packages/theme/theme','description','Description','2023-11-09 09:21:08','2023-11-09 09:21:08'),(1226,1,'en','packages/theme/theme','active_success','Activate theme :name successfully!','2023-11-09 09:21:08','2023-11-09 09:21:08'),(1227,1,'en','packages/theme/theme','active','Active','2023-11-09 09:21:08','2023-11-09 09:21:08'),(1228,1,'en','packages/theme/theme','activated','Activated','2023-11-09 09:21:08','2023-11-09 09:21:08'),(1229,1,'en','packages/theme/theme','appearance','Appearance','2023-11-09 09:21:08','2023-11-09 09:21:08'),(1230,1,'en','packages/theme/theme','theme_options','Theme options','2023-11-09 09:21:08','2023-11-09 09:21:08'),(1231,1,'en','packages/theme/theme','save_changes','Save Changes','2023-11-09 09:21:08','2023-11-09 09:21:08'),(1232,1,'en','packages/theme/theme','custom_css','Custom CSS','2023-11-09 09:21:08','2023-11-09 09:21:08'),(1233,1,'en','packages/theme/theme','custom_js','Custom JS','2023-11-09 09:21:08','2023-11-09 09:21:08'),(1234,1,'en','packages/theme/theme','custom_header_js','Header JS','2023-11-09 09:21:08','2023-11-09 09:21:08'),(1235,1,'en','packages/theme/theme','custom_header_js_placeholder','JS in header of page, wrap it inside &#x3C;script&#x3E;&#x3C;/script&#x3E;','2023-11-09 09:21:08','2023-11-09 09:21:08'),(1236,1,'en','packages/theme/theme','custom_body_js','Body JS','2023-11-09 09:21:08','2023-11-09 09:21:08'),(1237,1,'en','packages/theme/theme','custom_body_js_placeholder','JS in body of page, wrap it inside &#x3C;script&#x3E;&#x3C;/script&#x3E;','2023-11-09 09:21:08','2023-11-09 09:21:08'),(1238,1,'en','packages/theme/theme','custom_footer_js','Footer JS','2023-11-09 09:21:08','2023-11-09 09:21:08'),(1239,1,'en','packages/theme/theme','custom_footer_js_placeholder','JS in footer of page, wrap it inside &#x3C;script&#x3E;&#x3C;/script&#x3E;','2023-11-09 09:21:08','2023-11-09 09:21:08'),(1240,1,'en','packages/theme/theme','custom_html','Custom HTML','2023-11-09 09:21:08','2023-11-09 09:21:08'),(1241,1,'en','packages/theme/theme','custom_header_html','Header HTML','2023-11-09 09:21:08','2023-11-09 09:21:08'),(1242,1,'en','packages/theme/theme','custom_header_html_placeholder','HTML in header of page, no special tags: script, style, iframe...','2023-11-09 09:21:08','2023-11-09 09:21:08'),(1243,1,'en','packages/theme/theme','custom_body_html','Body HTML','2023-11-09 09:21:08','2023-11-09 09:21:08'),(1244,1,'en','packages/theme/theme','custom_body_html_placeholder','HTML in body of page, no special tags: script, style, iframe...','2023-11-09 09:21:08','2023-11-09 09:21:08'),(1245,1,'en','packages/theme/theme','custom_footer_html','Footer HTML','2023-11-09 09:21:08','2023-11-09 09:21:08'),(1246,1,'en','packages/theme/theme','custom_footer_html_placeholder','HTML in footer of page, no special tags: script, style, iframe...','2023-11-09 09:21:08','2023-11-09 09:21:08'),(1247,1,'en','packages/theme/theme','remove_theme_success','Remove theme successfully!','2023-11-09 09:21:08','2023-11-09 09:21:08'),(1248,1,'en','packages/theme/theme','theme_is_not_existed','This theme is not existed!','2023-11-09 09:21:08','2023-11-09 09:21:08'),(1249,1,'en','packages/theme/theme','remove','Remove','2023-11-09 09:21:08','2023-11-09 09:21:08'),(1250,1,'en','packages/theme/theme','remove_theme','Remove theme','2023-11-09 09:21:08','2023-11-09 09:21:08'),(1251,1,'en','packages/theme/theme','remove_theme_confirm_message','Do you really want to remove this theme?','2023-11-09 09:21:08','2023-11-09 09:21:08'),(1252,1,'en','packages/theme/theme','remove_theme_confirm_yes','Yes, remove it!','2023-11-09 09:21:08','2023-11-09 09:21:08'),(1253,1,'en','packages/theme/theme','total_themes','Total themes','2023-11-09 09:21:08','2023-11-09 09:21:08'),(1254,1,'en','packages/theme/theme','show_admin_bar','Show admin bar (When admin logged in, still show admin bar in website)?','2023-11-09 09:21:08','2023-11-09 09:21:08'),(1255,1,'en','packages/theme/theme','settings.title','Theme','2023-11-09 09:21:08','2023-11-09 09:21:08'),(1256,1,'en','packages/theme/theme','settings.description','Setting for theme','2023-11-09 09:21:08','2023-11-09 09:21:08'),(1257,1,'en','packages/theme/theme','settings.redirect_404_to_homepage','Redirect all not found requests to homepage?','2023-11-09 09:21:08','2023-11-09 09:21:08'),(1258,1,'en','packages/theme/theme','settings.show_guidelines','Show guidelines?','2023-11-09 09:21:08','2023-11-09 09:21:08'),(1259,1,'en','packages/theme/theme','add_new','Add new','2023-11-09 09:21:08','2023-11-09 09:21:08'),(1260,1,'en','packages/theme/theme','theme_activated_already','Theme \":name\" is activated already!','2023-11-09 09:21:09','2023-11-09 09:21:09'),(1261,1,'en','packages/theme/theme','missing_json_file','Missing file theme.json!','2023-11-09 09:21:09','2023-11-09 09:21:09'),(1262,1,'en','packages/theme/theme','theme_invalid','Theme is valid!','2023-11-09 09:21:09','2023-11-09 09:21:09'),(1263,1,'en','packages/theme/theme','published_assets_success','Publish assets for :themes successfully!','2023-11-09 09:21:09','2023-11-09 09:21:09'),(1264,1,'en','packages/theme/theme','cannot_remove_theme','Cannot remove activated theme, please activate another theme before removing \":name\"!','2023-11-09 09:21:09','2023-11-09 09:21:09'),(1265,1,'en','packages/theme/theme','theme_deleted','Theme \":name\" has been destroyed.','2023-11-09 09:21:09','2023-11-09 09:21:09'),(1266,1,'en','packages/theme/theme','removed_assets','Remove assets of a theme :name successfully!','2023-11-09 09:21:09','2023-11-09 09:21:09'),(1267,1,'en','packages/theme/theme','update_custom_css_success','Update custom CSS successfully!','2023-11-09 09:21:09','2023-11-09 09:21:09'),(1268,1,'en','packages/theme/theme','update_custom_js_success','Update custom JS successfully!','2023-11-09 09:21:09','2023-11-09 09:21:09'),(1269,1,'en','packages/theme/theme','update_custom_html_success','Update custom HTML successfully!','2023-11-09 09:21:09','2023-11-09 09:21:09'),(1270,1,'en','packages/theme/theme','go_to_dashboard','Go to dashboard','2023-11-09 09:21:09','2023-11-09 09:21:09'),(1271,1,'en','packages/theme/theme','custom_css_placeholder','Using Ctrl + Space to autocomplete.','2023-11-09 09:21:09','2023-11-09 09:21:09'),(1272,1,'en','packages/theme/theme','theme_option_general','General','2023-11-09 09:21:09','2023-11-09 09:21:09'),(1273,1,'en','packages/theme/theme','theme_option_general_description','General settings','2023-11-09 09:21:09','2023-11-09 09:21:09'),(1274,1,'en','packages/theme/theme','theme_option_seo_open_graph_image','SEO default Open Graph image','2023-11-09 09:21:09','2023-11-09 09:21:09'),(1275,1,'en','packages/theme/theme','theme_option_logo','Logo','2023-11-09 09:21:09','2023-11-09 09:21:09'),(1276,1,'en','packages/theme/theme','theme_option_favicon','Favicon','2023-11-09 09:21:09','2023-11-09 09:21:09'),(1277,1,'en','packages/theme/theme','folder_is_not_writeable','Cannot write files! Folder :name is not writable. Please chmod to make it writable!','2023-11-09 09:21:09','2023-11-09 09:21:09'),(1278,1,'en','packages/theme/theme','breadcrumb_enabled','Enable breadcrumb?','2023-11-09 09:21:09','2023-11-09 09:21:09'),(1279,1,'en','packages/widget/widget','name','Widgets','2023-11-09 09:21:09','2023-11-09 09:21:09'),(1280,1,'en','packages/widget/widget','create','New widget','2023-11-09 09:21:09','2023-11-09 09:21:09'),(1281,1,'en','packages/widget/widget','edit','Edit widget','2023-11-09 09:21:09','2023-11-09 09:21:09'),(1282,1,'en','packages/widget/widget','delete','Delete','2023-11-09 09:21:09','2023-11-09 09:21:09'),(1283,1,'en','packages/widget/widget','available','Available Widgets','2023-11-09 09:21:09','2023-11-09 09:21:09'),(1284,1,'en','packages/widget/widget','instruction','To activate a widget drag it to a sidebar or click on it. To deactivate a widget and delete its settings, drag it back.','2023-11-09 09:21:09','2023-11-09 09:21:09'),(1285,1,'en','packages/widget/widget','number_tag_display','Number tags will be display','2023-11-09 09:21:09','2023-11-09 09:21:09'),(1286,1,'en','packages/widget/widget','number_post_display','Number posts will be display','2023-11-09 09:21:09','2023-11-09 09:21:09'),(1287,1,'en','packages/widget/widget','select_menu','Select Menu','2023-11-09 09:21:09','2023-11-09 09:21:09'),(1288,1,'en','packages/widget/widget','widget_text','Text','2023-11-09 09:21:09','2023-11-09 09:21:09'),(1289,1,'en','packages/widget/widget','widget_text_description','Arbitrary text or HTML.','2023-11-09 09:21:09','2023-11-09 09:21:09'),(1290,1,'en','packages/widget/widget','widget_recent_post','Recent Posts','2023-11-09 09:21:09','2023-11-09 09:21:09'),(1291,1,'en','packages/widget/widget','widget_recent_post_description','Recent posts widget.','2023-11-09 09:21:09','2023-11-09 09:21:09'),(1292,1,'en','packages/widget/widget','widget_custom_menu','Custom Menu','2023-11-09 09:21:09','2023-11-09 09:21:09'),(1293,1,'en','packages/widget/widget','widget_custom_menu_description','Add a custom menu to your widget area.','2023-11-09 09:21:09','2023-11-09 09:21:09'),(1294,1,'en','packages/widget/widget','widget_tag','Tags','2023-11-09 09:21:09','2023-11-09 09:21:09'),(1295,1,'en','packages/widget/widget','widget_tag_description','Popular tags','2023-11-09 09:21:09','2023-11-09 09:21:09'),(1296,1,'en','packages/widget/widget','widget_menu','Simple Menu','2023-11-09 09:21:09','2023-11-09 09:21:09'),(1297,1,'en','packages/widget/widget','widget_menu_description','Add a simple menu to your widget area.','2023-11-09 09:21:09','2023-11-09 09:21:09'),(1298,1,'en','packages/widget/widget','widget_menu_label','Label','2023-11-09 09:21:09','2023-11-09 09:21:09'),(1299,1,'en','packages/widget/widget','widget_menu_attributes','Attributes','2023-11-09 09:21:09','2023-11-09 09:21:09'),(1300,1,'en','packages/widget/widget','widget_menu_url','URL','2023-11-09 09:21:09','2023-11-09 09:21:09'),(1301,1,'en','packages/widget/widget','widget_menu_is_open_new_tab','Is open new tab?','2023-11-09 09:21:09','2023-11-09 09:21:09'),(1302,1,'en','packages/widget/widget','save_success','Save widget successfully!','2023-11-09 09:21:09','2023-11-09 09:21:09'),(1303,1,'en','packages/widget/widget','delete_success','Delete widget successfully!','2023-11-09 09:21:09','2023-11-09 09:21:09'),(1304,1,'en','packages/widget/widget','primary_sidebar_name','Primary sidebar','2023-11-09 09:21:09','2023-11-09 09:21:09'),(1305,1,'en','packages/widget/widget','primary_sidebar_description','Primary sidebar section','2023-11-09 09:21:09','2023-11-09 09:21:09'),(1306,1,'en','plugins/ads/ads','name','Ads','2023-11-09 09:21:09','2023-11-09 09:21:09'),(1307,1,'en','plugins/ads/ads','create','New ads','2023-11-09 09:21:09','2023-11-09 09:21:09'),(1308,1,'en','plugins/ads/ads','edit','Edit ads','2023-11-09 09:21:09','2023-11-09 09:21:09'),(1309,1,'en','plugins/ads/ads','location','Location','2023-11-09 09:21:09','2023-11-09 09:21:09'),(1310,1,'en','plugins/ads/ads','url','URL','2023-11-09 09:21:09','2023-11-09 09:21:09'),(1311,1,'en','plugins/ads/ads','expired_at','Expired at','2023-11-09 09:21:09','2023-11-09 09:21:09'),(1312,1,'en','plugins/ads/ads','key','Key','2023-11-09 09:21:09','2023-11-09 09:21:09'),(1313,1,'en','plugins/ads/ads','shortcode','Shortcode','2023-11-09 09:21:09','2023-11-09 09:21:09'),(1314,1,'en','plugins/ads/ads','clicked','Clicked','2023-11-09 09:21:09','2023-11-09 09:21:09'),(1315,1,'en','plugins/ads/ads','not_set','Not set','2023-11-09 09:21:09','2023-11-09 09:21:09'),(1316,1,'en','plugins/ads/ads','adblock_warning','If you are using Adblock browser extension, you need to disable this extension on your site first. It may block your ads if it is enabled on your site! <br /> Tips: Image name SHOULD NOT contain some ads keywords (ad, promotion...)','2023-11-09 09:21:09','2023-11-09 09:21:09'),(1317,1,'en','plugins/ads/ads','select_ad','Select Ad','2023-11-09 09:21:09','2023-11-09 09:21:09'),(1318,1,'en','plugins/ads/ads','open_in_new_tab','Open in new tab?','2023-11-09 09:21:09','2023-11-09 09:21:09'),(1319,1,'en','plugins/analytics/analytics','sessions','Sessions','2023-11-09 09:21:09','2023-11-09 09:21:09'),(1320,1,'en','plugins/analytics/analytics','visitors','Visitors','2023-11-09 09:21:09','2023-11-09 09:21:09'),(1321,1,'en','plugins/analytics/analytics','pageviews','Pageviews','2023-11-09 09:21:09','2023-11-09 09:21:09'),(1322,1,'en','plugins/analytics/analytics','bounce_rate','Bounce Rate','2023-11-09 09:21:09','2023-11-09 09:21:09'),(1323,1,'en','plugins/analytics/analytics','page_session','Pages/Session','2023-11-09 09:21:09','2023-11-09 09:21:09'),(1324,1,'en','plugins/analytics/analytics','avg_duration','Avg. Duration','2023-11-09 09:21:09','2023-11-09 09:21:09'),(1325,1,'en','plugins/analytics/analytics','percent_new_session','Percent new session','2023-11-09 09:21:09','2023-11-09 09:21:09'),(1326,1,'en','plugins/analytics/analytics','new_users','New visitors','2023-11-09 09:21:09','2023-11-09 09:21:09'),(1327,1,'en','plugins/analytics/analytics','visits','visits','2023-11-09 09:21:09','2023-11-09 09:21:09'),(1328,1,'en','plugins/analytics/analytics','views','views','2023-11-09 09:21:09','2023-11-09 09:21:09'),(1329,1,'en','plugins/analytics/analytics','property_id_not_specified','You must provide a valid view id. The document here: <a href=\"https://docs.botble.com/cms/master/plugin-analytics\" target=\"_blank\">https://docs.botble.com/cms/master/plugin-analytics</a>','2023-11-09 09:21:09','2023-11-09 09:21:09'),(1330,1,'en','plugins/analytics/analytics','credential_is_not_valid','Analytics credentials is not valid. The document here: <a href=\"https://docs.botble.com/cms/master/plugin-analytics\" target=\"_blank\">https://docs.botble.com/cms/master/plugin-analytics</a>','2023-11-09 09:21:09','2023-11-09 09:21:09'),(1331,1,'en','plugins/analytics/analytics','start_date_can_not_before_end_date','Start date :start_date cannot be after end date :end_date','2023-11-09 09:21:09','2023-11-09 09:21:09'),(1332,1,'en','plugins/analytics/analytics','wrong_configuration','To view analytics you\'ll need to get a Google Analytics client id and add it to your settings. <br /> You also need JSON credential data. <br /> The document here: <a href=\"https://docs.botble.com/cms/master/plugin-analytics\" target=\"_blank\">https://docs.botble.com/cms/master/plugin-analytics</a>','2023-11-09 09:21:09','2023-11-09 09:21:09'),(1333,1,'en','plugins/analytics/analytics','property_id_is_invalid','Property ID is invalid. Check this: https://developers.google.com/analytics/devguides/reporting/data/v1/property-id','2023-11-09 09:21:09','2023-11-09 09:21:09'),(1334,1,'en','plugins/analytics/analytics','settings.title','Google Analytics','2023-11-09 09:21:09','2023-11-09 09:21:09'),(1335,1,'en','plugins/analytics/analytics','settings.description','Config Credentials for Google Analytics','2023-11-09 09:21:09','2023-11-09 09:21:09'),(1336,1,'en','plugins/analytics/analytics','settings.google_tag_id','Google tag ID','2023-11-09 09:21:09','2023-11-09 09:21:09'),(1337,1,'en','plugins/analytics/analytics','settings.google_tag_id_placeholder','Example: G-76NX8HY29D','2023-11-09 09:21:09','2023-11-09 09:21:09'),(1338,1,'en','plugins/analytics/analytics','settings.analytics_property_id','Property ID for GA4','2023-11-09 09:21:09','2023-11-09 09:21:09'),(1339,1,'en','plugins/analytics/analytics','settings.analytics_property_id_description','Google Analytics Property ID (GA4)','2023-11-09 09:21:09','2023-11-09 09:21:09'),(1340,1,'en','plugins/analytics/analytics','settings.json_credential','Service Account Credentials','2023-11-09 09:21:09','2023-11-09 09:21:09'),(1341,1,'en','plugins/analytics/analytics','settings.json_credential_description','Service Account Credentials','2023-11-09 09:21:09','2023-11-09 09:21:09'),(1342,1,'en','plugins/analytics/analytics','widget_analytics_page','Top Most Visit Pages','2023-11-09 09:21:09','2023-11-09 09:21:09'),(1343,1,'en','plugins/analytics/analytics','widget_analytics_browser','Top Browsers','2023-11-09 09:21:09','2023-11-09 09:21:09'),(1344,1,'en','plugins/analytics/analytics','widget_analytics_referrer','Top Referrers','2023-11-09 09:21:09','2023-11-09 09:21:09'),(1345,1,'en','plugins/analytics/analytics','widget_analytics_general','Site Analytics','2023-11-09 09:21:09','2023-11-09 09:21:09'),(1346,1,'en','plugins/analytics/analytics','missing_library_warning','Analytics plugin error: Missing third-party libraries, please run \"composer update\" to install them.','2023-11-09 09:21:09','2023-11-09 09:21:09'),(1347,1,'en','plugins/audit-log/history','name','Activities Logs','2023-11-09 09:21:09','2023-11-09 09:21:09'),(1348,1,'en','plugins/audit-log/history','created','created','2023-11-09 09:21:09','2023-11-09 09:21:09'),(1349,1,'en','plugins/audit-log/history','updated','updated','2023-11-09 09:21:09','2023-11-09 09:21:09'),(1350,1,'en','plugins/audit-log/history','deleted','deleted','2023-11-09 09:21:09','2023-11-09 09:21:09'),(1351,1,'en','plugins/audit-log/history','logged in','logged in','2023-11-09 09:21:09','2023-11-09 09:21:09'),(1352,1,'en','plugins/audit-log/history','logged out','logged out','2023-11-09 09:21:10','2023-11-09 09:21:10'),(1353,1,'en','plugins/audit-log/history','changed password','changed password','2023-11-09 09:21:10','2023-11-09 09:21:10'),(1354,1,'en','plugins/audit-log/history','updated profile','updated profile','2023-11-09 09:21:10','2023-11-09 09:21:10'),(1355,1,'en','plugins/audit-log/history','attached','attached','2023-11-09 09:21:10','2023-11-09 09:21:10'),(1356,1,'en','plugins/audit-log/history','shared','shared','2023-11-09 09:21:10','2023-11-09 09:21:10'),(1357,1,'en','plugins/audit-log/history','to the system','to the system','2023-11-09 09:21:10','2023-11-09 09:21:10'),(1358,1,'en','plugins/audit-log/history','of the system','of the system','2023-11-09 09:21:10','2023-11-09 09:21:10'),(1359,1,'en','plugins/audit-log/history','menu','menu','2023-11-09 09:21:10','2023-11-09 09:21:10'),(1360,1,'en','plugins/audit-log/history','post','post','2023-11-09 09:21:10','2023-11-09 09:21:10'),(1361,1,'en','plugins/audit-log/history','page','page','2023-11-09 09:21:10','2023-11-09 09:21:10'),(1362,1,'en','plugins/audit-log/history','category','category','2023-11-09 09:21:10','2023-11-09 09:21:10'),(1363,1,'en','plugins/audit-log/history','tag','tag','2023-11-09 09:21:10','2023-11-09 09:21:10'),(1364,1,'en','plugins/audit-log/history','user','user','2023-11-09 09:21:10','2023-11-09 09:21:10'),(1365,1,'en','plugins/audit-log/history','contact','contact','2023-11-09 09:21:10','2023-11-09 09:21:10'),(1366,1,'en','plugins/audit-log/history','backup','backup','2023-11-09 09:21:10','2023-11-09 09:21:10'),(1367,1,'en','plugins/audit-log/history','custom-field','custom field','2023-11-09 09:21:10','2023-11-09 09:21:10'),(1368,1,'en','plugins/audit-log/history','widget_audit_logs','Activities Logs','2023-11-09 09:21:10','2023-11-09 09:21:10'),(1369,1,'en','plugins/audit-log/history','action','Action','2023-11-09 09:21:10','2023-11-09 09:21:10'),(1370,1,'en','plugins/audit-log/history','user_agent','User Agent','2023-11-09 09:21:10','2023-11-09 09:21:10'),(1371,1,'en','plugins/audit-log/history','system','System','2023-11-09 09:21:10','2023-11-09 09:21:10'),(1372,1,'en','plugins/audit-log/history','delete_all','Delete all records','2023-11-09 09:21:10','2023-11-09 09:21:10'),(1373,1,'en','plugins/backup/backup','name','Backup','2023-11-09 09:21:10','2023-11-09 09:21:10'),(1374,1,'en','plugins/backup/backup','backup_description','Backup database and uploads folder.','2023-11-09 09:21:10','2023-11-09 09:21:10'),(1375,1,'en','plugins/backup/backup','create_backup_success','Created backup successfully!','2023-11-09 09:21:10','2023-11-09 09:21:10'),(1376,1,'en','plugins/backup/backup','delete_backup_success','Delete backup successfully!','2023-11-09 09:21:10','2023-11-09 09:21:10'),(1377,1,'en','plugins/backup/backup','restore_backup_success','Restore backup successfully!','2023-11-09 09:21:10','2023-11-09 09:21:10'),(1378,1,'en','plugins/backup/backup','generate_btn','Generate backup','2023-11-09 09:21:10','2023-11-09 09:21:10'),(1379,1,'en','plugins/backup/backup','create','Create a backup','2023-11-09 09:21:10','2023-11-09 09:21:10'),(1380,1,'en','plugins/backup/backup','restore','Restore a backup','2023-11-09 09:21:10','2023-11-09 09:21:10'),(1381,1,'en','plugins/backup/backup','create_btn','Create','2023-11-09 09:21:10','2023-11-09 09:21:10'),(1382,1,'en','plugins/backup/backup','restore_btn','Restore','2023-11-09 09:21:10','2023-11-09 09:21:10'),(1383,1,'en','plugins/backup/backup','restore_confirm_msg','Do you really want to restore this revision?','2023-11-09 09:21:10','2023-11-09 09:21:10'),(1384,1,'en','plugins/backup/backup','download_uploads_folder','Download backup of uploads folder','2023-11-09 09:21:10','2023-11-09 09:21:10'),(1385,1,'en','plugins/backup/backup','download_database','Download backup of database','2023-11-09 09:21:10','2023-11-09 09:21:10'),(1386,1,'en','plugins/backup/backup','restore_tooltip','Restore this backup','2023-11-09 09:21:10','2023-11-09 09:21:10'),(1387,1,'en','plugins/backup/backup','demo_alert','Hi guest, if you see demo site is destroyed, please help me <a href=\":link\">go here</a> and restore demo site to the latest revision! Thank you so much!','2023-11-09 09:21:10','2023-11-09 09:21:10'),(1388,1,'en','plugins/backup/backup','menu_name','Backups','2023-11-09 09:21:10','2023-11-09 09:21:10'),(1389,1,'en','plugins/backup/backup','size','Size','2023-11-09 09:21:10','2023-11-09 09:21:10'),(1390,1,'en','plugins/backup/backup','no_backups','There is no backup now!','2023-11-09 09:21:10','2023-11-09 09:21:10'),(1391,1,'en','plugins/backup/backup','proc_open_disabled_error','Function <strong>proc_open()</strong> has been disabled so the system cannot backup the database. Please contact your hosting provider to enable it.','2023-11-09 09:21:10','2023-11-09 09:21:10'),(1392,1,'en','plugins/backup/backup','database_backup_not_existed','Backup database is not existed!','2023-11-09 09:21:10','2023-11-09 09:21:10'),(1393,1,'en','plugins/backup/backup','uploads_folder_backup_not_existed','Backup uploads folder is not existed!','2023-11-09 09:21:10','2023-11-09 09:21:10'),(1394,1,'en','plugins/backup/backup','important_message1','This is a simple backup feature, it is a solution for you if your site has < 1GB data and can be used for quickly backup your site.','2023-11-09 09:21:10','2023-11-09 09:21:10'),(1395,1,'en','plugins/backup/backup','important_message2','If you have more than 1GB images/files in local storage, you should use backup feature of your hosting or VPS.','2023-11-09 09:21:10','2023-11-09 09:21:10'),(1396,1,'en','plugins/backup/backup','important_message3','To backup your database, function <strong>proc_open()</strong> or <strong>system()</strong> must be enabled. Contact your hosting provider to enable it if it is disabled.','2023-11-09 09:21:10','2023-11-09 09:21:10'),(1397,1,'en','plugins/backup/backup','important_message4','It is not a full backup, it is just back up uploaded files and your database.','2023-11-09 09:21:10','2023-11-09 09:21:10'),(1398,1,'en','plugins/backup/backup','important_message_pgsql1','Currently, we cannot backup <strong>PostgreSQL</strong> database on the web due to PostgreSQL doesnt have option to enter database password directly when exporting database.','2023-11-09 09:21:10','2023-11-09 09:21:10'),(1399,1,'en','plugins/backup/backup','important_message_pgsql2','You can run a command <strong>php artisan cms:backup:create {name}</strong> to generate the backup or <strong>php artisan cms:backup:restore</strong> to restore the latest backup.','2023-11-09 09:21:10','2023-11-09 09:21:10'),(1400,1,'en','plugins/backup/backup','cannot_restore_database','Cannot restore database. The database backup is missing!','2023-11-09 09:21:10','2023-11-09 09:21:10'),(1401,1,'en','plugins/backup/backup','database_driver_not_supported','Database driver is not supported.','2023-11-09 09:21:10','2023-11-09 09:21:10'),(1402,1,'en','plugins/blog/base','menu_name','Blog','2023-11-09 09:21:10','2023-11-09 09:21:10'),(1403,1,'en','plugins/blog/base','blog_page','Blog Page','2023-11-09 09:21:10','2023-11-09 09:21:10'),(1404,1,'en','plugins/blog/base','select','-- Select --','2023-11-09 09:21:10','2023-11-09 09:21:10'),(1405,1,'en','plugins/blog/base','blog_page_id','Blog page','2023-11-09 09:21:10','2023-11-09 09:21:10'),(1406,1,'en','plugins/blog/base','number_posts_per_page','Number posts per page','2023-11-09 09:21:10','2023-11-09 09:21:10'),(1407,1,'en','plugins/blog/base','write_some_tags','Write some tags','2023-11-09 09:21:10','2023-11-09 09:21:10'),(1408,1,'en','plugins/blog/base','short_code_name','Blog posts','2023-11-09 09:21:10','2023-11-09 09:21:10'),(1409,1,'en','plugins/blog/base','short_code_description','Add blog posts','2023-11-09 09:21:10','2023-11-09 09:21:10'),(1410,1,'en','plugins/blog/base','number_posts_per_page_in_category','Number of posts per page in a category','2023-11-09 09:21:10','2023-11-09 09:21:10'),(1411,1,'en','plugins/blog/base','number_posts_per_page_in_tag','Number of posts per page in a tag','2023-11-09 09:21:10','2023-11-09 09:21:10'),(1412,1,'en','plugins/blog/base','settings.title','Blog','2023-11-09 09:21:10','2023-11-09 09:21:10'),(1413,1,'en','plugins/blog/base','settings.description','Settings for Blog','2023-11-09 09:21:10','2023-11-09 09:21:10'),(1414,1,'en','plugins/blog/base','settings.enable_blog_post_schema','Enable Blog Post Schema?','2023-11-09 09:21:10','2023-11-09 09:21:10'),(1415,1,'en','plugins/blog/base','settings.enable_blog_post_schema_description','Learn more: https://schema.org/Article','2023-11-09 09:21:10','2023-11-09 09:21:10'),(1416,1,'en','plugins/blog/base','settings.schema_type','Schema type','2023-11-09 09:21:10','2023-11-09 09:21:10'),(1417,1,'en','plugins/blog/categories','create','Create new category','2023-11-09 09:21:10','2023-11-09 09:21:10'),(1418,1,'en','plugins/blog/categories','menu','Categories','2023-11-09 09:21:10','2023-11-09 09:21:10'),(1419,1,'en','plugins/blog/categories','edit_this_category','Edit this category','2023-11-09 09:21:10','2023-11-09 09:21:10'),(1420,1,'en','plugins/blog/categories','menu_name','Categories','2023-11-09 09:21:10','2023-11-09 09:21:10'),(1421,1,'en','plugins/blog/categories','none','None','2023-11-09 09:21:10','2023-11-09 09:21:10'),(1422,1,'en','plugins/blog/categories','total_posts','Total posts: :total','2023-11-09 09:21:10','2023-11-09 09:21:10'),(1423,1,'en','plugins/blog/member','dob','Born :date','2023-11-09 09:21:10','2023-11-09 09:21:10'),(1424,1,'en','plugins/blog/member','draft_posts','Draft Posts','2023-11-09 09:21:10','2023-11-09 09:21:10'),(1425,1,'en','plugins/blog/member','pending_posts','Pending Posts','2023-11-09 09:21:10','2023-11-09 09:21:10'),(1426,1,'en','plugins/blog/member','published_posts','Published Posts','2023-11-09 09:21:10','2023-11-09 09:21:10'),(1427,1,'en','plugins/blog/member','posts','Posts','2023-11-09 09:21:10','2023-11-09 09:21:10'),(1428,1,'en','plugins/blog/member','write_post','Write a post','2023-11-09 09:21:10','2023-11-09 09:21:10'),(1429,1,'en','plugins/blog/posts','create','Create new post','2023-11-09 09:21:10','2023-11-09 09:21:10'),(1430,1,'en','plugins/blog/posts','form.name','Name','2023-11-09 09:21:10','2023-11-09 09:21:10'),(1431,1,'en','plugins/blog/posts','form.name_placeholder','Post\'s name (Maximum :c characters)','2023-11-09 09:21:10','2023-11-09 09:21:10'),(1432,1,'en','plugins/blog/posts','form.description','Description','2023-11-09 09:21:10','2023-11-09 09:21:10'),(1433,1,'en','plugins/blog/posts','form.description_placeholder','Short description for post (Maximum :c characters)','2023-11-09 09:21:10','2023-11-09 09:21:10'),(1434,1,'en','plugins/blog/posts','form.categories','Categories','2023-11-09 09:21:10','2023-11-09 09:21:10'),(1435,1,'en','plugins/blog/posts','form.tags','Tags','2023-11-09 09:21:10','2023-11-09 09:21:10'),(1436,1,'en','plugins/blog/posts','form.tags_placeholder','Tags','2023-11-09 09:21:10','2023-11-09 09:21:10'),(1437,1,'en','plugins/blog/posts','form.content','Content','2023-11-09 09:21:10','2023-11-09 09:21:10'),(1438,1,'en','plugins/blog/posts','form.is_featured','Is featured?','2023-11-09 09:21:10','2023-11-09 09:21:10'),(1439,1,'en','plugins/blog/posts','form.note','Note content','2023-11-09 09:21:10','2023-11-09 09:21:10'),(1440,1,'en','plugins/blog/posts','form.format_type','Format','2023-11-09 09:21:10','2023-11-09 09:21:10'),(1441,1,'en','plugins/blog/posts','cannot_delete','Post could not be deleted','2023-11-09 09:21:10','2023-11-09 09:21:10'),(1442,1,'en','plugins/blog/posts','post_deleted','Post deleted','2023-11-09 09:21:10','2023-11-09 09:21:10'),(1443,1,'en','plugins/blog/posts','posts','Posts','2023-11-09 09:21:10','2023-11-09 09:21:10'),(1444,1,'en','plugins/blog/posts','post','Post','2023-11-09 09:21:10','2023-11-09 09:21:10'),(1445,1,'en','plugins/blog/posts','edit_this_post','Edit this post','2023-11-09 09:21:10','2023-11-09 09:21:10'),(1446,1,'en','plugins/blog/posts','no_new_post_now','There is no new post now!','2023-11-09 09:21:10','2023-11-09 09:21:10'),(1447,1,'en','plugins/blog/posts','menu_name','Posts','2023-11-09 09:21:10','2023-11-09 09:21:10'),(1448,1,'en','plugins/blog/posts','widget_posts_recent','Recent Posts','2023-11-09 09:21:10','2023-11-09 09:21:10'),(1449,1,'en','plugins/blog/posts','categories','Categories','2023-11-09 09:21:10','2023-11-09 09:21:10'),(1450,1,'en','plugins/blog/posts','category','Category','2023-11-09 09:21:10','2023-11-09 09:21:10'),(1451,1,'en','plugins/blog/posts','author','Author','2023-11-09 09:21:10','2023-11-09 09:21:10'),(1452,1,'en','plugins/blog/tags','form.name','Name','2023-11-09 09:21:10','2023-11-09 09:21:10'),(1453,1,'en','plugins/blog/tags','form.name_placeholder','Tag\'s name (Maximum 120 characters)','2023-11-09 09:21:10','2023-11-09 09:21:10'),(1454,1,'en','plugins/blog/tags','form.description','Description','2023-11-09 09:21:10','2023-11-09 09:21:10'),(1455,1,'en','plugins/blog/tags','form.description_placeholder','Short description for tag (Maximum 400 characters)','2023-11-09 09:21:10','2023-11-09 09:21:10'),(1456,1,'en','plugins/blog/tags','form.categories','Categories','2023-11-09 09:21:10','2023-11-09 09:21:10'),(1457,1,'en','plugins/blog/tags','notices.no_select','Please select at least one tag to take this action!','2023-11-09 09:21:10','2023-11-09 09:21:10'),(1458,1,'en','plugins/blog/tags','create','Create new tag','2023-11-09 09:21:10','2023-11-09 09:21:10'),(1459,1,'en','plugins/blog/tags','cannot_delete','Tag could not be deleted','2023-11-09 09:21:10','2023-11-09 09:21:10'),(1460,1,'en','plugins/blog/tags','deleted','Tag deleted','2023-11-09 09:21:10','2023-11-09 09:21:10'),(1461,1,'en','plugins/blog/tags','menu','Tags','2023-11-09 09:21:10','2023-11-09 09:21:10'),(1462,1,'en','plugins/blog/tags','edit_this_tag','Edit this tag','2023-11-09 09:21:10','2023-11-09 09:21:10'),(1463,1,'en','plugins/blog/tags','menu_name','Tags','2023-11-09 09:21:11','2023-11-09 09:21:11'),(1464,1,'en','plugins/captcha/captcha','settings.title','Captcha','2023-11-09 09:21:11','2023-11-09 09:21:11'),(1465,1,'en','plugins/captcha/captcha','settings.description','Settings for Google Captcha','2023-11-09 09:21:11','2023-11-09 09:21:11'),(1466,1,'en','plugins/captcha/captcha','settings.captcha_site_key','Captcha Site Key','2023-11-09 09:21:11','2023-11-09 09:21:11'),(1467,1,'en','plugins/captcha/captcha','settings.captcha_secret','Captcha Secret','2023-11-09 09:21:11','2023-11-09 09:21:11'),(1468,1,'en','plugins/captcha/captcha','settings.enable_captcha','Enable Captcha?','2023-11-09 09:21:11','2023-11-09 09:21:11'),(1469,1,'en','plugins/captcha/captcha','settings.helper','Go here to get credentials https://www.google.com/recaptcha/admin#list.','2023-11-09 09:21:11','2023-11-09 09:21:11'),(1470,1,'en','plugins/captcha/captcha','settings.hide_badge','Hide recaptcha badge (for v3)','2023-11-09 09:21:11','2023-11-09 09:21:11'),(1471,1,'en','plugins/captcha/captcha','settings.type','Type','2023-11-09 09:21:11','2023-11-09 09:21:11'),(1472,1,'en','plugins/captcha/captcha','settings.v2_description','V2 (Verify requests with a challenge)','2023-11-09 09:21:11','2023-11-09 09:21:11'),(1473,1,'en','plugins/captcha/captcha','settings.v3_description','V3 (Verify requests with a score)','2023-11-09 09:21:11','2023-11-09 09:21:11'),(1474,1,'en','plugins/captcha/captcha','numbers.0','Zero','2023-11-09 09:21:11','2023-11-09 09:21:11'),(1475,1,'en','plugins/captcha/captcha','numbers.1','One','2023-11-09 09:21:11','2023-11-09 09:21:11'),(1476,1,'en','plugins/captcha/captcha','numbers.2','Two','2023-11-09 09:21:11','2023-11-09 09:21:11'),(1477,1,'en','plugins/captcha/captcha','numbers.3','Three','2023-11-09 09:21:11','2023-11-09 09:21:11'),(1478,1,'en','plugins/captcha/captcha','numbers.4','Four','2023-11-09 09:21:11','2023-11-09 09:21:11'),(1479,1,'en','plugins/captcha/captcha','numbers.5','Five','2023-11-09 09:21:11','2023-11-09 09:21:11'),(1480,1,'en','plugins/captcha/captcha','numbers.6','Six','2023-11-09 09:21:11','2023-11-09 09:21:11'),(1481,1,'en','plugins/captcha/captcha','numbers.7','Seven','2023-11-09 09:21:11','2023-11-09 09:21:11'),(1482,1,'en','plugins/captcha/captcha','numbers.8','Eight','2023-11-09 09:21:11','2023-11-09 09:21:11'),(1483,1,'en','plugins/captcha/captcha','numbers.9','Nine','2023-11-09 09:21:11','2023-11-09 09:21:11'),(1484,1,'en','plugins/captcha/captcha','numbers.10','Ten','2023-11-09 09:21:11','2023-11-09 09:21:11'),(1485,1,'en','plugins/captcha/captcha','numbers.11','Eleven','2023-11-09 09:21:11','2023-11-09 09:21:11'),(1486,1,'en','plugins/captcha/captcha','numbers.12','Twelve','2023-11-09 09:21:11','2023-11-09 09:21:11'),(1487,1,'en','plugins/captcha/captcha','operands.+','plus','2023-11-09 09:21:11','2023-11-09 09:21:11'),(1488,1,'en','plugins/captcha/captcha','operands.-','minus','2023-11-09 09:21:11','2023-11-09 09:21:11'),(1489,1,'en','plugins/captcha/captcha','operands.*','times','2023-11-09 09:21:11','2023-11-09 09:21:11'),(1490,1,'en','plugins/captcha/captcha','operands./','divided by','2023-11-09 09:21:11','2023-11-09 09:21:11'),(1491,1,'en','plugins/contact/contact','menu','Contact','2023-11-09 09:21:11','2023-11-09 09:21:11'),(1492,1,'en','plugins/contact/contact','edit','View contact','2023-11-09 09:21:11','2023-11-09 09:21:11'),(1493,1,'en','plugins/contact/contact','tables.phone','Phone','2023-11-09 09:21:11','2023-11-09 09:21:11'),(1494,1,'en','plugins/contact/contact','tables.email','Email','2023-11-09 09:21:11','2023-11-09 09:21:11'),(1495,1,'en','plugins/contact/contact','tables.full_name','Full Name','2023-11-09 09:21:11','2023-11-09 09:21:11'),(1496,1,'en','plugins/contact/contact','tables.time','Time','2023-11-09 09:21:11','2023-11-09 09:21:11'),(1497,1,'en','plugins/contact/contact','tables.address','Address','2023-11-09 09:21:11','2023-11-09 09:21:11'),(1498,1,'en','plugins/contact/contact','tables.subject','Subject','2023-11-09 09:21:11','2023-11-09 09:21:11'),(1499,1,'en','plugins/contact/contact','tables.content','Content','2023-11-09 09:21:11','2023-11-09 09:21:11'),(1500,1,'en','plugins/contact/contact','contact_information','Contact information','2023-11-09 09:21:11','2023-11-09 09:21:11'),(1501,1,'en','plugins/contact/contact','replies','Replies','2023-11-09 09:21:11','2023-11-09 09:21:11'),(1502,1,'en','plugins/contact/contact','email.header','Email','2023-11-09 09:21:11','2023-11-09 09:21:11'),(1503,1,'en','plugins/contact/contact','email.title','New contact from your site','2023-11-09 09:21:11','2023-11-09 09:21:11'),(1504,1,'en','plugins/contact/contact','form.name.required','Name is required','2023-11-09 09:21:11','2023-11-09 09:21:11'),(1505,1,'en','plugins/contact/contact','form.email.required','Email is required','2023-11-09 09:21:11','2023-11-09 09:21:11'),(1506,1,'en','plugins/contact/contact','form.email.email','The email address is not valid','2023-11-09 09:21:11','2023-11-09 09:21:11'),(1507,1,'en','plugins/contact/contact','form.content.required','Content is required','2023-11-09 09:21:11','2023-11-09 09:21:11'),(1508,1,'en','plugins/contact/contact','contact_sent_from','This contact information sent from','2023-11-09 09:21:11','2023-11-09 09:21:11'),(1509,1,'en','plugins/contact/contact','sender','Sender','2023-11-09 09:21:11','2023-11-09 09:21:11'),(1510,1,'en','plugins/contact/contact','sender_email','Email','2023-11-09 09:21:11','2023-11-09 09:21:11'),(1511,1,'en','plugins/contact/contact','sender_address','Address','2023-11-09 09:21:11','2023-11-09 09:21:11'),(1512,1,'en','plugins/contact/contact','sender_phone','Phone','2023-11-09 09:21:11','2023-11-09 09:21:11'),(1513,1,'en','plugins/contact/contact','message_content','Message content','2023-11-09 09:21:11','2023-11-09 09:21:11'),(1514,1,'en','plugins/contact/contact','sent_from','Email sent from','2023-11-09 09:21:11','2023-11-09 09:21:11'),(1515,1,'en','plugins/contact/contact','form_name','Name','2023-11-09 09:21:11','2023-11-09 09:21:11'),(1516,1,'en','plugins/contact/contact','form_email','Email','2023-11-09 09:21:11','2023-11-09 09:21:11'),(1517,1,'en','plugins/contact/contact','form_address','Address','2023-11-09 09:21:11','2023-11-09 09:21:11'),(1518,1,'en','plugins/contact/contact','form_subject','Subject','2023-11-09 09:21:11','2023-11-09 09:21:11'),(1519,1,'en','plugins/contact/contact','form_phone','Phone','2023-11-09 09:21:11','2023-11-09 09:21:11'),(1520,1,'en','plugins/contact/contact','form_message','Message','2023-11-09 09:21:11','2023-11-09 09:21:11'),(1521,1,'en','plugins/contact/contact','required_field','The field with (<span style=\"color: red\">*</span>) is required.','2023-11-09 09:21:11','2023-11-09 09:21:11'),(1522,1,'en','plugins/contact/contact','send_btn','Send message','2023-11-09 09:21:11','2023-11-09 09:21:11'),(1523,1,'en','plugins/contact/contact','new_msg_notice','You have <span class=\"bold\">:count</span> New Messages','2023-11-09 09:21:11','2023-11-09 09:21:11'),(1524,1,'en','plugins/contact/contact','view_all','View all','2023-11-09 09:21:11','2023-11-09 09:21:11'),(1525,1,'en','plugins/contact/contact','statuses.read','Read','2023-11-09 09:21:11','2023-11-09 09:21:11'),(1526,1,'en','plugins/contact/contact','statuses.unread','Unread','2023-11-09 09:21:11','2023-11-09 09:21:11'),(1527,1,'en','plugins/contact/contact','phone','Phone','2023-11-09 09:21:11','2023-11-09 09:21:11'),(1528,1,'en','plugins/contact/contact','address','Address','2023-11-09 09:21:11','2023-11-09 09:21:11'),(1529,1,'en','plugins/contact/contact','message','Message','2023-11-09 09:21:11','2023-11-09 09:21:11'),(1530,1,'en','plugins/contact/contact','settings.email.title','Contact','2023-11-09 09:21:11','2023-11-09 09:21:11'),(1531,1,'en','plugins/contact/contact','settings.email.description','Contact email configuration','2023-11-09 09:21:11','2023-11-09 09:21:11'),(1532,1,'en','plugins/contact/contact','settings.email.templates.notice_title','Send notice to administrator','2023-11-09 09:21:11','2023-11-09 09:21:11'),(1533,1,'en','plugins/contact/contact','settings.email.templates.notice_description','Email template to send notice to administrator when system get new contact','2023-11-09 09:21:11','2023-11-09 09:21:11'),(1534,1,'en','plugins/contact/contact','settings.title','Contact','2023-11-09 09:21:11','2023-11-09 09:21:11'),(1535,1,'en','plugins/contact/contact','settings.description','Settings for contact plugin','2023-11-09 09:21:11','2023-11-09 09:21:11'),(1536,1,'en','plugins/contact/contact','settings.blacklist_keywords','Blacklist keywords','2023-11-09 09:21:11','2023-11-09 09:21:11'),(1537,1,'en','plugins/contact/contact','settings.blacklist_keywords_placeholder','keywords...','2023-11-09 09:21:11','2023-11-09 09:21:11'),(1538,1,'en','plugins/contact/contact','settings.blacklist_keywords_helper','Blacklist contact requests if it includes those keywords in the content field (separate by comma).','2023-11-09 09:21:11','2023-11-09 09:21:11'),(1539,1,'en','plugins/contact/contact','settings.blacklist_email_domains','Blacklist email domains','2023-11-09 09:21:11','2023-11-09 09:21:11'),(1540,1,'en','plugins/contact/contact','settings.blacklist_email_domains_placeholder','domain...','2023-11-09 09:21:11','2023-11-09 09:21:11'),(1541,1,'en','plugins/contact/contact','settings.blacklist_email_domains_helper','Blacklist contact requests if the email domain is in blacklist domains (separate by comma).','2023-11-09 09:21:11','2023-11-09 09:21:11'),(1542,1,'en','plugins/contact/contact','settings.enable_math_captcha','Enable math captcha?','2023-11-09 09:21:11','2023-11-09 09:21:11'),(1543,1,'en','plugins/contact/contact','no_reply','No reply yet!','2023-11-09 09:21:11','2023-11-09 09:21:11'),(1544,1,'en','plugins/contact/contact','reply','Reply','2023-11-09 09:21:11','2023-11-09 09:21:11'),(1545,1,'en','plugins/contact/contact','send','Send','2023-11-09 09:21:11','2023-11-09 09:21:11'),(1546,1,'en','plugins/contact/contact','shortcode_name','Contact form','2023-11-09 09:21:11','2023-11-09 09:21:11'),(1547,1,'en','plugins/contact/contact','shortcode_description','Add a contact form','2023-11-09 09:21:11','2023-11-09 09:21:11'),(1548,1,'en','plugins/contact/contact','shortcode_content_description','Add shortcode [contact-form][/contact-form] to editor?','2023-11-09 09:21:11','2023-11-09 09:21:11'),(1549,1,'en','plugins/contact/contact','message_sent_success','Message sent successfully!','2023-11-09 09:21:11','2023-11-09 09:21:11'),(1550,1,'en','plugins/cookie-consent/cookie-consent','theme_options.name','Cookie Consent','2023-11-09 09:21:11','2023-11-09 09:21:11'),(1551,1,'en','plugins/cookie-consent/cookie-consent','theme_options.description','Cookie consent settings','2023-11-09 09:21:11','2023-11-09 09:21:11'),(1552,1,'en','plugins/cookie-consent/cookie-consent','theme_options.enable','Enable cookie consent?','2023-11-09 09:21:11','2023-11-09 09:21:11'),(1553,1,'en','plugins/cookie-consent/cookie-consent','theme_options.message','Message','2023-11-09 09:21:11','2023-11-09 09:21:11'),(1554,1,'en','plugins/cookie-consent/cookie-consent','theme_options.button_text','Button text','2023-11-09 09:21:11','2023-11-09 09:21:11'),(1555,1,'en','plugins/cookie-consent/cookie-consent','theme_options.max_width','Max width (px)','2023-11-09 09:21:11','2023-11-09 09:21:11'),(1556,1,'en','plugins/cookie-consent/cookie-consent','theme_options.background_color','Background color','2023-11-09 09:21:11','2023-11-09 09:21:11'),(1557,1,'en','plugins/cookie-consent/cookie-consent','theme_options.text_color','Text color','2023-11-09 09:21:11','2023-11-09 09:21:11'),(1558,1,'en','plugins/cookie-consent/cookie-consent','theme_options.learn_more_url','Learn more URL','2023-11-09 09:21:11','2023-11-09 09:21:11'),(1559,1,'en','plugins/cookie-consent/cookie-consent','theme_options.learn_more_text','Learn more text','2023-11-09 09:21:11','2023-11-09 09:21:11'),(1560,1,'en','plugins/cookie-consent/cookie-consent','theme_options.style','Style','2023-11-09 09:21:11','2023-11-09 09:21:11'),(1561,1,'en','plugins/cookie-consent/cookie-consent','theme_options.full_width','Full width','2023-11-09 09:21:11','2023-11-09 09:21:11'),(1562,1,'en','plugins/cookie-consent/cookie-consent','theme_options.minimal','Minimal','2023-11-09 09:21:11','2023-11-09 09:21:11'),(1563,1,'en','plugins/cookie-consent/cookie-consent','message','Your experience on this site will be improved by allowing cookies.','2023-11-09 09:21:11','2023-11-09 09:21:11'),(1564,1,'en','plugins/cookie-consent/cookie-consent','button_text','Allow cookies','2023-11-09 09:21:11','2023-11-09 09:21:11'),(1565,1,'en','plugins/ecommerce/addresses','address','Address','2023-11-09 09:21:11','2023-11-09 09:21:11'),(1566,1,'en','plugins/ecommerce/addresses','addresses','Addresses','2023-11-09 09:21:11','2023-11-09 09:21:11'),(1567,1,'en','plugins/ecommerce/addresses','address_placeholder','Enter address','2023-11-09 09:21:11','2023-11-09 09:21:11'),(1568,1,'en','plugins/ecommerce/addresses','zip','Zip code','2023-11-09 09:21:11','2023-11-09 09:21:11'),(1569,1,'en','plugins/ecommerce/addresses','zip_placeholder','Enter zip code','2023-11-09 09:21:11','2023-11-09 09:21:11'),(1570,1,'en','plugins/ecommerce/addresses','city','City','2023-11-09 09:21:11','2023-11-09 09:21:11'),(1571,1,'en','plugins/ecommerce/addresses','city_placeholder','Enter city','2023-11-09 09:21:12','2023-11-09 09:21:12'),(1572,1,'en','plugins/ecommerce/addresses','state','State','2023-11-09 09:21:12','2023-11-09 09:21:12'),(1573,1,'en','plugins/ecommerce/addresses','state_placeholder','Enter state','2023-11-09 09:21:12','2023-11-09 09:21:12'),(1574,1,'en','plugins/ecommerce/addresses','country','Country','2023-11-09 09:21:12','2023-11-09 09:21:12'),(1575,1,'en','plugins/ecommerce/addresses','use_this_address_as_default','Use this address as default','2023-11-09 09:21:12','2023-11-09 09:21:12'),(1576,1,'en','plugins/ecommerce/addresses','name','Full name','2023-11-09 09:21:12','2023-11-09 09:21:12'),(1577,1,'en','plugins/ecommerce/addresses','name_placeholder','Enter name','2023-11-09 09:21:12','2023-11-09 09:21:12'),(1578,1,'en','plugins/ecommerce/addresses','phone','Phone','2023-11-09 09:21:12','2023-11-09 09:21:12'),(1579,1,'en','plugins/ecommerce/addresses','phone_placeholder','Enter phone','2023-11-09 09:21:12','2023-11-09 09:21:12'),(1580,1,'en','plugins/ecommerce/addresses','email','Email','2023-11-09 09:21:12','2023-11-09 09:21:12'),(1581,1,'en','plugins/ecommerce/addresses','email_placeholder','Enter email','2023-11-09 09:21:12','2023-11-09 09:21:12'),(1582,1,'en','plugins/ecommerce/addresses','select_state','Select state...','2023-11-09 09:21:12','2023-11-09 09:21:12'),(1583,1,'en','plugins/ecommerce/addresses','select_city','Select city...','2023-11-09 09:21:12','2023-11-09 09:21:12'),(1584,1,'en','plugins/ecommerce/addresses','select_country','Select country...','2023-11-09 09:21:12','2023-11-09 09:21:12'),(1585,1,'en','plugins/ecommerce/addresses','add_address','Add Address','2023-11-09 09:21:12','2023-11-09 09:21:12'),(1586,1,'en','plugins/ecommerce/addresses','new_address','New address','2023-11-09 09:21:12','2023-11-09 09:21:12'),(1587,1,'en','plugins/ecommerce/addresses','edit_address','Edit address','2023-11-09 09:21:12','2023-11-09 09:21:12'),(1588,1,'en','plugins/ecommerce/addresses','action','Action','2023-11-09 09:21:12','2023-11-09 09:21:12'),(1589,1,'en','plugins/ecommerce/addresses','add','Add','2023-11-09 09:21:12','2023-11-09 09:21:12'),(1590,1,'en','plugins/ecommerce/addresses','save','Save','2023-11-09 09:21:12','2023-11-09 09:21:12'),(1591,1,'en','plugins/ecommerce/addresses','no_data','No data to display','2023-11-09 09:21:12','2023-11-09 09:21:12'),(1592,1,'en','plugins/ecommerce/addresses','no_option','No option','2023-11-09 09:21:12','2023-11-09 09:21:12'),(1593,1,'en','plugins/ecommerce/brands','name','Brands','2023-11-09 09:21:12','2023-11-09 09:21:12'),(1594,1,'en','plugins/ecommerce/brands','create','New brand','2023-11-09 09:21:12','2023-11-09 09:21:12'),(1595,1,'en','plugins/ecommerce/brands','edit','Edit brand','2023-11-09 09:21:12','2023-11-09 09:21:12'),(1596,1,'en','plugins/ecommerce/brands','form.name','Name','2023-11-09 09:21:12','2023-11-09 09:21:12'),(1597,1,'en','plugins/ecommerce/brands','form.name_placeholder','Brand\'s name (Maximum 255 characters)','2023-11-09 09:21:12','2023-11-09 09:21:12'),(1598,1,'en','plugins/ecommerce/brands','form.description','Description','2023-11-09 09:21:12','2023-11-09 09:21:12'),(1599,1,'en','plugins/ecommerce/brands','form.description_placeholder','Short description for brand (Maximum 400 characters)','2023-11-09 09:21:12','2023-11-09 09:21:12'),(1600,1,'en','plugins/ecommerce/brands','form.website','Website','2023-11-09 09:21:12','2023-11-09 09:21:12'),(1601,1,'en','plugins/ecommerce/brands','form.logo','Logo','2023-11-09 09:21:12','2023-11-09 09:21:12'),(1602,1,'en','plugins/ecommerce/brands','form.is_featured','Is featured','2023-11-09 09:21:12','2023-11-09 09:21:12'),(1603,1,'en','plugins/ecommerce/brands','logo','Logo','2023-11-09 09:21:12','2023-11-09 09:21:12'),(1604,1,'en','plugins/ecommerce/brands','website','Website','2023-11-09 09:21:12','2023-11-09 09:21:12'),(1605,1,'en','plugins/ecommerce/brands','notices.no_select','Please select at least one record to take this action!','2023-11-09 09:21:12','2023-11-09 09:21:12'),(1606,1,'en','plugins/ecommerce/brands','notices.update_success_message','Update successfully','2023-11-09 09:21:12','2023-11-09 09:21:12'),(1607,1,'en','plugins/ecommerce/brands','cannot_delete','Brand could not be deleted','2023-11-09 09:21:12','2023-11-09 09:21:12'),(1608,1,'en','plugins/ecommerce/brands','brand_deleted','Brand deleted','2023-11-09 09:21:12','2023-11-09 09:21:12'),(1609,1,'en','plugins/ecommerce/brands','menu','Brands','2023-11-09 09:21:12','2023-11-09 09:21:12'),(1610,1,'en','plugins/ecommerce/brands','no_brand','No brand','2023-11-09 09:21:12','2023-11-09 09:21:12'),(1611,1,'en','plugins/ecommerce/brands','intro.title','Manage brands','2023-11-09 09:21:12','2023-11-09 09:21:12'),(1612,1,'en','plugins/ecommerce/brands','intro.description','Manage product brands such as Nike, Adidas, Bitis ...','2023-11-09 09:21:12','2023-11-09 09:21:12'),(1613,1,'en','plugins/ecommerce/brands','intro.button_text','Create brand','2023-11-09 09:21:12','2023-11-09 09:21:12'),(1614,1,'en','plugins/ecommerce/bulk-import','name','Bulk Import','2023-11-09 09:21:12','2023-11-09 09:21:12'),(1615,1,'en','plugins/ecommerce/bulk-import','loading_text','Importing','2023-11-09 09:21:12','2023-11-09 09:21:12'),(1616,1,'en','plugins/ecommerce/bulk-import','imported_successfully','Imported successfully.','2023-11-09 09:21:12','2023-11-09 09:21:12'),(1617,1,'en','plugins/ecommerce/bulk-import','please_choose_the_file_mime','Please choose the file mime :types','2023-11-09 09:21:12','2023-11-09 09:21:12'),(1618,1,'en','plugins/ecommerce/bulk-import','please_choose_the_file','Please choose the file','2023-11-09 09:21:12','2023-11-09 09:21:12'),(1619,1,'en','plugins/ecommerce/bulk-import','start_import','Start Import','2023-11-09 09:21:12','2023-11-09 09:21:12'),(1620,1,'en','plugins/ecommerce/bulk-import','note','Note!','2023-11-09 09:21:12','2023-11-09 09:21:12'),(1621,1,'en','plugins/ecommerce/bulk-import','warning_before_importing','If this is your first time using this feature, please read the documentation or contact the Administrator for access to the correct functionality!','2023-11-09 09:21:12','2023-11-09 09:21:12'),(1622,1,'en','plugins/ecommerce/bulk-import','results','Result: :success successes, :failed failures','2023-11-09 09:21:12','2023-11-09 09:21:12'),(1623,1,'en','plugins/ecommerce/bulk-import','failures','Failures','2023-11-09 09:21:12','2023-11-09 09:21:12'),(1624,1,'en','plugins/ecommerce/bulk-import','tables.import','Import','2023-11-09 09:21:12','2023-11-09 09:21:12'),(1625,1,'en','plugins/ecommerce/bulk-import','template','Template','2023-11-09 09:21:12','2023-11-09 09:21:12'),(1626,1,'en','plugins/ecommerce/bulk-import','rules','Rules','2023-11-09 09:21:12','2023-11-09 09:21:12'),(1627,1,'en','plugins/ecommerce/bulk-import','choose_file_with_mime','Choose file with mime: (:types)','2023-11-09 09:21:12','2023-11-09 09:21:12'),(1628,1,'en','plugins/ecommerce/bulk-import','choose_file','Choose file','2023-11-09 09:21:12','2023-11-09 09:21:12'),(1629,1,'en','plugins/ecommerce/bulk-import','menu','Import products','2023-11-09 09:21:12','2023-11-09 09:21:12'),(1630,1,'en','plugins/ecommerce/bulk-import','download-csv-file','Download CSV template','2023-11-09 09:21:12','2023-11-09 09:21:12'),(1631,1,'en','plugins/ecommerce/bulk-import','download-excel-file','Download Excel template','2023-11-09 09:21:12','2023-11-09 09:21:12'),(1632,1,'en','plugins/ecommerce/bulk-import','downloading','Downloading...','2023-11-09 09:21:12','2023-11-09 09:21:12'),(1633,1,'en','plugins/ecommerce/bulk-import','export.template.input_error','Input error','2023-11-09 09:21:12','2023-11-09 09:21:12'),(1634,1,'en','plugins/ecommerce/bulk-import','export.template.number_not_allowed','Number is not allowed!','2023-11-09 09:21:12','2023-11-09 09:21:12'),(1635,1,'en','plugins/ecommerce/bulk-import','export.template.allowed_input','Allowed input','2023-11-09 09:21:12','2023-11-09 09:21:12'),(1636,1,'en','plugins/ecommerce/bulk-import','export.template.prompt_decimal','Only numbers or decimals are accepted and greater than or equal to :min.','2023-11-09 09:21:12','2023-11-09 09:21:12'),(1637,1,'en','plugins/ecommerce/bulk-import','export.template.prompt_whole_number','Only numbers are accepted and greater than or equal to :min.','2023-11-09 09:21:12','2023-11-09 09:21:12'),(1638,1,'en','plugins/ecommerce/bulk-import','export.template.prompt_list','Please pick a value from the drop-down list.','2023-11-09 09:21:12','2023-11-09 09:21:12'),(1639,1,'en','plugins/ecommerce/bulk-import','export.template.pick_from_list','Pick from list','2023-11-09 09:21:12','2023-11-09 09:21:12'),(1640,1,'en','plugins/ecommerce/bulk-import','export.template.value_not_in_list','Value is not in list.','2023-11-09 09:21:12','2023-11-09 09:21:12'),(1641,1,'en','plugins/ecommerce/bulk-import','import_failed_description','Import failed, please check the errors below!','2023-11-09 09:21:12','2023-11-09 09:21:12'),(1642,1,'en','plugins/ecommerce/bulk-import','column','Column','2023-11-09 09:21:12','2023-11-09 09:21:12'),(1643,1,'en','plugins/ecommerce/bulk-import','row','Row','2023-11-09 09:21:12','2023-11-09 09:21:12'),(1644,1,'en','plugins/ecommerce/bulk-import','attribute','Attribute','2023-11-09 09:21:12','2023-11-09 09:21:12'),(1645,1,'en','plugins/ecommerce/bulk-import','errors','Errors','2023-11-09 09:21:12','2023-11-09 09:21:12'),(1646,1,'en','plugins/ecommerce/bulk-import','import_types.name','Import type','2023-11-09 09:21:12','2023-11-09 09:21:12'),(1647,1,'en','plugins/ecommerce/bulk-import','import_types.all','All','2023-11-09 09:21:12','2023-11-09 09:21:12'),(1648,1,'en','plugins/ecommerce/bulk-import','import_types.products','Products','2023-11-09 09:21:12','2023-11-09 09:21:12'),(1649,1,'en','plugins/ecommerce/bulk-import','import_types.variations','Variations','2023-11-09 09:21:12','2023-11-09 09:21:12'),(1650,1,'en','plugins/ecommerce/bulk-import','import_products','Import products','2023-11-09 09:21:12','2023-11-09 09:21:12'),(1651,1,'en','plugins/ecommerce/currency','currencies','Currencies','2023-11-09 09:21:12','2023-11-09 09:21:12'),(1652,1,'en','plugins/ecommerce/currency','setting_description','List of currencies using on website','2023-11-09 09:21:12','2023-11-09 09:21:12'),(1653,1,'en','plugins/ecommerce/currency','name','Name','2023-11-09 09:21:12','2023-11-09 09:21:12'),(1654,1,'en','plugins/ecommerce/currency','symbol','Symbol','2023-11-09 09:21:12','2023-11-09 09:21:12'),(1655,1,'en','plugins/ecommerce/currency','number_of_decimals','Number of decimals','2023-11-09 09:21:12','2023-11-09 09:21:12'),(1656,1,'en','plugins/ecommerce/currency','exchange_rate','Exchange rate','2023-11-09 09:21:12','2023-11-09 09:21:12'),(1657,1,'en','plugins/ecommerce/currency','is_prefix_symbol','Position of symbol','2023-11-09 09:21:12','2023-11-09 09:21:12'),(1658,1,'en','plugins/ecommerce/currency','is_default','Is default?','2023-11-09 09:21:12','2023-11-09 09:21:12'),(1659,1,'en','plugins/ecommerce/currency','remove','Remove','2023-11-09 09:21:12','2023-11-09 09:21:12'),(1660,1,'en','plugins/ecommerce/currency','new_currency','Add a new currency','2023-11-09 09:21:12','2023-11-09 09:21:12'),(1661,1,'en','plugins/ecommerce/currency','save_settings','Save settings','2023-11-09 09:21:12','2023-11-09 09:21:12'),(1662,1,'en','plugins/ecommerce/currency','before_number','Before number','2023-11-09 09:21:12','2023-11-09 09:21:12'),(1663,1,'en','plugins/ecommerce/currency','after_number','After number','2023-11-09 09:21:12','2023-11-09 09:21:12'),(1664,1,'en','plugins/ecommerce/currency','require_at_least_one_currency','The system requires at least one currency!','2023-11-09 09:21:12','2023-11-09 09:21:12'),(1665,1,'en','plugins/ecommerce/currency','enable_auto_detect_visitor_currency','Enable auto-detect visitor currency?','2023-11-09 09:21:12','2023-11-09 09:21:12'),(1666,1,'en','plugins/ecommerce/currency','auto_detect_visitor_currency_description','It detects visitor currency based on browser language. It will override default currency selection.','2023-11-09 09:21:12','2023-11-09 09:21:12'),(1667,1,'en','plugins/ecommerce/currency','add_space_between_price_and_currency','Add a space between price and currency?','2023-11-09 09:21:12','2023-11-09 09:21:12'),(1668,1,'en','plugins/ecommerce/currency','invalid_currency_name','Invalid currency code, it must be in :currencies.','2023-11-09 09:21:12','2023-11-09 09:21:12'),(1669,1,'en','plugins/ecommerce/currency','instruction','Please check list currency code here: https://en.wikipedia.org/wiki/ISO_4217','2023-11-09 09:21:12','2023-11-09 09:21:12'),(1670,1,'en','plugins/ecommerce/currency','code','Code','2023-11-09 09:21:12','2023-11-09 09:21:12'),(1671,1,'en','plugins/ecommerce/currency','api_key','API exchange rates key','2023-11-09 09:21:12','2023-11-09 09:21:12'),(1672,1,'en','plugins/ecommerce/currency','update_currency_rates','Update currency rates','2023-11-09 09:21:12','2023-11-09 09:21:12'),(1673,1,'en','plugins/ecommerce/currency','clear_cache_rates','Clear cache rates','2023-11-09 09:21:12','2023-11-09 09:21:12'),(1674,1,'en','plugins/ecommerce/currency','no_api_key','No API key','2023-11-09 09:21:12','2023-11-09 09:21:12'),(1675,1,'en','plugins/ecommerce/currency','api_key_helper','Get exchange rate API key on :link','2023-11-09 09:21:12','2023-11-09 09:21:12'),(1676,1,'en','plugins/ecommerce/currency','use_exchange_rate_from_api','Use exchange rate from API?','2023-11-09 09:21:12','2023-11-09 09:21:12'),(1677,1,'en','plugins/ecommerce/currency','clear_cache_rates_successfully','Clear cache currency rates successfully.','2023-11-09 09:21:12','2023-11-09 09:21:12'),(1678,1,'en','plugins/ecommerce/customer','name','Customers','2023-11-09 09:21:12','2023-11-09 09:21:12'),(1679,1,'en','plugins/ecommerce/customer','create','Create a customer','2023-11-09 09:21:12','2023-11-09 09:21:12'),(1680,1,'en','plugins/ecommerce/customer','edit','Edit customer \":name\"','2023-11-09 09:21:12','2023-11-09 09:21:12'),(1681,1,'en','plugins/ecommerce/customer','email','Email','2023-11-09 09:21:13','2023-11-09 09:21:13'),(1682,1,'en','plugins/ecommerce/customer','email_placeholder','Ex: example@gmail.com','2023-11-09 09:21:13','2023-11-09 09:21:13'),(1683,1,'en','plugins/ecommerce/customer','password','Password','2023-11-09 09:21:13','2023-11-09 09:21:13'),(1684,1,'en','plugins/ecommerce/customer','change_password','Change password?','2023-11-09 09:21:13','2023-11-09 09:21:13'),(1685,1,'en','plugins/ecommerce/customer','password_confirmation','Password confirmation','2023-11-09 09:21:13','2023-11-09 09:21:13'),(1686,1,'en','plugins/ecommerce/customer','intro.title','Manage customers','2023-11-09 09:21:13','2023-11-09 09:21:13'),(1687,1,'en','plugins/ecommerce/customer','intro.description','When a customer buy your product(s), you will know their order histories.','2023-11-09 09:21:13','2023-11-09 09:21:13'),(1688,1,'en','plugins/ecommerce/customer','intro.button_text','Create customer','2023-11-09 09:21:13','2023-11-09 09:21:13'),(1689,1,'en','plugins/ecommerce/customer','phone','Phone','2023-11-09 09:21:13','2023-11-09 09:21:13'),(1690,1,'en','plugins/ecommerce/customer','phone_placeholder','Phone','2023-11-09 09:21:13','2023-11-09 09:21:13'),(1691,1,'en','plugins/ecommerce/customer','avatar','Avatar','2023-11-09 09:21:13','2023-11-09 09:21:13'),(1692,1,'en','plugins/ecommerce/customer','dob','Date of birth','2023-11-09 09:21:13','2023-11-09 09:21:13'),(1693,1,'en','plugins/ecommerce/customer','statuses.activated','Activated','2023-11-09 09:21:13','2023-11-09 09:21:13'),(1694,1,'en','plugins/ecommerce/customer','statuses.locked','Locked','2023-11-09 09:21:13','2023-11-09 09:21:13'),(1695,1,'en','plugins/ecommerce/customer','email_verified','Email verified?','2023-11-09 09:21:13','2023-11-09 09:21:13'),(1696,1,'en','plugins/ecommerce/customer','verify_email.confirm_heading','Verify email confirmation','2023-11-09 09:21:13','2023-11-09 09:21:13'),(1697,1,'en','plugins/ecommerce/customer','verify_email.confirm_description','Are you sure you want to verify email this customer?','2023-11-09 09:21:13','2023-11-09 09:21:13'),(1698,1,'en','plugins/ecommerce/customer','verify_email.notification','This customer is not verified email yet? :approve_link to verify email.','2023-11-09 09:21:13','2023-11-09 09:21:13'),(1699,1,'en','plugins/ecommerce/customer','verify_email.approve_here','click here','2023-11-09 09:21:13','2023-11-09 09:21:13'),(1700,1,'en','plugins/ecommerce/customer','verify_email.confirm_button','Verify','2023-11-09 09:21:13','2023-11-09 09:21:13'),(1701,1,'en','plugins/ecommerce/discount','name','Discounts','2023-11-09 09:21:13','2023-11-09 09:21:13'),(1702,1,'en','plugins/ecommerce/discount','create','Create discount','2023-11-09 09:21:13','2023-11-09 09:21:13'),(1703,1,'en','plugins/ecommerce/discount','edit','Edit discount','2023-11-09 09:21:13','2023-11-09 09:21:13'),(1704,1,'en','plugins/ecommerce/discount','invalid_coupon','This coupon is invalid or expired!','2023-11-09 09:21:13','2023-11-09 09:21:13'),(1705,1,'en','plugins/ecommerce/discount','cannot_use_same_time_with_other_discount_program','Cannot use this coupon in the same time with other discount program!','2023-11-09 09:21:13','2023-11-09 09:21:13'),(1706,1,'en','plugins/ecommerce/discount','not_used','This coupon is not used yet!','2023-11-09 09:21:13','2023-11-09 09:21:13'),(1707,1,'en','plugins/ecommerce/discount','detail','Detail','2023-11-09 09:21:13','2023-11-09 09:21:13'),(1708,1,'en','plugins/ecommerce/discount','used','Used','2023-11-09 09:21:13','2023-11-09 09:21:13'),(1709,1,'en','plugins/ecommerce/discount','intro.title','Manage discount/coupon code','2023-11-09 09:21:13','2023-11-09 09:21:13'),(1710,1,'en','plugins/ecommerce/discount','intro.description','Create coupon code or promotion for your products.','2023-11-09 09:21:13','2023-11-09 09:21:13'),(1711,1,'en','plugins/ecommerce/discount','intro.button_text','Create discount','2023-11-09 09:21:13','2023-11-09 09:21:13'),(1712,1,'en','plugins/ecommerce/discount','expired','Expired','2023-11-09 09:21:13','2023-11-09 09:21:13'),(1713,1,'en','plugins/ecommerce/discount','discount_promotion','Discount promotion','2023-11-09 09:21:13','2023-11-09 09:21:13'),(1714,1,'en','plugins/ecommerce/discount','can','can','2023-11-09 09:21:13','2023-11-09 09:21:13'),(1715,1,'en','plugins/ecommerce/discount','cannot','cannot','2023-11-09 09:21:13','2023-11-09 09:21:13'),(1716,1,'en','plugins/ecommerce/discount','use_with_promotion','be used with promotion','2023-11-09 09:21:13','2023-11-09 09:21:13'),(1717,1,'en','plugins/ecommerce/discount','create_discount_validate_title_required_if','Please enter the name of the promotion','2023-11-09 09:21:13','2023-11-09 09:21:13'),(1718,1,'en','plugins/ecommerce/discount','create_discount_validate_code_required_if','Please enter the promotion code','2023-11-09 09:21:13','2023-11-09 09:21:13'),(1719,1,'en','plugins/ecommerce/discount','create_discount_validate_value_required','Amount must be greater than 0','2023-11-09 09:21:13','2023-11-09 09:21:13'),(1720,1,'en','plugins/ecommerce/discount','create_discount_validate_target_required','No object selected for promotion','2023-11-09 09:21:13','2023-11-09 09:21:13'),(1721,1,'en','plugins/ecommerce/discount','enums.type-options.amount','Amount - Fixed','2023-11-09 09:21:13','2023-11-09 09:21:13'),(1722,1,'en','plugins/ecommerce/discount','enums.type-options.percentage','Discount %','2023-11-09 09:21:13','2023-11-09 09:21:13'),(1723,1,'en','plugins/ecommerce/discount','enums.type-options.shipping','Free shipping','2023-11-09 09:21:13','2023-11-09 09:21:13'),(1724,1,'en','plugins/ecommerce/discount','enums.type-options.same-price','Same price','2023-11-09 09:21:13','2023-11-09 09:21:13'),(1725,1,'en','plugins/ecommerce/discount','enums.types.coupon','Coupon','2023-11-09 09:21:13','2023-11-09 09:21:13'),(1726,1,'en','plugins/ecommerce/discount','enums.types.promotion','Promotion','2023-11-09 09:21:13','2023-11-09 09:21:13'),(1727,1,'en','plugins/ecommerce/discount','enums.targets.all-orders','All orders','2023-11-09 09:21:13','2023-11-09 09:21:13'),(1728,1,'en','plugins/ecommerce/discount','enums.targets.customer','Customer','2023-11-09 09:21:13','2023-11-09 09:21:13'),(1729,1,'en','plugins/ecommerce/discount','enums.targets.amount-minimum-order','Minimum order amount','2023-11-09 09:21:13','2023-11-09 09:21:13'),(1730,1,'en','plugins/ecommerce/discount','enums.targets.product-variant','Product variant','2023-11-09 09:21:13','2023-11-09 09:21:13'),(1731,1,'en','plugins/ecommerce/discount','enums.targets.group-products','Product collections','2023-11-09 09:21:13','2023-11-09 09:21:13'),(1732,1,'en','plugins/ecommerce/discount','enums.targets.specific-product','Specific product','2023-11-09 09:21:13','2023-11-09 09:21:13'),(1733,1,'en','plugins/ecommerce/discount','discount','Discount','2023-11-09 09:21:13','2023-11-09 09:21:13'),(1734,1,'en','plugins/ecommerce/discount','create_coupon_code','Create coupon code','2023-11-09 09:21:13','2023-11-09 09:21:13'),(1735,1,'en','plugins/ecommerce/discount','create_discount_promotion','Create discount promotion','2023-11-09 09:21:13','2023-11-09 09:21:13'),(1736,1,'en','plugins/ecommerce/discount','generate_coupon_code','Generate coupon code','2023-11-09 09:21:13','2023-11-09 09:21:13'),(1737,1,'en','plugins/ecommerce/discount','customers_will_enter_this_coupon_code_when_they_checkout','Customers will enter this coupon code when they checkout','2023-11-09 09:21:13','2023-11-09 09:21:13'),(1738,1,'en','plugins/ecommerce/discount','select_type_of_discount','Select type of discount','2023-11-09 09:21:13','2023-11-09 09:21:13'),(1739,1,'en','plugins/ecommerce/discount','coupon_code','Coupon code','2023-11-09 09:21:13','2023-11-09 09:21:13'),(1740,1,'en','plugins/ecommerce/discount','promotion','Promotion','2023-11-09 09:21:13','2023-11-09 09:21:13'),(1741,1,'en','plugins/ecommerce/discount','can_be_used_with_promotion','Can be used with promotion?','2023-11-09 09:21:13','2023-11-09 09:21:13'),(1742,1,'en','plugins/ecommerce/discount','unlimited_coupon','Unlimited coupon?','2023-11-09 09:21:13','2023-11-09 09:21:13'),(1743,1,'en','plugins/ecommerce/discount','enter_number','Enter number','2023-11-09 09:21:13','2023-11-09 09:21:13'),(1744,1,'en','plugins/ecommerce/discount','coupon_type','Coupon type','2023-11-09 09:21:13','2023-11-09 09:21:13'),(1745,1,'en','plugins/ecommerce/discount','percentage_discount','Percentage discount (%)','2023-11-09 09:21:13','2023-11-09 09:21:13'),(1746,1,'en','plugins/ecommerce/discount','free_shipping','Free shipping','2023-11-09 09:21:13','2023-11-09 09:21:13'),(1747,1,'en','plugins/ecommerce/discount','same_price','Same price','2023-11-09 09:21:13','2023-11-09 09:21:13'),(1748,1,'en','plugins/ecommerce/discount','apply_for','apply for','2023-11-09 09:21:13','2023-11-09 09:21:13'),(1749,1,'en','plugins/ecommerce/discount','all_orders','All orders','2023-11-09 09:21:13','2023-11-09 09:21:13'),(1750,1,'en','plugins/ecommerce/discount','order_amount_from','Order amount from','2023-11-09 09:21:13','2023-11-09 09:21:13'),(1751,1,'en','plugins/ecommerce/discount','product_collection','Product collection','2023-11-09 09:21:13','2023-11-09 09:21:13'),(1752,1,'en','plugins/ecommerce/discount','product_category','Product category','2023-11-09 09:21:13','2023-11-09 09:21:13'),(1753,1,'en','plugins/ecommerce/discount','product','Product','2023-11-09 09:21:13','2023-11-09 09:21:13'),(1754,1,'en','plugins/ecommerce/discount','customer','Customer','2023-11-09 09:21:13','2023-11-09 09:21:13'),(1755,1,'en','plugins/ecommerce/discount','variant','Variant','2023-11-09 09:21:13','2023-11-09 09:21:13'),(1756,1,'en','plugins/ecommerce/discount','search_product','Search product','2023-11-09 09:21:13','2023-11-09 09:21:13'),(1757,1,'en','plugins/ecommerce/discount','no_products_found','No products found!','2023-11-09 09:21:13','2023-11-09 09:21:13'),(1758,1,'en','plugins/ecommerce/discount','search_customer','Search customer','2023-11-09 09:21:13','2023-11-09 09:21:13'),(1759,1,'en','plugins/ecommerce/discount','no_customer_found','No customer found!','2023-11-09 09:21:13','2023-11-09 09:21:13'),(1760,1,'en','plugins/ecommerce/discount','one_time_per_order','One time per order','2023-11-09 09:21:13','2023-11-09 09:21:13'),(1761,1,'en','plugins/ecommerce/discount','one_time_per_product_in_cart','One time per product in cart','2023-11-09 09:21:13','2023-11-09 09:21:13'),(1762,1,'en','plugins/ecommerce/discount','number_of_products','Number of products required to apply','2023-11-09 09:21:13','2023-11-09 09:21:13'),(1763,1,'en','plugins/ecommerce/discount','selected_products','Selected products','2023-11-09 09:21:13','2023-11-09 09:21:13'),(1764,1,'en','plugins/ecommerce/discount','selected_customers','Selected customers','2023-11-09 09:21:13','2023-11-09 09:21:13'),(1765,1,'en','plugins/ecommerce/discount','time','Time','2023-11-09 09:21:13','2023-11-09 09:21:13'),(1766,1,'en','plugins/ecommerce/discount','start_date','Start date','2023-11-09 09:21:13','2023-11-09 09:21:13'),(1767,1,'en','plugins/ecommerce/discount','end_date','End date','2023-11-09 09:21:14','2023-11-09 09:21:14'),(1768,1,'en','plugins/ecommerce/discount','never_expired','Never expired?','2023-11-09 09:21:14','2023-11-09 09:21:14'),(1769,1,'en','plugins/ecommerce/discount','save','Save','2023-11-09 09:21:14','2023-11-09 09:21:14'),(1770,1,'en','plugins/ecommerce/discount','enter_promotion_name','Enter promotion name','2023-11-09 09:21:14','2023-11-09 09:21:14'),(1771,1,'en','plugins/ecommerce/discount','enter_coupon_name','Enter coupon name','2023-11-09 09:21:14','2023-11-09 09:21:14'),(1772,1,'en','plugins/ecommerce/discount','cancel','Cancel','2023-11-09 09:21:14','2023-11-09 09:21:14'),(1773,1,'en','plugins/ecommerce/discount','is','Is','2023-11-09 09:21:14','2023-11-09 09:21:14'),(1774,1,'en','plugins/ecommerce/discount','when_shipping_fee_less_than','when shipping fee less than','2023-11-09 09:21:14','2023-11-09 09:21:14'),(1775,1,'en','plugins/ecommerce/discount','minimum_order_amount_error','You are under :minimum_amount to apply the coupon, you must add :add_more more items to your cart','2023-11-09 09:21:14','2023-11-09 09:21:14'),(1776,1,'en','plugins/ecommerce/discount','once_per_customer','Once per customer','2023-11-09 09:21:14','2023-11-09 09:21:14'),(1777,1,'en','plugins/ecommerce/discount','you_need_login_to_use_coupon_code','You need to login to use this coupon code','2023-11-09 09:21:14','2023-11-09 09:21:14'),(1778,1,'en','plugins/ecommerce/discount','you_used_coupon_code','You have already used this coupon code','2023-11-09 09:21:14','2023-11-09 09:21:14'),(1779,1,'en','plugins/ecommerce/discount','customer_used_coupon_code','Customers who have used this discount code','2023-11-09 09:21:14','2023-11-09 09:21:14'),(1780,1,'en','plugins/ecommerce/discount','apply_via_url','Apply via URL?','2023-11-09 09:21:14','2023-11-09 09:21:14'),(1781,1,'en','plugins/ecommerce/discount','apply_via_url_description','This setting will apply coupon code when customers access the URL with the parameter \"?coupon=code\".','2023-11-09 09:21:14','2023-11-09 09:21:14'),(1782,1,'en','plugins/ecommerce/ecommerce','settings','Settings','2023-11-09 09:21:14','2023-11-09 09:21:14'),(1783,1,'en','plugins/ecommerce/ecommerce','name','Ecommerce','2023-11-09 09:21:14','2023-11-09 09:21:14'),(1784,1,'en','plugins/ecommerce/ecommerce','setting.email.title','E-commerce','2023-11-09 09:21:14','2023-11-09 09:21:14'),(1785,1,'en','plugins/ecommerce/ecommerce','setting.email.description','Ecommerce email config','2023-11-09 09:21:14','2023-11-09 09:21:14'),(1786,1,'en','plugins/ecommerce/ecommerce','setting.email.order_confirm_subject','Subject of order confirmation email','2023-11-09 09:21:14','2023-11-09 09:21:14'),(1787,1,'en','plugins/ecommerce/ecommerce','setting.email.order_confirm_subject_placeholder','The subject of email confirmation send to the customer','2023-11-09 09:21:14','2023-11-09 09:21:14'),(1788,1,'en','plugins/ecommerce/ecommerce','setting.email.order_confirm_content','Content of order confirmation email','2023-11-09 09:21:14','2023-11-09 09:21:14'),(1789,1,'en','plugins/ecommerce/ecommerce','setting.email.order_status_change_subject','Subject of email when changing order\'s status','2023-11-09 09:21:14','2023-11-09 09:21:14'),(1790,1,'en','plugins/ecommerce/ecommerce','setting.email.order_status_change_subject_placeholder','Subject of email when changing order\'s status send to customer','2023-11-09 09:21:14','2023-11-09 09:21:14'),(1791,1,'en','plugins/ecommerce/ecommerce','setting.email.order_status_change_content','Content of email when changing order\'s status','2023-11-09 09:21:14','2023-11-09 09:21:14'),(1792,1,'en','plugins/ecommerce/ecommerce','setting.email.from_email','Email from','2023-11-09 09:21:14','2023-11-09 09:21:14'),(1793,1,'en','plugins/ecommerce/ecommerce','setting.email.from_email_placeholder','Email from address to display in mail. Ex: example@gmail.com','2023-11-09 09:21:14','2023-11-09 09:21:14'),(1794,1,'en','plugins/ecommerce/ecommerce','setting.title','Basic information','2023-11-09 09:21:14','2023-11-09 09:21:14'),(1795,1,'en','plugins/ecommerce/ecommerce','setting.state','State','2023-11-09 09:21:14','2023-11-09 09:21:14'),(1796,1,'en','plugins/ecommerce/ecommerce','setting.city','City','2023-11-09 09:21:14','2023-11-09 09:21:14'),(1797,1,'en','plugins/ecommerce/ecommerce','setting.country','Country','2023-11-09 09:21:14','2023-11-09 09:21:14'),(1798,1,'en','plugins/ecommerce/ecommerce','setting.weight_unit_gram','Gram (g)','2023-11-09 09:21:14','2023-11-09 09:21:14'),(1799,1,'en','plugins/ecommerce/ecommerce','setting.weight_unit_kilogram','Kilogram (kg)','2023-11-09 09:21:14','2023-11-09 09:21:14'),(1800,1,'en','plugins/ecommerce/ecommerce','setting.weight_unit_lb','Pound (lb)','2023-11-09 09:21:14','2023-11-09 09:21:14'),(1801,1,'en','plugins/ecommerce/ecommerce','setting.weight_unit_oz','Ounce (oz)','2023-11-09 09:21:14','2023-11-09 09:21:14'),(1802,1,'en','plugins/ecommerce/ecommerce','setting.height_unit_cm','Centimeter (cm)','2023-11-09 09:21:14','2023-11-09 09:21:14'),(1803,1,'en','plugins/ecommerce/ecommerce','setting.height_unit_m','Meter (m)','2023-11-09 09:21:14','2023-11-09 09:21:14'),(1804,1,'en','plugins/ecommerce/ecommerce','setting.height_unit_inch','Inch','2023-11-09 09:21:14','2023-11-09 09:21:14'),(1805,1,'en','plugins/ecommerce/ecommerce','setting.store_locator_title','Store locators','2023-11-09 09:21:14','2023-11-09 09:21:14'),(1806,1,'en','plugins/ecommerce/ecommerce','setting.store_locator_description','All the lists of your chains, main stores, branches, etc. The locations can be used to track sales and to help us configure tax rates to charge when selling products.','2023-11-09 09:21:14','2023-11-09 09:21:14'),(1807,1,'en','plugins/ecommerce/ecommerce','setting.phone','Phone','2023-11-09 09:21:14','2023-11-09 09:21:14'),(1808,1,'en','plugins/ecommerce/ecommerce','setting.email_address','Email','2023-11-09 09:21:14','2023-11-09 09:21:14'),(1809,1,'en','plugins/ecommerce/ecommerce','setting.address','Address','2023-11-09 09:21:14','2023-11-09 09:21:14'),(1810,1,'en','plugins/ecommerce/ecommerce','setting.is_primary','Primary?','2023-11-09 09:21:14','2023-11-09 09:21:14'),(1811,1,'en','plugins/ecommerce/ecommerce','setting.add_new','Add new','2023-11-09 09:21:14','2023-11-09 09:21:14'),(1812,1,'en','plugins/ecommerce/ecommerce','setting.or','Or','2023-11-09 09:21:14','2023-11-09 09:21:14'),(1813,1,'en','plugins/ecommerce/ecommerce','setting.change_primary_store','change default store locator','2023-11-09 09:21:14','2023-11-09 09:21:14'),(1814,1,'en','plugins/ecommerce/ecommerce','setting.other_settings','Other settings','2023-11-09 09:21:14','2023-11-09 09:21:14'),(1815,1,'en','plugins/ecommerce/ecommerce','setting.other_settings_description','Settings for cart, review...','2023-11-09 09:21:14','2023-11-09 09:21:14'),(1816,1,'en','plugins/ecommerce/ecommerce','setting.enable_cart','Enable shopping cart?','2023-11-09 09:21:14','2023-11-09 09:21:14'),(1817,1,'en','plugins/ecommerce/ecommerce','setting.enable_tax','Enable tax?','2023-11-09 09:21:14','2023-11-09 09:21:14'),(1818,1,'en','plugins/ecommerce/ecommerce','setting.display_product_price_including_taxes','Display product price including taxes?','2023-11-09 09:21:14','2023-11-09 09:21:14'),(1819,1,'en','plugins/ecommerce/ecommerce','setting.enable_review','Enable review?','2023-11-09 09:21:14','2023-11-09 09:21:14'),(1820,1,'en','plugins/ecommerce/ecommerce','setting.enable_quick_buy_button','Enable quick buy button?','2023-11-09 09:21:14','2023-11-09 09:21:14'),(1821,1,'en','plugins/ecommerce/ecommerce','setting.quick_buy_target','Quick buy target page?','2023-11-09 09:21:14','2023-11-09 09:21:14'),(1822,1,'en','plugins/ecommerce/ecommerce','setting.checkout_page','Checkout page','2023-11-09 09:21:14','2023-11-09 09:21:14'),(1823,1,'en','plugins/ecommerce/ecommerce','setting.cart_page','Cart page','2023-11-09 09:21:14','2023-11-09 09:21:14'),(1824,1,'en','plugins/ecommerce/ecommerce','setting.add_location','Add location','2023-11-09 09:21:14','2023-11-09 09:21:14'),(1825,1,'en','plugins/ecommerce/ecommerce','setting.edit_location','Edit location','2023-11-09 09:21:14','2023-11-09 09:21:14'),(1826,1,'en','plugins/ecommerce/ecommerce','setting.delete_location','Delete location','2023-11-09 09:21:14','2023-11-09 09:21:14'),(1827,1,'en','plugins/ecommerce/ecommerce','setting.change_primary_location','Change primary location','2023-11-09 09:21:14','2023-11-09 09:21:14'),(1828,1,'en','plugins/ecommerce/ecommerce','setting.delete_location_confirmation','Are you sure you want to delete this location? This action cannot be undo.','2023-11-09 09:21:14','2023-11-09 09:21:14'),(1829,1,'en','plugins/ecommerce/ecommerce','setting.save_location','Save location','2023-11-09 09:21:14','2023-11-09 09:21:14'),(1830,1,'en','plugins/ecommerce/ecommerce','setting.accept','Accept','2023-11-09 09:21:14','2023-11-09 09:21:14'),(1831,1,'en','plugins/ecommerce/ecommerce','setting.select_country','Select country...','2023-11-09 09:21:14','2023-11-09 09:21:14'),(1832,1,'en','plugins/ecommerce/ecommerce','setting.zip_code_enabled','Enable Zip Code?','2023-11-09 09:21:14','2023-11-09 09:21:14'),(1833,1,'en','plugins/ecommerce/ecommerce','setting.thousands_separator','Thousands separator','2023-11-09 09:21:14','2023-11-09 09:21:14'),(1834,1,'en','plugins/ecommerce/ecommerce','setting.decimal_separator','Decimal separator','2023-11-09 09:21:14','2023-11-09 09:21:14'),(1835,1,'en','plugins/ecommerce/ecommerce','setting.separator_period','Period (.)','2023-11-09 09:21:14','2023-11-09 09:21:14'),(1836,1,'en','plugins/ecommerce/ecommerce','setting.separator_comma','Comma (,)','2023-11-09 09:21:14','2023-11-09 09:21:14'),(1837,1,'en','plugins/ecommerce/ecommerce','setting.separator_space','Space ( )','2023-11-09 09:21:14','2023-11-09 09:21:14'),(1838,1,'en','plugins/ecommerce/ecommerce','setting.available_countries','Available countries','2023-11-09 09:21:14','2023-11-09 09:21:14'),(1839,1,'en','plugins/ecommerce/ecommerce','setting.all','All','2023-11-09 09:21:14','2023-11-09 09:21:14'),(1840,1,'en','plugins/ecommerce/ecommerce','setting.verify_customer_email','Verify customer\'s email?','2023-11-09 09:21:14','2023-11-09 09:21:14'),(1841,1,'en','plugins/ecommerce/ecommerce','setting.minimum_order_amount','Minimum order amount to place an order (:currency).','2023-11-09 09:21:14','2023-11-09 09:21:14'),(1842,1,'en','plugins/ecommerce/ecommerce','setting.enable_guest_checkout','Enable guest checkout?','2023-11-09 09:21:14','2023-11-09 09:21:14'),(1843,1,'en','plugins/ecommerce/ecommerce','setting.show_number_of_products','Show number of products in the product single','2023-11-09 09:21:14','2023-11-09 09:21:14'),(1844,1,'en','plugins/ecommerce/ecommerce','setting.payment_method_cod_minimum_amount','Minimum order amount - :currency (Optional)','2023-11-09 09:21:14','2023-11-09 09:21:14'),(1845,1,'en','plugins/ecommerce/ecommerce','setting.review.max_file_size','Review max file size (MB)','2023-11-09 09:21:14','2023-11-09 09:21:14'),(1846,1,'en','plugins/ecommerce/ecommerce','setting.review.max_file_number','Review max file number','2023-11-09 09:21:14','2023-11-09 09:21:14'),(1847,1,'en','plugins/ecommerce/ecommerce','setting.using_custom_font_for_invoice','Using custom font for invoice?','2023-11-09 09:21:14','2023-11-09 09:21:14'),(1848,1,'en','plugins/ecommerce/ecommerce','setting.invoice_font_family','Invoice font family (Only work for Latin language)','2023-11-09 09:21:14','2023-11-09 09:21:14'),(1849,1,'en','plugins/ecommerce/ecommerce','setting.enable_invoice_stamp','Enable invoice stamp?','2023-11-09 09:21:14','2023-11-09 09:21:14'),(1850,1,'en','plugins/ecommerce/ecommerce','setting.invoice_support_arabic_language','Support Arabic language in invoice?','2023-11-09 09:21:14','2023-11-09 09:21:14'),(1851,1,'en','plugins/ecommerce/ecommerce','setting.disable_order_invoice_until_order_confirmed','Disable order invoice until order confirmed?','2023-11-09 09:21:14','2023-11-09 09:21:14'),(1852,1,'en','plugins/ecommerce/ecommerce','setting.vat_number','VAT number','2023-11-09 09:21:14','2023-11-09 09:21:14'),(1853,1,'en','plugins/ecommerce/ecommerce','setting.tax_id','Tax ID','2023-11-09 09:21:14','2023-11-09 09:21:14'),(1854,1,'en','plugins/ecommerce/ecommerce','setting.enable_recaptcha_in_register_page','Enable Recaptcha in the registration page?','2023-11-09 09:21:15','2023-11-09 09:21:15'),(1855,1,'en','plugins/ecommerce/ecommerce','setting.enable_math_captcha_in_register_page','Enable Math captcha in the registration page?','2023-11-09 09:21:15','2023-11-09 09:21:15'),(1856,1,'en','plugins/ecommerce/ecommerce','setting.enable_recaptcha_in_register_page_description','Need to setup Captcha in Admin -> Settings -> General first.','2023-11-09 09:21:15','2023-11-09 09:21:15'),(1857,1,'en','plugins/ecommerce/ecommerce','setting.show_out_of_stock_products','Show out of stock products?','2023-11-09 09:21:15','2023-11-09 09:21:15'),(1858,1,'en','plugins/ecommerce/ecommerce','setting.default_tax_rate','Default tax rate','2023-11-09 09:21:15','2023-11-09 09:21:15'),(1859,1,'en','plugins/ecommerce/ecommerce','setting.default_tax_rate_description','Important: it will be applied if no tax selected in product.','2023-11-09 09:21:15','2023-11-09 09:21:15'),(1860,1,'en','plugins/ecommerce/ecommerce','setting.how_to_display_product_variation_images','How to display product variation images?','2023-11-09 09:21:15','2023-11-09 09:21:15'),(1861,1,'en','plugins/ecommerce/ecommerce','setting.only_variation_images','Only variation images','2023-11-09 09:21:15','2023-11-09 09:21:15'),(1862,1,'en','plugins/ecommerce/ecommerce','setting.variation_images_and_main_product_images','Variation images + main product images','2023-11-09 09:21:15','2023-11-09 09:21:15'),(1863,1,'en','plugins/ecommerce/ecommerce','setting.load_countries_states_cities_from_location_plugin','Load countries, states, cities from plugin location?','2023-11-09 09:21:15','2023-11-09 09:21:15'),(1864,1,'en','plugins/ecommerce/ecommerce','setting.load_countries_states_cities_from_location_plugin_placeholder','After changing this option, you need to update all addresses again. You should set it once.','2023-11-09 09:21:15','2023-11-09 09:21:15'),(1865,1,'en','plugins/ecommerce/ecommerce','setting.enable_wishlist','Enable wishlist?','2023-11-09 09:21:15','2023-11-09 09:21:15'),(1866,1,'en','plugins/ecommerce/ecommerce','setting.enable_compare','Enable compare?','2023-11-09 09:21:15','2023-11-09 09:21:15'),(1867,1,'en','plugins/ecommerce/ecommerce','setting.enable_order_tracking','Enable order tracking?','2023-11-09 09:21:15','2023-11-09 09:21:15'),(1868,1,'en','plugins/ecommerce/ecommerce','setting.recently_viewed.enable','Enable customer recently viewed products?','2023-11-09 09:21:15','2023-11-09 09:21:15'),(1869,1,'en','plugins/ecommerce/ecommerce','setting.recently_viewed.max','Maximum number of customer recently viewed products','2023-11-09 09:21:15','2023-11-09 09:21:15'),(1870,1,'en','plugins/ecommerce/ecommerce','setting.recently_viewed.max_helper','If you set 0, it will save all products.','2023-11-09 09:21:15','2023-11-09 09:21:15'),(1871,1,'en','plugins/ecommerce/ecommerce','setting.search_products','Search products','2023-11-09 09:21:15','2023-11-09 09:21:15'),(1872,1,'en','plugins/ecommerce/ecommerce','setting.search_products_description','Config rules to search products','2023-11-09 09:21:15','2023-11-09 09:21:15'),(1873,1,'en','plugins/ecommerce/ecommerce','setting.search_for_an_exact_phrase','Search for an exact phrase?','2023-11-09 09:21:15','2023-11-09 09:21:15'),(1874,1,'en','plugins/ecommerce/ecommerce','setting.search_products_by','Search products by:','2023-11-09 09:21:15','2023-11-09 09:21:15'),(1875,1,'en','plugins/ecommerce/ecommerce','setting.tracking_settings','Tracking settings','2023-11-09 09:21:15','2023-11-09 09:21:15'),(1876,1,'en','plugins/ecommerce/ecommerce','setting.tracking_settings_description','Manage tracking: UTM, Facebook, Google Tag Manager...','2023-11-09 09:21:15','2023-11-09 09:21:15'),(1877,1,'en','plugins/ecommerce/ecommerce','setting.enable_facebook_pixel','Enable Facebook Pixel (Meta Pixel)?','2023-11-09 09:21:15','2023-11-09 09:21:15'),(1878,1,'en','plugins/ecommerce/ecommerce','setting.facebook_pixel_id','Facebook Pixel ID','2023-11-09 09:21:15','2023-11-09 09:21:15'),(1879,1,'en','plugins/ecommerce/ecommerce','setting.facebook_pixel_helper','Go to https://developers.facebook.com/docs/meta-pixel to create Facebook Pixel.','2023-11-09 09:21:15','2023-11-09 09:21:15'),(1880,1,'en','plugins/ecommerce/ecommerce','setting.enable_google_tag_manager','Enable Google Tag Manager?','2023-11-09 09:21:15','2023-11-09 09:21:15'),(1881,1,'en','plugins/ecommerce/ecommerce','setting.google_tag_manager_code','Google Tag Manager code','2023-11-09 09:21:15','2023-11-09 09:21:15'),(1882,1,'en','plugins/ecommerce/ecommerce','setting.google_tag_manager_helper','Go to https://ads.google.com/aw/conversions to create Google Ads Conversions.','2023-11-09 09:21:15','2023-11-09 09:21:15'),(1883,1,'en','plugins/ecommerce/ecommerce','setting.webhook','Webhook','2023-11-09 09:21:15','2023-11-09 09:21:15'),(1884,1,'en','plugins/ecommerce/ecommerce','setting.webhook_description','Send webhook when order placed.','2023-11-09 09:21:15','2023-11-09 09:21:15'),(1885,1,'en','plugins/ecommerce/ecommerce','setting.shipping','Shipping','2023-11-09 09:21:15','2023-11-09 09:21:15'),(1886,1,'en','plugins/ecommerce/ecommerce','setting.shipping_description','Settings for shipping','2023-11-09 09:21:15','2023-11-09 09:21:15'),(1887,1,'en','plugins/ecommerce/ecommerce','setting.hide_other_shipping_options_if_it_has_free_shipping','Hide other shipping options if it has free shipping in the list?','2023-11-09 09:21:15','2023-11-09 09:21:15'),(1888,1,'en','plugins/ecommerce/ecommerce','setting.order_placed_webhook_url','Order placed webhook URL (method: POST)','2023-11-09 09:21:15','2023-11-09 09:21:15'),(1889,1,'en','plugins/ecommerce/ecommerce','setting.return_request','Return Request','2023-11-09 09:21:15','2023-11-09 09:21:15'),(1890,1,'en','plugins/ecommerce/ecommerce','setting.return_request_description','Number of days a customer can request a return after the order is completed.','2023-11-09 09:21:15','2023-11-09 09:21:15'),(1891,1,'en','plugins/ecommerce/ecommerce','setting.returnable_days','Refundable days','2023-11-09 09:21:15','2023-11-09 09:21:15'),(1892,1,'en','plugins/ecommerce/ecommerce','setting.billing_address_enabled','Enable billing address?','2023-11-09 09:21:15','2023-11-09 09:21:15'),(1893,1,'en','plugins/ecommerce/ecommerce','setting.activate_custom_return_product_quantity','Activate custom return product quantity?','2023-11-09 09:21:15','2023-11-09 09:21:15'),(1894,1,'en','plugins/ecommerce/ecommerce','setting.allow_partial_return','Allow partial return?','2023-11-09 09:21:15','2023-11-09 09:21:15'),(1895,1,'en','plugins/ecommerce/ecommerce','setting.allow_partial_return_description','Customer can return a few products, do not need to return all products in an order.','2023-11-09 09:21:15','2023-11-09 09:21:15'),(1896,1,'en','plugins/ecommerce/ecommerce','setting.activate_custom_return_product_quantity_description','Allow customer to change the quantity of the product they want to return.','2023-11-09 09:21:15','2023-11-09 09:21:15'),(1897,1,'en','plugins/ecommerce/ecommerce','setting.digital_product','Digital product','2023-11-09 09:21:15','2023-11-09 09:21:15'),(1898,1,'en','plugins/ecommerce/ecommerce','setting.digital_product_title','Is enabled to support the digital products?','2023-11-09 09:21:15','2023-11-09 09:21:15'),(1899,1,'en','plugins/ecommerce/ecommerce','setting.allow_guest_checkout_for_digital_products','Allow guest checkout for digital products?','2023-11-09 09:21:15','2023-11-09 09:21:15'),(1900,1,'en','plugins/ecommerce/ecommerce','setting.company_settings','Company settings','2023-11-09 09:21:15','2023-11-09 09:21:15'),(1901,1,'en','plugins/ecommerce/ecommerce','setting.company_settings_description','Settings Company information for invoicing','2023-11-09 09:21:15','2023-11-09 09:21:15'),(1902,1,'en','plugins/ecommerce/ecommerce','setting.company_name','Company name','2023-11-09 09:21:15','2023-11-09 09:21:15'),(1903,1,'en','plugins/ecommerce/ecommerce','setting.company_address','Company address','2023-11-09 09:21:15','2023-11-09 09:21:15'),(1904,1,'en','plugins/ecommerce/ecommerce','setting.company_zipcode','Company zipcode','2023-11-09 09:21:15','2023-11-09 09:21:15'),(1905,1,'en','plugins/ecommerce/ecommerce','setting.company_email','Company email','2023-11-09 09:21:15','2023-11-09 09:21:15'),(1906,1,'en','plugins/ecommerce/ecommerce','setting.company_phone','Company phone','2023-11-09 09:21:15','2023-11-09 09:21:15'),(1907,1,'en','plugins/ecommerce/ecommerce','setting.company_logo','Company logo','2023-11-09 09:21:15','2023-11-09 09:21:15'),(1908,1,'en','plugins/ecommerce/ecommerce','setting.company_tax_id','Company tax ID','2023-11-09 09:21:15','2023-11-09 09:21:15'),(1909,1,'en','plugins/ecommerce/ecommerce','setting.invoice_code_prefix','Invoice code prefix','2023-11-09 09:21:15','2023-11-09 09:21:15'),(1910,1,'en','plugins/ecommerce/ecommerce','setting.only_allow_customers_purchased_to_review','Only customers who have purchased the product can review the product?','2023-11-09 09:21:15','2023-11-09 09:21:15'),(1911,1,'en','plugins/ecommerce/ecommerce','setting.enable_order_auto_confirmed','Auto confirm order?','2023-11-09 09:21:15','2023-11-09 09:21:15'),(1912,1,'en','plugins/ecommerce/ecommerce','setting.is_enabled_order_return','Is enabled order return?','2023-11-09 09:21:15','2023-11-09 09:21:15'),(1913,1,'en','plugins/ecommerce/ecommerce','setting.is_enabled_product_options','Is enabled product options?','2023-11-09 09:21:15','2023-11-09 09:21:15'),(1914,1,'en','plugins/ecommerce/ecommerce','setting.exchange_rate.choose_api_provider','Choose API provider','2023-11-09 09:21:15','2023-11-09 09:21:15'),(1915,1,'en','plugins/ecommerce/ecommerce','setting.exchange_rate.select','-- Select --','2023-11-09 09:21:15','2023-11-09 09:21:15'),(1916,1,'en','plugins/ecommerce/ecommerce','setting.exchange_rate.provider.api_layer','API Layer','2023-11-09 09:21:15','2023-11-09 09:21:15'),(1917,1,'en','plugins/ecommerce/ecommerce','setting.exchange_rate.provider.open_exchange_rate','Open Exchange Rates','2023-11-09 09:21:15','2023-11-09 09:21:15'),(1918,1,'en','plugins/ecommerce/ecommerce','setting.exchange_rate.open_exchange_app_id','Open Exchange Rates App ID','2023-11-09 09:21:15','2023-11-09 09:21:15'),(1919,1,'en','plugins/ecommerce/ecommerce','setting.display_bank_info_at_the_checkout_success_page','Display bank info at the checkout success page?','2023-11-09 09:21:15','2023-11-09 09:21:15'),(1920,1,'en','plugins/ecommerce/ecommerce','setting.mandatory_form_fields_at_checkout','Mandatory fields at the checkout page:','2023-11-09 09:21:15','2023-11-09 09:21:15'),(1921,1,'en','plugins/ecommerce/ecommerce','setting.hide_form_fields_at_checkout','Hide customer fields at checkout page:','2023-11-09 09:21:15','2023-11-09 09:21:15'),(1922,1,'en','plugins/ecommerce/ecommerce','setting.display_tax_fields_at_checkout_page','Display tax information fields at the checkout page?','2023-11-09 09:21:15','2023-11-09 09:21:15'),(1923,1,'en','plugins/ecommerce/ecommerce','setting.enable_filter_products_by_brands','Enable filter products by brands?','2023-11-09 09:21:15','2023-11-09 09:21:15'),(1924,1,'en','plugins/ecommerce/ecommerce','setting.enable_filter_products_by_tags','Enable filter products by tags?','2023-11-09 09:21:15','2023-11-09 09:21:15'),(1925,1,'en','plugins/ecommerce/ecommerce','setting.enable_filter_products_by_attributes','Enable filter products by attributes?','2023-11-09 09:21:15','2023-11-09 09:21:15'),(1926,1,'en','plugins/ecommerce/ecommerce','setting.use_city_field_as_field_text','Use city field as a free text field?','2023-11-09 09:21:15','2023-11-09 09:21:15'),(1927,1,'en','plugins/ecommerce/ecommerce','setting.auto_generate_product_sku','Auto generate SKU when creating product?','2023-11-09 09:21:15','2023-11-09 09:21:15'),(1928,1,'en','plugins/ecommerce/ecommerce','setting.product_sku_format','SKU format','2023-11-09 09:21:15','2023-11-09 09:21:15'),(1929,1,'en','plugins/ecommerce/ecommerce','setting.product_sku_format_helper','You can use %s (1 string character) or %d (1 digit) in the format to generate random string. Ex: SKU-%s%s%s-HN-%d%d%d','2023-11-09 09:21:15','2023-11-09 09:21:15'),(1930,1,'en','plugins/ecommerce/ecommerce','store_address','Store address','2023-11-09 09:21:15','2023-11-09 09:21:15'),(1931,1,'en','plugins/ecommerce/ecommerce','store_phone','Store phone','2023-11-09 09:21:15','2023-11-09 09:21:15'),(1932,1,'en','plugins/ecommerce/ecommerce','order_id','Order ID','2023-11-09 09:21:15','2023-11-09 09:21:15'),(1933,1,'en','plugins/ecommerce/ecommerce','order_token','Order token','2023-11-09 09:21:15','2023-11-09 09:21:15'),(1934,1,'en','plugins/ecommerce/ecommerce','customer_name','Customer name','2023-11-09 09:21:15','2023-11-09 09:21:15'),(1935,1,'en','plugins/ecommerce/ecommerce','customer_email','Customer email','2023-11-09 09:21:15','2023-11-09 09:21:15'),(1936,1,'en','plugins/ecommerce/ecommerce','customer_phone','Customer phone','2023-11-09 09:21:15','2023-11-09 09:21:15'),(1937,1,'en','plugins/ecommerce/ecommerce','customer_address','Customer address','2023-11-09 09:21:15','2023-11-09 09:21:15'),(1938,1,'en','plugins/ecommerce/ecommerce','product_list','List products in order','2023-11-09 09:21:15','2023-11-09 09:21:15'),(1939,1,'en','plugins/ecommerce/ecommerce','order_note','Order note','2023-11-09 09:21:15','2023-11-09 09:21:15'),(1940,1,'en','plugins/ecommerce/ecommerce','payment_detail','Payment detail','2023-11-09 09:21:15','2023-11-09 09:21:15'),(1941,1,'en','plugins/ecommerce/ecommerce','shipping_method','Shipping method','2023-11-09 09:21:15','2023-11-09 09:21:15'),(1942,1,'en','plugins/ecommerce/ecommerce','payment_method','Payment method','2023-11-09 09:21:15','2023-11-09 09:21:15'),(1943,1,'en','plugins/ecommerce/ecommerce','standard_and_format','Standard & Format','2023-11-09 09:21:15','2023-11-09 09:21:15'),(1944,1,'en','plugins/ecommerce/ecommerce','standard_and_format_description','Standards and formats are used to calculate things like product prices, shipping weights, and order times.','2023-11-09 09:21:15','2023-11-09 09:21:15'),(1945,1,'en','plugins/ecommerce/ecommerce','change_order_format','Edit order code format (optional)','2023-11-09 09:21:15','2023-11-09 09:21:15'),(1946,1,'en','plugins/ecommerce/ecommerce','change_order_format_description','The default order code starts at: number. You can change the start or end string to create the order code you want, for example \"DH-: number\" or \": number-A\"','2023-11-09 09:21:15','2023-11-09 09:21:15'),(1947,1,'en','plugins/ecommerce/ecommerce','start_with','Start with','2023-11-09 09:21:16','2023-11-09 09:21:16'),(1948,1,'en','plugins/ecommerce/ecommerce','end_with','End with','2023-11-09 09:21:16','2023-11-09 09:21:16'),(1949,1,'en','plugins/ecommerce/ecommerce','order_will_be_shown','Your order code will be shown','2023-11-09 09:21:16','2023-11-09 09:21:16'),(1950,1,'en','plugins/ecommerce/ecommerce','weight_unit','Unit of weight','2023-11-09 09:21:16','2023-11-09 09:21:16'),(1951,1,'en','plugins/ecommerce/ecommerce','height_unit','Unit length / height','2023-11-09 09:21:16','2023-11-09 09:21:16'),(1952,1,'en','plugins/ecommerce/ecommerce','theme_options.name','Ecommerce','2023-11-09 09:21:16','2023-11-09 09:21:16'),(1953,1,'en','plugins/ecommerce/ecommerce','theme_options.description','Theme options for Ecommerce','2023-11-09 09:21:16','2023-11-09 09:21:16'),(1954,1,'en','plugins/ecommerce/ecommerce','theme_options.number_products_per_page','Number of products per page','2023-11-09 09:21:16','2023-11-09 09:21:16'),(1955,1,'en','plugins/ecommerce/ecommerce','theme_options.number_of_cross_sale_product','Number of cross sale products in product detail page','2023-11-09 09:21:16','2023-11-09 09:21:16'),(1956,1,'en','plugins/ecommerce/ecommerce','theme_options.max_price_filter','Maximum price to filter','2023-11-09 09:21:16','2023-11-09 09:21:16'),(1957,1,'en','plugins/ecommerce/ecommerce','theme_options.logo_in_the_checkout_page','Logo in the checkout page (Default is the main logo)','2023-11-09 09:21:16','2023-11-09 09:21:16'),(1958,1,'en','plugins/ecommerce/ecommerce','basic_settings','Basic settings','2023-11-09 09:21:16','2023-11-09 09:21:16'),(1959,1,'en','plugins/ecommerce/ecommerce','advanced_settings','Advanced settings','2023-11-09 09:21:16','2023-11-09 09:21:16'),(1960,1,'en','plugins/ecommerce/ecommerce','product_review_list','Product review list','2023-11-09 09:21:16','2023-11-09 09:21:16'),(1961,1,'en','plugins/ecommerce/ecommerce','forms.duplicate','Duplicate','2023-11-09 09:21:16','2023-11-09 09:21:16'),(1962,1,'en','plugins/ecommerce/ecommerce','forms.duplicate_success_message','Duplicate product successfully!','2023-11-09 09:21:16','2023-11-09 09:21:16'),(1963,1,'en','plugins/ecommerce/ecommerce','duplicate_modal','Duplicate product','2023-11-09 09:21:16','2023-11-09 09:21:16'),(1964,1,'en','plugins/ecommerce/ecommerce','duplicate_modal_description','Are you sure you want to duplicate this product?','2023-11-09 09:21:16','2023-11-09 09:21:16'),(1965,1,'en','plugins/ecommerce/email','customer_new_order_title','Order confirmation','2023-11-09 09:21:16','2023-11-09 09:21:16'),(1966,1,'en','plugins/ecommerce/email','customer_new_order_description','Send email confirmation to customer when an order placed','2023-11-09 09:21:16','2023-11-09 09:21:16'),(1967,1,'en','plugins/ecommerce/email','order_cancellation_title','Order cancellation','2023-11-09 09:21:16','2023-11-09 09:21:16'),(1968,1,'en','plugins/ecommerce/email','order_cancellation_description','Send to custom when they cancelled order','2023-11-09 09:21:16','2023-11-09 09:21:16'),(1969,1,'en','plugins/ecommerce/email','delivery_confirmation_title','Delivering confirmation','2023-11-09 09:21:16','2023-11-09 09:21:16'),(1970,1,'en','plugins/ecommerce/email','delivery_confirmation_description','Send to customer when order is delivering','2023-11-09 09:21:16','2023-11-09 09:21:16'),(1971,1,'en','plugins/ecommerce/email','order_delivered_title','Order delivered','2023-11-09 09:21:16','2023-11-09 09:21:16'),(1972,1,'en','plugins/ecommerce/email','order_delivered_description','Send to customer when order is delivered','2023-11-09 09:21:16','2023-11-09 09:21:16'),(1973,1,'en','plugins/ecommerce/email','admin_new_order_title','Notice about new order','2023-11-09 09:21:16','2023-11-09 09:21:16'),(1974,1,'en','plugins/ecommerce/email','admin_new_order_description','Send to administrators when an order placed','2023-11-09 09:21:16','2023-11-09 09:21:16'),(1975,1,'en','plugins/ecommerce/email','order_confirmation_title','Order confirmation','2023-11-09 09:21:16','2023-11-09 09:21:16'),(1976,1,'en','plugins/ecommerce/email','order_confirmation_description','Send to customer when they order was confirmed by admins','2023-11-09 09:21:16','2023-11-09 09:21:16'),(1977,1,'en','plugins/ecommerce/email','payment_confirmation_title','Payment confirmation','2023-11-09 09:21:16','2023-11-09 09:21:16'),(1978,1,'en','plugins/ecommerce/email','payment_confirmation_description','Send to customer when their payment was confirmed','2023-11-09 09:21:16','2023-11-09 09:21:16'),(1979,1,'en','plugins/ecommerce/email','order_recover_title','Incomplete order','2023-11-09 09:21:16','2023-11-09 09:21:16'),(1980,1,'en','plugins/ecommerce/email','order_recover_description','Send to custom to remind them about incomplete orders','2023-11-09 09:21:16','2023-11-09 09:21:16'),(1981,1,'en','plugins/ecommerce/email','view_order','View order','2023-11-09 09:21:16','2023-11-09 09:21:16'),(1982,1,'en','plugins/ecommerce/email','link_go_to_our_shop','or <a href=\":link\">Go to our shop</a>','2023-11-09 09:21:16','2023-11-09 09:21:16'),(1983,1,'en','plugins/ecommerce/email','order_number','Order number: <strong>:order_id</strong>','2023-11-09 09:21:16','2023-11-09 09:21:16'),(1984,1,'en','plugins/ecommerce/email','order_information','Order information:','2023-11-09 09:21:16','2023-11-09 09:21:16'),(1985,1,'en','plugins/ecommerce/email','order_return_request_title','Order return request','2023-11-09 09:21:16','2023-11-09 09:21:16'),(1986,1,'en','plugins/ecommerce/email','order_return_request_description','Send to customer when they return order','2023-11-09 09:21:16','2023-11-09 09:21:16'),(1987,1,'en','plugins/ecommerce/export','products.name','Export products','2023-11-09 09:21:16','2023-11-09 09:21:16'),(1988,1,'en','plugins/ecommerce/export','products.title','Export Products (CSV)','2023-11-09 09:21:16','2023-11-09 09:21:16'),(1989,1,'en','plugins/ecommerce/export','products.total_products','Total products','2023-11-09 09:21:16','2023-11-09 09:21:16'),(1990,1,'en','plugins/ecommerce/export','products.total_variations','Total variations','2023-11-09 09:21:16','2023-11-09 09:21:16'),(1991,1,'en','plugins/ecommerce/export','start_export','Start export','2023-11-09 09:21:16','2023-11-09 09:21:16'),(1992,1,'en','plugins/ecommerce/export','exporting','Exporting...','2023-11-09 09:21:16','2023-11-09 09:21:16'),(1993,1,'en','plugins/ecommerce/export','export','Export','2023-11-09 09:21:16','2023-11-09 09:21:16'),(1994,1,'en','plugins/ecommerce/flash-sale','name','Flash sales','2023-11-09 09:21:16','2023-11-09 09:21:16'),(1995,1,'en','plugins/ecommerce/flash-sale','create','New flash sale','2023-11-09 09:21:16','2023-11-09 09:21:16'),(1996,1,'en','plugins/ecommerce/flash-sale','edit','Edit flash sale','2023-11-09 09:21:16','2023-11-09 09:21:16'),(1997,1,'en','plugins/ecommerce/flash-sale','products','Products','2023-11-09 09:21:16','2023-11-09 09:21:16'),(1998,1,'en','plugins/ecommerce/invoice-template','name','Invoice template','2023-11-09 09:21:16','2023-11-09 09:21:16'),(1999,1,'en','plugins/ecommerce/invoice-template','setting','Invoice Settings','2023-11-09 09:21:16','2023-11-09 09:21:16'),(2000,1,'en','plugins/ecommerce/invoice-template','setting_description','Settings for Invoice template','2023-11-09 09:21:16','2023-11-09 09:21:16'),(2001,1,'en','plugins/ecommerce/invoice-template','setting_content','Content','2023-11-09 09:21:16','2023-11-09 09:21:16'),(2002,1,'en','plugins/ecommerce/invoice-template','preview','Preview','2023-11-09 09:21:16','2023-11-09 09:21:16'),(2003,1,'en','plugins/ecommerce/invoice-template','preview_heading','Preview Invoice template','2023-11-09 09:21:16','2023-11-09 09:21:16'),(2004,1,'en','plugins/ecommerce/invoice','name','Invoices','2023-11-09 09:21:16','2023-11-09 09:21:16'),(2005,1,'en','plugins/ecommerce/invoice','create','New invoice','2023-11-09 09:21:16','2023-11-09 09:21:16'),(2006,1,'en','plugins/ecommerce/invoice','edit','Edit invoice','2023-11-09 09:21:16','2023-11-09 09:21:16'),(2007,1,'en','plugins/ecommerce/invoice','print','Print Invoice','2023-11-09 09:21:16','2023-11-09 09:21:16'),(2008,1,'en','plugins/ecommerce/invoice','download','Download Invoice','2023-11-09 09:21:16','2023-11-09 09:21:16'),(2009,1,'en','plugins/ecommerce/invoice','heading','Invoice','2023-11-09 09:21:16','2023-11-09 09:21:16'),(2010,1,'en','plugins/ecommerce/invoice','invoice_for_job','','2023-11-09 09:21:16','2023-11-09 09:21:16'),(2011,1,'en','plugins/ecommerce/invoice','table.code','Code','2023-11-09 09:21:16','2023-11-09 09:21:16'),(2012,1,'en','plugins/ecommerce/invoice','table.amount','Amount','2023-11-09 09:21:16','2023-11-09 09:21:16'),(2013,1,'en','plugins/ecommerce/invoice','detail.invoice_for','Invoice For','2023-11-09 09:21:16','2023-11-09 09:21:16'),(2014,1,'en','plugins/ecommerce/invoice','detail.invoice_to','Invoice To','2023-11-09 09:21:16','2023-11-09 09:21:16'),(2015,1,'en','plugins/ecommerce/invoice','detail.tax_id','Tax ID','2023-11-09 09:21:16','2023-11-09 09:21:16'),(2016,1,'en','plugins/ecommerce/invoice','detail.code','Invoice Code','2023-11-09 09:21:16','2023-11-09 09:21:16'),(2017,1,'en','plugins/ecommerce/invoice','detail.issue_at','Issue At','2023-11-09 09:21:16','2023-11-09 09:21:16'),(2018,1,'en','plugins/ecommerce/invoice','detail.description','Description','2023-11-09 09:21:16','2023-11-09 09:21:16'),(2019,1,'en','plugins/ecommerce/invoice','detail.qty','Qty','2023-11-09 09:21:16','2023-11-09 09:21:16'),(2020,1,'en','plugins/ecommerce/invoice','detail.quantity','Quantity','2023-11-09 09:21:16','2023-11-09 09:21:16'),(2021,1,'en','plugins/ecommerce/invoice','detail.amount','Amount','2023-11-09 09:21:16','2023-11-09 09:21:16'),(2022,1,'en','plugins/ecommerce/invoice','detail.discount','Discount','2023-11-09 09:21:16','2023-11-09 09:21:16'),(2023,1,'en','plugins/ecommerce/invoice','detail.grand_total','Grand Total','2023-11-09 09:21:16','2023-11-09 09:21:16'),(2024,1,'en','plugins/ecommerce/invoice','detail.shipping_fee','Shipping Fee','2023-11-09 09:21:16','2023-11-09 09:21:16'),(2025,1,'en','plugins/ecommerce/invoice','detail.sub_total','Sub Total','2023-11-09 09:21:16','2023-11-09 09:21:16'),(2026,1,'en','plugins/ecommerce/invoice','detail.tax','Tax','2023-11-09 09:21:16','2023-11-09 09:21:16'),(2027,1,'en','plugins/ecommerce/invoice','detail.total','Total','2023-11-09 09:21:16','2023-11-09 09:21:16'),(2028,1,'en','plugins/ecommerce/invoice','detail.attributes','Attributes','2023-11-09 09:21:16','2023-11-09 09:21:16'),(2029,1,'en','plugins/ecommerce/invoice','detail.product_options','Product options','2023-11-09 09:21:16','2023-11-09 09:21:16'),(2030,1,'en','plugins/ecommerce/invoice','detail.license_code','License code','2023-11-09 09:21:16','2023-11-09 09:21:16'),(2031,1,'en','plugins/ecommerce/invoice','total_amount','Total Amount','2023-11-09 09:21:16','2023-11-09 09:21:16'),(2032,1,'en','plugins/ecommerce/invoice','payment_info','Payment Info','2023-11-09 09:21:16','2023-11-09 09:21:16'),(2033,1,'en','plugins/ecommerce/invoice','payment_method','Payment Method','2023-11-09 09:21:16','2023-11-09 09:21:16'),(2034,1,'en','plugins/ecommerce/invoice','payment_status','Payment Status','2023-11-09 09:21:16','2023-11-09 09:21:16'),(2035,1,'en','plugins/ecommerce/invoice','generate_invoices','Generate Invoices','2023-11-09 09:21:16','2023-11-09 09:21:16'),(2036,1,'en','plugins/ecommerce/invoice','generate_success_message','Generated :count invoices successfully','2023-11-09 09:21:16','2023-11-09 09:21:16'),(2037,1,'en','plugins/ecommerce/invoice','generate_invoice','Generate invoice','2023-11-09 09:21:16','2023-11-09 09:21:16'),(2038,1,'en','plugins/ecommerce/invoice','order','Order','2023-11-09 09:21:16','2023-11-09 09:21:16'),(2039,1,'en','plugins/ecommerce/order','statuses.pending','Pending','2023-11-09 09:21:16','2023-11-09 09:21:16'),(2040,1,'en','plugins/ecommerce/order','statuses.processing','Processing','2023-11-09 09:21:16','2023-11-09 09:21:16'),(2041,1,'en','plugins/ecommerce/order','statuses.completed','Completed','2023-11-09 09:21:16','2023-11-09 09:21:16'),(2042,1,'en','plugins/ecommerce/order','statuses.canceled','Canceled','2023-11-09 09:21:16','2023-11-09 09:21:16'),(2043,1,'en','plugins/ecommerce/order','statuses.partial_returned','Partial returned','2023-11-09 09:21:16','2023-11-09 09:21:16'),(2044,1,'en','plugins/ecommerce/order','statuses.returned','Returned','2023-11-09 09:21:16','2023-11-09 09:21:16'),(2045,1,'en','plugins/ecommerce/order','return_statuses.pending','Pending','2023-11-09 09:21:16','2023-11-09 09:21:16'),(2046,1,'en','plugins/ecommerce/order','return_statuses.processing','Processing','2023-11-09 09:21:16','2023-11-09 09:21:16'),(2047,1,'en','plugins/ecommerce/order','return_statuses.completed','Completed','2023-11-09 09:21:16','2023-11-09 09:21:16'),(2048,1,'en','plugins/ecommerce/order','return_statuses.canceled','Canceled','2023-11-09 09:21:16','2023-11-09 09:21:16'),(2049,1,'en','plugins/ecommerce/order','menu','Orders','2023-11-09 09:21:16','2023-11-09 09:21:16'),(2050,1,'en','plugins/ecommerce/order','create','Create an order','2023-11-09 09:21:16','2023-11-09 09:21:16'),(2051,1,'en','plugins/ecommerce/order','cancel_error','The order is delivering or not completed','2023-11-09 09:21:16','2023-11-09 09:21:16'),(2052,1,'en','plugins/ecommerce/order','cancel_success','You do cancel the order successful','2023-11-09 09:21:16','2023-11-09 09:21:16'),(2053,1,'en','plugins/ecommerce/order','return_error','The order is delivering or not completed','2023-11-09 09:21:16','2023-11-09 09:21:16'),(2054,1,'en','plugins/ecommerce/order','return_success','Requested product(s) return successfully!','2023-11-09 09:21:16','2023-11-09 09:21:16'),(2055,1,'en','plugins/ecommerce/order','incomplete_order','Incomplete orders','2023-11-09 09:21:17','2023-11-09 09:21:17'),(2056,1,'en','plugins/ecommerce/order','order_id','Order ID','2023-11-09 09:21:17','2023-11-09 09:21:17'),(2057,1,'en','plugins/ecommerce/order','product_id','Product ID','2023-11-09 09:21:17','2023-11-09 09:21:17'),(2058,1,'en','plugins/ecommerce/order','customer_label','Customer','2023-11-09 09:21:17','2023-11-09 09:21:17'),(2059,1,'en','plugins/ecommerce/order','tax_amount','Tax Amount','2023-11-09 09:21:17','2023-11-09 09:21:17'),(2060,1,'en','plugins/ecommerce/order','shipping_amount','Shipping amount','2023-11-09 09:21:17','2023-11-09 09:21:17'),(2061,1,'en','plugins/ecommerce/order','payment_method','Payment method','2023-11-09 09:21:17','2023-11-09 09:21:17'),(2062,1,'en','plugins/ecommerce/order','payment_status_label','Payment status','2023-11-09 09:21:17','2023-11-09 09:21:17'),(2063,1,'en','plugins/ecommerce/order','manage_orders','Manage orders','2023-11-09 09:21:17','2023-11-09 09:21:17'),(2064,1,'en','plugins/ecommerce/order','order_intro_description','Once your store has orders, this is where you will process and track those orders.','2023-11-09 09:21:17','2023-11-09 09:21:17'),(2065,1,'en','plugins/ecommerce/order','create_new_order','Create a new order','2023-11-09 09:21:17','2023-11-09 09:21:17'),(2066,1,'en','plugins/ecommerce/order','manage_incomplete_orders','Manage incomplete orders','2023-11-09 09:21:17','2023-11-09 09:21:17'),(2067,1,'en','plugins/ecommerce/order','incomplete_orders_intro_description','Incomplete order is an order created when a customer adds a product to the cart, proceeds to fill out the purchase information but does not complete the checkout process.','2023-11-09 09:21:17','2023-11-09 09:21:17'),(2068,1,'en','plugins/ecommerce/order','invoice_for_order','Invoice for order','2023-11-09 09:21:17','2023-11-09 09:21:17'),(2069,1,'en','plugins/ecommerce/order','created','Created','2023-11-09 09:21:17','2023-11-09 09:21:17'),(2070,1,'en','plugins/ecommerce/order','invoice','Invoice','2023-11-09 09:21:17','2023-11-09 09:21:17'),(2071,1,'en','plugins/ecommerce/order','return','Order Return Request','2023-11-09 09:21:17','2023-11-09 09:21:17'),(2072,1,'en','plugins/ecommerce/order','is_return','Return checkbox','2023-11-09 09:21:17','2023-11-09 09:21:17'),(2073,1,'en','plugins/ecommerce/order','total_refund_amount','Total refund amount','2023-11-09 09:21:17','2023-11-09 09:21:17'),(2074,1,'en','plugins/ecommerce/order','total_amount_can_be_refunded','Total amount can be refunded','2023-11-09 09:21:17','2023-11-09 09:21:17'),(2075,1,'en','plugins/ecommerce/order','refund_reason','Refund reason','2023-11-09 09:21:17','2023-11-09 09:21:17'),(2076,1,'en','plugins/ecommerce/order','products','product(s)','2023-11-09 09:21:17','2023-11-09 09:21:17'),(2077,1,'en','plugins/ecommerce/order','default','Default','2023-11-09 09:21:17','2023-11-09 09:21:17'),(2078,1,'en','plugins/ecommerce/order','system','System','2023-11-09 09:21:17','2023-11-09 09:21:17'),(2079,1,'en','plugins/ecommerce/order','new_order_from','New order :order_id from :customer','2023-11-09 09:21:17','2023-11-09 09:21:17'),(2080,1,'en','plugins/ecommerce/order','confirmation_email_was_sent_to_customer','The email confirmation was sent to customer','2023-11-09 09:21:17','2023-11-09 09:21:17'),(2081,1,'en','plugins/ecommerce/order','create_order_from_payment_page','Order was created from checkout page','2023-11-09 09:21:17','2023-11-09 09:21:17'),(2082,1,'en','plugins/ecommerce/order','create_order_from_admin_page','Order was created from admin page','2023-11-09 09:21:17','2023-11-09 09:21:17'),(2083,1,'en','plugins/ecommerce/order','order_was_verified_by','Order was verified by %user_name%','2023-11-09 09:21:17','2023-11-09 09:21:17'),(2084,1,'en','plugins/ecommerce/order','new_order','New order :order_id','2023-11-09 09:21:17','2023-11-09 09:21:17'),(2085,1,'en','plugins/ecommerce/order','payment_was_confirmed_by','Payment was confirmed (amount :money) by %user_name%','2023-11-09 09:21:17','2023-11-09 09:21:17'),(2086,1,'en','plugins/ecommerce/order','edit_order','Edit order :code','2023-11-09 09:21:17','2023-11-09 09:21:17'),(2087,1,'en','plugins/ecommerce/order','confirm_order_success','Confirm order successfully!','2023-11-09 09:21:17','2023-11-09 09:21:17'),(2088,1,'en','plugins/ecommerce/order','error_when_sending_email','There is an error when sending email','2023-11-09 09:21:17','2023-11-09 09:21:17'),(2089,1,'en','plugins/ecommerce/order','sent_confirmation_email_success','Sent confirmation email successfully!','2023-11-09 09:21:17','2023-11-09 09:21:17'),(2090,1,'en','plugins/ecommerce/order','order_was_sent_to_shipping_team','Order was sent to shipping team','2023-11-09 09:21:17','2023-11-09 09:21:17'),(2091,1,'en','plugins/ecommerce/order','by_username','by %user_name%','2023-11-09 09:21:17','2023-11-09 09:21:17'),(2092,1,'en','plugins/ecommerce/order','shipping_was_created_from','Shipping was created from order %order_id%','2023-11-09 09:21:17','2023-11-09 09:21:17'),(2093,1,'en','plugins/ecommerce/order','shipping_was_canceled_success','Shipping was cancelled successfully!','2023-11-09 09:21:17','2023-11-09 09:21:17'),(2094,1,'en','plugins/ecommerce/order','shipping_was_canceled_by','Shipping was cancelled by %user_name%','2023-11-09 09:21:17','2023-11-09 09:21:17'),(2095,1,'en','plugins/ecommerce/order','update_shipping_address_success','Update shipping address successfully!','2023-11-09 09:21:17','2023-11-09 09:21:17'),(2096,1,'en','plugins/ecommerce/order','order_was_canceled_by','Order was cancelled by %user_name%','2023-11-09 09:21:17','2023-11-09 09:21:17'),(2097,1,'en','plugins/ecommerce/order','order_was_returned_by','Order was returned by %user_name%','2023-11-09 09:21:17','2023-11-09 09:21:17'),(2098,1,'en','plugins/ecommerce/order','confirm_payment_success','Confirm payment successfully!','2023-11-09 09:21:17','2023-11-09 09:21:17'),(2099,1,'en','plugins/ecommerce/order','refund_amount_invalid','Refund amount must be lower or equal :price','2023-11-09 09:21:17','2023-11-09 09:21:17'),(2100,1,'en','plugins/ecommerce/order','number_of_products_invalid','Number of products refund is not valid!','2023-11-09 09:21:17','2023-11-09 09:21:17'),(2101,1,'en','plugins/ecommerce/order','cannot_found_payment_for_this_order','Cannot found payment for this order!','2023-11-09 09:21:17','2023-11-09 09:21:17'),(2102,1,'en','plugins/ecommerce/order','refund_success_with_price','Refund success :price','2023-11-09 09:21:17','2023-11-09 09:21:17'),(2103,1,'en','plugins/ecommerce/order','refund_success','Refund successfully!','2023-11-09 09:21:17','2023-11-09 09:21:17'),(2104,1,'en','plugins/ecommerce/order','order_is_not_existed','Order is not existed!','2023-11-09 09:21:17','2023-11-09 09:21:17'),(2105,1,'en','plugins/ecommerce/order','reorder','Reorder','2023-11-09 09:21:17','2023-11-09 09:21:17'),(2106,1,'en','plugins/ecommerce/order','sent_email_incomplete_order_success','Sent email to remind about incomplete order successfully!','2023-11-09 09:21:17','2023-11-09 09:21:17'),(2107,1,'en','plugins/ecommerce/order','applied_coupon_success','Applied coupon \":code\" successfully!','2023-11-09 09:21:17','2023-11-09 09:21:17'),(2108,1,'en','plugins/ecommerce/order','new_order_notice','You have <span class=\"bold\">:count</span> New Order(s)','2023-11-09 09:21:17','2023-11-09 09:21:17'),(2109,1,'en','plugins/ecommerce/order','view_all','View all','2023-11-09 09:21:17','2023-11-09 09:21:17'),(2110,1,'en','plugins/ecommerce/order','cancel_order','Cancel order','2023-11-09 09:21:17','2023-11-09 09:21:17'),(2111,1,'en','plugins/ecommerce/order','order_canceled','Order canceled','2023-11-09 09:21:17','2023-11-09 09:21:17'),(2112,1,'en','plugins/ecommerce/order','order_was_canceled_at','Order was canceled at','2023-11-09 09:21:17','2023-11-09 09:21:17'),(2113,1,'en','plugins/ecommerce/order','return_order','Return order','2023-11-09 09:21:17','2023-11-09 09:21:17'),(2114,1,'en','plugins/ecommerce/order','order_returned','Order returned','2023-11-09 09:21:17','2023-11-09 09:21:17'),(2115,1,'en','plugins/ecommerce/order','order_was_returned_at','Order was returned at','2023-11-09 09:21:17','2023-11-09 09:21:17'),(2116,1,'en','plugins/ecommerce/order','completed','Completed','2023-11-09 09:21:17','2023-11-09 09:21:17'),(2117,1,'en','plugins/ecommerce/order','uncompleted','Uncompleted','2023-11-09 09:21:17','2023-11-09 09:21:17'),(2118,1,'en','plugins/ecommerce/order','sku','SKU','2023-11-09 09:21:17','2023-11-09 09:21:17'),(2119,1,'en','plugins/ecommerce/order','warehouse','Warehouse','2023-11-09 09:21:17','2023-11-09 09:21:17'),(2120,1,'en','plugins/ecommerce/order','sub_amount','Sub amount','2023-11-09 09:21:17','2023-11-09 09:21:17'),(2121,1,'en','plugins/ecommerce/order','coupon_code','Coupon code: \":code\"','2023-11-09 09:21:17','2023-11-09 09:21:17'),(2122,1,'en','plugins/ecommerce/order','shipping_fee','Shipping fee','2023-11-09 09:21:17','2023-11-09 09:21:17'),(2123,1,'en','plugins/ecommerce/order','tax','Tax','2023-11-09 09:21:17','2023-11-09 09:21:17'),(2124,1,'en','plugins/ecommerce/order','refunded_amount','Refunded amount','2023-11-09 09:21:17','2023-11-09 09:21:17'),(2125,1,'en','plugins/ecommerce/order','amount_received','The amount actually received','2023-11-09 09:21:17','2023-11-09 09:21:17'),(2126,1,'en','plugins/ecommerce/order','download_invoice','Download invoice','2023-11-09 09:21:17','2023-11-09 09:21:17'),(2127,1,'en','plugins/ecommerce/order','print_invoice','Print invoice','2023-11-09 09:21:17','2023-11-09 09:21:17'),(2128,1,'en','plugins/ecommerce/order','add_note','Add note...','2023-11-09 09:21:17','2023-11-09 09:21:17'),(2129,1,'en','plugins/ecommerce/order','order_was_confirmed','Order was confirmed','2023-11-09 09:21:17','2023-11-09 09:21:17'),(2130,1,'en','plugins/ecommerce/order','confirm_order','Confirm order','2023-11-09 09:21:17','2023-11-09 09:21:17'),(2131,1,'en','plugins/ecommerce/order','confirm','Confirm','2023-11-09 09:21:17','2023-11-09 09:21:17'),(2132,1,'en','plugins/ecommerce/order','order_was_canceled','Order was canceled','2023-11-09 09:21:17','2023-11-09 09:21:17'),(2133,1,'en','plugins/ecommerce/order','order_was_returned','Order was returned','2023-11-09 09:21:17','2023-11-09 09:21:17'),(2134,1,'en','plugins/ecommerce/order','pending_payment','Pending payment','2023-11-09 09:21:17','2023-11-09 09:21:17'),(2135,1,'en','plugins/ecommerce/order','payment_was_accepted','Payment :money was accepted','2023-11-09 09:21:17','2023-11-09 09:21:17'),(2136,1,'en','plugins/ecommerce/order','payment_was_refunded','Payment was refunded','2023-11-09 09:21:17','2023-11-09 09:21:17'),(2137,1,'en','plugins/ecommerce/order','confirm_payment','Confirm payment','2023-11-09 09:21:17','2023-11-09 09:21:17'),(2138,1,'en','plugins/ecommerce/order','refund','Refund','2023-11-09 09:21:17','2023-11-09 09:21:17'),(2139,1,'en','plugins/ecommerce/order','all_products_are_not_delivered','All products are not delivered','2023-11-09 09:21:17','2023-11-09 09:21:17'),(2140,1,'en','plugins/ecommerce/order','delivery','Delivery','2023-11-09 09:21:17','2023-11-09 09:21:17'),(2141,1,'en','plugins/ecommerce/order','history','History','2023-11-09 09:21:17','2023-11-09 09:21:17'),(2142,1,'en','plugins/ecommerce/order','order_number','Order number','2023-11-09 09:21:17','2023-11-09 09:21:17'),(2143,1,'en','plugins/ecommerce/order','from','from','2023-11-09 09:21:17','2023-11-09 09:21:17'),(2144,1,'en','plugins/ecommerce/order','status','Status','2023-11-09 09:21:17','2023-11-09 09:21:17'),(2145,1,'en','plugins/ecommerce/order','successfully','Successfully','2023-11-09 09:21:17','2023-11-09 09:21:17'),(2146,1,'en','plugins/ecommerce/order','transaction_type','Transaction\'s type','2023-11-09 09:21:17','2023-11-09 09:21:17'),(2147,1,'en','plugins/ecommerce/order','staff','Staff','2023-11-09 09:21:17','2023-11-09 09:21:17'),(2148,1,'en','plugins/ecommerce/order','refund_date','Refund date','2023-11-09 09:21:17','2023-11-09 09:21:17'),(2149,1,'en','plugins/ecommerce/order','n_a','N\\A','2023-11-09 09:21:18','2023-11-09 09:21:18'),(2150,1,'en','plugins/ecommerce/order','payment_date','Payment date','2023-11-09 09:21:18','2023-11-09 09:21:18'),(2151,1,'en','plugins/ecommerce/order','payment_gateway','Payment gateway','2023-11-09 09:21:18','2023-11-09 09:21:18'),(2152,1,'en','plugins/ecommerce/order','transaction_amount','Transaction amount','2023-11-09 09:21:18','2023-11-09 09:21:18'),(2153,1,'en','plugins/ecommerce/order','resend','Resend','2023-11-09 09:21:18','2023-11-09 09:21:18'),(2154,1,'en','plugins/ecommerce/order','default_store','Default store','2023-11-09 09:21:18','2023-11-09 09:21:18'),(2155,1,'en','plugins/ecommerce/order','update_address','Update address','2023-11-09 09:21:18','2023-11-09 09:21:18'),(2156,1,'en','plugins/ecommerce/order','have_an_account_already','Have an account already','2023-11-09 09:21:18','2023-11-09 09:21:18'),(2157,1,'en','plugins/ecommerce/order','dont_have_an_account_yet','Don\'t have an account yet','2023-11-09 09:21:18','2023-11-09 09:21:18'),(2158,1,'en','plugins/ecommerce/order','mark_payment_as_confirmed','Mark <span>:method</span> as confirmed','2023-11-09 09:21:18','2023-11-09 09:21:18'),(2159,1,'en','plugins/ecommerce/order','resend_order_confirmation','Resend order confirmation','2023-11-09 09:21:18','2023-11-09 09:21:18'),(2160,1,'en','plugins/ecommerce/order','resend_order_confirmation_description','Confirmation email will be sent to <strong>:email</strong>?','2023-11-09 09:21:18','2023-11-09 09:21:18'),(2161,1,'en','plugins/ecommerce/order','send','Send','2023-11-09 09:21:18','2023-11-09 09:21:18'),(2162,1,'en','plugins/ecommerce/order','update','Update','2023-11-09 09:21:18','2023-11-09 09:21:18'),(2163,1,'en','plugins/ecommerce/order','cancel_shipping_confirmation','Cancel shipping confirmation?','2023-11-09 09:21:18','2023-11-09 09:21:18'),(2164,1,'en','plugins/ecommerce/order','cancel_shipping_confirmation_description','Cancel shipping confirmation?','2023-11-09 09:21:18','2023-11-09 09:21:18'),(2165,1,'en','plugins/ecommerce/order','cancel_order_confirmation','Cancel order confirmation?','2023-11-09 09:21:18','2023-11-09 09:21:18'),(2166,1,'en','plugins/ecommerce/order','cancel_order_confirmation_description','Are you sure you want to cancel this order? This action cannot rollback','2023-11-09 09:21:18','2023-11-09 09:21:18'),(2167,1,'en','plugins/ecommerce/order','return_order_confirmation','Return order confirmation?','2023-11-09 09:21:18','2023-11-09 09:21:18'),(2168,1,'en','plugins/ecommerce/order','return_order_confirmation_description','Are you sure you want to return this order? This action cannot rollback','2023-11-09 09:21:18','2023-11-09 09:21:18'),(2169,1,'en','plugins/ecommerce/order','confirm_payment_confirmation_description','Processed by <strong>:method</strong>. Did you receive payment outside the system? This payment won\'t be saved into system and cannot be refunded','2023-11-09 09:21:18','2023-11-09 09:21:18'),(2170,1,'en','plugins/ecommerce/order','save_note','Save note','2023-11-09 09:21:18','2023-11-09 09:21:18'),(2171,1,'en','plugins/ecommerce/order','order_note','Order note','2023-11-09 09:21:18','2023-11-09 09:21:18'),(2172,1,'en','plugins/ecommerce/order','order_note_placeholder','Note about order, ex: time or shipping instruction.','2023-11-09 09:21:18','2023-11-09 09:21:18'),(2173,1,'en','plugins/ecommerce/order','order_amount','Order amount','2023-11-09 09:21:18','2023-11-09 09:21:18'),(2174,1,'en','plugins/ecommerce/order','additional_information','Additional information','2023-11-09 09:21:18','2023-11-09 09:21:18'),(2175,1,'en','plugins/ecommerce/order','notice_about_incomplete_order','Notice about incomplete order','2023-11-09 09:21:18','2023-11-09 09:21:18'),(2176,1,'en','plugins/ecommerce/order','notice_about_incomplete_order_description','Remind email about uncompleted order will be send to <strong>:email</strong>?','2023-11-09 09:21:18','2023-11-09 09:21:18'),(2177,1,'en','plugins/ecommerce/order','incomplete_order_description_1','An incomplete order is when a potential customer places items in their shopping cart, and goes all the way through to the payment page, but then doesn\'t complete the transaction.','2023-11-09 09:21:18','2023-11-09 09:21:18'),(2178,1,'en','plugins/ecommerce/order','incomplete_order_description_2','If you have contacted customers and they want to continue buying, you can help them complete their order by following the link:','2023-11-09 09:21:18','2023-11-09 09:21:18'),(2179,1,'en','plugins/ecommerce/order','send_an_email_to_recover_this_order','Send an email to customer to recover this order','2023-11-09 09:21:18','2023-11-09 09:21:18'),(2180,1,'en','plugins/ecommerce/order','see_maps','See maps','2023-11-09 09:21:18','2023-11-09 09:21:18'),(2181,1,'en','plugins/ecommerce/order','one_or_more_products_dont_have_enough_quantity','One or more products don\'t have enough quantity!','2023-11-09 09:21:18','2023-11-09 09:21:18'),(2182,1,'en','plugins/ecommerce/order','cannot_send_order_recover_to_mail','The email could not be found so it can\'t send a recovery email to the customer.','2023-11-09 09:21:18','2023-11-09 09:21:18'),(2183,1,'en','plugins/ecommerce/order','payment_info','Payment Info','2023-11-09 09:21:18','2023-11-09 09:21:18'),(2184,1,'en','plugins/ecommerce/order','payment_method_refund_automatic','Your customer will be refunded using :method automatically.','2023-11-09 09:21:18','2023-11-09 09:21:18'),(2185,1,'en','plugins/ecommerce/order','order','Order','2023-11-09 09:21:18','2023-11-09 09:21:18'),(2186,1,'en','plugins/ecommerce/order','order_information','Order information','2023-11-09 09:21:18','2023-11-09 09:21:18'),(2187,1,'en','plugins/ecommerce/order','create_a_new_product','Create a new product','2023-11-09 09:21:18','2023-11-09 09:21:18'),(2188,1,'en','plugins/ecommerce/order','out_of_stock','Out of stock','2023-11-09 09:21:18','2023-11-09 09:21:18'),(2189,1,'en','plugins/ecommerce/order','products_available','product(s) available','2023-11-09 09:21:18','2023-11-09 09:21:18'),(2190,1,'en','plugins/ecommerce/order','no_products_found','No products found!','2023-11-09 09:21:18','2023-11-09 09:21:18'),(2191,1,'en','plugins/ecommerce/order','note','Note','2023-11-09 09:21:18','2023-11-09 09:21:18'),(2192,1,'en','plugins/ecommerce/order','note_for_order','Note for order...','2023-11-09 09:21:18','2023-11-09 09:21:18'),(2193,1,'en','plugins/ecommerce/order','amount','Amount','2023-11-09 09:21:18','2023-11-09 09:21:18'),(2194,1,'en','plugins/ecommerce/order','add_discount','Add discount','2023-11-09 09:21:18','2023-11-09 09:21:18'),(2195,1,'en','plugins/ecommerce/order','discount','Discount','2023-11-09 09:21:18','2023-11-09 09:21:18'),(2196,1,'en','plugins/ecommerce/order','add_shipping_fee','Add shipping fee','2023-11-09 09:21:18','2023-11-09 09:21:18'),(2197,1,'en','plugins/ecommerce/order','shipping','Shipping','2023-11-09 09:21:18','2023-11-09 09:21:18'),(2198,1,'en','plugins/ecommerce/order','total_amount','Total amount','2023-11-09 09:21:18','2023-11-09 09:21:18'),(2199,1,'en','plugins/ecommerce/order','confirm_payment_and_create_order','Confirm payment and create order','2023-11-09 09:21:18','2023-11-09 09:21:18'),(2200,1,'en','plugins/ecommerce/order','paid','Paid','2023-11-09 09:21:18','2023-11-09 09:21:18'),(2201,1,'en','plugins/ecommerce/order','pay_later','Pay later','2023-11-09 09:21:18','2023-11-09 09:21:18'),(2202,1,'en','plugins/ecommerce/order','customer_information','Customer information','2023-11-09 09:21:18','2023-11-09 09:21:18'),(2203,1,'en','plugins/ecommerce/order','create_new_customer','Create new customer','2023-11-09 09:21:18','2023-11-09 09:21:18'),(2204,1,'en','plugins/ecommerce/order','no_customer_found','No customer found!','2023-11-09 09:21:18','2023-11-09 09:21:18'),(2205,1,'en','plugins/ecommerce/order','customer','Customer','2023-11-09 09:21:18','2023-11-09 09:21:18'),(2206,1,'en','plugins/ecommerce/order','orders','order(s)','2023-11-09 09:21:18','2023-11-09 09:21:18'),(2207,1,'en','plugins/ecommerce/order','shipping_address','Shipping Address','2023-11-09 09:21:18','2023-11-09 09:21:18'),(2208,1,'en','plugins/ecommerce/order','shipping_info','Shipping information','2023-11-09 09:21:18','2023-11-09 09:21:18'),(2209,1,'en','plugins/ecommerce/order','billing_address','Billing Address','2023-11-09 09:21:18','2023-11-09 09:21:18'),(2210,1,'en','plugins/ecommerce/order','see_on_maps','See on maps','2023-11-09 09:21:18','2023-11-09 09:21:18'),(2211,1,'en','plugins/ecommerce/order','name','Name','2023-11-09 09:21:18','2023-11-09 09:21:18'),(2212,1,'en','plugins/ecommerce/order','price','Price','2023-11-09 09:21:18','2023-11-09 09:21:18'),(2213,1,'en','plugins/ecommerce/order','product_name','Product name','2023-11-09 09:21:18','2023-11-09 09:21:18'),(2214,1,'en','plugins/ecommerce/order','total','Total','2023-11-09 09:21:18','2023-11-09 09:21:18'),(2215,1,'en','plugins/ecommerce/order','action','Action','2023-11-09 09:21:18','2023-11-09 09:21:18'),(2216,1,'en','plugins/ecommerce/order','add_product','Add product','2023-11-09 09:21:18','2023-11-09 09:21:18'),(2217,1,'en','plugins/ecommerce/order','enter_free_text','Enter free text','2023-11-09 09:21:18','2023-11-09 09:21:18'),(2218,1,'en','plugins/ecommerce/order','promotion_discount_amount','Promotion amount','2023-11-09 09:21:18','2023-11-09 09:21:18'),(2219,1,'en','plugins/ecommerce/order','add','Add','2023-11-09 09:21:18','2023-11-09 09:21:18'),(2220,1,'en','plugins/ecommerce/order','store','Store','2023-11-09 09:21:18','2023-11-09 09:21:18'),(2221,1,'en','plugins/ecommerce/order','please_choose_product_option','Please choose product option','2023-11-09 09:21:18','2023-11-09 09:21:18'),(2222,1,'en','plugins/ecommerce/order','sku_optional','SKU (optional)','2023-11-09 09:21:18','2023-11-09 09:21:18'),(2223,1,'en','plugins/ecommerce/order','with_storehouse_management','With storehouse management?','2023-11-09 09:21:18','2023-11-09 09:21:18'),(2224,1,'en','plugins/ecommerce/order','quantity','Quantity','2023-11-09 09:21:18','2023-11-09 09:21:18'),(2225,1,'en','plugins/ecommerce/order','allow_customer_checkout_when_this_product_out_of_stock','Allow customer checkout when this product out of stock?','2023-11-09 09:21:18','2023-11-09 09:21:18'),(2226,1,'en','plugins/ecommerce/order','address','Address','2023-11-09 09:21:18','2023-11-09 09:21:18'),(2227,1,'en','plugins/ecommerce/order','phone','Phone','2023-11-09 09:21:18','2023-11-09 09:21:18'),(2228,1,'en','plugins/ecommerce/order','country','Country','2023-11-09 09:21:18','2023-11-09 09:21:18'),(2229,1,'en','plugins/ecommerce/order','state','State','2023-11-09 09:21:18','2023-11-09 09:21:18'),(2230,1,'en','plugins/ecommerce/order','city','City','2023-11-09 09:21:18','2023-11-09 09:21:18'),(2231,1,'en','plugins/ecommerce/order','zip_code','Zip code','2023-11-09 09:21:18','2023-11-09 09:21:18'),(2232,1,'en','plugins/ecommerce/order','discount_based_on','Discount based on','2023-11-09 09:21:18','2023-11-09 09:21:18'),(2233,1,'en','plugins/ecommerce/order','or_coupon_code','Or coupon code','2023-11-09 09:21:18','2023-11-09 09:21:18'),(2234,1,'en','plugins/ecommerce/order','description','Description','2023-11-09 09:21:18','2023-11-09 09:21:18'),(2235,1,'en','plugins/ecommerce/order','how_to_select_configured_shipping','How to select configured shipping?','2023-11-09 09:21:18','2023-11-09 09:21:18'),(2236,1,'en','plugins/ecommerce/order','please_add_customer_information_with_the_complete_shipping_address_to_see_the_configured_shipping_rates','Please add customer information with the complete shipping address to see the configured shipping rates','2023-11-09 09:21:18','2023-11-09 09:21:18'),(2237,1,'en','plugins/ecommerce/order','please_products_and_customer_address_to_see_the_shipping_rates','Please add products and customer information with the complete shipping address to see the configured shipping rates','2023-11-09 09:21:18','2023-11-09 09:21:18'),(2238,1,'en','plugins/ecommerce/order','shipping_method_not_found','Shipping method not found','2023-11-09 09:21:18','2023-11-09 09:21:18'),(2239,1,'en','plugins/ecommerce/order','free_shipping','Free shipping','2023-11-09 09:21:18','2023-11-09 09:21:18'),(2240,1,'en','plugins/ecommerce/order','custom','Custom','2023-11-09 09:21:18','2023-11-09 09:21:18'),(2241,1,'en','plugins/ecommerce/order','email','Email','2023-11-09 09:21:18','2023-11-09 09:21:18'),(2242,1,'en','plugins/ecommerce/order','create_order','Create order','2023-11-09 09:21:18','2023-11-09 09:21:18'),(2243,1,'en','plugins/ecommerce/order','close','Close','2023-11-09 09:21:18','2023-11-09 09:21:18'),(2244,1,'en','plugins/ecommerce/order','confirm_payment_is_paid_for_this_order','Confirm payment is paid for this order','2023-11-09 09:21:18','2023-11-09 09:21:18'),(2245,1,'en','plugins/ecommerce/order','payment_status_of_the_order_is_paid_once_the_order_has_been_created_you_cannot_change_the_payment_method_or_status','Payment status of the order is Paid. Once the order has been created, you cannot change the payment method or status','2023-11-09 09:21:19','2023-11-09 09:21:19'),(2246,1,'en','plugins/ecommerce/order','select_payment_method','Select payment method','2023-11-09 09:21:19','2023-11-09 09:21:19'),(2247,1,'en','plugins/ecommerce/order','cash_on_delivery_cod','Cash on delivery (COD)','2023-11-09 09:21:19','2023-11-09 09:21:19'),(2248,1,'en','plugins/ecommerce/order','bank_transfer','Bank transfer','2023-11-09 09:21:19','2023-11-09 09:21:19'),(2249,1,'en','plugins/ecommerce/order','paid_amount','Paid amount','2023-11-09 09:21:19','2023-11-09 09:21:19'),(2250,1,'en','plugins/ecommerce/order','confirm_that_payment_for_this_order_will_be_paid_later','Confirm that payment for this order will be paid later','2023-11-09 09:21:19','2023-11-09 09:21:19'),(2251,1,'en','plugins/ecommerce/order','payment_status_of_the_order_is_pending_once_the_order_has_been_created_you_cannot_change_the_payment_method_or_status','Payment status of the order is Pending. Once the order has been created, you cannot change the payment method or status','2023-11-09 09:21:19','2023-11-09 09:21:19'),(2252,1,'en','plugins/ecommerce/order','pending_amount','Pending amount','2023-11-09 09:21:19','2023-11-09 09:21:19'),(2253,1,'en','plugins/ecommerce/order','update_email','Update email','2023-11-09 09:21:19','2023-11-09 09:21:19'),(2254,1,'en','plugins/ecommerce/order','save','Save','2023-11-09 09:21:19','2023-11-09 09:21:19'),(2255,1,'en','plugins/ecommerce/order','cancel','Cancel','2023-11-09 09:21:19','2023-11-09 09:21:19'),(2256,1,'en','plugins/ecommerce/order','create_a_new_order','Create a new order','2023-11-09 09:21:19','2023-11-09 09:21:19'),(2257,1,'en','plugins/ecommerce/order','search_or_create_new_product','Search or create a new product','2023-11-09 09:21:19','2023-11-09 09:21:19'),(2258,1,'en','plugins/ecommerce/order','search_or_create_new_customer','Search or create a new customer','2023-11-09 09:21:19','2023-11-09 09:21:19'),(2259,1,'en','plugins/ecommerce/order','discount_description','Discount description','2023-11-09 09:21:19','2023-11-09 09:21:19'),(2260,1,'en','plugins/ecommerce/order','cant_select_out_of_stock_product','Cannot select out of stock product!','2023-11-09 09:21:19','2023-11-09 09:21:19'),(2261,1,'en','plugins/ecommerce/order','referral','Referral','2023-11-09 09:21:19','2023-11-09 09:21:19'),(2262,1,'en','plugins/ecommerce/order','return_order_unique','Same :attribute already exists in a previous return request.','2023-11-09 09:21:19','2023-11-09 09:21:19'),(2263,1,'en','plugins/ecommerce/order','total_return_amount','Total return amount','2023-11-09 09:21:19','2023-11-09 09:21:19'),(2264,1,'en','plugins/ecommerce/order','change_return_order_status','Change return order status','2023-11-09 09:21:19','2023-11-09 09:21:19'),(2265,1,'en','plugins/ecommerce/order','return_reason','Return reason','2023-11-09 09:21:19','2023-11-09 09:21:19'),(2266,1,'en','plugins/ecommerce/order','referral_data.ip','IP','2023-11-09 09:21:19','2023-11-09 09:21:19'),(2267,1,'en','plugins/ecommerce/order','referral_data.landing_domain','Landing domain','2023-11-09 09:21:19','2023-11-09 09:21:19'),(2268,1,'en','plugins/ecommerce/order','referral_data.landing_page','Landing page','2023-11-09 09:21:19','2023-11-09 09:21:19'),(2269,1,'en','plugins/ecommerce/order','referral_data.landing_params','Landing params','2023-11-09 09:21:19','2023-11-09 09:21:19'),(2270,1,'en','plugins/ecommerce/order','referral_data.gclid','Gclid','2023-11-09 09:21:19','2023-11-09 09:21:19'),(2271,1,'en','plugins/ecommerce/order','referral_data.fclid','Fclid','2023-11-09 09:21:19','2023-11-09 09:21:19'),(2272,1,'en','plugins/ecommerce/order','referral_data.utm_source','UTM source','2023-11-09 09:21:19','2023-11-09 09:21:19'),(2273,1,'en','plugins/ecommerce/order','referral_data.utm_campaign','UTM campaign','2023-11-09 09:21:19','2023-11-09 09:21:19'),(2274,1,'en','plugins/ecommerce/order','referral_data.utm_medium','UTM medium','2023-11-09 09:21:19','2023-11-09 09:21:19'),(2275,1,'en','plugins/ecommerce/order','referral_data.utm_term','UTM term','2023-11-09 09:21:19','2023-11-09 09:21:19'),(2276,1,'en','plugins/ecommerce/order','referral_data.utm_content','UTM content','2023-11-09 09:21:19','2023-11-09 09:21:19'),(2277,1,'en','plugins/ecommerce/order','referral_data.referral','Referral','2023-11-09 09:21:19','2023-11-09 09:21:19'),(2278,1,'en','plugins/ecommerce/order','referral_data.referrer_url','Referral URL','2023-11-09 09:21:19','2023-11-09 09:21:19'),(2279,1,'en','plugins/ecommerce/order','referral_data.referrer_domain','Referral domain','2023-11-09 09:21:19','2023-11-09 09:21:19'),(2280,1,'en','plugins/ecommerce/order','order_address_types.shipping_address','Shipping address','2023-11-09 09:21:19','2023-11-09 09:21:19'),(2281,1,'en','plugins/ecommerce/order','order_address_types.billing_address','Billing address','2023-11-09 09:21:19','2023-11-09 09:21:19'),(2282,1,'en','plugins/ecommerce/order','order_return_reasons.damaged','Damaged product','2023-11-09 09:21:19','2023-11-09 09:21:19'),(2283,1,'en','plugins/ecommerce/order','order_return_reasons.defective','Defective','2023-11-09 09:21:19','2023-11-09 09:21:19'),(2284,1,'en','plugins/ecommerce/order','order_return_reasons.incorrect_item','Incorrect item','2023-11-09 09:21:19','2023-11-09 09:21:19'),(2285,1,'en','plugins/ecommerce/order','order_return_reasons.arrived_late','Arrived late','2023-11-09 09:21:19','2023-11-09 09:21:19'),(2286,1,'en','plugins/ecommerce/order','order_return_reasons.not_as_described','Not as described','2023-11-09 09:21:19','2023-11-09 09:21:19'),(2287,1,'en','plugins/ecommerce/order','order_return_reasons.no_longer_want','No longer want','2023-11-09 09:21:19','2023-11-09 09:21:19'),(2288,1,'en','plugins/ecommerce/order','order_return_reasons.other','Other','2023-11-09 09:21:19','2023-11-09 09:21:19'),(2289,1,'en','plugins/ecommerce/order','order_return_reason','Return reason','2023-11-09 09:21:19','2023-11-09 09:21:19'),(2290,1,'en','plugins/ecommerce/order','notices.update_return_order_status_error','Cannot update return order status! Maybe the return order status is not valid.','2023-11-09 09:21:19','2023-11-09 09:21:19'),(2291,1,'en','plugins/ecommerce/order','notices.update_return_order_status_success','Update return order status successfully!','2023-11-09 09:21:19','2023-11-09 09:21:19'),(2292,1,'en','plugins/ecommerce/order','order_return','Order returns','2023-11-09 09:21:19','2023-11-09 09:21:19'),(2293,1,'en','plugins/ecommerce/order','edit_order_return','Edit order return :code','2023-11-09 09:21:19','2023-11-09 09:21:19'),(2294,1,'en','plugins/ecommerce/order','order_return_items_count','Product item(s)','2023-11-09 09:21:19','2023-11-09 09:21:19'),(2295,1,'en','plugins/ecommerce/order','new_order_notifications.new_order','New order','2023-11-09 09:21:19','2023-11-09 09:21:19'),(2296,1,'en','plugins/ecommerce/order','new_order_notifications.view','View','2023-11-09 09:21:19','2023-11-09 09:21:19'),(2297,1,'en','plugins/ecommerce/order','new_order_notifications.description',':customer ordered :quantity :product','2023-11-09 09:21:19','2023-11-09 09:21:19'),(2298,1,'en','plugins/ecommerce/order','confirm_payment_notifications.confirm_payment','Confirm payment','2023-11-09 09:21:19','2023-11-09 09:21:19'),(2299,1,'en','plugins/ecommerce/order','confirm_payment_notifications.description','Order :order Payment was confirmed (amount :amount) by :by','2023-11-09 09:21:19','2023-11-09 09:21:19'),(2300,1,'en','plugins/ecommerce/order','update_shipping_status_notifications.update_shipping_status','Update shipping status','2023-11-09 09:21:19','2023-11-09 09:21:19'),(2301,1,'en','plugins/ecommerce/order','update_shipping_status_notifications.description','Order :order had changed shipping status :description','2023-11-09 09:21:19','2023-11-09 09:21:19'),(2302,1,'en','plugins/ecommerce/order','cancel_order_notifications.cancel_order','Cancel order','2023-11-09 09:21:19','2023-11-09 09:21:19'),(2303,1,'en','plugins/ecommerce/order','cancel_order_notifications.description','Order :order was cancelled by custom :customer','2023-11-09 09:21:19','2023-11-09 09:21:19'),(2304,1,'en','plugins/ecommerce/order','return_order_notifications.return_order','Return order','2023-11-09 09:21:19','2023-11-09 09:21:19'),(2305,1,'en','plugins/ecommerce/order','return_order_notifications.description',':customer has requested return product(s)','2023-11-09 09:21:19','2023-11-09 09:21:19'),(2306,1,'en','plugins/ecommerce/order','order_completed_notifications.order_completed','Order Completed','2023-11-09 09:21:19','2023-11-09 09:21:19'),(2307,1,'en','plugins/ecommerce/order','order_completed_notifications.description','Order :order has been completed','2023-11-09 09:21:19','2023-11-09 09:21:19'),(2308,1,'en','plugins/ecommerce/order','tax_info.name','Tax Information','2023-11-09 09:21:19','2023-11-09 09:21:19'),(2309,1,'en','plugins/ecommerce/order','tax_info.update','Update tax information','2023-11-09 09:21:19','2023-11-09 09:21:19'),(2310,1,'en','plugins/ecommerce/order','tax_info.update_success','Update tax information successfully!','2023-11-09 09:21:19','2023-11-09 09:21:19'),(2311,1,'en','plugins/ecommerce/order','tax_info.company_name','Company name','2023-11-09 09:21:19','2023-11-09 09:21:19'),(2312,1,'en','plugins/ecommerce/order','tax_info.company_address','Company address','2023-11-09 09:21:19','2023-11-09 09:21:19'),(2313,1,'en','plugins/ecommerce/order','tax_info.company_tax_code','Company tax code','2023-11-09 09:21:19','2023-11-09 09:21:19'),(2314,1,'en','plugins/ecommerce/order','tax_info.company_email','Company email','2023-11-09 09:21:19','2023-11-09 09:21:19'),(2315,1,'en','plugins/ecommerce/order','mark_as_completed.name','Mark as completed','2023-11-09 09:21:19','2023-11-09 09:21:19'),(2316,1,'en','plugins/ecommerce/order','mark_as_completed.modal_title','Mark order as completed','2023-11-09 09:21:19','2023-11-09 09:21:19'),(2317,1,'en','plugins/ecommerce/order','mark_as_completed.modal_description','Are you sure you want to mark this order as completed? This will change the order status to completed and cannot be undone.','2023-11-09 09:21:19','2023-11-09 09:21:19'),(2318,1,'en','plugins/ecommerce/order','mark_as_completed.success','Mark order as completed successfully!','2023-11-09 09:21:19','2023-11-09 09:21:19'),(2319,1,'en','plugins/ecommerce/order','mark_as_completed.history','Order is marked as completed by :admin at :time','2023-11-09 09:21:19','2023-11-09 09:21:19'),(2320,1,'en','plugins/ecommerce/order','generate_invoice','Generate invoice','2023-11-09 09:21:19','2023-11-09 09:21:19'),(2321,1,'en','plugins/ecommerce/order','generated_invoice_successfully','Generated invoice successfully!','2023-11-09 09:21:19','2023-11-09 09:21:19'),(2322,1,'en','plugins/ecommerce/payment','name','Payments','2023-11-09 09:21:19','2023-11-09 09:21:19'),(2323,1,'en','plugins/ecommerce/payment','payment_method','Payment methods','2023-11-09 09:21:19','2023-11-09 09:21:19'),(2324,1,'en','plugins/ecommerce/payment','view_payment','View payment #','2023-11-09 09:21:19','2023-11-09 09:21:19'),(2325,1,'en','plugins/ecommerce/payment','charge_id','Charge ID','2023-11-09 09:21:19','2023-11-09 09:21:19'),(2326,1,'en','plugins/ecommerce/payment','amount','Amount','2023-11-09 09:21:19','2023-11-09 09:21:19'),(2327,1,'en','plugins/ecommerce/payment','currency','Currency','2023-11-09 09:21:19','2023-11-09 09:21:19'),(2328,1,'en','plugins/ecommerce/payment','user','User','2023-11-09 09:21:19','2023-11-09 09:21:19'),(2329,1,'en','plugins/ecommerce/payment','paypal_name_required','PayPal\'s name is required!','2023-11-09 09:21:19','2023-11-09 09:21:19'),(2330,1,'en','plugins/ecommerce/payment','paypal_name_max','PayPal\'s name is too long!','2023-11-09 09:21:20','2023-11-09 09:21:20'),(2331,1,'en','plugins/ecommerce/payment','status','Status','2023-11-09 09:21:20','2023-11-09 09:21:20'),(2332,1,'en','plugins/ecommerce/payment','enabled','Enabled','2023-11-09 09:21:20','2023-11-09 09:21:20'),(2333,1,'en','plugins/ecommerce/payment','disabled','Disabled','2023-11-09 09:21:20','2023-11-09 09:21:20'),(2334,1,'en','plugins/ecommerce/payment','client_id','Client ID','2023-11-09 09:21:20','2023-11-09 09:21:20'),(2335,1,'en','plugins/ecommerce/payment','client_secret','Client Secret','2023-11-09 09:21:20','2023-11-09 09:21:20'),(2336,1,'en','plugins/ecommerce/payment','mode','Mode','2023-11-09 09:21:20','2023-11-09 09:21:20'),(2337,1,'en','plugins/ecommerce/payment','sandbox','Sandbox','2023-11-09 09:21:20','2023-11-09 09:21:20'),(2338,1,'en','plugins/ecommerce/payment','live','Live','2023-11-09 09:21:20','2023-11-09 09:21:20'),(2339,1,'en','plugins/ecommerce/payment','enable_payment_log','Enable Payment Log','2023-11-09 09:21:20','2023-11-09 09:21:20'),(2340,1,'en','plugins/ecommerce/payment','yes','Yes','2023-11-09 09:21:20','2023-11-09 09:21:20'),(2341,1,'en','plugins/ecommerce/payment','no','No','2023-11-09 09:21:20','2023-11-09 09:21:20'),(2342,1,'en','plugins/ecommerce/payment','client_key','Client Key','2023-11-09 09:21:20','2023-11-09 09:21:20'),(2343,1,'en','plugins/ecommerce/payment','paypal','PayPal','2023-11-09 09:21:20','2023-11-09 09:21:20'),(2344,1,'en','plugins/ecommerce/payment','action','Action','2023-11-09 09:21:20','2023-11-09 09:21:20'),(2345,1,'en','plugins/ecommerce/payment','go_back','Go back','2023-11-09 09:21:20','2023-11-09 09:21:20'),(2346,1,'en','plugins/ecommerce/payment','view','View','2023-11-09 09:21:20','2023-11-09 09:21:20'),(2347,1,'en','plugins/ecommerce/payment','cash_on_delivery','Cash on delivery (COD)','2023-11-09 09:21:20','2023-11-09 09:21:20'),(2348,1,'en','plugins/ecommerce/payment','via_bank_transfer','Via bank transfer','2023-11-09 09:21:20','2023-11-09 09:21:20'),(2349,1,'en','plugins/ecommerce/payment','payment_via_cart','Payment via card','2023-11-09 09:21:20','2023-11-09 09:21:20'),(2350,1,'en','plugins/ecommerce/payment','card_number','Card number','2023-11-09 09:21:20','2023-11-09 09:21:20'),(2351,1,'en','plugins/ecommerce/payment','full_name','Full name','2023-11-09 09:21:20','2023-11-09 09:21:20'),(2352,1,'en','plugins/ecommerce/payment','payment_via_paypal','Payment via PayPal','2023-11-09 09:21:20','2023-11-09 09:21:20'),(2353,1,'en','plugins/ecommerce/payment','mm_yy','MM/YY','2023-11-09 09:21:20','2023-11-09 09:21:20'),(2354,1,'en','plugins/ecommerce/payment','cvc','CVC','2023-11-09 09:21:20','2023-11-09 09:21:20'),(2355,1,'en','plugins/ecommerce/payment','details','Details','2023-11-09 09:21:20','2023-11-09 09:21:20'),(2356,1,'en','plugins/ecommerce/payment','payer_name','Payer Name','2023-11-09 09:21:20','2023-11-09 09:21:20'),(2357,1,'en','plugins/ecommerce/payment','email','Email','2023-11-09 09:21:20','2023-11-09 09:21:20'),(2358,1,'en','plugins/ecommerce/payment','phone','Phone','2023-11-09 09:21:20','2023-11-09 09:21:20'),(2359,1,'en','plugins/ecommerce/payment','country','Country','2023-11-09 09:21:20','2023-11-09 09:21:20'),(2360,1,'en','plugins/ecommerce/payment','shipping_address','Shipping Address','2023-11-09 09:21:20','2023-11-09 09:21:20'),(2361,1,'en','plugins/ecommerce/payment','payment_details','Payment Details','2023-11-09 09:21:20','2023-11-09 09:21:20'),(2362,1,'en','plugins/ecommerce/payment','card','Card','2023-11-09 09:21:20','2023-11-09 09:21:20'),(2363,1,'en','plugins/ecommerce/payment','address','Address','2023-11-09 09:21:20','2023-11-09 09:21:20'),(2364,1,'en','plugins/ecommerce/payment','new_payment','Payment for order :id','2023-11-09 09:21:20','2023-11-09 09:21:20'),(2365,1,'en','plugins/ecommerce/payment','payment_id','Payment ID','2023-11-09 09:21:20','2023-11-09 09:21:20'),(2366,1,'en','plugins/ecommerce/payment','order','Order','2023-11-09 09:21:20','2023-11-09 09:21:20'),(2367,1,'en','plugins/ecommerce/payment','add_payment','Add payment','2023-11-09 09:21:20','2023-11-09 09:21:20'),(2368,1,'en','plugins/ecommerce/payment','add_new_payment','New payment','2023-11-09 09:21:20','2023-11-09 09:21:20'),(2369,1,'en','plugins/ecommerce/payment','add','Add','2023-11-09 09:21:20','2023-11-09 09:21:20'),(2370,1,'en','plugins/ecommerce/payment','no_data','No data to display','2023-11-09 09:21:20','2023-11-09 09:21:20'),(2371,1,'en','plugins/ecommerce/payment','no_option','No option','2023-11-09 09:21:20','2023-11-09 09:21:20'),(2372,1,'en','plugins/ecommerce/payment','edit_payment','Edit payment','2023-11-09 09:21:20','2023-11-09 09:21:20'),(2373,1,'en','plugins/ecommerce/payment','save','Save','2023-11-09 09:21:20','2023-11-09 09:21:20'),(2374,1,'en','plugins/ecommerce/prices','name','Price','2023-11-09 09:21:20','2023-11-09 09:21:20'),(2375,1,'en','plugins/ecommerce/prices','create','New price','2023-11-09 09:21:20','2023-11-09 09:21:20'),(2376,1,'en','plugins/ecommerce/prices','edit','Edit price','2023-11-09 09:21:20','2023-11-09 09:21:20'),(2377,1,'en','plugins/ecommerce/prices','list','List price','2023-11-09 09:21:20','2023-11-09 09:21:20'),(2378,1,'en','plugins/ecommerce/product-attribute-sets','name','Product attribute sets','2023-11-09 09:21:20','2023-11-09 09:21:20'),(2379,1,'en','plugins/ecommerce/product-attribute-sets','create','New product attribute set','2023-11-09 09:21:20','2023-11-09 09:21:20'),(2380,1,'en','plugins/ecommerce/product-attribute-sets','edit','Edit product attribute set','2023-11-09 09:21:20','2023-11-09 09:21:20'),(2381,1,'en','plugins/ecommerce/product-attribute-sets','visible_in_categories','Visible in categories','2023-11-09 09:21:20','2023-11-09 09:21:20'),(2382,1,'en','plugins/ecommerce/product-attribute-sets','product_with_more_version','Product with more version','2023-11-09 09:21:20','2023-11-09 09:21:20'),(2383,1,'en','plugins/ecommerce/product-attribute-sets','create_a_version','Create a version','2023-11-09 09:21:20','2023-11-09 09:21:20'),(2384,1,'en','plugins/ecommerce/product-attribute-sets','enabled','Enabled','2023-11-09 09:21:20','2023-11-09 09:21:20'),(2385,1,'en','plugins/ecommerce/product-attribute-sets','attributes','Attributes','2023-11-09 09:21:20','2023-11-09 09:21:20'),(2386,1,'en','plugins/ecommerce/product-attribute-sets','price','Price','2023-11-09 09:21:20','2023-11-09 09:21:20'),(2387,1,'en','plugins/ecommerce/product-attribute-sets','edit_btn','Edit','2023-11-09 09:21:20','2023-11-09 09:21:20'),(2388,1,'en','plugins/ecommerce/product-attribute-sets','remove_btn','Remove','2023-11-09 09:21:20','2023-11-09 09:21:20'),(2389,1,'en','plugins/ecommerce/product-attribute-sets','product','Product','2023-11-09 09:21:20','2023-11-09 09:21:20'),(2390,1,'en','plugins/ecommerce/product-attribute-sets','back_to_product','Back to product','2023-11-09 09:21:20','2023-11-09 09:21:20'),(2391,1,'en','plugins/ecommerce/product-attribute-sets','save','Save','2023-11-09 09:21:20','2023-11-09 09:21:20'),(2392,1,'en','plugins/ecommerce/product-attribute-sets','other_existing_versions','Other existing versions','2023-11-09 09:21:20','2023-11-09 09:21:20'),(2393,1,'en','plugins/ecommerce/product-attribute-sets','version_information','Version information','2023-11-09 09:21:20','2023-11-09 09:21:20'),(2394,1,'en','plugins/ecommerce/product-attribute-sets','add_rule','Add rule','2023-11-09 09:21:20','2023-11-09 09:21:20'),(2395,1,'en','plugins/ecommerce/product-attribute-sets','rules','Rules','2023-11-09 09:21:20','2023-11-09 09:21:20'),(2396,1,'en','plugins/ecommerce/product-attribute-sets','pricing','Pricing','2023-11-09 09:21:20','2023-11-09 09:21:20'),(2397,1,'en','plugins/ecommerce/product-attribute-sets','sale_price','Sale price','2023-11-09 09:21:20','2023-11-09 09:21:20'),(2398,1,'en','plugins/ecommerce/product-attribute-sets','sale_type','Sale type','2023-11-09 09:21:20','2023-11-09 09:21:20'),(2399,1,'en','plugins/ecommerce/product-attribute-sets','no_sale_price','No sale price','2023-11-09 09:21:20','2023-11-09 09:21:20'),(2400,1,'en','plugins/ecommerce/product-attribute-sets','always_on_sale','Always on sale','2023-11-09 09:21:20','2023-11-09 09:21:20'),(2401,1,'en','plugins/ecommerce/product-attribute-sets','limited_time','Limited time','2023-11-09 09:21:20','2023-11-09 09:21:20'),(2402,1,'en','plugins/ecommerce/product-attribute-sets','from','From','2023-11-09 09:21:20','2023-11-09 09:21:20'),(2403,1,'en','plugins/ecommerce/product-attribute-sets','to','To','2023-11-09 09:21:20','2023-11-09 09:21:20'),(2404,1,'en','plugins/ecommerce/product-attribute-sets','storehouse','Storehouse','2023-11-09 09:21:20','2023-11-09 09:21:20'),(2405,1,'en','plugins/ecommerce/product-attribute-sets','no_storehouse_management','No storehouse management','2023-11-09 09:21:20','2023-11-09 09:21:20'),(2406,1,'en','plugins/ecommerce/product-attribute-sets','with_storehouse_management','With storehouse management','2023-11-09 09:21:20','2023-11-09 09:21:20'),(2407,1,'en','plugins/ecommerce/product-attribute-sets','quantity','Quantity','2023-11-09 09:21:20','2023-11-09 09:21:20'),(2408,1,'en','plugins/ecommerce/product-attribute-sets','allow_customer_checkout_out_of_stock','Allow customer checkout when this product out of stock','2023-11-09 09:21:20','2023-11-09 09:21:20'),(2409,1,'en','plugins/ecommerce/product-attribute-sets','shipping','Shipping','2023-11-09 09:21:20','2023-11-09 09:21:20'),(2410,1,'en','plugins/ecommerce/product-attribute-sets','length','Length','2023-11-09 09:21:20','2023-11-09 09:21:20'),(2411,1,'en','plugins/ecommerce/product-attribute-sets','wide','Wide','2023-11-09 09:21:20','2023-11-09 09:21:20'),(2412,1,'en','plugins/ecommerce/product-attribute-sets','height','Height','2023-11-09 09:21:20','2023-11-09 09:21:20'),(2413,1,'en','plugins/ecommerce/product-attribute-sets','weight','Weight','2023-11-09 09:21:20','2023-11-09 09:21:20'),(2414,1,'en','plugins/ecommerce/product-attribute-sets','version_images','Version images','2023-11-09 09:21:20','2023-11-09 09:21:20'),(2415,1,'en','plugins/ecommerce/product-attribute-sets','add_new_image','Add new image','2023-11-09 09:21:20','2023-11-09 09:21:20'),(2416,1,'en','plugins/ecommerce/product-attribute-sets','attribute_set','Attribute set','2023-11-09 09:21:20','2023-11-09 09:21:20'),(2417,1,'en','plugins/ecommerce/product-attribute-sets','value','Value','2023-11-09 09:21:20','2023-11-09 09:21:20'),(2418,1,'en','plugins/ecommerce/product-attribute-sets','dropdown_swatch','Dropdown Swatch','2023-11-09 09:21:20','2023-11-09 09:21:20'),(2419,1,'en','plugins/ecommerce/product-attribute-sets','visual_swatch','Visual Swatch','2023-11-09 09:21:20','2023-11-09 09:21:20'),(2420,1,'en','plugins/ecommerce/product-attribute-sets','text_swatch','Text Swatch','2023-11-09 09:21:20','2023-11-09 09:21:20'),(2421,1,'en','plugins/ecommerce/product-attribute-sets','display_layout','Display Layout','2023-11-09 09:21:20','2023-11-09 09:21:20'),(2422,1,'en','plugins/ecommerce/product-attribute-sets','searchable','Searchable','2023-11-09 09:21:20','2023-11-09 09:21:20'),(2423,1,'en','plugins/ecommerce/product-attribute-sets','comparable','Comparable','2023-11-09 09:21:20','2023-11-09 09:21:20'),(2424,1,'en','plugins/ecommerce/product-attribute-sets','use_in_product_listing','Used in product listing','2023-11-09 09:21:20','2023-11-09 09:21:20'),(2425,1,'en','plugins/ecommerce/product-attribute-sets','attributes_list','Attributes list','2023-11-09 09:21:20','2023-11-09 09:21:20'),(2426,1,'en','plugins/ecommerce/product-attribute-sets','is_default','Is default?','2023-11-09 09:21:20','2023-11-09 09:21:20'),(2427,1,'en','plugins/ecommerce/product-attribute-sets','title','Title','2023-11-09 09:21:21','2023-11-09 09:21:21'),(2428,1,'en','plugins/ecommerce/product-attribute-sets','slug','Slug','2023-11-09 09:21:21','2023-11-09 09:21:21'),(2429,1,'en','plugins/ecommerce/product-attribute-sets','color','Color','2023-11-09 09:21:21','2023-11-09 09:21:21'),(2430,1,'en','plugins/ecommerce/product-attribute-sets','image','Image','2023-11-09 09:21:21','2023-11-09 09:21:21'),(2431,1,'en','plugins/ecommerce/product-attribute-sets','remove','Remove','2023-11-09 09:21:21','2023-11-09 09:21:21'),(2432,1,'en','plugins/ecommerce/product-attribute-sets','add_new_attribute','Add new attribute','2023-11-09 09:21:21','2023-11-09 09:21:21'),(2433,1,'en','plugins/ecommerce/product-attribute-sets','use_image_from_product_variation','Use image from product variation (for Visual Swatch only)','2023-11-09 09:21:21','2023-11-09 09:21:21'),(2434,1,'en','plugins/ecommerce/product-attributes','name','Product attributes','2023-11-09 09:21:21','2023-11-09 09:21:21'),(2435,1,'en','plugins/ecommerce/product-attributes','create','New product attribute','2023-11-09 09:21:21','2023-11-09 09:21:21'),(2436,1,'en','plugins/ecommerce/product-attributes','edit','Edit product attribute','2023-11-09 09:21:21','2023-11-09 09:21:21'),(2437,1,'en','plugins/ecommerce/product-attributes','intro.title','Manage product attributes','2023-11-09 09:21:21','2023-11-09 09:21:21'),(2438,1,'en','plugins/ecommerce/product-attributes','intro.description','Product attribute such as color, width, height ...','2023-11-09 09:21:21','2023-11-09 09:21:21'),(2439,1,'en','plugins/ecommerce/product-attributes','intro.button_text','Create product attribute','2023-11-09 09:21:21','2023-11-09 09:21:21'),(2440,1,'en','plugins/ecommerce/product-categories','name','Product categories','2023-11-09 09:21:21','2023-11-09 09:21:21'),(2441,1,'en','plugins/ecommerce/product-categories','create','Create new product category','2023-11-09 09:21:21','2023-11-09 09:21:21'),(2442,1,'en','plugins/ecommerce/product-categories','edit','Edit product category','2023-11-09 09:21:21','2023-11-09 09:21:21'),(2443,1,'en','plugins/ecommerce/product-categories','list','List product categories','2023-11-09 09:21:21','2023-11-09 09:21:21'),(2444,1,'en','plugins/ecommerce/product-categories','none','None','2023-11-09 09:21:21','2023-11-09 09:21:21'),(2445,1,'en','plugins/ecommerce/product-categories','menu','Product categories','2023-11-09 09:21:21','2023-11-09 09:21:21'),(2446,1,'en','plugins/ecommerce/product-categories','intro.title','Manage product categories','2023-11-09 09:21:21','2023-11-09 09:21:21'),(2447,1,'en','plugins/ecommerce/product-categories','intro.description','Such as clothes, shoes, bags, jewelry ...','2023-11-09 09:21:21','2023-11-09 09:21:21'),(2448,1,'en','plugins/ecommerce/product-categories','intro.button_text','Create product category','2023-11-09 09:21:21','2023-11-09 09:21:21'),(2449,1,'en','plugins/ecommerce/product-categories','total_products','Total products: :total','2023-11-09 09:21:21','2023-11-09 09:21:21'),(2450,1,'en','plugins/ecommerce/product-collections','name','Product collections','2023-11-09 09:21:21','2023-11-09 09:21:21'),(2451,1,'en','plugins/ecommerce/product-collections','create','New product collection','2023-11-09 09:21:21','2023-11-09 09:21:21'),(2452,1,'en','plugins/ecommerce/product-collections','edit','Edit product collection','2023-11-09 09:21:21','2023-11-09 09:21:21'),(2453,1,'en','plugins/ecommerce/product-collections','slug_help_block','Label key: <code>:slug</code>. We will use this key for filter.','2023-11-09 09:21:21','2023-11-09 09:21:21'),(2454,1,'en','plugins/ecommerce/product-collections','intro.title','Manage product collections','2023-11-09 09:21:21','2023-11-09 09:21:21'),(2455,1,'en','plugins/ecommerce/product-collections','intro.description','Group your products into collections to make it easier for customers to find them by category.','2023-11-09 09:21:21','2023-11-09 09:21:21'),(2456,1,'en','plugins/ecommerce/product-collections','intro.button_text','Create product collection','2023-11-09 09:21:21','2023-11-09 09:21:21'),(2457,1,'en','plugins/ecommerce/product-label','name','Product labels','2023-11-09 09:21:21','2023-11-09 09:21:21'),(2458,1,'en','plugins/ecommerce/product-label','create','New product label','2023-11-09 09:21:21','2023-11-09 09:21:21'),(2459,1,'en','plugins/ecommerce/product-label','edit','Edit product label','2023-11-09 09:21:21','2023-11-09 09:21:21'),(2460,1,'en','plugins/ecommerce/product-label','color','Color','2023-11-09 09:21:21','2023-11-09 09:21:21'),(2461,1,'en','plugins/ecommerce/product-label','color_placeholder','Example: #f0f0f0','2023-11-09 09:21:21','2023-11-09 09:21:21'),(2462,1,'en','plugins/ecommerce/product-option','name','Product options','2023-11-09 09:21:21','2023-11-09 09:21:21'),(2463,1,'en','plugins/ecommerce/product-option','options','Options','2023-11-09 09:21:21','2023-11-09 09:21:21'),(2464,1,'en','plugins/ecommerce/product-option','create','New option','2023-11-09 09:21:21','2023-11-09 09:21:21'),(2465,1,'en','plugins/ecommerce/product-option','edit','Edit option :name','2023-11-09 09:21:21','2023-11-09 09:21:21'),(2466,1,'en','plugins/ecommerce/product-option','required','Is required?','2023-11-09 09:21:21','2023-11-09 09:21:21'),(2467,1,'en','plugins/ecommerce/product-option','option_value','Option value','2023-11-09 09:21:21','2023-11-09 09:21:21'),(2468,1,'en','plugins/ecommerce/product-option','option_type','Type','2023-11-09 09:21:21','2023-11-09 09:21:21'),(2469,1,'en','plugins/ecommerce/product-option','label','Label','2023-11-09 09:21:21','2023-11-09 09:21:21'),(2470,1,'en','plugins/ecommerce/product-option','price','Price','2023-11-09 09:21:21','2023-11-09 09:21:21'),(2471,1,'en','plugins/ecommerce/product-option','price_type','Price Type','2023-11-09 09:21:21','2023-11-09 09:21:21'),(2472,1,'en','plugins/ecommerce/product-option','percent','Percent','2023-11-09 09:21:21','2023-11-09 09:21:21'),(2473,1,'en','plugins/ecommerce/product-option','fixed','Fixed','2023-11-09 09:21:21','2023-11-09 09:21:21'),(2474,1,'en','plugins/ecommerce/product-option','label_placeholder','Please fill label','2023-11-09 09:21:21','2023-11-09 09:21:21'),(2475,1,'en','plugins/ecommerce/product-option','affect_price_label','Please fill affect price','2023-11-09 09:21:21','2023-11-09 09:21:21'),(2476,1,'en','plugins/ecommerce/product-option','add_new_row','Add new row','2023-11-09 09:21:21','2023-11-09 09:21:21'),(2477,1,'en','plugins/ecommerce/product-option','add_new_option','Add new option','2023-11-09 09:21:21','2023-11-09 09:21:21'),(2478,1,'en','plugins/ecommerce/product-option','select_global_option','Select Global Option','2023-11-09 09:21:21','2023-11-09 09:21:21'),(2479,1,'en','plugins/ecommerce/product-option','add_global_option','Add Global Option','2023-11-09 09:21:21','2023-11-09 09:21:21'),(2480,1,'en','plugins/ecommerce/product-option','please_select_option','Please select option','2023-11-09 09:21:21','2023-11-09 09:21:21'),(2481,1,'en','plugins/ecommerce/product-option','add_to_cart_value_required','Option :value is required','2023-11-09 09:21:21','2023-11-09 09:21:21'),(2482,1,'en','plugins/ecommerce/product-option','option_value_attribute','value :item of :value_key on option #:option_key','2023-11-09 09:21:21','2023-11-09 09:21:21'),(2483,1,'en','plugins/ecommerce/product-option','option_name_attribute','Option :key','2023-11-09 09:21:21','2023-11-09 09:21:21'),(2484,1,'en','plugins/ecommerce/product-option','option_type_attribute','Type of option :key','2023-11-09 09:21:21','2023-11-09 09:21:21'),(2485,1,'en','plugins/ecommerce/product-option','option_value_name_attribute','Values of option :key','2023-11-09 09:21:21','2023-11-09 09:21:21'),(2486,1,'en','plugins/ecommerce/product-option','please_choose_option_type','Please choose option type!','2023-11-09 09:21:21','2023-11-09 09:21:21'),(2487,1,'en','plugins/ecommerce/product-tag','name','Product tags','2023-11-09 09:21:21','2023-11-09 09:21:21'),(2488,1,'en','plugins/ecommerce/product-tag','create','New product tag','2023-11-09 09:21:21','2023-11-09 09:21:21'),(2489,1,'en','plugins/ecommerce/product-tag','edit','Edit product tag','2023-11-09 09:21:21','2023-11-09 09:21:21'),(2490,1,'en','plugins/ecommerce/products','name','Products','2023-11-09 09:21:21','2023-11-09 09:21:21'),(2491,1,'en','plugins/ecommerce/products','create','New product','2023-11-09 09:21:21','2023-11-09 09:21:21'),(2492,1,'en','plugins/ecommerce/products','create_product_type.physical','New physical product','2023-11-09 09:21:21','2023-11-09 09:21:21'),(2493,1,'en','plugins/ecommerce/products','create_product_type.digital','New digital product','2023-11-09 09:21:21','2023-11-09 09:21:21'),(2494,1,'en','plugins/ecommerce/products','edit','Edit product - :name','2023-11-09 09:21:21','2023-11-09 09:21:21'),(2495,1,'en','plugins/ecommerce/products','form.name','Name','2023-11-09 09:21:21','2023-11-09 09:21:21'),(2496,1,'en','plugins/ecommerce/products','form.name_placeholder','Product\'s name (Maximum 120 characters)','2023-11-09 09:21:21','2023-11-09 09:21:21'),(2497,1,'en','plugins/ecommerce/products','form.description','Description','2023-11-09 09:21:21','2023-11-09 09:21:21'),(2498,1,'en','plugins/ecommerce/products','form.description_placeholder','Short description for product (Maximum 400 characters)','2023-11-09 09:21:21','2023-11-09 09:21:21'),(2499,1,'en','plugins/ecommerce/products','form.categories','Categories','2023-11-09 09:21:21','2023-11-09 09:21:21'),(2500,1,'en','plugins/ecommerce/products','form.content','Content','2023-11-09 09:21:21','2023-11-09 09:21:21'),(2501,1,'en','plugins/ecommerce/products','form.price','Price','2023-11-09 09:21:21','2023-11-09 09:21:21'),(2502,1,'en','plugins/ecommerce/products','form.quantity','Quantity','2023-11-09 09:21:21','2023-11-09 09:21:21'),(2503,1,'en','plugins/ecommerce/products','form.brand','Brand','2023-11-09 09:21:21','2023-11-09 09:21:21'),(2504,1,'en','plugins/ecommerce/products','form.width','Width','2023-11-09 09:21:21','2023-11-09 09:21:21'),(2505,1,'en','plugins/ecommerce/products','form.height','Height','2023-11-09 09:21:21','2023-11-09 09:21:21'),(2506,1,'en','plugins/ecommerce/products','form.weight','Weight','2023-11-09 09:21:21','2023-11-09 09:21:21'),(2507,1,'en','plugins/ecommerce/products','form.date.start','From date','2023-11-09 09:21:21','2023-11-09 09:21:21'),(2508,1,'en','plugins/ecommerce/products','form.date.end','To date','2023-11-09 09:21:21','2023-11-09 09:21:21'),(2509,1,'en','plugins/ecommerce/products','form.image','Images','2023-11-09 09:21:21','2023-11-09 09:21:21'),(2510,1,'en','plugins/ecommerce/products','form.collections','Product collections','2023-11-09 09:21:21','2023-11-09 09:21:21'),(2511,1,'en','plugins/ecommerce/products','form.labels','Labels','2023-11-09 09:21:21','2023-11-09 09:21:21'),(2512,1,'en','plugins/ecommerce/products','form.price_sale','Price sale','2023-11-09 09:21:22','2023-11-09 09:21:22'),(2513,1,'en','plugins/ecommerce/products','form.product_type.title','Product type','2023-11-09 09:21:22','2023-11-09 09:21:22'),(2514,1,'en','plugins/ecommerce/products','form.product','Product','2023-11-09 09:21:22','2023-11-09 09:21:22'),(2515,1,'en','plugins/ecommerce/products','form.total','Total','2023-11-09 09:21:22','2023-11-09 09:21:22'),(2516,1,'en','plugins/ecommerce/products','form.sub_total','Subtotal','2023-11-09 09:21:22','2023-11-09 09:21:22'),(2517,1,'en','plugins/ecommerce/products','form.shipping_fee','Shipping fee','2023-11-09 09:21:22','2023-11-09 09:21:22'),(2518,1,'en','plugins/ecommerce/products','form.discount','Discount','2023-11-09 09:21:22','2023-11-09 09:21:22'),(2519,1,'en','plugins/ecommerce/products','form.options','Options','2023-11-09 09:21:22','2023-11-09 09:21:22'),(2520,1,'en','plugins/ecommerce/products','form.shipping.height','Height','2023-11-09 09:21:22','2023-11-09 09:21:22'),(2521,1,'en','plugins/ecommerce/products','form.shipping.length','Length','2023-11-09 09:21:22','2023-11-09 09:21:22'),(2522,1,'en','plugins/ecommerce/products','form.shipping.title','Shipping','2023-11-09 09:21:22','2023-11-09 09:21:22'),(2523,1,'en','plugins/ecommerce/products','form.shipping.weight','Weight','2023-11-09 09:21:22','2023-11-09 09:21:22'),(2524,1,'en','plugins/ecommerce/products','form.shipping.wide','Wide','2023-11-09 09:21:22','2023-11-09 09:21:22'),(2525,1,'en','plugins/ecommerce/products','form.barcode','Barcode (ISBN, UPC, GTIN, etc.) ','2023-11-09 09:21:22','2023-11-09 09:21:22'),(2526,1,'en','plugins/ecommerce/products','form.barcode_placeholder','Enter barcode','2023-11-09 09:21:22','2023-11-09 09:21:22'),(2527,1,'en','plugins/ecommerce/products','form.cost_per_item','Cost per item','2023-11-09 09:21:22','2023-11-09 09:21:22'),(2528,1,'en','plugins/ecommerce/products','form.cost_per_item_placeholder','Enter cost per item','2023-11-09 09:21:22','2023-11-09 09:21:22'),(2529,1,'en','plugins/ecommerce/products','form.cost_per_item_helper','Customers won\'t see this price.','2023-11-09 09:21:22','2023-11-09 09:21:22'),(2530,1,'en','plugins/ecommerce/products','form.stock.allow_order_when_out','Allow customer checkout when this product out of stock','2023-11-09 09:21:22','2023-11-09 09:21:22'),(2531,1,'en','plugins/ecommerce/products','form.stock.in_stock','In stock','2023-11-09 09:21:22','2023-11-09 09:21:22'),(2532,1,'en','plugins/ecommerce/products','form.stock.out_stock','Out stock','2023-11-09 09:21:22','2023-11-09 09:21:22'),(2533,1,'en','plugins/ecommerce/products','form.stock.title','Stock status','2023-11-09 09:21:22','2023-11-09 09:21:22'),(2534,1,'en','plugins/ecommerce/products','form.storehouse.no_storehouse','No storehouse management','2023-11-09 09:21:22','2023-11-09 09:21:22'),(2535,1,'en','plugins/ecommerce/products','form.storehouse.storehouse','With storehouse management','2023-11-09 09:21:22','2023-11-09 09:21:22'),(2536,1,'en','plugins/ecommerce/products','form.storehouse.title','Storehouse','2023-11-09 09:21:22','2023-11-09 09:21:22'),(2537,1,'en','plugins/ecommerce/products','form.storehouse.quantity','Quantity','2023-11-09 09:21:22','2023-11-09 09:21:22'),(2538,1,'en','plugins/ecommerce/products','form.tax','Tax','2023-11-09 09:21:22','2023-11-09 09:21:22'),(2539,1,'en','plugins/ecommerce/products','form.taxes','Taxes','2023-11-09 09:21:22','2023-11-09 09:21:22'),(2540,1,'en','plugins/ecommerce/products','form.is_default','Is default','2023-11-09 09:21:22','2023-11-09 09:21:22'),(2541,1,'en','plugins/ecommerce/products','form.action','Action','2023-11-09 09:21:22','2023-11-09 09:21:22'),(2542,1,'en','plugins/ecommerce/products','form.restock_quantity','Restock quantity','2023-11-09 09:21:22','2023-11-09 09:21:22'),(2543,1,'en','plugins/ecommerce/products','form.remain','Remain','2023-11-09 09:21:22','2023-11-09 09:21:22'),(2544,1,'en','plugins/ecommerce/products','form.choose_discount_period','Choose Discount Period','2023-11-09 09:21:22','2023-11-09 09:21:22'),(2545,1,'en','plugins/ecommerce/products','form.cancel','Cancel','2023-11-09 09:21:22','2023-11-09 09:21:22'),(2546,1,'en','plugins/ecommerce/products','form.no_results','No results!','2023-11-09 09:21:22','2023-11-09 09:21:22'),(2547,1,'en','plugins/ecommerce/products','form.value','Value','2023-11-09 09:21:22','2023-11-09 09:21:22'),(2548,1,'en','plugins/ecommerce/products','form.attribute_name','Attribute name','2023-11-09 09:21:22','2023-11-09 09:21:22'),(2549,1,'en','plugins/ecommerce/products','form.add_more_attribute','Add more attribute','2023-11-09 09:21:22','2023-11-09 09:21:22'),(2550,1,'en','plugins/ecommerce/products','form.continue','Continue','2023-11-09 09:21:22','2023-11-09 09:21:22'),(2551,1,'en','plugins/ecommerce/products','form.add_new_attributes','Add new attributes','2023-11-09 09:21:22','2023-11-09 09:21:22'),(2552,1,'en','plugins/ecommerce/products','form.add_new_attributes_description','Adding new attributes helps the product to have many options, such as size or color.','2023-11-09 09:21:22','2023-11-09 09:21:22'),(2553,1,'en','plugins/ecommerce/products','form.create_product_variations',':link to create product variations!','2023-11-09 09:21:22','2023-11-09 09:21:22'),(2554,1,'en','plugins/ecommerce/products','form.tags','Tags','2023-11-09 09:21:22','2023-11-09 09:21:22'),(2555,1,'en','plugins/ecommerce/products','form.write_some_tags','Write some tags','2023-11-09 09:21:22','2023-11-09 09:21:22'),(2556,1,'en','plugins/ecommerce/products','form.variation_existed','This variation is existed.','2023-11-09 09:21:22','2023-11-09 09:21:22'),(2557,1,'en','plugins/ecommerce/products','form.no_attributes_selected','No attributes selected!','2023-11-09 09:21:22','2023-11-09 09:21:22'),(2558,1,'en','plugins/ecommerce/products','form.added_variation_success','Added variation successfully!','2023-11-09 09:21:22','2023-11-09 09:21:22'),(2559,1,'en','plugins/ecommerce/products','form.updated_variation_success','Updated variation successfully!','2023-11-09 09:21:22','2023-11-09 09:21:22'),(2560,1,'en','plugins/ecommerce/products','form.created_all_variation_success','Created all variations successfully!','2023-11-09 09:21:22','2023-11-09 09:21:22'),(2561,1,'en','plugins/ecommerce/products','form.updated_product_attributes_success','Updated product attributes successfully!','2023-11-09 09:21:22','2023-11-09 09:21:22'),(2562,1,'en','plugins/ecommerce/products','form.stock_status','Stock status','2023-11-09 09:21:22','2023-11-09 09:21:22'),(2563,1,'en','plugins/ecommerce/products','form.auto_generate_sku','Auto generate SKU?','2023-11-09 09:21:22','2023-11-09 09:21:22'),(2564,1,'en','plugins/ecommerce/products','form.featured_image','Featured image (optional)','2023-11-09 09:21:22','2023-11-09 09:21:22'),(2565,1,'en','plugins/ecommerce/products','form.product_id','Product ID','2023-11-09 09:21:22','2023-11-09 09:21:22'),(2566,1,'en','plugins/ecommerce/products','price','Price','2023-11-09 09:21:22','2023-11-09 09:21:22'),(2567,1,'en','plugins/ecommerce/products','quantity','Quantity','2023-11-09 09:21:22','2023-11-09 09:21:22'),(2568,1,'en','plugins/ecommerce/products','type','Type','2023-11-09 09:21:22','2023-11-09 09:21:22'),(2569,1,'en','plugins/ecommerce/products','image','Thumbnail','2023-11-09 09:21:22','2023-11-09 09:21:22'),(2570,1,'en','plugins/ecommerce/products','sku','SKU','2023-11-09 09:21:22','2023-11-09 09:21:22'),(2571,1,'en','plugins/ecommerce/products','variation_sku','Variation SKU','2023-11-09 09:21:22','2023-11-09 09:21:22'),(2572,1,'en','plugins/ecommerce/products','brand','Brand','2023-11-09 09:21:22','2023-11-09 09:21:22'),(2573,1,'en','plugins/ecommerce/products','cannot_delete','Product could not be deleted','2023-11-09 09:21:22','2023-11-09 09:21:22'),(2574,1,'en','plugins/ecommerce/products','product_deleted','Product deleted','2023-11-09 09:21:22','2023-11-09 09:21:22'),(2575,1,'en','plugins/ecommerce/products','product_collections','Product collections','2023-11-09 09:21:22','2023-11-09 09:21:22'),(2576,1,'en','plugins/ecommerce/products','products','Products','2023-11-09 09:21:22','2023-11-09 09:21:22'),(2577,1,'en','plugins/ecommerce/products','menu','Products','2023-11-09 09:21:22','2023-11-09 09:21:22'),(2578,1,'en','plugins/ecommerce/products','control.button_add_image','Add image','2023-11-09 09:21:22','2023-11-09 09:21:22'),(2579,1,'en','plugins/ecommerce/products','price_sale','Sale price','2023-11-09 09:21:22','2023-11-09 09:21:22'),(2580,1,'en','plugins/ecommerce/products','price_group_title','Manager product price','2023-11-09 09:21:22','2023-11-09 09:21:22'),(2581,1,'en','plugins/ecommerce/products','store_house_group_title','Manager store house','2023-11-09 09:21:22','2023-11-09 09:21:22'),(2582,1,'en','plugins/ecommerce/products','shipping_group_title','Manager shipping','2023-11-09 09:21:22','2023-11-09 09:21:22'),(2583,1,'en','plugins/ecommerce/products','overview','Overview','2023-11-09 09:21:22','2023-11-09 09:21:22'),(2584,1,'en','plugins/ecommerce/products','attributes','Attributes','2023-11-09 09:21:22','2023-11-09 09:21:22'),(2585,1,'en','plugins/ecommerce/products','product_has_variations','Product has variations','2023-11-09 09:21:22','2023-11-09 09:21:22'),(2586,1,'en','plugins/ecommerce/products','manage_products','Manage products','2023-11-09 09:21:22','2023-11-09 09:21:22'),(2587,1,'en','plugins/ecommerce/products','add_new_product','Add a new product','2023-11-09 09:21:22','2023-11-09 09:21:22'),(2588,1,'en','plugins/ecommerce/products','start_by_adding_new_product','Start by adding new products.','2023-11-09 09:21:22','2023-11-09 09:21:22'),(2589,1,'en','plugins/ecommerce/products','edit_this_product','Edit this product','2023-11-09 09:21:22','2023-11-09 09:21:22'),(2590,1,'en','plugins/ecommerce/products','delete','Delete','2023-11-09 09:21:22','2023-11-09 09:21:22'),(2591,1,'en','plugins/ecommerce/products','related_products','Related products','2023-11-09 09:21:22','2023-11-09 09:21:22'),(2592,1,'en','plugins/ecommerce/products','cross_selling_products','Cross-selling products','2023-11-09 09:21:22','2023-11-09 09:21:22'),(2593,1,'en','plugins/ecommerce/products','up_selling_products','Up-selling products','2023-11-09 09:21:22','2023-11-09 09:21:22'),(2594,1,'en','plugins/ecommerce/products','grouped_products','Grouped products','2023-11-09 09:21:22','2023-11-09 09:21:22'),(2595,1,'en','plugins/ecommerce/products','search_products','Search products','2023-11-09 09:21:22','2023-11-09 09:21:22'),(2596,1,'en','plugins/ecommerce/products','selected_products','Selected products','2023-11-09 09:21:22','2023-11-09 09:21:22'),(2597,1,'en','plugins/ecommerce/products','edit_variation_item','Edit','2023-11-09 09:21:22','2023-11-09 09:21:22'),(2598,1,'en','plugins/ecommerce/products','variations_box_description','Click on \"Edit attribute\" to add/remove attributes of variation or click on \"Add new variation\" to add variation.','2023-11-09 09:21:22','2023-11-09 09:21:22'),(2599,1,'en','plugins/ecommerce/products','save_changes','Save changes','2023-11-09 09:21:22','2023-11-09 09:21:22'),(2600,1,'en','plugins/ecommerce/products','continue','Continue','2023-11-09 09:21:22','2023-11-09 09:21:22'),(2601,1,'en','plugins/ecommerce/products','edit_attribute','Edit attribute','2023-11-09 09:21:22','2023-11-09 09:21:22'),(2602,1,'en','plugins/ecommerce/products','select_attribute','Select attribute','2023-11-09 09:21:22','2023-11-09 09:21:22'),(2603,1,'en','plugins/ecommerce/products','add_new_variation','Add new variation','2023-11-09 09:21:22','2023-11-09 09:21:22'),(2604,1,'en','plugins/ecommerce/products','edit_variation','Edit variation','2023-11-09 09:21:22','2023-11-09 09:21:22'),(2605,1,'en','plugins/ecommerce/products','generate_all_variations','Generate all variations','2023-11-09 09:21:22','2023-11-09 09:21:22'),(2606,1,'en','plugins/ecommerce/products','generate_all_variations_confirmation','Are you sure you want to generate all variations for this product?','2023-11-09 09:21:22','2023-11-09 09:21:22'),(2607,1,'en','plugins/ecommerce/products','delete_variation','Delete variation?','2023-11-09 09:21:22','2023-11-09 09:21:22'),(2608,1,'en','plugins/ecommerce/products','delete_variation_confirmation','Are you sure you want to delete this variation? This action cannot be undo.','2023-11-09 09:21:22','2023-11-09 09:21:22'),(2609,1,'en','plugins/ecommerce/products','delete_variations_confirmation','Are you sure you want to delete those variations? This action cannot be undo.','2023-11-09 09:21:22','2023-11-09 09:21:22'),(2610,1,'en','plugins/ecommerce/products','product_create_validate_name_required','Please enter product\'s name','2023-11-09 09:21:22','2023-11-09 09:21:22'),(2611,1,'en','plugins/ecommerce/products','product_create_validate_sale_price_max','The discount must be less than the original price','2023-11-09 09:21:22','2023-11-09 09:21:22'),(2612,1,'en','plugins/ecommerce/products','product_create_validate_cost_per_item_max','The cost per item must be less than the original price','2023-11-09 09:21:22','2023-11-09 09:21:22'),(2613,1,'en','plugins/ecommerce/products','product_create_validate_sale_price_required_if','Must enter a discount when you want to schedule a promotion','2023-11-09 09:21:22','2023-11-09 09:21:22'),(2614,1,'en','plugins/ecommerce/products','product_create_validate_end_date_after','End date must be after start date','2023-11-09 09:21:22','2023-11-09 09:21:22'),(2615,1,'en','plugins/ecommerce/products','product_create_validate_start_date_required_if','Discount start date cannot be left blank when scheduling is selected','2023-11-09 09:21:23','2023-11-09 09:21:23'),(2616,1,'en','plugins/ecommerce/products','product_create_validate_sale_price','Discounts cannot be left blank when scheduling is selected','2023-11-09 09:21:23','2023-11-09 09:21:23'),(2617,1,'en','plugins/ecommerce/products','stock_statuses.in_stock','In stock','2023-11-09 09:21:23','2023-11-09 09:21:23'),(2618,1,'en','plugins/ecommerce/products','stock_statuses.out_of_stock','Out of stock','2023-11-09 09:21:23','2023-11-09 09:21:23'),(2619,1,'en','plugins/ecommerce/products','stock_statuses.on_backorder','On backorder','2023-11-09 09:21:23','2023-11-09 09:21:23'),(2620,1,'en','plugins/ecommerce/products','stock_status','Stock status','2023-11-09 09:21:23','2023-11-09 09:21:23'),(2621,1,'en','plugins/ecommerce/products','processing','Processing...','2023-11-09 09:21:23','2023-11-09 09:21:23'),(2622,1,'en','plugins/ecommerce/products','delete_selected_variations','Delete selected variations','2023-11-09 09:21:23','2023-11-09 09:21:23'),(2623,1,'en','plugins/ecommerce/products','delete_variations','Delete variations','2023-11-09 09:21:23','2023-11-09 09:21:23'),(2624,1,'en','plugins/ecommerce/products','category','Category','2023-11-09 09:21:23','2023-11-09 09:21:23'),(2625,1,'en','plugins/ecommerce/products','product_price_flash_sale_warning','This product is in flash sale <strong>:name</strong> so its price is <strong>:price</strong>.','2023-11-09 09:21:23','2023-11-09 09:21:23'),(2626,1,'en','plugins/ecommerce/products','product_price_discount_warning','This product is in discount <strong>:name</strong> so its price is <strong>:price</strong>.','2023-11-09 09:21:23','2023-11-09 09:21:23'),(2627,1,'en','plugins/ecommerce/products','product_image','Product image','2023-11-09 09:21:23','2023-11-09 09:21:23'),(2628,1,'en','plugins/ecommerce/products','product_name','Product name','2023-11-09 09:21:23','2023-11-09 09:21:23'),(2629,1,'en','plugins/ecommerce/products','types.physical','Physical','2023-11-09 09:21:23','2023-11-09 09:21:23'),(2630,1,'en','plugins/ecommerce/products','types.digital','Digital','2023-11-09 09:21:23','2023-11-09 09:21:23'),(2631,1,'en','plugins/ecommerce/products','digital_attachments.title','Digital attachments','2023-11-09 09:21:23','2023-11-09 09:21:23'),(2632,1,'en','plugins/ecommerce/products','digital_attachments.add','Add Attachment','2023-11-09 09:21:23','2023-11-09 09:21:23'),(2633,1,'en','plugins/ecommerce/products','digital_attachments.file_name','File name','2023-11-09 09:21:23','2023-11-09 09:21:23'),(2634,1,'en','plugins/ecommerce/products','digital_attachments.file_size','File size','2023-11-09 09:21:23','2023-11-09 09:21:23'),(2635,1,'en','plugins/ecommerce/products','digital_attachments.unsaved','Unsaved','2023-11-09 09:21:23','2023-11-09 09:21:23'),(2636,1,'en','plugins/ecommerce/products','digital_attachments.add_external_link','Add external link','2023-11-09 09:21:23','2023-11-09 09:21:23'),(2637,1,'en','plugins/ecommerce/products','digital_attachments.enter_file_name','Enter file name','2023-11-09 09:21:23','2023-11-09 09:21:23'),(2638,1,'en','plugins/ecommerce/products','digital_attachments.enter_external_link_download','Enter external link download','2023-11-09 09:21:23','2023-11-09 09:21:23'),(2639,1,'en','plugins/ecommerce/products','digital_attachments.enter_file_size','Enter file size','2023-11-09 09:21:23','2023-11-09 09:21:23'),(2640,1,'en','plugins/ecommerce/products','digital_attachments.external_link_download','External link download','2023-11-09 09:21:23','2023-11-09 09:21:23'),(2641,1,'en','plugins/ecommerce/products','digital_attachments.generate_license_code_after_purchasing_product','Generate license code after purchasing this product?','2023-11-09 09:21:23','2023-11-09 09:21:23'),(2642,1,'en','plugins/ecommerce/products','this_action_will_reload_page','This action will reload the page to update the data!','2023-11-09 09:21:23','2023-11-09 09:21:23'),(2643,1,'en','plugins/ecommerce/products','select','Select','2023-11-09 09:21:23','2023-11-09 09:21:23'),(2644,1,'en','plugins/ecommerce/products','set_this_variant_as_default','Set this variant as default','2023-11-09 09:21:23','2023-11-09 09:21:23'),(2645,1,'en','plugins/ecommerce/products','download','Download','2023-11-09 09:21:23','2023-11-09 09:21:23'),(2646,1,'en','plugins/ecommerce/reports','name','Report','2023-11-09 09:21:23','2023-11-09 09:21:23'),(2647,1,'en','plugins/ecommerce/reports','widget.order.title','Orders','2023-11-09 09:21:23','2023-11-09 09:21:23'),(2648,1,'en','plugins/ecommerce/reports','count.revenue','Today revenue','2023-11-09 09:21:23','2023-11-09 09:21:23'),(2649,1,'en','plugins/ecommerce/reports','count.orders','Today orders','2023-11-09 09:21:23','2023-11-09 09:21:23'),(2650,1,'en','plugins/ecommerce/reports','count.products','Total products','2023-11-09 09:21:23','2023-11-09 09:21:23'),(2651,1,'en','plugins/ecommerce/reports','count.customers','Total customers','2023-11-09 09:21:23','2023-11-09 09:21:23'),(2652,1,'en','plugins/ecommerce/reports','product_name','Product name','2023-11-09 09:21:23','2023-11-09 09:21:23'),(2653,1,'en','plugins/ecommerce/reports','quantity','Quantity','2023-11-09 09:21:23','2023-11-09 09:21:23'),(2654,1,'en','plugins/ecommerce/reports','revenue_statistics','Revenue statistics','2023-11-09 09:21:23','2023-11-09 09:21:23'),(2655,1,'en','plugins/ecommerce/reports','top_selling_products','Top Selling Products','2023-11-09 09:21:23','2023-11-09 09:21:23'),(2656,1,'en','plugins/ecommerce/reports','ranges.today','Today','2023-11-09 09:21:23','2023-11-09 09:21:23'),(2657,1,'en','plugins/ecommerce/reports','ranges.this_week','This week','2023-11-09 09:21:23','2023-11-09 09:21:23'),(2658,1,'en','plugins/ecommerce/reports','ranges.last_7_days','Last 7 days','2023-11-09 09:21:23','2023-11-09 09:21:23'),(2659,1,'en','plugins/ecommerce/reports','ranges.last_30_days','Last 30 days','2023-11-09 09:21:23','2023-11-09 09:21:23'),(2660,1,'en','plugins/ecommerce/reports','ranges.this_month','This month','2023-11-09 09:21:23','2023-11-09 09:21:23'),(2661,1,'en','plugins/ecommerce/reports','ranges.this_year','This year','2023-11-09 09:21:23','2023-11-09 09:21:23'),(2662,1,'en','plugins/ecommerce/reports','revenue_this_month','Revenue this month','2023-11-09 09:21:23','2023-11-09 09:21:23'),(2663,1,'en','plugins/ecommerce/reports','order_processing_this_month','order(s) processing in this month','2023-11-09 09:21:23','2023-11-09 09:21:23'),(2664,1,'en','plugins/ecommerce/reports','order_completed_this_month','order(s) completed in this month','2023-11-09 09:21:23','2023-11-09 09:21:23'),(2665,1,'en','plugins/ecommerce/reports','product_will_be_out_of_stock','product(s) will be out of stock soon','2023-11-09 09:21:23','2023-11-09 09:21:23'),(2666,1,'en','plugins/ecommerce/reports','product_out_of_stock','product(s) out of stock','2023-11-09 09:21:23','2023-11-09 09:21:23'),(2667,1,'en','plugins/ecommerce/reports','sales_reports','Sales Reports','2023-11-09 09:21:23','2023-11-09 09:21:23'),(2668,1,'en','plugins/ecommerce/reports','total_earnings','Total Earnings','2023-11-09 09:21:23','2023-11-09 09:21:23'),(2669,1,'en','plugins/ecommerce/reports','recent_orders','Recent Orders','2023-11-09 09:21:23','2023-11-09 09:21:23'),(2670,1,'en','plugins/ecommerce/reports','trending_products','Trending Products','2023-11-09 09:21:23','2023-11-09 09:21:23'),(2671,1,'en','plugins/ecommerce/reports','statistics','Statistics','2023-11-09 09:21:23','2023-11-09 09:21:23'),(2672,1,'en','plugins/ecommerce/reports','items_earning_sales','Items Earning Sales: :value','2023-11-09 09:21:23','2023-11-09 09:21:23'),(2673,1,'en','plugins/ecommerce/reports','revenue','Revenue','2023-11-09 09:21:23','2023-11-09 09:21:23'),(2674,1,'en','plugins/ecommerce/reports','orders','Orders','2023-11-09 09:21:23','2023-11-09 09:21:23'),(2675,1,'en','plugins/ecommerce/reports','products','Products','2023-11-09 09:21:23','2023-11-09 09:21:23'),(2676,1,'en','plugins/ecommerce/reports','customers','Customers','2023-11-09 09:21:23','2023-11-09 09:21:23'),(2677,1,'en','plugins/ecommerce/reports','earnings','Earnings','2023-11-09 09:21:23','2023-11-09 09:21:23'),(2678,1,'en','plugins/ecommerce/reports','views','Views','2023-11-09 09:21:23','2023-11-09 09:21:23'),(2679,1,'en','plugins/ecommerce/reports','date_range_format_value','From :from to :to','2023-11-09 09:21:23','2023-11-09 09:21:23'),(2680,1,'en','plugins/ecommerce/reports','select_range','Select Range','2023-11-09 09:21:23','2023-11-09 09:21:23'),(2681,1,'en','plugins/ecommerce/reports','customers_chart','Customers','2023-11-09 09:21:23','2023-11-09 09:21:23'),(2682,1,'en','plugins/ecommerce/reports','orders_chart','Orders','2023-11-09 09:21:23','2023-11-09 09:21:23'),(2683,1,'en','plugins/ecommerce/reports','number_of_orders','Number of orders','2023-11-09 09:21:23','2023-11-09 09:21:23'),(2684,1,'en','plugins/ecommerce/reports','number_of_customers','Number of customers','2023-11-09 09:21:23','2023-11-09 09:21:23'),(2685,1,'en','plugins/ecommerce/review','name','Reviews','2023-11-09 09:21:23','2023-11-09 09:21:23'),(2686,1,'en','plugins/ecommerce/review','add_review','Add review','2023-11-09 09:21:23','2023-11-09 09:21:23'),(2687,1,'en','plugins/ecommerce/review','delete_review','Delete review','2023-11-09 09:21:23','2023-11-09 09:21:23'),(2688,1,'en','plugins/ecommerce/review','create_review','Create Review','2023-11-09 09:21:23','2023-11-09 09:21:23'),(2689,1,'en','plugins/ecommerce/review','please_select_rating','Please select rating','2023-11-09 09:21:23','2023-11-09 09:21:23'),(2690,1,'en','plugins/ecommerce/review','comment','Comment','2023-11-09 09:21:23','2023-11-09 09:21:23'),(2691,1,'en','plugins/ecommerce/review','approve','Approve','2023-11-09 09:21:23','2023-11-09 09:21:23'),(2692,1,'en','plugins/ecommerce/review','approved','Approved','2023-11-09 09:21:23','2023-11-09 09:21:23'),(2693,1,'en','plugins/ecommerce/review','disapprove','Disapprove','2023-11-09 09:21:23','2023-11-09 09:21:23'),(2694,1,'en','plugins/ecommerce/review','disapproved','Disapproved','2023-11-09 09:21:23','2023-11-09 09:21:23'),(2695,1,'en','plugins/ecommerce/review','product','Product','2023-11-09 09:21:23','2023-11-09 09:21:23'),(2696,1,'en','plugins/ecommerce/review','user','User','2023-11-09 09:21:23','2023-11-09 09:21:23'),(2697,1,'en','plugins/ecommerce/review','star','Star','2023-11-09 09:21:23','2023-11-09 09:21:23'),(2698,1,'en','plugins/ecommerce/review','status','Status','2023-11-09 09:21:23','2023-11-09 09:21:23'),(2699,1,'en','plugins/ecommerce/review','list_review','Customer reviews','2023-11-09 09:21:23','2023-11-09 09:21:23'),(2700,1,'en','plugins/ecommerce/review','intro.title','Manage customer reviews','2023-11-09 09:21:23','2023-11-09 09:21:23'),(2701,1,'en','plugins/ecommerce/review','intro.description','Customer reviews will be shown here and you can manage it to show/hide in product detail page.','2023-11-09 09:21:23','2023-11-09 09:21:23'),(2702,1,'en','plugins/ecommerce/review','images','Images','2023-11-09 09:21:23','2023-11-09 09:21:23'),(2703,1,'en','plugins/ecommerce/review','delete','Delete','2023-11-09 09:21:23','2023-11-09 09:21:23'),(2704,1,'en','plugins/ecommerce/review','publish','Publish','2023-11-09 09:21:23','2023-11-09 09:21:23'),(2705,1,'en','plugins/ecommerce/review','unpublish','Unpublish','2023-11-09 09:21:23','2023-11-09 09:21:23'),(2706,1,'en','plugins/ecommerce/review','published_success','Review published successfully!','2023-11-09 09:21:23','2023-11-09 09:21:23'),(2707,1,'en','plugins/ecommerce/review','unpublished_success','Review unpublished successfully!','2023-11-09 09:21:24','2023-11-09 09:21:24'),(2708,1,'en','plugins/ecommerce/review','delete_modal.title','Delete review','2023-11-09 09:21:24','2023-11-09 09:21:24'),(2709,1,'en','plugins/ecommerce/review','delete_modal.description','Are you sure you want to delete this review? This action cannot be undone!','2023-11-09 09:21:24','2023-11-09 09:21:24'),(2710,1,'en','plugins/ecommerce/shipping','name','Shipping Rules','2023-11-09 09:21:24','2023-11-09 09:21:24'),(2711,1,'en','plugins/ecommerce/shipping','shipping','Shipping','2023-11-09 09:21:24','2023-11-09 09:21:24'),(2712,1,'en','plugins/ecommerce/shipping','title','Title','2023-11-09 09:21:24','2023-11-09 09:21:24'),(2713,1,'en','plugins/ecommerce/shipping','amount','Amount','2023-11-09 09:21:24','2023-11-09 09:21:24'),(2714,1,'en','plugins/ecommerce/shipping','enable','Enable','2023-11-09 09:21:24','2023-11-09 09:21:24'),(2715,1,'en','plugins/ecommerce/shipping','enabled','Enabled','2023-11-09 09:21:24','2023-11-09 09:21:24'),(2716,1,'en','plugins/ecommerce/shipping','disable','Disable','2023-11-09 09:21:24','2023-11-09 09:21:24'),(2717,1,'en','plugins/ecommerce/shipping','disabled','Disabled','2023-11-09 09:21:24','2023-11-09 09:21:24'),(2718,1,'en','plugins/ecommerce/shipping','create_shipping','Create a shipping','2023-11-09 09:21:24','2023-11-09 09:21:24'),(2719,1,'en','plugins/ecommerce/shipping','edit_shipping','Edit shipping :code','2023-11-09 09:21:24','2023-11-09 09:21:24'),(2720,1,'en','plugins/ecommerce/shipping','status','Status','2023-11-09 09:21:24','2023-11-09 09:21:24'),(2721,1,'en','plugins/ecommerce/shipping','shipping_methods','Shipping methods','2023-11-09 09:21:24','2023-11-09 09:21:24'),(2722,1,'en','plugins/ecommerce/shipping','create_shipping_method','Create shipping method','2023-11-09 09:21:24','2023-11-09 09:21:24'),(2723,1,'en','plugins/ecommerce/shipping','edit_shipping_method','Edit shipping method','2023-11-09 09:21:24','2023-11-09 09:21:24'),(2724,1,'en','plugins/ecommerce/shipping','add_shipping_region','Add shipping region','2023-11-09 09:21:24','2023-11-09 09:21:24'),(2725,1,'en','plugins/ecommerce/shipping','country','Country','2023-11-09 09:21:24','2023-11-09 09:21:24'),(2726,1,'en','plugins/ecommerce/shipping','state','State','2023-11-09 09:21:24','2023-11-09 09:21:24'),(2727,1,'en','plugins/ecommerce/shipping','city','City','2023-11-09 09:21:24','2023-11-09 09:21:24'),(2728,1,'en','plugins/ecommerce/shipping','address','Address','2023-11-09 09:21:24','2023-11-09 09:21:24'),(2729,1,'en','plugins/ecommerce/shipping','phone','Phone','2023-11-09 09:21:24','2023-11-09 09:21:24'),(2730,1,'en','plugins/ecommerce/shipping','email','Email','2023-11-09 09:21:24','2023-11-09 09:21:24'),(2731,1,'en','plugins/ecommerce/shipping','zip_code','Zip code','2023-11-09 09:21:24','2023-11-09 09:21:24'),(2732,1,'en','plugins/ecommerce/shipping','methods.default','Default','2023-11-09 09:21:24','2023-11-09 09:21:24'),(2733,1,'en','plugins/ecommerce/shipping','statuses.not_approved','Not approved','2023-11-09 09:21:24','2023-11-09 09:21:24'),(2734,1,'en','plugins/ecommerce/shipping','statuses.approved','Approved','2023-11-09 09:21:24','2023-11-09 09:21:24'),(2735,1,'en','plugins/ecommerce/shipping','statuses.pending','Pending','2023-11-09 09:21:24','2023-11-09 09:21:24'),(2736,1,'en','plugins/ecommerce/shipping','statuses.arrange_shipment','Arrange shipment','2023-11-09 09:21:24','2023-11-09 09:21:24'),(2737,1,'en','plugins/ecommerce/shipping','statuses.ready_to_be_shipped_out','Ready to be shipped out','2023-11-09 09:21:24','2023-11-09 09:21:24'),(2738,1,'en','plugins/ecommerce/shipping','statuses.picking','Picking','2023-11-09 09:21:24','2023-11-09 09:21:24'),(2739,1,'en','plugins/ecommerce/shipping','statuses.delay_picking','Delay picking','2023-11-09 09:21:24','2023-11-09 09:21:24'),(2740,1,'en','plugins/ecommerce/shipping','statuses.picked','Picked','2023-11-09 09:21:24','2023-11-09 09:21:24'),(2741,1,'en','plugins/ecommerce/shipping','statuses.not_picked','Not picked','2023-11-09 09:21:24','2023-11-09 09:21:24'),(2742,1,'en','plugins/ecommerce/shipping','statuses.delivering','Delivering','2023-11-09 09:21:24','2023-11-09 09:21:24'),(2743,1,'en','plugins/ecommerce/shipping','statuses.delivered','Delivered','2023-11-09 09:21:24','2023-11-09 09:21:24'),(2744,1,'en','plugins/ecommerce/shipping','statuses.not_delivered','Not delivered','2023-11-09 09:21:24','2023-11-09 09:21:24'),(2745,1,'en','plugins/ecommerce/shipping','statuses.audited','Audited','2023-11-09 09:21:24','2023-11-09 09:21:24'),(2746,1,'en','plugins/ecommerce/shipping','statuses.canceled','Canceled','2023-11-09 09:21:24','2023-11-09 09:21:24'),(2747,1,'en','plugins/ecommerce/shipping','cod_statuses.pending','Pending','2023-11-09 09:21:24','2023-11-09 09:21:24'),(2748,1,'en','plugins/ecommerce/shipping','cod_statuses.completed','Completed','2023-11-09 09:21:24','2023-11-09 09:21:24'),(2749,1,'en','plugins/ecommerce/shipping','delete','Delete','2023-11-09 09:21:24','2023-11-09 09:21:24'),(2750,1,'en','plugins/ecommerce/shipping','shipping_rules','Shipping Rules','2023-11-09 09:21:24','2023-11-09 09:21:24'),(2751,1,'en','plugins/ecommerce/shipping','shipping_rules_description','Rules to calculate shipping fee.','2023-11-09 09:21:24','2023-11-09 09:21:24'),(2752,1,'en','plugins/ecommerce/shipping','select_country','Select country','2023-11-09 09:21:24','2023-11-09 09:21:24'),(2753,1,'en','plugins/ecommerce/shipping','add_shipping_rule','Add shipping rule','2023-11-09 09:21:24','2023-11-09 09:21:24'),(2754,1,'en','plugins/ecommerce/shipping','delete_shipping_rate','Delete shipping rate for area','2023-11-09 09:21:24','2023-11-09 09:21:24'),(2755,1,'en','plugins/ecommerce/shipping','delete_shipping_rate_confirmation','Are you sure you want to delete <strong class=\"region-price-item-label\"></strong> from this shipping area?','2023-11-09 09:21:24','2023-11-09 09:21:24'),(2756,1,'en','plugins/ecommerce/shipping','delete_shipping_area','Delete shipping area','2023-11-09 09:21:24','2023-11-09 09:21:24'),(2757,1,'en','plugins/ecommerce/shipping','delete_shipping_area_confirmation','Are you sure you want to delete shipping area <strong class=\"region-item-label\"></strong>?','2023-11-09 09:21:24','2023-11-09 09:21:24'),(2758,1,'en','plugins/ecommerce/shipping','add_shipping_fee_for_area','Add shipping fee for area','2023-11-09 09:21:24','2023-11-09 09:21:24'),(2759,1,'en','plugins/ecommerce/shipping','confirm','Confirm','2023-11-09 09:21:24','2023-11-09 09:21:24'),(2760,1,'en','plugins/ecommerce/shipping','save','Save','2023-11-09 09:21:24','2023-11-09 09:21:24'),(2761,1,'en','plugins/ecommerce/shipping','greater_than','Greater than','2023-11-09 09:21:24','2023-11-09 09:21:24'),(2762,1,'en','plugins/ecommerce/shipping','type','Type','2023-11-09 09:21:24','2023-11-09 09:21:24'),(2763,1,'en','plugins/ecommerce/shipping','shipping_rule_name','Name of shipping rule','2023-11-09 09:21:24','2023-11-09 09:21:24'),(2764,1,'en','plugins/ecommerce/shipping','shipping_fee','Shipping fee','2023-11-09 09:21:24','2023-11-09 09:21:24'),(2765,1,'en','plugins/ecommerce/shipping','cancel','Cancel','2023-11-09 09:21:24','2023-11-09 09:21:24'),(2766,1,'en','plugins/ecommerce/shipping','based_on_weight','Based on product\'s weight (:unit)','2023-11-09 09:21:24','2023-11-09 09:21:24'),(2767,1,'en','plugins/ecommerce/shipping','based_on_price','Based on product\'s price','2023-11-09 09:21:24','2023-11-09 09:21:24'),(2768,1,'en','plugins/ecommerce/shipping','shipment_canceled','Shipment was canceled','2023-11-09 09:21:24','2023-11-09 09:21:24'),(2769,1,'en','plugins/ecommerce/shipping','at','At','2023-11-09 09:21:24','2023-11-09 09:21:24'),(2770,1,'en','plugins/ecommerce/shipping','cash_on_delivery','Cash on delivery (COD)','2023-11-09 09:21:24','2023-11-09 09:21:24'),(2771,1,'en','plugins/ecommerce/shipping','update_shipping_status','Update shipping status','2023-11-09 09:21:24','2023-11-09 09:21:24'),(2772,1,'en','plugins/ecommerce/shipping','update_cod_status','Update COD status','2023-11-09 09:21:24','2023-11-09 09:21:24'),(2773,1,'en','plugins/ecommerce/shipping','history','History','2023-11-09 09:21:24','2023-11-09 09:21:24'),(2774,1,'en','plugins/ecommerce/shipping','shipment_information','Shipment information','2023-11-09 09:21:24','2023-11-09 09:21:24'),(2775,1,'en','plugins/ecommerce/shipping','order_number','Order number','2023-11-09 09:21:24','2023-11-09 09:21:24'),(2776,1,'en','plugins/ecommerce/shipping','shipping_method','Shipping method','2023-11-09 09:21:24','2023-11-09 09:21:24'),(2777,1,'en','plugins/ecommerce/shipping','select_shipping_method','Select shipping method','2023-11-09 09:21:24','2023-11-09 09:21:24'),(2778,1,'en','plugins/ecommerce/shipping','cod_status','COD status','2023-11-09 09:21:24','2023-11-09 09:21:24'),(2779,1,'en','plugins/ecommerce/shipping','shipping_status','Shipping status','2023-11-09 09:21:24','2023-11-09 09:21:24'),(2780,1,'en','plugins/ecommerce/shipping','customer_information','Customer information','2023-11-09 09:21:24','2023-11-09 09:21:24'),(2781,1,'en','plugins/ecommerce/shipping','sku','SKU','2023-11-09 09:21:24','2023-11-09 09:21:24'),(2782,1,'en','plugins/ecommerce/shipping','change_status_confirm_title','Confirm <span class=\"shipment-status-label\"></span> ?','2023-11-09 09:21:24','2023-11-09 09:21:24'),(2783,1,'en','plugins/ecommerce/shipping','change_status_confirm_description','Are you sure you want to confirm <span class=\"shipment-status-label\"></span> for this shipment?','2023-11-09 09:21:24','2023-11-09 09:21:24'),(2784,1,'en','plugins/ecommerce/shipping','accept','Accept','2023-11-09 09:21:24','2023-11-09 09:21:24'),(2785,1,'en','plugins/ecommerce/shipping','weight_unit','Weight (:unit)','2023-11-09 09:21:24','2023-11-09 09:21:24'),(2786,1,'en','plugins/ecommerce/shipping','updated_at','Last Update','2023-11-09 09:21:24','2023-11-09 09:21:24'),(2787,1,'en','plugins/ecommerce/shipping','cod_amount','Cash on delivery amount (COD)','2023-11-09 09:21:24','2023-11-09 09:21:24'),(2788,1,'en','plugins/ecommerce/shipping','cancel_shipping','Cancel shipping','2023-11-09 09:21:24','2023-11-09 09:21:24'),(2789,1,'en','plugins/ecommerce/shipping','shipping_address','Shipping address','2023-11-09 09:21:24','2023-11-09 09:21:24'),(2790,1,'en','plugins/ecommerce/shipping','packages','Packages','2023-11-09 09:21:24','2023-11-09 09:21:24'),(2791,1,'en','plugins/ecommerce/shipping','edit','Edit','2023-11-09 09:21:24','2023-11-09 09:21:24'),(2792,1,'en','plugins/ecommerce/shipping','fee','Fee','2023-11-09 09:21:24','2023-11-09 09:21:24'),(2793,1,'en','plugins/ecommerce/shipping','note','Note','2023-11-09 09:21:24','2023-11-09 09:21:24'),(2794,1,'en','plugins/ecommerce/shipping','finish','Finish','2023-11-09 09:21:24','2023-11-09 09:21:24'),(2795,1,'en','plugins/ecommerce/shipping','shipping_fee_cod','Shipping fee/COD','2023-11-09 09:21:24','2023-11-09 09:21:24'),(2796,1,'en','plugins/ecommerce/shipping','send_confirmation_email_to_customer','Send confirmation email to customer','2023-11-09 09:21:24','2023-11-09 09:21:24'),(2797,1,'en','plugins/ecommerce/shipping','form_name','Name','2023-11-09 09:21:24','2023-11-09 09:21:24'),(2798,1,'en','plugins/ecommerce/shipping','changed_shipping_status','Changed status of shipping to: :status. Updated by: %user_name%','2023-11-09 09:21:24','2023-11-09 09:21:24'),(2799,1,'en','plugins/ecommerce/shipping','order_confirmed_by','Order confirmed by %user_name%','2023-11-09 09:21:24','2023-11-09 09:21:24'),(2800,1,'en','plugins/ecommerce/shipping','shipping_canceled_by','Shipping is cancelled by %user_name%','2023-11-09 09:21:24','2023-11-09 09:21:24'),(2801,1,'en','plugins/ecommerce/shipping','update_shipping_status_success','Update shipping status successfully!','2023-11-09 09:21:24','2023-11-09 09:21:24'),(2802,1,'en','plugins/ecommerce/shipping','update_cod_status_success','Updated COD status of shipping successfully!','2023-11-09 09:21:24','2023-11-09 09:21:24'),(2803,1,'en','plugins/ecommerce/shipping','updated_cod_status_by','Updated COD status to :status . Updated by: %user_name%','2023-11-09 09:21:24','2023-11-09 09:21:24'),(2804,1,'en','plugins/ecommerce/shipping','all','All','2023-11-09 09:21:24','2023-11-09 09:21:24'),(2805,1,'en','plugins/ecommerce/shipping','error_when_adding_new_region','There is an error when adding new region!','2023-11-09 09:21:24','2023-11-09 09:21:24'),(2806,1,'en','plugins/ecommerce/shipping','delivery','Delivery','2023-11-09 09:21:24','2023-11-09 09:21:24'),(2807,1,'en','plugins/ecommerce/shipping','adjustment_price_of','Adjustment price of :key','2023-11-09 09:21:24','2023-11-09 09:21:24'),(2808,1,'en','plugins/ecommerce/shipping','warehouse','Warehouse','2023-11-09 09:21:24','2023-11-09 09:21:24'),(2809,1,'en','plugins/ecommerce/shipping','delivery_note','Delivery note','2023-11-09 09:21:25','2023-11-09 09:21:25'),(2810,1,'en','plugins/ecommerce/shipping','shipments','Shipments','2023-11-09 09:21:25','2023-11-09 09:21:25'),(2811,1,'en','plugins/ecommerce/shipping','order_id','Order ID','2023-11-09 09:21:25','2023-11-09 09:21:25'),(2812,1,'en','plugins/ecommerce/shipping','not_available','Not available','2023-11-09 09:21:25','2023-11-09 09:21:25'),(2813,1,'en','plugins/ecommerce/shipping','shipping_amount','Shipping Amount','2023-11-09 09:21:25','2023-11-09 09:21:25'),(2814,1,'en','plugins/ecommerce/shipping','additional_shipment_information','Additional shipment information','2023-11-09 09:21:25','2023-11-09 09:21:25'),(2815,1,'en','plugins/ecommerce/shipping','shipping_company_name','Shipping Company Name','2023-11-09 09:21:25','2023-11-09 09:21:25'),(2816,1,'en','plugins/ecommerce/shipping','tracking_id','Tracking ID','2023-11-09 09:21:25','2023-11-09 09:21:25'),(2817,1,'en','plugins/ecommerce/shipping','tracking_link','Tracking Link','2023-11-09 09:21:25','2023-11-09 09:21:25'),(2818,1,'en','plugins/ecommerce/shipping','estimate_date_shipped','Estimate Date Shipped','2023-11-09 09:21:25','2023-11-09 09:21:25'),(2819,1,'en','plugins/ecommerce/shipping','date_shipped','Date Shipped','2023-11-09 09:21:25','2023-11-09 09:21:25'),(2820,1,'en','plugins/ecommerce/shipping','add_note','Add note...','2023-11-09 09:21:25','2023-11-09 09:21:25'),(2821,1,'en','plugins/ecommerce/shipping','view_order','View Order :order_id','2023-11-09 09:21:25','2023-11-09 09:21:25'),(2822,1,'en','plugins/ecommerce/shipping','rule.types.based_on_weight','Based on product\'s weight (:unit)','2023-11-09 09:21:25','2023-11-09 09:21:25'),(2823,1,'en','plugins/ecommerce/shipping','rule.types.based_on_price','Based on product\'s price','2023-11-09 09:21:25','2023-11-09 09:21:25'),(2824,1,'en','plugins/ecommerce/shipping','rule.types.based_on_zipcode','Based on zipcode','2023-11-09 09:21:25','2023-11-09 09:21:25'),(2825,1,'en','plugins/ecommerce/shipping','rule.types.based_on_location','Based on location','2023-11-09 09:21:25','2023-11-09 09:21:25'),(2826,1,'en','plugins/ecommerce/shipping','rule.types.unavailable','Unavailable','2023-11-09 09:21:25','2023-11-09 09:21:25'),(2827,1,'en','plugins/ecommerce/shipping','rule.item.name','Shipping Rule Items','2023-11-09 09:21:25','2023-11-09 09:21:25'),(2828,1,'en','plugins/ecommerce/shipping','rule.item.edit','Edit item','2023-11-09 09:21:25','2023-11-09 09:21:25'),(2829,1,'en','plugins/ecommerce/shipping','rule.item.create','Create new item','2023-11-09 09:21:25','2023-11-09 09:21:25'),(2830,1,'en','plugins/ecommerce/shipping','rule.item.delete','Delete shipping rule item','2023-11-09 09:21:25','2023-11-09 09:21:25'),(2831,1,'en','plugins/ecommerce/shipping','rule.item.confirmation','Are you sure you want to delete shipping rule item <strong class=\"item-label\"></strong>?','2023-11-09 09:21:25','2023-11-09 09:21:25'),(2832,1,'en','plugins/ecommerce/shipping','rule.item.load_data_table','Load data table (:total)','2023-11-09 09:21:25','2023-11-09 09:21:25'),(2833,1,'en','plugins/ecommerce/shipping','rule.item.tables.shipping_rule','Shipping rule','2023-11-09 09:21:25','2023-11-09 09:21:25'),(2834,1,'en','plugins/ecommerce/shipping','rule.item.tables.country','Country','2023-11-09 09:21:25','2023-11-09 09:21:25'),(2835,1,'en','plugins/ecommerce/shipping','rule.item.tables.state','State','2023-11-09 09:21:25','2023-11-09 09:21:25'),(2836,1,'en','plugins/ecommerce/shipping','rule.item.tables.city','City','2023-11-09 09:21:25','2023-11-09 09:21:25'),(2837,1,'en','plugins/ecommerce/shipping','rule.item.tables.zip_code','Zip code','2023-11-09 09:21:25','2023-11-09 09:21:25'),(2838,1,'en','plugins/ecommerce/shipping','rule.item.tables.adjustment_price','Adjustment price','2023-11-09 09:21:25','2023-11-09 09:21:25'),(2839,1,'en','plugins/ecommerce/shipping','rule.item.tables.is_enabled','Is enabled?','2023-11-09 09:21:25','2023-11-09 09:21:25'),(2840,1,'en','plugins/ecommerce/shipping','rule.item.forms.country','Country','2023-11-09 09:21:25','2023-11-09 09:21:25'),(2841,1,'en','plugins/ecommerce/shipping','rule.item.forms.country_placeholder','Country','2023-11-09 09:21:25','2023-11-09 09:21:25'),(2842,1,'en','plugins/ecommerce/shipping','rule.item.forms.state','State','2023-11-09 09:21:25','2023-11-09 09:21:25'),(2843,1,'en','plugins/ecommerce/shipping','rule.item.forms.state_placeholder','State','2023-11-09 09:21:25','2023-11-09 09:21:25'),(2844,1,'en','plugins/ecommerce/shipping','rule.item.forms.city','City','2023-11-09 09:21:25','2023-11-09 09:21:25'),(2845,1,'en','plugins/ecommerce/shipping','rule.item.forms.city_placeholder','City','2023-11-09 09:21:25','2023-11-09 09:21:25'),(2846,1,'en','plugins/ecommerce/shipping','rule.item.forms.zip_code','Zip code','2023-11-09 09:21:25','2023-11-09 09:21:25'),(2847,1,'en','plugins/ecommerce/shipping','rule.item.forms.zip_code_placeholder','Zip code','2023-11-09 09:21:25','2023-11-09 09:21:25'),(2848,1,'en','plugins/ecommerce/shipping','rule.item.forms.adjustment_price','Adjustment price','2023-11-09 09:21:25','2023-11-09 09:21:25'),(2849,1,'en','plugins/ecommerce/shipping','rule.item.forms.adjustment_price_placeholder','Adjustment price','2023-11-09 09:21:25','2023-11-09 09:21:25'),(2850,1,'en','plugins/ecommerce/shipping','rule.item.forms.is_enabled','Is enabled?','2023-11-09 09:21:25','2023-11-09 09:21:25'),(2851,1,'en','plugins/ecommerce/shipping','rule.item.forms.shipping_rule','Shipping rule','2023-11-09 09:21:25','2023-11-09 09:21:25'),(2852,1,'en','plugins/ecommerce/shipping','rule.item.forms.no_shipping_rule','No shipping rule','2023-11-09 09:21:25','2023-11-09 09:21:25'),(2853,1,'en','plugins/ecommerce/shipping','rule.item.bulk-import.menu','Bulk import Shipping Rule Items','2023-11-09 09:21:25','2023-11-09 09:21:25'),(2854,1,'en','plugins/ecommerce/shipping','rule.item.bulk-import.greater_than_or_equal','Only numbers or decimals are accepted and greater than or equal to :min.','2023-11-09 09:21:25','2023-11-09 09:21:25'),(2855,1,'en','plugins/ecommerce/shipping','rule.item.bulk-import.less_than_or_equal','Only numbers or decimals are accepted and less than or equal to :max.','2023-11-09 09:21:25','2023-11-09 09:21:25'),(2856,1,'en','plugins/ecommerce/shipping','rule.item.bulk-import.between','Only numbers or decimals are accepted and between :min and :max.','2023-11-09 09:21:25','2023-11-09 09:21:25'),(2857,1,'en','plugins/ecommerce/shipping','rule.item.bulk-import.overwrite','Overwrite','2023-11-09 09:21:25','2023-11-09 09:21:25'),(2858,1,'en','plugins/ecommerce/shipping','rule.item.bulk-import.add_new','Add new','2023-11-09 09:21:25','2023-11-09 09:21:25'),(2859,1,'en','plugins/ecommerce/shipping','rule.item.bulk-import.skip','Skip','2023-11-09 09:21:25','2023-11-09 09:21:25'),(2860,1,'en','plugins/ecommerce/shipping','rule.select_type','Select type','2023-11-09 09:21:25','2023-11-09 09:21:25'),(2861,1,'en','plugins/ecommerce/shipping','rule.cannot_create_rule_type_for_this_location','Cannot create rule type \":type\" on this location!','2023-11-09 09:21:25','2023-11-09 09:21:25'),(2862,1,'en','plugins/ecommerce/store-locator','name','Store locators','2023-11-09 09:21:25','2023-11-09 09:21:25'),(2863,1,'en','plugins/ecommerce/store-locator','description','This address will appear on your invoice and will be used to calculate your shipping price.','2023-11-09 09:21:25','2023-11-09 09:21:25'),(2864,1,'en','plugins/ecommerce/store-locator','shop_name','Shop name','2023-11-09 09:21:25','2023-11-09 09:21:25'),(2865,1,'en','plugins/ecommerce/store-locator','phone','Phone','2023-11-09 09:21:25','2023-11-09 09:21:25'),(2866,1,'en','plugins/ecommerce/store-locator','email','Email','2023-11-09 09:21:25','2023-11-09 09:21:25'),(2867,1,'en','plugins/ecommerce/store-locator','state','State','2023-11-09 09:21:25','2023-11-09 09:21:25'),(2868,1,'en','plugins/ecommerce/store-locator','city','City','2023-11-09 09:21:25','2023-11-09 09:21:25'),(2869,1,'en','plugins/ecommerce/store-locator','country','Country','2023-11-09 09:21:25','2023-11-09 09:21:25'),(2870,1,'en','plugins/ecommerce/store-locator','address','Address','2023-11-09 09:21:25','2023-11-09 09:21:25'),(2871,1,'en','plugins/ecommerce/store-locator','primary_store_is','Primary store is','2023-11-09 09:21:25','2023-11-09 09:21:25'),(2872,1,'en','plugins/ecommerce/store-locator','store_name','Store name','2023-11-09 09:21:25','2023-11-09 09:21:25'),(2873,1,'en','plugins/ecommerce/store-locator','select_country','Select country...','2023-11-09 09:21:25','2023-11-09 09:21:25'),(2874,1,'en','plugins/ecommerce/store-locator','default_shipping_location','Default shipping location','2023-11-09 09:21:25','2023-11-09 09:21:25'),(2875,1,'en','plugins/ecommerce/store-locator','default_store','Default store','2023-11-09 09:21:25','2023-11-09 09:21:25'),(2876,1,'en','plugins/ecommerce/store-locator','company','Company','2023-11-09 09:21:25','2023-11-09 09:21:25'),(2877,1,'en','plugins/ecommerce/store-locator','zip_code','Zip Code','2023-11-09 09:21:25','2023-11-09 09:21:25'),(2878,1,'en','plugins/ecommerce/tax','name','Taxes','2023-11-09 09:21:25','2023-11-09 09:21:25'),(2879,1,'en','plugins/ecommerce/tax','create','Create a tax','2023-11-09 09:21:25','2023-11-09 09:21:25'),(2880,1,'en','plugins/ecommerce/tax','edit','Edit tax :title','2023-11-09 09:21:25','2023-11-09 09:21:25'),(2881,1,'en','plugins/ecommerce/tax','title','Title','2023-11-09 09:21:25','2023-11-09 09:21:25'),(2882,1,'en','plugins/ecommerce/tax','percentage','Percentage %','2023-11-09 09:21:25','2023-11-09 09:21:25'),(2883,1,'en','plugins/ecommerce/tax','priority','Priority','2023-11-09 09:21:25','2023-11-09 09:21:25'),(2884,1,'en','plugins/ecommerce/tax','select_tax','-- select --','2023-11-09 09:21:25','2023-11-09 09:21:25'),(2885,1,'en','plugins/ecommerce/tax','default','Default','2023-11-09 09:21:25','2023-11-09 09:21:25'),(2886,1,'en','plugins/ecommerce/tax','country','Country','2023-11-09 09:21:25','2023-11-09 09:21:25'),(2887,1,'en','plugins/ecommerce/tax','state','State','2023-11-09 09:21:25','2023-11-09 09:21:25'),(2888,1,'en','plugins/ecommerce/tax','city','City','2023-11-09 09:21:25','2023-11-09 09:21:25'),(2889,1,'en','plugins/ecommerce/tax','zip_code','Zipcode','2023-11-09 09:21:25','2023-11-09 09:21:25'),(2890,1,'en','plugins/ecommerce/tax','rules','Rules','2023-11-09 09:21:25','2023-11-09 09:21:25'),(2891,1,'en','plugins/ecommerce/tax','tax','Tax','2023-11-09 09:21:25','2023-11-09 09:21:25'),(2892,1,'en','plugins/ecommerce/tax','rule.name','Tax rules','2023-11-09 09:21:25','2023-11-09 09:21:25'),(2893,1,'en','plugins/ecommerce/tax','rule.create','Create a tax rule','2023-11-09 09:21:25','2023-11-09 09:21:25'),(2894,1,'en','plugins/ecommerce/tax','rule.edit','Edit tax rule :title','2023-11-09 09:21:25','2023-11-09 09:21:25'),(2895,1,'en','plugins/faq/faq-category','name','Categories','2023-11-09 09:21:25','2023-11-09 09:21:25'),(2896,1,'en','plugins/faq/faq-category','create','New category','2023-11-09 09:21:25','2023-11-09 09:21:25'),(2897,1,'en','plugins/faq/faq','name','FAQ','2023-11-09 09:21:25','2023-11-09 09:21:25'),(2898,1,'en','plugins/faq/faq','create','New faq','2023-11-09 09:21:25','2023-11-09 09:21:25'),(2899,1,'en','plugins/faq/faq','question','Question','2023-11-09 09:21:25','2023-11-09 09:21:25'),(2900,1,'en','plugins/faq/faq','answer','Answer','2023-11-09 09:21:25','2023-11-09 09:21:25'),(2901,1,'en','plugins/faq/faq','category','Category','2023-11-09 09:21:25','2023-11-09 09:21:25'),(2902,1,'en','plugins/faq/faq','all','All','2023-11-09 09:21:25','2023-11-09 09:21:25'),(2903,1,'en','plugins/faq/faq','faq_schema_config','FAQ schema configuration (:link)','2023-11-09 09:21:25','2023-11-09 09:21:25'),(2904,1,'en','plugins/faq/faq','learn_more','Learn more','2023-11-09 09:21:25','2023-11-09 09:21:25'),(2905,1,'en','plugins/faq/faq','settings.title','FAQ','2023-11-09 09:21:25','2023-11-09 09:21:25'),(2906,1,'en','plugins/faq/faq','settings.description','Settings for FAQ','2023-11-09 09:21:25','2023-11-09 09:21:25'),(2907,1,'en','plugins/faq/faq','settings.enable_faq_schema','Enable FAQ Schema?','2023-11-09 09:21:25','2023-11-09 09:21:25'),(2908,1,'en','plugins/faq/faq','settings.enable_faq_schema_description','Learn more: https://developers.google.com/search/docs/data-types/faqpage','2023-11-09 09:21:25','2023-11-09 09:21:25'),(2909,1,'en','plugins/faq/faq','select_category','Select a category','2023-11-09 09:21:25','2023-11-09 09:21:25'),(2910,1,'en','plugins/faq/faq','add_item','Add item','2023-11-09 09:21:25','2023-11-09 09:21:25'),(2911,1,'en','plugins/gallery/gallery','create','Create new gallery','2023-11-09 09:21:25','2023-11-09 09:21:25'),(2912,1,'en','plugins/gallery/gallery','galleries','Galleries','2023-11-09 09:21:25','2023-11-09 09:21:25'),(2913,1,'en','plugins/gallery/gallery','item','Gallery item','2023-11-09 09:21:26','2023-11-09 09:21:26'),(2914,1,'en','plugins/gallery/gallery','select_image','Select images','2023-11-09 09:21:26','2023-11-09 09:21:26'),(2915,1,'en','plugins/gallery/gallery','reset','Reset gallery','2023-11-09 09:21:26','2023-11-09 09:21:26'),(2916,1,'en','plugins/gallery/gallery','update_photo_description','Update photo\'s description','2023-11-09 09:21:26','2023-11-09 09:21:26'),(2917,1,'en','plugins/gallery/gallery','update_photo_description_placeholder','Photo\'s description...','2023-11-09 09:21:26','2023-11-09 09:21:26'),(2918,1,'en','plugins/gallery/gallery','delete_photo','Delete this photo','2023-11-09 09:21:26','2023-11-09 09:21:26'),(2919,1,'en','plugins/gallery/gallery','gallery_box','Gallery images','2023-11-09 09:21:26','2023-11-09 09:21:26'),(2920,1,'en','plugins/gallery/gallery','by','By','2023-11-09 09:21:26','2023-11-09 09:21:26'),(2921,1,'en','plugins/gallery/gallery','menu_name','Galleries','2023-11-09 09:21:26','2023-11-09 09:21:26'),(2922,1,'en','plugins/gallery/gallery','gallery_images','Gallery images','2023-11-09 09:21:26','2023-11-09 09:21:26'),(2923,1,'en','plugins/gallery/gallery','add_gallery_short_code','Add a gallery','2023-11-09 09:21:26','2023-11-09 09:21:26'),(2924,1,'en','plugins/gallery/gallery','shortcode_name','Gallery images','2023-11-09 09:21:26','2023-11-09 09:21:26'),(2925,1,'en','plugins/gallery/gallery','limit_display','Limit number display','2023-11-09 09:21:26','2023-11-09 09:21:26'),(2926,1,'en','plugins/gallery/gallery','edit_this_gallery','Edit this gallery','2023-11-09 09:21:26','2023-11-09 09:21:26'),(2927,1,'en','plugins/gallery/gallery','galleries_page','Galleries page','2023-11-09 09:21:26','2023-11-09 09:21:26'),(2928,1,'en','plugins/language/language','name','Languages','2023-11-09 09:21:26','2023-11-09 09:21:26'),(2929,1,'en','plugins/language/language','choose_language','Choose a language','2023-11-09 09:21:26','2023-11-09 09:21:26'),(2930,1,'en','plugins/language/language','select_language','Select language','2023-11-09 09:21:26','2023-11-09 09:21:26'),(2931,1,'en','plugins/language/language','choose_language_helper','You can choose a language in the list or directly edit it below.','2023-11-09 09:21:26','2023-11-09 09:21:26'),(2932,1,'en','plugins/language/language','language_name','Language name','2023-11-09 09:21:26','2023-11-09 09:21:26'),(2933,1,'en','plugins/language/language','language_name_helper','The name is how it is displayed on your site (for example: English).','2023-11-09 09:21:26','2023-11-09 09:21:26'),(2934,1,'en','plugins/language/language','locale','Locale','2023-11-09 09:21:26','2023-11-09 09:21:26'),(2935,1,'en','plugins/language/language','locale_helper','Laravel Locale for the language (for example: <code>en</code>).','2023-11-09 09:21:26','2023-11-09 09:21:26'),(2936,1,'en','plugins/language/language','language_code','Language code','2023-11-09 09:21:26','2023-11-09 09:21:26'),(2937,1,'en','plugins/language/language','language_code_helper','Language code - preferably 2-letters ISO 639-1 (for example: en)','2023-11-09 09:21:26','2023-11-09 09:21:26'),(2938,1,'en','plugins/language/language','text_direction','Text direction','2023-11-09 09:21:26','2023-11-09 09:21:26'),(2939,1,'en','plugins/language/language','text_direction_helper','Choose the text direction for the language','2023-11-09 09:21:26','2023-11-09 09:21:26'),(2940,1,'en','plugins/language/language','left_to_right','Left to right','2023-11-09 09:21:26','2023-11-09 09:21:26'),(2941,1,'en','plugins/language/language','right_to_left','Right to left','2023-11-09 09:21:26','2023-11-09 09:21:26'),(2942,1,'en','plugins/language/language','flag','Flag','2023-11-09 09:21:26','2023-11-09 09:21:26'),(2943,1,'en','plugins/language/language','flag_helper','Choose a flag for the language.','2023-11-09 09:21:26','2023-11-09 09:21:26'),(2944,1,'en','plugins/language/language','order','Order','2023-11-09 09:21:26','2023-11-09 09:21:26'),(2945,1,'en','plugins/language/language','order_helper','Position of the language in the language switcher','2023-11-09 09:21:26','2023-11-09 09:21:26'),(2946,1,'en','plugins/language/language','add_new_language','Add new language','2023-11-09 09:21:26','2023-11-09 09:21:26'),(2947,1,'en','plugins/language/language','code','Code','2023-11-09 09:21:26','2023-11-09 09:21:26'),(2948,1,'en','plugins/language/language','default_language','Is default?','2023-11-09 09:21:26','2023-11-09 09:21:26'),(2949,1,'en','plugins/language/language','actions','Actions','2023-11-09 09:21:26','2023-11-09 09:21:26'),(2950,1,'en','plugins/language/language','translations','Translations','2023-11-09 09:21:26','2023-11-09 09:21:26'),(2951,1,'en','plugins/language/language','edit','Edit','2023-11-09 09:21:26','2023-11-09 09:21:26'),(2952,1,'en','plugins/language/language','edit_tooltip','Edit this language','2023-11-09 09:21:26','2023-11-09 09:21:26'),(2953,1,'en','plugins/language/language','delete','Delete','2023-11-09 09:21:26','2023-11-09 09:21:26'),(2954,1,'en','plugins/language/language','delete_tooltip','Delete this language and all its associated data','2023-11-09 09:21:26','2023-11-09 09:21:26'),(2955,1,'en','plugins/language/language','choose_default_language','Choose :language as default language','2023-11-09 09:21:26','2023-11-09 09:21:26'),(2956,1,'en','plugins/language/language','current_language','Current record\'s language','2023-11-09 09:21:26','2023-11-09 09:21:26'),(2957,1,'en','plugins/language/language','edit_related','Edit related language for this record','2023-11-09 09:21:26','2023-11-09 09:21:26'),(2958,1,'en','plugins/language/language','add_language_for_item','Add other language version for this record','2023-11-09 09:21:26','2023-11-09 09:21:26'),(2959,1,'en','plugins/language/language','settings','Settings','2023-11-09 09:21:26','2023-11-09 09:21:26'),(2960,1,'en','plugins/language/language','language_hide_default','Hide default language from URL?','2023-11-09 09:21:26','2023-11-09 09:21:26'),(2961,1,'en','plugins/language/language','language_display_flag_only','Flag only','2023-11-09 09:21:26','2023-11-09 09:21:26'),(2962,1,'en','plugins/language/language','language_display_name_only','Name only','2023-11-09 09:21:26','2023-11-09 09:21:26'),(2963,1,'en','plugins/language/language','language_display_all','Display all flag and name','2023-11-09 09:21:26','2023-11-09 09:21:26'),(2964,1,'en','plugins/language/language','language_display','Language display','2023-11-09 09:21:26','2023-11-09 09:21:26'),(2965,1,'en','plugins/language/language','switcher_display','Switcher language display','2023-11-09 09:21:26','2023-11-09 09:21:26'),(2966,1,'en','plugins/language/language','language_switcher_display_dropdown','Dropdown','2023-11-09 09:21:26','2023-11-09 09:21:26'),(2967,1,'en','plugins/language/language','language_switcher_display_list','List','2023-11-09 09:21:26','2023-11-09 09:21:26'),(2968,1,'en','plugins/language/language','current_language_edit_notification','You are editing \"<strong class=\"current_language_text\">:language</strong>\" version','2023-11-09 09:21:26','2023-11-09 09:21:26'),(2969,1,'en','plugins/language/language','confirm-change-language','Confirm change language','2023-11-09 09:21:26','2023-11-09 09:21:26'),(2970,1,'en','plugins/language/language','confirm-change-language-message','Do you really want to change language to \"<strong class=\"change_to_language_text\"></strong>\" ? This action will be override \"<strong class=\"change_to_language_text\"></strong>\" version if it\'s existed!','2023-11-09 09:21:26','2023-11-09 09:21:26'),(2971,1,'en','plugins/language/language','confirm-change-language-btn','Confirm change','2023-11-09 09:21:26','2023-11-09 09:21:26'),(2972,1,'en','plugins/language/language','hide_languages','Hide languages','2023-11-09 09:21:26','2023-11-09 09:21:26'),(2973,1,'en','plugins/language/language','hide_languages_description','You can completely hide content in specific languages from visitors and search engines, but still view it yourself. This allows reviewing translations that are in progress.','2023-11-09 09:21:26','2023-11-09 09:21:26'),(2974,1,'en','plugins/language/language','hide_languages_helper_display_hidden','{0} All languages are currently displayed.|{1} :language is currently hidden to visitors.|[2, Inf] :language are currently hidden to visitors.','2023-11-09 09:21:26','2023-11-09 09:21:26'),(2975,1,'en','plugins/language/language','show_all','Show all','2023-11-09 09:21:26','2023-11-09 09:21:26'),(2976,1,'en','plugins/language/language','change_language','Language','2023-11-09 09:21:26','2023-11-09 09:21:26'),(2977,1,'en','plugins/language/language','language_show_default_item_if_current_version_not_existed','Show item in default language if it is not existed in current language','2023-11-09 09:21:26','2023-11-09 09:21:26'),(2978,1,'en','plugins/language/language','select_flag','Select a flag...','2023-11-09 09:21:26','2023-11-09 09:21:26'),(2979,1,'en','plugins/language/language','delete_confirmation_message','Do you really want to delete this language? It also deletes all items in this language and cannot rollback!','2023-11-09 09:21:26','2023-11-09 09:21:26'),(2980,1,'en','plugins/language/language','added_already','This language was added already!','2023-11-09 09:21:26','2023-11-09 09:21:26'),(2981,1,'en','plugins/language/language','language_auto_detect_user_language','Auto detect user language?','2023-11-09 09:21:26','2023-11-09 09:21:26'),(2982,1,'en','plugins/location/bulk-import','name','Bulk Import','2023-11-09 09:21:26','2023-11-09 09:21:26'),(2983,1,'en','plugins/location/bulk-import','imported_successfully','Your locations have been imported successfully!','2023-11-09 09:21:26','2023-11-09 09:21:26'),(2984,1,'en','plugins/location/bulk-import','please_choose_the_file_mime','Please choose the file mime :types','2023-11-09 09:21:26','2023-11-09 09:21:26'),(2985,1,'en','plugins/location/bulk-import','please_choose_the_file','Please choose the file','2023-11-09 09:21:26','2023-11-09 09:21:26'),(2986,1,'en','plugins/location/bulk-import','start_import','Start Import','2023-11-09 09:21:26','2023-11-09 09:21:26'),(2987,1,'en','plugins/location/bulk-import','note','Note!','2023-11-09 09:21:26','2023-11-09 09:21:26'),(2988,1,'en','plugins/location/bulk-import','warning_before_importing','If this is your first time using this feature, please read the documentation or contact the Administrator for access to the correct functionality!','2023-11-09 09:21:26','2023-11-09 09:21:26'),(2989,1,'en','plugins/location/bulk-import','results','Result: :success successes, :failed failures','2023-11-09 09:21:26','2023-11-09 09:21:26'),(2990,1,'en','plugins/location/bulk-import','failures','Failures','2023-11-09 09:21:26','2023-11-09 09:21:26'),(2991,1,'en','plugins/location/bulk-import','tables.import','Import','2023-11-09 09:21:26','2023-11-09 09:21:26'),(2992,1,'en','plugins/location/bulk-import','template','Template','2023-11-09 09:21:26','2023-11-09 09:21:26'),(2993,1,'en','plugins/location/bulk-import','rules','Rules','2023-11-09 09:21:26','2023-11-09 09:21:26'),(2994,1,'en','plugins/location/bulk-import','choose_file_with_mime','Choose file with mime: (:types)','2023-11-09 09:21:26','2023-11-09 09:21:26'),(2995,1,'en','plugins/location/bulk-import','choose_file','Choose file','2023-11-09 09:21:26','2023-11-09 09:21:26'),(2996,1,'en','plugins/location/bulk-import','menu','Import locations','2023-11-09 09:21:26','2023-11-09 09:21:26'),(2997,1,'en','plugins/location/bulk-import','download-csv-file','Download CSV template','2023-11-09 09:21:26','2023-11-09 09:21:26'),(2998,1,'en','plugins/location/bulk-import','download-excel-file','Download Excel template','2023-11-09 09:21:26','2023-11-09 09:21:26'),(2999,1,'en','plugins/location/bulk-import','downloading','Downloading...','2023-11-09 09:21:26','2023-11-09 09:21:26'),(3000,1,'en','plugins/location/bulk-import','export.template.input_error','Input error','2023-11-09 09:21:26','2023-11-09 09:21:26'),(3001,1,'en','plugins/location/bulk-import','export.template.number_not_allowed','Number is not allowed!','2023-11-09 09:21:26','2023-11-09 09:21:26'),(3002,1,'en','plugins/location/bulk-import','export.template.allowed_input','Allowed input','2023-11-09 09:21:26','2023-11-09 09:21:26'),(3003,1,'en','plugins/location/bulk-import','export.template.prompt_decimal','Only numbers or decimals are accepted and greater than or equal to :min.','2023-11-09 09:21:26','2023-11-09 09:21:26'),(3004,1,'en','plugins/location/bulk-import','export.template.prompt_whole_number','Only numbers are accepted and greater than or equal to :min.','2023-11-09 09:21:26','2023-11-09 09:21:26'),(3005,1,'en','plugins/location/bulk-import','export.template.prompt_list','Please pick a value from the drop-down list.','2023-11-09 09:21:26','2023-11-09 09:21:26'),(3006,1,'en','plugins/location/bulk-import','export.template.pick_from_list','Pick from list','2023-11-09 09:21:26','2023-11-09 09:21:26'),(3007,1,'en','plugins/location/bulk-import','export.template.value_not_in_list','Value is not in list.','2023-11-09 09:21:26','2023-11-09 09:21:26'),(3008,1,'en','plugins/location/bulk-import','export.template.max_text_length','Max text length','2023-11-09 09:21:26','2023-11-09 09:21:26'),(3009,1,'en','plugins/location/bulk-import','export.template.prompt_max_text_length','Only accept text with length less than or equal to :max.','2023-11-09 09:21:26','2023-11-09 09:21:26'),(3010,1,'en','plugins/location/bulk-import','import_failed_description','Import failed, please check the errors below!','2023-11-09 09:21:26','2023-11-09 09:21:26'),(3011,1,'en','plugins/location/bulk-import','available_enable_multi_language','Only available when you enable \"Is Multi Language?\"','2023-11-09 09:21:27','2023-11-09 09:21:27'),(3012,1,'en','plugins/location/bulk-import','import_type_required_if','The :attribute field is required when \"Import Type\" is :value.','2023-11-09 09:21:27','2023-11-09 09:21:27'),(3013,1,'en','plugins/location/bulk-import','import_available_data','Import available data','2023-11-09 09:21:27','2023-11-09 09:21:27'),(3014,1,'en','plugins/location/bulk-import','import','Import','2023-11-09 09:21:27','2023-11-09 09:21:27'),(3015,1,'en','plugins/location/bulk-import','import_available_data_confirmation','Import available data confirmation','2023-11-09 09:21:27','2023-11-09 09:21:27'),(3016,1,'en','plugins/location/bulk-import','import_available_data_confirmation_content','Do you really want to import states/cities for this country?','2023-11-09 09:21:27','2023-11-09 09:21:27'),(3017,1,'en','plugins/location/bulk-import','upload_file_placeholder','Drag and drop file here or click to upload','2023-11-09 09:21:27','2023-11-09 09:21:27'),(3018,1,'en','plugins/location/bulk-import','uploading','Uploading...','2023-11-09 09:21:27','2023-11-09 09:21:27'),(3019,1,'en','plugins/location/bulk-import','validating','Validating...','2023-11-09 09:21:27','2023-11-09 09:21:27'),(3020,1,'en','plugins/location/bulk-import','importing','Importing...','2023-11-09 09:21:27','2023-11-09 09:21:27'),(3021,1,'en','plugins/location/bulk-import','validating_message','Validating from :from to :to...','2023-11-09 09:21:27','2023-11-09 09:21:27'),(3022,1,'en','plugins/location/bulk-import','importing_message','Importing from :from to :to...','2023-11-09 09:21:27','2023-11-09 09:21:27'),(3023,1,'en','plugins/location/bulk-import','total_rows','You have imported :total rows successfully!','2023-11-09 09:21:27','2023-11-09 09:21:27'),(3024,1,'en','plugins/location/city','name','Cities','2023-11-09 09:21:27','2023-11-09 09:21:27'),(3025,1,'en','plugins/location/city','create','New city','2023-11-09 09:21:27','2023-11-09 09:21:27'),(3026,1,'en','plugins/location/city','state','State','2023-11-09 09:21:27','2023-11-09 09:21:27'),(3027,1,'en','plugins/location/city','select_state','Select state...','2023-11-09 09:21:27','2023-11-09 09:21:27'),(3028,1,'en','plugins/location/city','select_city','Select city...','2023-11-09 09:21:27','2023-11-09 09:21:27'),(3029,1,'en','plugins/location/city','country','Country','2023-11-09 09:21:27','2023-11-09 09:21:27'),(3030,1,'en','plugins/location/city','select_country','Select country...','2023-11-09 09:21:27','2023-11-09 09:21:27'),(3031,1,'en','plugins/location/city','city','City','2023-11-09 09:21:27','2023-11-09 09:21:27'),(3032,1,'en','plugins/location/country','name','Countries','2023-11-09 09:21:27','2023-11-09 09:21:27'),(3033,1,'en','plugins/location/country','create','New country','2023-11-09 09:21:27','2023-11-09 09:21:27'),(3034,1,'en','plugins/location/country','nationality','Nationality','2023-11-09 09:21:27','2023-11-09 09:21:27'),(3035,1,'en','plugins/location/country','code','Country ISO code','2023-11-09 09:21:27','2023-11-09 09:21:27'),(3036,1,'en','plugins/location/country','code_placeholder','ISO country code, uppercase. Ex: US.','2023-11-09 09:21:27','2023-11-09 09:21:27'),(3037,1,'en','plugins/location/country','code_helper','Find country ISO code from here: https://en.wikipedia.org/wiki/List_of_ISO_3166_country_codes','2023-11-09 09:21:27','2023-11-09 09:21:27'),(3038,1,'en','plugins/location/location','name','Locations','2023-11-09 09:21:27','2023-11-09 09:21:27'),(3039,1,'en','plugins/location/location','all_states','All states','2023-11-09 09:21:27','2023-11-09 09:21:27'),(3040,1,'en','plugins/location/location','abbreviation','Abbreviation','2023-11-09 09:21:27','2023-11-09 09:21:27'),(3041,1,'en','plugins/location/location','abbreviation_placeholder','E.g: CA','2023-11-09 09:21:27','2023-11-09 09:21:27'),(3042,1,'en','plugins/location/location','exporting','Exporting','2023-11-09 09:21:27','2023-11-09 09:21:27'),(3043,1,'en','plugins/location/location','total_country','Total countries','2023-11-09 09:21:27','2023-11-09 09:21:27'),(3044,1,'en','plugins/location/location','total_state','Total states','2023-11-09 09:21:27','2023-11-09 09:21:27'),(3045,1,'en','plugins/location/location','total_city','Total cities','2023-11-09 09:21:27','2023-11-09 09:21:27'),(3046,1,'en','plugins/location/location','export_location','Export location','2023-11-09 09:21:27','2023-11-09 09:21:27'),(3047,1,'en','plugins/location/location','start_export','Start exporting','2023-11-09 09:21:27','2023-11-09 09:21:27'),(3048,1,'en','plugins/location/location','enums.import_type.country','Country','2023-11-09 09:21:27','2023-11-09 09:21:27'),(3049,1,'en','plugins/location/location','enums.import_type.state','State','2023-11-09 09:21:27','2023-11-09 09:21:27'),(3050,1,'en','plugins/location/location','enums.import_type.city','City','2023-11-09 09:21:27','2023-11-09 09:21:27'),(3051,1,'en','plugins/location/state','name','States','2023-11-09 09:21:27','2023-11-09 09:21:27'),(3052,1,'en','plugins/location/state','create','New state','2023-11-09 09:21:27','2023-11-09 09:21:27'),(3053,1,'en','plugins/location/state','country','Country','2023-11-09 09:21:27','2023-11-09 09:21:27'),(3054,1,'en','plugins/location/state','select_country','Select a country...','2023-11-09 09:21:27','2023-11-09 09:21:27'),(3055,1,'en','plugins/location/state','state','State','2023-11-09 09:21:27','2023-11-09 09:21:27'),(3056,1,'en','plugins/newsletter/newsletter','name','Newsletters','2023-11-09 09:21:27','2023-11-09 09:21:27'),(3057,1,'en','plugins/newsletter/newsletter','settings.email.templates.title','Newsletter','2023-11-09 09:21:27','2023-11-09 09:21:27'),(3058,1,'en','plugins/newsletter/newsletter','settings.email.templates.description','Config newsletter email templates','2023-11-09 09:21:27','2023-11-09 09:21:27'),(3059,1,'en','plugins/newsletter/newsletter','settings.email.templates.to_admin.title','Email send to admin','2023-11-09 09:21:27','2023-11-09 09:21:27'),(3060,1,'en','plugins/newsletter/newsletter','settings.email.templates.to_admin.description','Template for sending email to admin','2023-11-09 09:21:27','2023-11-09 09:21:27'),(3061,1,'en','plugins/newsletter/newsletter','settings.email.templates.to_user.title','Email send to user','2023-11-09 09:21:27','2023-11-09 09:21:27'),(3062,1,'en','plugins/newsletter/newsletter','settings.email.templates.to_user.description','Template for sending email to subscriber','2023-11-09 09:21:27','2023-11-09 09:21:27'),(3063,1,'en','plugins/newsletter/newsletter','settings.title','Newsletter','2023-11-09 09:21:27','2023-11-09 09:21:27'),(3064,1,'en','plugins/newsletter/newsletter','settings.description','Settings for newsletter (auto send newsletter email to SendGrid, Mailchimp... when someone register newsletter on website).','2023-11-09 09:21:27','2023-11-09 09:21:27'),(3065,1,'en','plugins/newsletter/newsletter','settings.mailchimp_api_key','Mailchimp API Key','2023-11-09 09:21:27','2023-11-09 09:21:27'),(3066,1,'en','plugins/newsletter/newsletter','settings.mailchimp_list_id','Mailchimp List ID','2023-11-09 09:21:27','2023-11-09 09:21:27'),(3067,1,'en','plugins/newsletter/newsletter','settings.mailchimp_list','Mailchimp List','2023-11-09 09:21:27','2023-11-09 09:21:27'),(3068,1,'en','plugins/newsletter/newsletter','settings.sendgrid_api_key','Sendgrid API Key','2023-11-09 09:21:27','2023-11-09 09:21:27'),(3069,1,'en','plugins/newsletter/newsletter','settings.sendgrid_list_id','Sendgrid List ID','2023-11-09 09:21:27','2023-11-09 09:21:27'),(3070,1,'en','plugins/newsletter/newsletter','settings.sendgrid_list','Sendgrid List','2023-11-09 09:21:27','2023-11-09 09:21:27'),(3071,1,'en','plugins/newsletter/newsletter','settings.enable_newsletter_contacts_list_api','Enable newsletter contacts list API?','2023-11-09 09:21:27','2023-11-09 09:21:27'),(3072,1,'en','plugins/newsletter/newsletter','statuses.subscribed','Subscribed','2023-11-09 09:21:27','2023-11-09 09:21:27'),(3073,1,'en','plugins/newsletter/newsletter','statuses.unsubscribed','Unsubscribed','2023-11-09 09:21:27','2023-11-09 09:21:27'),(3074,1,'en','plugins/payment/payment','payments','Payments','2023-11-09 09:21:27','2023-11-09 09:21:27'),(3075,1,'en','plugins/payment/payment','checkout_success','Checkout successfully!','2023-11-09 09:21:27','2023-11-09 09:21:27'),(3076,1,'en','plugins/payment/payment','view_payment','View payment #','2023-11-09 09:21:27','2023-11-09 09:21:27'),(3077,1,'en','plugins/payment/payment','charge_id','Charge ID','2023-11-09 09:21:27','2023-11-09 09:21:27'),(3078,1,'en','plugins/payment/payment','amount','Amount','2023-11-09 09:21:27','2023-11-09 09:21:27'),(3079,1,'en','plugins/payment/payment','currency','Currency','2023-11-09 09:21:27','2023-11-09 09:21:27'),(3080,1,'en','plugins/payment/payment','user','User','2023-11-09 09:21:27','2023-11-09 09:21:27'),(3081,1,'en','plugins/payment/payment','stripe','Stripe','2023-11-09 09:21:27','2023-11-09 09:21:27'),(3082,1,'en','plugins/payment/payment','paypal','PayPal','2023-11-09 09:21:27','2023-11-09 09:21:27'),(3083,1,'en','plugins/payment/payment','action','Action','2023-11-09 09:21:27','2023-11-09 09:21:27'),(3084,1,'en','plugins/payment/payment','payment_via_card','Payment via card','2023-11-09 09:21:27','2023-11-09 09:21:27'),(3085,1,'en','plugins/payment/payment','card_number','Card number','2023-11-09 09:21:27','2023-11-09 09:21:27'),(3086,1,'en','plugins/payment/payment','full_name','Full name','2023-11-09 09:21:27','2023-11-09 09:21:27'),(3087,1,'en','plugins/payment/payment','payment_via_paypal','Fast and safe online payment via PayPal.','2023-11-09 09:21:27','2023-11-09 09:21:27'),(3088,1,'en','plugins/payment/payment','mm_yy','MM/YY','2023-11-09 09:21:27','2023-11-09 09:21:27'),(3089,1,'en','plugins/payment/payment','cvc','CVC','2023-11-09 09:21:27','2023-11-09 09:21:27'),(3090,1,'en','plugins/payment/payment','details','Details','2023-11-09 09:21:27','2023-11-09 09:21:27'),(3091,1,'en','plugins/payment/payment','payer_name','Payer Name','2023-11-09 09:21:27','2023-11-09 09:21:27'),(3092,1,'en','plugins/payment/payment','email','Email','2023-11-09 09:21:27','2023-11-09 09:21:27'),(3093,1,'en','plugins/payment/payment','phone','Phone','2023-11-09 09:21:27','2023-11-09 09:21:27'),(3094,1,'en','plugins/payment/payment','country','Country','2023-11-09 09:21:27','2023-11-09 09:21:27'),(3095,1,'en','plugins/payment/payment','shipping_address','Shipping Address','2023-11-09 09:21:27','2023-11-09 09:21:27'),(3096,1,'en','plugins/payment/payment','payment_details','Payment Details','2023-11-09 09:21:27','2023-11-09 09:21:27'),(3097,1,'en','plugins/payment/payment','card','Card','2023-11-09 09:21:27','2023-11-09 09:21:27'),(3098,1,'en','plugins/payment/payment','address','Address','2023-11-09 09:21:27','2023-11-09 09:21:27'),(3099,1,'en','plugins/payment/payment','could_not_get_stripe_token','Could not get Stripe token to make a charge.','2023-11-09 09:21:27','2023-11-09 09:21:27'),(3100,1,'en','plugins/payment/payment','payment_id','Payment ID','2023-11-09 09:21:27','2023-11-09 09:21:27'),(3101,1,'en','plugins/payment/payment','payment_methods','Payment methods','2023-11-09 09:21:27','2023-11-09 09:21:27'),(3102,1,'en','plugins/payment/payment','transactions','Transactions','2023-11-09 09:21:27','2023-11-09 09:21:27'),(3103,1,'en','plugins/payment/payment','payment_methods_description','Setup payment methods for website','2023-11-09 09:21:27','2023-11-09 09:21:27'),(3104,1,'en','plugins/payment/payment','paypal_description','Customer can buy product and pay directly via PayPal','2023-11-09 09:21:27','2023-11-09 09:21:27'),(3105,1,'en','plugins/payment/payment','use','Use','2023-11-09 09:21:27','2023-11-09 09:21:27'),(3106,1,'en','plugins/payment/payment','stripe_description','Customer can buy product and pay directly using Visa, Credit card via Stripe','2023-11-09 09:21:27','2023-11-09 09:21:27'),(3107,1,'en','plugins/payment/payment','edit','Edit','2023-11-09 09:21:27','2023-11-09 09:21:27'),(3108,1,'en','plugins/payment/payment','settings','Settings','2023-11-09 09:21:27','2023-11-09 09:21:27'),(3109,1,'en','plugins/payment/payment','activate','Activate','2023-11-09 09:21:27','2023-11-09 09:21:27'),(3110,1,'en','plugins/payment/payment','deactivate','Deactivate','2023-11-09 09:21:27','2023-11-09 09:21:27'),(3111,1,'en','plugins/payment/payment','update','Update','2023-11-09 09:21:27','2023-11-09 09:21:27'),(3112,1,'en','plugins/payment/payment','configuration_instruction','Configuration instruction for :name','2023-11-09 09:21:27','2023-11-09 09:21:27'),(3113,1,'en','plugins/payment/payment','configuration_requirement','To use :name, you need','2023-11-09 09:21:27','2023-11-09 09:21:27'),(3114,1,'en','plugins/payment/payment','service_registration','Register with :name','2023-11-09 09:21:27','2023-11-09 09:21:27'),(3115,1,'en','plugins/payment/payment','after_service_registration_msg','After registration at :name, you will have Client ID, Client Secret','2023-11-09 09:21:27','2023-11-09 09:21:27'),(3116,1,'en','plugins/payment/payment','enter_client_id_and_secret','Enter Client ID, Secret into the box in right hand','2023-11-09 09:21:27','2023-11-09 09:21:27'),(3117,1,'en','plugins/payment/payment','method_name','Method name','2023-11-09 09:21:27','2023-11-09 09:21:27'),(3118,1,'en','plugins/payment/payment','please_provide_information','Please provide information','2023-11-09 09:21:27','2023-11-09 09:21:27'),(3119,1,'en','plugins/payment/payment','client_id','Client ID','2023-11-09 09:21:27','2023-11-09 09:21:27'),(3120,1,'en','plugins/payment/payment','client_secret','Client Secret','2023-11-09 09:21:27','2023-11-09 09:21:27'),(3121,1,'en','plugins/payment/payment','secret','Secret','2023-11-09 09:21:27','2023-11-09 09:21:27'),(3122,1,'en','plugins/payment/payment','stripe_key','Stripe Public Key','2023-11-09 09:21:27','2023-11-09 09:21:27'),(3123,1,'en','plugins/payment/payment','stripe_secret','Stripe Private Key','2023-11-09 09:21:27','2023-11-09 09:21:27'),(3124,1,'en','plugins/payment/payment','stripe_after_service_registration_msg','After registration at :name, you will have Public, Secret keys','2023-11-09 09:21:27','2023-11-09 09:21:27'),(3125,1,'en','plugins/payment/payment','stripe_enter_client_id_and_secret','Enter Public, Secret keys into the box in right hand','2023-11-09 09:21:27','2023-11-09 09:21:27'),(3126,1,'en','plugins/payment/payment','pay_online_via','Pay online via :name','2023-11-09 09:21:28','2023-11-09 09:21:28'),(3127,1,'en','plugins/payment/payment','sandbox_mode','Sandbox mode','2023-11-09 09:21:28','2023-11-09 09:21:28'),(3128,1,'en','plugins/payment/payment','deactivate_payment_method','Deactivate payment method','2023-11-09 09:21:28','2023-11-09 09:21:28'),(3129,1,'en','plugins/payment/payment','deactivate_payment_method_description','Do you really want to deactivate this payment method?','2023-11-09 09:21:28','2023-11-09 09:21:28'),(3130,1,'en','plugins/payment/payment','agree','Agree','2023-11-09 09:21:28','2023-11-09 09:21:28'),(3131,1,'en','plugins/payment/payment','name','Payments','2023-11-09 09:21:28','2023-11-09 09:21:28'),(3132,1,'en','plugins/payment/payment','create','New payment','2023-11-09 09:21:28','2023-11-09 09:21:28'),(3133,1,'en','plugins/payment/payment','go_back','Go back','2023-11-09 09:21:28','2023-11-09 09:21:28'),(3134,1,'en','plugins/payment/payment','information','Information','2023-11-09 09:21:28','2023-11-09 09:21:28'),(3135,1,'en','plugins/payment/payment','methods.paypal','PayPal','2023-11-09 09:21:28','2023-11-09 09:21:28'),(3136,1,'en','plugins/payment/payment','methods.cod','Cash on delivery (COD)','2023-11-09 09:21:28','2023-11-09 09:21:28'),(3137,1,'en','plugins/payment/payment','methods.bank_transfer','Bank transfer','2023-11-09 09:21:28','2023-11-09 09:21:28'),(3138,1,'en','plugins/payment/payment','statuses.pending','Pending','2023-11-09 09:21:28','2023-11-09 09:21:28'),(3139,1,'en','plugins/payment/payment','statuses.completed','Completed','2023-11-09 09:21:28','2023-11-09 09:21:28'),(3140,1,'en','plugins/payment/payment','statuses.refunding','Refunding','2023-11-09 09:21:28','2023-11-09 09:21:28'),(3141,1,'en','plugins/payment/payment','statuses.refunded','Refunded','2023-11-09 09:21:28','2023-11-09 09:21:28'),(3142,1,'en','plugins/payment/payment','statuses.fraud','Fraud','2023-11-09 09:21:28','2023-11-09 09:21:28'),(3143,1,'en','plugins/payment/payment','statuses.failed','Failed','2023-11-09 09:21:28','2023-11-09 09:21:28'),(3144,1,'en','plugins/payment/payment','payment_methods_instruction','Guide customers to pay directly. You can choose to pay by delivery or bank transfer','2023-11-09 09:21:28','2023-11-09 09:21:28'),(3145,1,'en','plugins/payment/payment','payment_method_description','Payment guide - (Displayed on the notice of successful purchase and payment page)','2023-11-09 09:21:28','2023-11-09 09:21:28'),(3146,1,'en','plugins/payment/payment','payment_via_cod','Cash on delivery (COD)','2023-11-09 09:21:28','2023-11-09 09:21:28'),(3147,1,'en','plugins/payment/payment','payment_via_bank_transfer','Bank transfer','2023-11-09 09:21:28','2023-11-09 09:21:28'),(3148,1,'en','plugins/payment/payment','payment_pending','Checkout successfully. Your payment is pending and will be checked by our staff.','2023-11-09 09:21:28','2023-11-09 09:21:28'),(3149,1,'en','plugins/payment/payment','created_at','Created At','2023-11-09 09:21:28','2023-11-09 09:21:28'),(3150,1,'en','plugins/payment/payment','payment_channel','Payment Channel','2023-11-09 09:21:28','2023-11-09 09:21:28'),(3151,1,'en','plugins/payment/payment','total','Total','2023-11-09 09:21:28','2023-11-09 09:21:28'),(3152,1,'en','plugins/payment/payment','status','Status','2023-11-09 09:21:28','2023-11-09 09:21:28'),(3153,1,'en','plugins/payment/payment','default_payment_method','Default payment method','2023-11-09 09:21:28','2023-11-09 09:21:28'),(3154,1,'en','plugins/payment/payment','turn_off_success','Turn off payment method successfully!','2023-11-09 09:21:28','2023-11-09 09:21:28'),(3155,1,'en','plugins/payment/payment','saved_payment_method_success','Saved payment method successfully!','2023-11-09 09:21:28','2023-11-09 09:21:28'),(3156,1,'en','plugins/payment/payment','saved_payment_settings_success','Saved payment settings successfully!','2023-11-09 09:21:28','2023-11-09 09:21:28'),(3157,1,'en','plugins/payment/payment','payment_name','Name','2023-11-09 09:21:28','2023-11-09 09:21:28'),(3158,1,'en','plugins/payment/payment','payment_not_found','Payment not found!','2023-11-09 09:21:28','2023-11-09 09:21:28'),(3159,1,'en','plugins/payment/payment','refunds.title','Refunds','2023-11-09 09:21:28','2023-11-09 09:21:28'),(3160,1,'en','plugins/payment/payment','refunds.id','ID','2023-11-09 09:21:28','2023-11-09 09:21:28'),(3161,1,'en','plugins/payment/payment','refunds.breakdowns','Breakdowns','2023-11-09 09:21:28','2023-11-09 09:21:28'),(3162,1,'en','plugins/payment/payment','refunds.gross_amount','Gross amount','2023-11-09 09:21:28','2023-11-09 09:21:28'),(3163,1,'en','plugins/payment/payment','refunds.paypal_fee','PayPal fee','2023-11-09 09:21:28','2023-11-09 09:21:28'),(3164,1,'en','plugins/payment/payment','refunds.net_amount','Net amount','2023-11-09 09:21:28','2023-11-09 09:21:28'),(3165,1,'en','plugins/payment/payment','refunds.total_refunded_amount','Total refunded amount','2023-11-09 09:21:28','2023-11-09 09:21:28'),(3166,1,'en','plugins/payment/payment','refunds.create_time','Create time','2023-11-09 09:21:28','2023-11-09 09:21:28'),(3167,1,'en','plugins/payment/payment','refunds.update_time','Update time','2023-11-09 09:21:28','2023-11-09 09:21:28'),(3168,1,'en','plugins/payment/payment','refunds.status','Status','2023-11-09 09:21:28','2023-11-09 09:21:28'),(3169,1,'en','plugins/payment/payment','refunds.description','Description','2023-11-09 09:21:28','2023-11-09 09:21:28'),(3170,1,'en','plugins/payment/payment','refunds.refunded_at','Refunded at','2023-11-09 09:21:28','2023-11-09 09:21:28'),(3171,1,'en','plugins/payment/payment','refunds.error_message','Error message','2023-11-09 09:21:28','2023-11-09 09:21:28'),(3172,1,'en','plugins/payment/payment','view_response_source','View response source','2023-11-09 09:21:28','2023-11-09 09:21:28'),(3173,1,'en','plugins/payment/payment','status_is_not_completed','Status is not COMPLETED','2023-11-09 09:21:28','2023-11-09 09:21:28'),(3174,1,'en','plugins/payment/payment','cannot_found_capture_id','Can not found capture id with payment detail','2023-11-09 09:21:28','2023-11-09 09:21:28'),(3175,1,'en','plugins/payment/payment','amount_refunded','Amount refunded','2023-11-09 09:21:28','2023-11-09 09:21:28'),(3176,1,'en','plugins/payment/payment','amount_remaining','Amount remaining','2023-11-09 09:21:28','2023-11-09 09:21:28'),(3177,1,'en','plugins/payment/payment','paid_at','Paid At','2023-11-09 09:21:28','2023-11-09 09:21:28'),(3178,1,'en','plugins/payment/payment','invalid_settings','Settings for :name are invalid!','2023-11-09 09:21:28','2023-11-09 09:21:28'),(3179,1,'en','plugins/payment/payment','view_transaction','Transaction \":charge_id\"','2023-11-09 09:21:28','2023-11-09 09:21:28'),(3180,1,'en','plugins/payment/payment','payment_description','Pay for your order #:order_id at :site_url','2023-11-09 09:21:28','2023-11-09 09:21:28'),(3181,1,'en','plugins/sale-popup/sale-popup','name','Sale popup','2023-11-09 09:21:28','2023-11-09 09:21:28'),(3182,1,'en','plugins/sale-popup/sale-popup','save_settings','Save settings','2023-11-09 09:21:28','2023-11-09 09:21:28'),(3183,1,'en','plugins/sale-popup/sale-popup','setting.title','Sale popup','2023-11-09 09:21:28','2023-11-09 09:21:28'),(3184,1,'en','plugins/sale-popup/sale-popup','setting.description','Settings for popup sale','2023-11-09 09:21:28','2023-11-09 09:21:28'),(3185,1,'en','plugins/sale-popup/sale-popup','enable','Enable?','2023-11-09 09:21:28','2023-11-09 09:21:28'),(3186,1,'en','plugins/sale-popup/sale-popup','select_pages_to_display','Select pages to display','2023-11-09 09:21:28','2023-11-09 09:21:28'),(3187,1,'en','plugins/sale-popup/sale-popup','purchased_text','Purchased text','2023-11-09 09:21:28','2023-11-09 09:21:28'),(3188,1,'en','plugins/sale-popup/sale-popup','verified_text','Verified text','2023-11-09 09:21:28','2023-11-09 09:21:28'),(3189,1,'en','plugins/sale-popup/sale-popup','quick_view_text','Quick view text','2023-11-09 09:21:28','2023-11-09 09:21:28'),(3190,1,'en','plugins/sale-popup/sale-popup','list_users_purchased','List of users purchased:','2023-11-09 09:21:28','2023-11-09 09:21:28'),(3191,1,'en','plugins/sale-popup/sale-popup','list_sale_time','List of sale time','2023-11-09 09:21:28','2023-11-09 09:21:28'),(3192,1,'en','plugins/sale-popup/sale-popup','limit_products','Limit Products','2023-11-09 09:21:28','2023-11-09 09:21:28'),(3193,1,'en','plugins/sale-popup/sale-popup','show_close_button','Show close button?','2023-11-09 09:21:28','2023-11-09 09:21:28'),(3194,1,'en','plugins/sale-popup/sale-popup','show_quick_view_button','Show quick view button?','2023-11-09 09:21:28','2023-11-09 09:21:28'),(3195,1,'en','plugins/sale-popup/sale-popup','show_time_ago_suggest','Show time ago in suggest?','2023-11-09 09:21:28','2023-11-09 09:21:28'),(3196,1,'en','plugins/sale-popup/sale-popup','show_verified','Show Verified?','2023-11-09 09:21:28','2023-11-09 09:21:28'),(3197,1,'en','plugins/sale-popup/sale-popup','user_separator','Separate with \'|\'. If you not want use list user you can write a text. eg:\'someone\'.','2023-11-09 09:21:28','2023-11-09 09:21:28'),(3198,1,'en','plugins/sale-popup/sale-popup','time_separator','Separate with \'|\'.','2023-11-09 09:21:28','2023-11-09 09:21:28'),(3199,1,'en','plugins/sale-popup/sale-popup','featured_products','Featured products','2023-11-09 09:21:28','2023-11-09 09:21:28'),(3200,1,'en','plugins/sale-popup/sale-popup','load_products_from','Load products from','2023-11-09 09:21:28','2023-11-09 09:21:28'),(3201,1,'en','plugins/shippo/shippo','name','Shippo','2023-11-09 09:21:28','2023-11-09 09:21:28'),(3202,1,'en','plugins/shippo/shippo','description','All of the Carriers and Stores You Need','2023-11-09 09:21:28','2023-11-09 09:21:28'),(3203,1,'en','plugins/shippo/shippo','note_0','Before activating, please read the instructions below','2023-11-09 09:21:28','2023-11-09 09:21:28'),(3204,1,'en','plugins/shippo/shippo','note_1','Need to use cities, states, countries from Admin -> Locations, <a href=\":link\" target=\"_blank\" rel=\"noopener noreferrer\">:link</a>','2023-11-09 09:21:28','2023-11-09 09:21:28'),(3205,1,'en','plugins/shippo/shippo','note_2','Enabled \"Load countries, states, cities from plugin location?\" and \"Enable Zip Code?\" for Shippo to work correctly','2023-11-09 09:21:28','2023-11-09 09:21:28'),(3206,1,'en','plugins/shippo/shippo','note_3','Update city, state, country with location plugin data, enter and check the address and zip code in \"<a href=\":link\" target=\"_blank\">Basic information</a>\"','2023-11-09 09:21:28','2023-11-09 09:21:28'),(3207,1,'en','plugins/shippo/shippo','note_4','Vendor needs to update Company & Zip Code. Update city, state, country with location plugin data','2023-11-09 09:21:28','2023-11-09 09:21:28'),(3208,1,'en','plugins/shippo/shippo','note_5','Shippo only allows to create transactions with shipment/rate within 24 hours, if more than 24 hours, please update the rate again','2023-11-09 09:21:28','2023-11-09 09:21:28'),(3209,1,'en','plugins/shippo/shippo','note_6','COD payment method refer <a href=\":link\" target=\"_blank\" rel=\"noopener noreferrer\">here</a>','2023-11-09 09:21:28','2023-11-09 09:21:28'),(3210,1,'en','plugins/shippo/shippo','configuration_instruction','Configuration instruction for :name','2023-11-09 09:21:28','2023-11-09 09:21:28'),(3211,1,'en','plugins/shippo/shippo','configuration_requirement','To use :name, you need','2023-11-09 09:21:28','2023-11-09 09:21:28'),(3212,1,'en','plugins/shippo/shippo','service_registration','Register with :name','2023-11-09 09:21:28','2023-11-09 09:21:28'),(3213,1,'en','plugins/shippo/shippo','after_service_registration_msg','After registration at :name, you will have API Key','2023-11-09 09:21:28','2023-11-09 09:21:28'),(3214,1,'en','plugins/shippo/shippo','enter_api_key','Enter API Key into the box in right hand','2023-11-09 09:21:28','2023-11-09 09:21:28'),(3215,1,'en','plugins/shippo/shippo','please_provide_information','Please provide information','2023-11-09 09:21:28','2023-11-09 09:21:28'),(3216,1,'en','plugins/shippo/shippo','sandbox_mode','Test mode','2023-11-09 09:21:28','2023-11-09 09:21:28'),(3217,1,'en','plugins/shippo/shippo','activate','Activate','2023-11-09 09:21:28','2023-11-09 09:21:28'),(3218,1,'en','plugins/shippo/shippo','disabled_in_demo_mode','You cannot update Shippo settings in demo mode!','2023-11-09 09:21:28','2023-11-09 09:21:28'),(3219,1,'en','plugins/shippo/shippo','parcel','Parcel','2023-11-09 09:21:28','2023-11-09 09:21:28'),(3220,1,'en','plugins/shippo/shippo','estimated_days','Estimated delivery in :day day(s)','2023-11-09 09:21:28','2023-11-09 09:21:28'),(3221,1,'en','plugins/shippo/shippo','from_address','From address','2023-11-09 09:21:28','2023-11-09 09:21:28'),(3222,1,'en','plugins/shippo/shippo','to_address','To address','2023-11-09 09:21:28','2023-11-09 09:21:28'),(3223,1,'en','plugins/shippo/shippo','check_validate_token','Check validate token?','2023-11-09 09:21:28','2023-11-09 09:21:28'),(3224,1,'en','plugins/shippo/shippo','saved_shipping_settings_success','Saved settings successfully!','2023-11-09 09:21:28','2023-11-09 09:21:28'),(3225,1,'en','plugins/shippo/shippo','token_name_is_required',':name is required for the integration to work','2023-11-09 09:21:28','2023-11-09 09:21:28'),(3226,1,'en','plugins/shippo/shippo','token_name_is_invalid',':name is invalid','2023-11-09 09:21:28','2023-11-09 09:21:28'),(3227,1,'en','plugins/shippo/shippo','live_api_token','Live API Token','2023-11-09 09:21:28','2023-11-09 09:21:28'),(3228,1,'en','plugins/shippo/shippo','test_api_token','Test API Token','2023-11-09 09:21:28','2023-11-09 09:21:28'),(3229,1,'en','plugins/shippo/shippo','print_label','Print label','2023-11-09 09:21:28','2023-11-09 09:21:28'),(3230,1,'en','plugins/shippo/shippo','transaction.created','Created transaction #:tracking','2023-11-09 09:21:28','2023-11-09 09:21:28'),(3231,1,'en','plugins/shippo/shippo','transaction.view_and_create','View and Create transaction','2023-11-09 09:21:28','2023-11-09 09:21:28'),(3232,1,'en','plugins/shippo/shippo','transaction.create','Create transaction','2023-11-09 09:21:28','2023-11-09 09:21:28'),(3233,1,'en','plugins/shippo/shippo','transaction.created_success','Created transaction successfully!','2023-11-09 09:21:28','2023-11-09 09:21:28'),(3234,1,'en','plugins/shippo/shippo','transaction.updated','Updated transaction #:tracking','2023-11-09 09:21:28','2023-11-09 09:21:28'),(3235,1,'en','plugins/shippo/shippo','tracking.updated','Updated tracking #:tracking','2023-11-09 09:21:28','2023-11-09 09:21:28'),(3236,1,'en','plugins/shippo/shippo','tracking.statuses.pre_transit','The label is created but before the package is dropped off or picked up by the carrier.','2023-11-09 09:21:28','2023-11-09 09:21:28'),(3237,1,'en','plugins/shippo/shippo','tracking.statuses.transit','The package has been scanned by the carrier and is in transit.','2023-11-09 09:21:28','2023-11-09 09:21:28'),(3238,1,'en','plugins/shippo/shippo','tracking.statuses.delivered','The package has been successfully delivered.','2023-11-09 09:21:28','2023-11-09 09:21:28'),(3239,1,'en','plugins/shippo/shippo','tracking.statuses.returned','The package is en route to be returned to the sender, or has been returned successfully.','2023-11-09 09:21:28','2023-11-09 09:21:28'),(3240,1,'en','plugins/shippo/shippo','tracking.statuses.failure','The carrier indicated that there has been an issue with the delivery. This can happen for various reasons and depends on the carrier. This status does not indicate a technical, but a delivery issue.','2023-11-09 09:21:28','2023-11-09 09:21:28'),(3241,1,'en','plugins/shippo/shippo','tracking.statuses.unknown','The package has not been found via the carrier’s tracking system.','2023-11-09 09:21:28','2023-11-09 09:21:28'),(3242,1,'en','plugins/shippo/shippo','view_other_exchange_rates','View :count other exchange rates','2023-11-09 09:21:28','2023-11-09 09:21:28'),(3243,1,'en','plugins/shippo/shippo','carrier_could_not_be_found','The carrier for which the order was selected could not be found','2023-11-09 09:21:28','2023-11-09 09:21:28'),(3244,1,'en','plugins/shippo/shippo','update_rate','Update rate','2023-11-09 09:21:28','2023-11-09 09:21:28'),(3245,1,'en','plugins/shippo/shippo','updated_rate_success','Created rate successfully!','2023-11-09 09:21:28','2023-11-09 09:21:28'),(3246,1,'en','plugins/shippo/shippo','recheck_rate','Recheck rate','2023-11-09 09:21:28','2023-11-09 09:21:28'),(3247,1,'en','plugins/shippo/shippo','shipment_object_id_not_found','No matching shipping #:id information found','2023-11-09 09:21:28','2023-11-09 09:21:28'),(3248,1,'en','plugins/shippo/shippo','order_amount','Order amount','2023-11-09 09:21:28','2023-11-09 09:21:28'),(3249,1,'en','plugins/shippo/shippo','logging','Logging?','2023-11-09 09:21:29','2023-11-09 09:21:29'),(3250,1,'en','plugins/shippo/shippo','webhooks','Webhooks?','2023-11-09 09:21:29','2023-11-09 09:21:29'),(3251,1,'en','plugins/shippo/shippo','cache_response','Cache response?','2023-11-09 09:21:29','2023-11-09 09:21:29'),(3252,1,'en','plugins/shippo/shippo','not_available_in_cod_payment_method','Shippo options won\'t be shown if the selected payment method is COD!','2023-11-09 09:21:29','2023-11-09 09:21:29'),(3253,1,'en','plugins/simple-slider/simple-slider','create','New slider','2023-11-09 09:21:29','2023-11-09 09:21:29'),(3254,1,'en','plugins/simple-slider/simple-slider','menu','Simple sliders','2023-11-09 09:21:29','2023-11-09 09:21:29'),(3255,1,'en','plugins/simple-slider/simple-slider','settings.title','Simple sliders','2023-11-09 09:21:29','2023-11-09 09:21:29'),(3256,1,'en','plugins/simple-slider/simple-slider','settings.description','Settings for Simple sliders','2023-11-09 09:21:29','2023-11-09 09:21:29'),(3257,1,'en','plugins/simple-slider/simple-slider','settings.using_assets','Using default assets?','2023-11-09 09:21:29','2023-11-09 09:21:29'),(3258,1,'en','plugins/simple-slider/simple-slider','settings.using_assets_description','If using assets option is enabled then below scripts will be auto added to front site.','2023-11-09 09:21:29','2023-11-09 09:21:29'),(3259,1,'en','plugins/simple-slider/simple-slider','add_new','Add new','2023-11-09 09:21:29','2023-11-09 09:21:29'),(3260,1,'en','plugins/simple-slider/simple-slider','save_sorting','Save sorting','2023-11-09 09:21:29','2023-11-09 09:21:29'),(3261,1,'en','plugins/simple-slider/simple-slider','key','Key','2023-11-09 09:21:29','2023-11-09 09:21:29'),(3262,1,'en','plugins/simple-slider/simple-slider','slide_items','Slide Items','2023-11-09 09:21:29','2023-11-09 09:21:29'),(3263,1,'en','plugins/simple-slider/simple-slider','update_slide_position_success','Updated slide position successfully!','2023-11-09 09:21:29','2023-11-09 09:21:29'),(3264,1,'en','plugins/simple-slider/simple-slider','create_new_slide','Create a new slide','2023-11-09 09:21:29','2023-11-09 09:21:29'),(3265,1,'en','plugins/simple-slider/simple-slider','edit_slide','Edit slide #:id','2023-11-09 09:21:29','2023-11-09 09:21:29'),(3266,1,'en','plugins/simple-slider/simple-slider','simple_slider_shortcode_name','Simple slider','2023-11-09 09:21:29','2023-11-09 09:21:29'),(3267,1,'en','plugins/simple-slider/simple-slider','simple_slider_shortcode_description','Add a simple slider','2023-11-09 09:21:29','2023-11-09 09:21:29'),(3268,1,'en','plugins/simple-slider/simple-slider','select_slider','Select a slider','2023-11-09 09:21:29','2023-11-09 09:21:29'),(3269,1,'en','plugins/social-login/social-login','settings.title','Social Login settings','2023-11-09 09:21:29','2023-11-09 09:21:29'),(3270,1,'en','plugins/social-login/social-login','settings.description','Configure social login options','2023-11-09 09:21:29','2023-11-09 09:21:29'),(3271,1,'en','plugins/social-login/social-login','settings.facebook.title','Facebook login settings','2023-11-09 09:21:29','2023-11-09 09:21:29'),(3272,1,'en','plugins/social-login/social-login','settings.facebook.description','Enable/disable & configure app credentials for Facebook login','2023-11-09 09:21:29','2023-11-09 09:21:29'),(3273,1,'en','plugins/social-login/social-login','settings.facebook.app_id','App ID','2023-11-09 09:21:29','2023-11-09 09:21:29'),(3274,1,'en','plugins/social-login/social-login','settings.facebook.app_secret','App Secret','2023-11-09 09:21:29','2023-11-09 09:21:29'),(3275,1,'en','plugins/social-login/social-login','settings.facebook.helper','Please go to https://developers.facebook.com to create new app update App ID, App Secret. Callback URL is :callback','2023-11-09 09:21:29','2023-11-09 09:21:29'),(3276,1,'en','plugins/social-login/social-login','settings.google.title','Google login settings','2023-11-09 09:21:29','2023-11-09 09:21:29'),(3277,1,'en','plugins/social-login/social-login','settings.google.description','Enable/disable & configure app credentials for Google login','2023-11-09 09:21:29','2023-11-09 09:21:29'),(3278,1,'en','plugins/social-login/social-login','settings.google.app_id','App ID','2023-11-09 09:21:29','2023-11-09 09:21:29'),(3279,1,'en','plugins/social-login/social-login','settings.google.app_secret','App Secret','2023-11-09 09:21:29','2023-11-09 09:21:29'),(3280,1,'en','plugins/social-login/social-login','settings.google.helper','Please go to https://console.developers.google.com/apis/dashboard to create new app update App ID, App Secret. Callback URL is :callback','2023-11-09 09:21:29','2023-11-09 09:21:29'),(3281,1,'en','plugins/social-login/social-login','settings.github.title','Github login settings','2023-11-09 09:21:29','2023-11-09 09:21:29'),(3282,1,'en','plugins/social-login/social-login','settings.github.description','Enable/disable & configure app credentials for Github login','2023-11-09 09:21:29','2023-11-09 09:21:29'),(3283,1,'en','plugins/social-login/social-login','settings.github.app_id','App ID','2023-11-09 09:21:29','2023-11-09 09:21:29'),(3284,1,'en','plugins/social-login/social-login','settings.github.app_secret','App Secret','2023-11-09 09:21:29','2023-11-09 09:21:29'),(3285,1,'en','plugins/social-login/social-login','settings.github.helper','Please go to https://github.com/settings/developers to create new app update App ID, App Secret. Callback URL is :callback','2023-11-09 09:21:29','2023-11-09 09:21:29'),(3286,1,'en','plugins/social-login/social-login','settings.linkedin.title','Linkedin login settings','2023-11-09 09:21:29','2023-11-09 09:21:29'),(3287,1,'en','plugins/social-login/social-login','settings.linkedin.description','Enable/disable & configure app credentials for Linkedin login','2023-11-09 09:21:29','2023-11-09 09:21:29'),(3288,1,'en','plugins/social-login/social-login','settings.linkedin.app_id','App ID','2023-11-09 09:21:29','2023-11-09 09:21:29'),(3289,1,'en','plugins/social-login/social-login','settings.linkedin.app_secret','App Secret','2023-11-09 09:21:29','2023-11-09 09:21:29'),(3290,1,'en','plugins/social-login/social-login','settings.linkedin.helper','Please go to https://www.linkedin.com/developers/apps/new to create new app update App ID, App Secret. Callback URL is :callback','2023-11-09 09:21:29','2023-11-09 09:21:29'),(3291,1,'en','plugins/social-login/social-login','settings.enable','Enable?','2023-11-09 09:21:29','2023-11-09 09:21:29'),(3292,1,'en','plugins/social-login/social-login','menu','Social Login','2023-11-09 09:21:29','2023-11-09 09:21:29'),(3293,1,'en','plugins/team/team','name','Teams','2023-11-09 09:21:29','2023-11-09 09:21:29'),(3294,1,'en','plugins/team/team','create','New team','2023-11-09 09:21:29','2023-11-09 09:21:29'),(3295,1,'en','plugins/team/team','forms.name','Name','2023-11-09 09:21:29','2023-11-09 09:21:29'),(3296,1,'en','plugins/team/team','forms.name_placeholder','Enter name...','2023-11-09 09:21:29','2023-11-09 09:21:29'),(3297,1,'en','plugins/team/team','forms.title','Title','2023-11-09 09:21:29','2023-11-09 09:21:29'),(3298,1,'en','plugins/team/team','forms.title_placeholder','Enter title...','2023-11-09 09:21:29','2023-11-09 09:21:29'),(3299,1,'en','plugins/team/team','forms.photo','Avatar','2023-11-09 09:21:29','2023-11-09 09:21:29'),(3300,1,'en','plugins/team/team','forms.location','Location','2023-11-09 09:21:29','2023-11-09 09:21:29'),(3301,1,'en','plugins/team/team','forms.location_placeholder','Enter title...','2023-11-09 09:21:29','2023-11-09 09:21:29'),(3302,1,'en','plugins/team/team','forms.socials_facebook','Facebook','2023-11-09 09:21:29','2023-11-09 09:21:29'),(3303,1,'en','plugins/team/team','forms.socials_facebook_placeholder','Facebook socials','2023-11-09 09:21:29','2023-11-09 09:21:29'),(3304,1,'en','plugins/team/team','forms.socials_twitter','Twitter','2023-11-09 09:21:29','2023-11-09 09:21:29'),(3305,1,'en','plugins/team/team','forms.socials_twitter_placeholder','Twitter socials','2023-11-09 09:21:29','2023-11-09 09:21:29'),(3306,1,'en','plugins/team/team','forms.socials_instagram','Instagram','2023-11-09 09:21:29','2023-11-09 09:21:29'),(3307,1,'en','plugins/team/team','forms.socials_instagram_placeholder','Instagram socials','2023-11-09 09:21:29','2023-11-09 09:21:29'),(3308,1,'en','plugins/testimonial/testimonial','name','Testimonials','2023-11-09 09:21:29','2023-11-09 09:21:29'),(3309,1,'en','plugins/testimonial/testimonial','create','New testimonial','2023-11-09 09:21:29','2023-11-09 09:21:29'),(3310,1,'en','plugins/testimonial/testimonial','company','Position/Company','2023-11-09 09:21:29','2023-11-09 09:21:29'),(3311,1,'en','plugins/translation/translation','translations','Translations','2023-11-09 09:21:29','2023-11-09 09:21:29'),(3312,1,'en','plugins/translation/translation','translations_description','Translate all words in system.','2023-11-09 09:21:29','2023-11-09 09:21:29'),(3313,1,'en','plugins/translation/translation','export_warning','Warning, translations are not visible until they are exported back to lang folder. Please use \"Publish translations\" button to apply changes.','2023-11-09 09:21:29','2023-11-09 09:21:29'),(3314,1,'en','plugins/translation/translation','import_done','Done importing, processed :counter items! Reload this page to refresh the groups!','2023-11-09 09:21:29','2023-11-09 09:21:29'),(3315,1,'en','plugins/translation/translation','translation_manager','Translations Manager','2023-11-09 09:21:29','2023-11-09 09:21:29'),(3316,1,'en','plugins/translation/translation','done_publishing','Done publishing the translations for group','2023-11-09 09:21:29','2023-11-09 09:21:29'),(3317,1,'en','plugins/translation/translation','append_translation','Append new translations','2023-11-09 09:21:29','2023-11-09 09:21:29'),(3318,1,'en','plugins/translation/translation','replace_translation','Replace existing translations','2023-11-09 09:21:29','2023-11-09 09:21:29'),(3319,1,'en','plugins/translation/translation','import_group','Import group','2023-11-09 09:21:29','2023-11-09 09:21:29'),(3320,1,'en','plugins/translation/translation','confirm_publish_group','Are you sure you want to publish the translations group \":group\"? This will overwrite existing language files.','2023-11-09 09:21:29','2023-11-09 09:21:29'),(3321,1,'en','plugins/translation/translation','publish_translations','Publish translations','2023-11-09 09:21:29','2023-11-09 09:21:29'),(3322,1,'en','plugins/translation/translation','back','Back','2023-11-09 09:21:29','2023-11-09 09:21:29'),(3323,1,'en','plugins/translation/translation','edit_title','Enter translation','2023-11-09 09:21:29','2023-11-09 09:21:29'),(3324,1,'en','plugins/translation/translation','choose_group_msg','Choose a group to display the group translations. If no groups are visible, make sure you have imported the translations.','2023-11-09 09:21:29','2023-11-09 09:21:29'),(3325,1,'en','plugins/translation/translation','choose_a_group','Choose a group','2023-11-09 09:21:29','2023-11-09 09:21:29'),(3326,1,'en','plugins/translation/translation','locales','Locales','2023-11-09 09:21:29','2023-11-09 09:21:29'),(3327,1,'en','plugins/translation/translation','theme-translations','Theme translations','2023-11-09 09:21:29','2023-11-09 09:21:29'),(3328,1,'en','plugins/translation/translation','admin-translations','Other translations','2023-11-09 09:21:29','2023-11-09 09:21:29'),(3329,1,'en','plugins/translation/translation','translate_from','Translate from','2023-11-09 09:21:29','2023-11-09 09:21:29'),(3330,1,'en','plugins/translation/translation','to','to','2023-11-09 09:21:29','2023-11-09 09:21:29'),(3331,1,'en','plugins/translation/translation','no_other_languages','No other language to translate!','2023-11-09 09:21:29','2023-11-09 09:21:29'),(3332,1,'en','plugins/translation/translation','edit','Edit','2023-11-09 09:21:29','2023-11-09 09:21:29'),(3333,1,'en','plugins/translation/translation','locale','Locale','2023-11-09 09:21:29','2023-11-09 09:21:29'),(3334,1,'en','plugins/translation/translation','locale_placeholder','Ex: en','2023-11-09 09:21:29','2023-11-09 09:21:29'),(3335,1,'en','plugins/translation/translation','name','Name','2023-11-09 09:21:29','2023-11-09 09:21:29'),(3336,1,'en','plugins/translation/translation','default_locale','Default locale?','2023-11-09 09:21:29','2023-11-09 09:21:29'),(3337,1,'en','plugins/translation/translation','actions','Actions','2023-11-09 09:21:29','2023-11-09 09:21:29'),(3338,1,'en','plugins/translation/translation','choose_language','Choose language','2023-11-09 09:21:29','2023-11-09 09:21:29'),(3339,1,'en','plugins/translation/translation','add_new_language','Add new language','2023-11-09 09:21:29','2023-11-09 09:21:29'),(3340,1,'en','plugins/translation/translation','select_language','Select language','2023-11-09 09:21:29','2023-11-09 09:21:29'),(3341,1,'en','plugins/translation/translation','flag','Flag','2023-11-09 09:21:29','2023-11-09 09:21:29'),(3342,1,'en','plugins/translation/translation','folder_is_not_writeable','Cannot write files! Folder :lang_path is not writable. Please chmod to make it writable!','2023-11-09 09:21:29','2023-11-09 09:21:29'),(3343,1,'en','plugins/translation/translation','delete','Delete','2023-11-09 09:21:29','2023-11-09 09:21:29'),(3344,1,'en','plugins/translation/translation','confirm_delete_message','Do you really want to delete this locale? It will delete all files/folders for this local in :lang_path!','2023-11-09 09:21:29','2023-11-09 09:21:29'),(3345,1,'en','plugins/translation/translation','download','Download','2023-11-09 09:21:29','2023-11-09 09:21:29'),(3346,1,'en','plugins/translation/translation','select_locale','Select locale','2023-11-09 09:21:29','2023-11-09 09:21:29'),(3347,1,'en','plugins/translation/translation','theme_translations_instruction','Click on text to translate. Do NOT translate variables, Eg. :username, :query, :link...','2023-11-09 09:21:29','2023-11-09 09:21:29'),(3348,1,'en','plugins/translation/translation','import_available_locale','Or import available locale from our GitHub repository','2023-11-09 09:21:29','2023-11-09 09:21:29'),(3349,1,'en','plugins/translation/translation','add_new_locale','Add new locale','2023-11-09 09:21:29','2023-11-09 09:21:29'),(3350,1,'en','plugins/translation/translation','download_locale','Download locale','2023-11-09 09:21:29','2023-11-09 09:21:29'),(3351,1,'en','plugins/translation/translation','import_available_locale_confirmation','Download locale from GitHub','2023-11-09 09:21:29','2023-11-09 09:21:29'),(3352,1,'en','plugins/translation/translation','import_available_locale_confirmation_content','Are you sure you want to download this locale? It will be downloaded into :lang_path, you can delete it later if you want.','2023-11-09 09:21:29','2023-11-09 09:21:29'),(3353,1,'en','plugins/translation/translation','is_default','Is default?','2023-11-09 09:21:29','2023-11-09 09:21:29');
/*!40000 ALTER TABLE `translations` ENABLE KEYS */;
UNLOCK TABLES;

--
-- Table structure for table `user_meta`
--

DROP TABLE IF EXISTS `user_meta`;
/*!40101 SET @saved_cs_client     = @@character_set_client */;
/*!50503 SET character_set_client = utf8mb4 */;
CREATE TABLE `user_meta` (
  `id` bigint unsigned NOT NULL AUTO_INCREMENT,
  `key` varchar(191) COLLATE utf8mb4_unicode_ci DEFAULT NULL,
  `value` varchar(191) COLLATE utf8mb4_unicode_ci DEFAULT NULL,
  `user_id` bigint unsigned NOT NULL,
  `created_at` timestamp NULL DEFAULT NULL,
  `updated_at` timestamp NULL DEFAULT NULL,
  PRIMARY KEY (`id`),
  KEY `user_meta_user_id_index` (`user_id`)
) ENGINE=InnoDB DEFAULT CHARSET=utf8mb4 COLLATE=utf8mb4_unicode_ci;
/*!40101 SET character_set_client = @saved_cs_client */;

--
-- Dumping data for table `user_meta`
--

LOCK TABLES `user_meta` WRITE;
/*!40000 ALTER TABLE `user_meta` DISABLE KEYS */;
/*!40000 ALTER TABLE `user_meta` ENABLE KEYS */;
UNLOCK TABLES;

--
-- Table structure for table `users`
--

DROP TABLE IF EXISTS `users`;
/*!40101 SET @saved_cs_client     = @@character_set_client */;
/*!50503 SET character_set_client = utf8mb4 */;
CREATE TABLE `users` (
  `id` bigint unsigned NOT NULL AUTO_INCREMENT,
  `email` varchar(191) COLLATE utf8mb4_unicode_ci NOT NULL,
  `email_verified_at` timestamp NULL DEFAULT NULL,
  `password` varchar(191) CHARACTER SET utf8mb4 COLLATE utf8mb4_unicode_ci DEFAULT NULL,
  `remember_token` varchar(100) COLLATE utf8mb4_unicode_ci DEFAULT NULL,
  `created_at` timestamp NULL DEFAULT NULL,
  `updated_at` timestamp NULL DEFAULT NULL,
  `first_name` varchar(191) COLLATE utf8mb4_unicode_ci DEFAULT NULL,
  `last_name` varchar(191) COLLATE utf8mb4_unicode_ci DEFAULT NULL,
  `username` varchar(60) COLLATE utf8mb4_unicode_ci DEFAULT NULL,
  `avatar_id` bigint unsigned DEFAULT NULL,
  `super_user` tinyint(1) NOT NULL DEFAULT '0',
  `manage_supers` tinyint(1) NOT NULL DEFAULT '0',
  `permissions` text COLLATE utf8mb4_unicode_ci,
  `last_login` timestamp NULL DEFAULT NULL,
  PRIMARY KEY (`id`),
  UNIQUE KEY `users_email_unique` (`email`),
  UNIQUE KEY `users_username_unique` (`username`)
) ENGINE=InnoDB AUTO_INCREMENT=3 DEFAULT CHARSET=utf8mb4 COLLATE=utf8mb4_unicode_ci;
/*!40101 SET character_set_client = @saved_cs_client */;

--
-- Dumping data for table `users`
--

LOCK TABLES `users` WRITE;
/*!40000 ALTER TABLE `users` DISABLE KEYS */;
INSERT INTO `users` VALUES (1,'natalia67@gutkowski.com',NULL,'$2y$12$ldv9qrm7ChLdIJLtLRo7tOvvocRjislFOPihVyoaLX7akUpM/9f8i',NULL,'2023-11-09 09:20:31','2023-11-09 09:20:31','Liam','Rutherford','botble',NULL,1,1,NULL,NULL),(2,'kshields@brakus.com',NULL,'$2y$12$.j.m/24aUgqjd.jcFDBr7OiXctBs65BOr0.ykAS7IuqrmlrI9Vqsq',NULL,'2023-11-09 09:20:32','2023-11-09 09:20:32','Evans','Gorczany','admin',NULL,1,1,NULL,NULL);
/*!40000 ALTER TABLE `users` ENABLE KEYS */;
UNLOCK TABLES;

--
-- Table structure for table `widgets`
--

DROP TABLE IF EXISTS `widgets`;
/*!40101 SET @saved_cs_client     = @@character_set_client */;
/*!50503 SET character_set_client = utf8mb4 */;
CREATE TABLE `widgets` (
  `id` bigint unsigned NOT NULL AUTO_INCREMENT,
  `widget_id` varchar(120) COLLATE utf8mb4_unicode_ci NOT NULL,
  `sidebar_id` varchar(120) COLLATE utf8mb4_unicode_ci NOT NULL,
  `theme` varchar(120) COLLATE utf8mb4_unicode_ci NOT NULL,
  `position` tinyint unsigned NOT NULL DEFAULT '0',
  `data` text COLLATE utf8mb4_unicode_ci,
  `created_at` timestamp NULL DEFAULT NULL,
  `updated_at` timestamp NULL DEFAULT NULL,
  PRIMARY KEY (`id`)
) ENGINE=InnoDB AUTO_INCREMENT=15 DEFAULT CHARSET=utf8mb4 COLLATE=utf8mb4_unicode_ci;
/*!40101 SET character_set_client = @saved_cs_client */;

--
-- Dumping data for table `widgets`
--

LOCK TABLES `widgets` WRITE;
/*!40000 ALTER TABLE `widgets` DISABLE KEYS */;
INSERT INTO `widgets` VALUES (1,'SiteInfoWidget','footer_sidebar','ninico',0,'{\"description\":\"Elegant pink origami design three dimensional view and decoration co-exist. Great for adding a decorative touch to any room\\u2019s decor.\",\"logo\":null}','2023-11-09 09:20:37','2023-11-09 09:20:37'),(2,'CustomMenuWidget','footer_sidebar','ninico',1,'{\"name\":\"Information\",\"menu_id\":\"information\"}','2023-11-09 09:20:37','2023-11-09 09:20:37'),(3,'CustomMenuWidget','footer_sidebar','ninico',2,'{\"name\":\"My Account\",\"menu_id\":\"my-account\"}','2023-11-09 09:20:37','2023-11-09 09:20:37'),(4,'CustomMenuWidget','footer_sidebar','ninico',3,'{\"name\":\"Social Network\",\"menu_id\":\"social-network\"}','2023-11-09 09:20:37','2023-11-09 09:20:37'),(5,'NewsletterWidget','footer_sidebar','ninico',4,'[]','2023-11-09 09:20:37','2023-11-09 09:20:37'),(6,'CtaContactWidget','footer_middle_sidebar','ninico',1,'[]','2023-11-09 09:20:37','2023-11-09 09:20:37'),(7,'DownloadAppsWidget','footer_middle_sidebar','ninico',2,'{\"ios_image\":\"general\\/f-app.jpg\",\"android_image\":\"general\\/f-google.jpg\"}','2023-11-09 09:20:37','2023-11-09 09:20:37'),(8,'SiteCopyrightWidget','footer_bottom_sidebar','ninico',0,'{\"description\":\"Copyright 2023 \\u00a9 Ninico. All rights reserved. Powered by Botble.\"}','2023-11-09 09:20:37','2023-11-09 09:20:37'),(9,'SiteAcceptedPaymentsWidget','footer_bottom_sidebar','ninico',1,'{\"image\":\"general\\/f-brand-icon-01.png\",\"url\":\"\\/\"}','2023-11-09 09:20:37','2023-11-09 09:20:37'),(10,'BlogSearchWidget','blog_sidebar','ninico',1,'{\"name\":\"Search\"}','2023-11-09 09:20:37','2023-11-09 09:20:37'),(11,'BlogCategoriesWidget','blog_sidebar','ninico',2,'{\"name\":\"Categories\"}','2023-11-09 09:20:37','2023-11-09 09:20:37'),(12,'BlogPostsWidget','blog_sidebar','ninico',3,'{\"name\":\"Recent Posts\",\"type\":\"recent\"}','2023-11-09 09:20:37','2023-11-09 09:20:37'),(13,'BlogTagsWidget','blog_sidebar','ninico',4,'{\"name\":\"Popular Tag\"}','2023-11-09 09:20:37','2023-11-09 09:20:37'),(14,'SiteFeaturesWidget','product_detail_sidebar','ninico',1,'{\"id\":\"SiteFeaturesWidget\",\"title\":\"Site Features\",\"data\":{\"1\":{\"icon\":\"icons\\/product-det-1.png\",\"text\":\"Free Shipping apply to all orders over $100\"},\"2\":{\"icon\":\"icons\\/product-det-2.png\",\"text\":\"Guaranteed 100% Organic from natural farms\"},\"3\":{\"icon\":\"icons\\/product-det-3.png\",\"text\":\"1 Day Returns if you change your mind\"},\"4\":{\"icon\":\"icons\\/product-det-4.png\",\"text\":\"Covid-19 Info: We keep delivering.\"}}}','2023-11-09 09:20:37','2023-11-09 09:20:37');
/*!40000 ALTER TABLE `widgets` ENABLE KEYS */;
UNLOCK TABLES;
/*!40103 SET TIME_ZONE=@OLD_TIME_ZONE */;

/*!40101 SET SQL_MODE=@OLD_SQL_MODE */;
/*!40014 SET FOREIGN_KEY_CHECKS=@OLD_FOREIGN_KEY_CHECKS */;
/*!40014 SET UNIQUE_CHECKS=@OLD_UNIQUE_CHECKS */;
/*!40101 SET CHARACTER_SET_CLIENT=@OLD_CHARACTER_SET_CLIENT */;
/*!40101 SET CHARACTER_SET_RESULTS=@OLD_CHARACTER_SET_RESULTS */;
/*!40101 SET COLLATION_CONNECTION=@OLD_COLLATION_CONNECTION */;
/*!40111 SET SQL_NOTES=@OLD_SQL_NOTES */;

-- Dump completed on 2023-11-09 23:21:30
